id,unit,topic,claim,confidence,confidence_note,source,from
F1.1-C01,F1.1,Case 1: proto-cuneiform tablet,"The tablet is clay, 5.4 × 6 × 4.1 cm, dated ""ca. 3100–2900 BCE"", Jemdet Nasr period.",documented,,https://collectionapi.metmuseum.org/public/collection/v1/objects/329081 [full record],spec v3
F1.1-C02,F1.1,Case 1: proto-cuneiform tablet,"Its place is ""Mesopotamia, probably from Uruk (modern Warka)"".",probable,probable (the Met's qualifier),https://www.metmuseum.org/art/collection/search/329081 [full label],spec v3
F1.1-C03,F1.1,Case 1: proto-cuneiform tablet,The signs were drawn in the clay with a pointed tool; round impressions beside them are numbers.,documented,,same Met page [full label],spec v3
F1.1-C04,F1.1,Case 1: proto-cuneiform tablet,"The tablet ""most likely documents grain distributed by a large temple"". Early texts have no verbs, so certainty is not possible.",probable,,same Met page [full label],spec v3
F1.1-C05,F1.1,Case 1: proto-cuneiform tablet,A cylinder seal was rolled over both faces and the edges before the signs were written.,documented,,same Met page [full label],spec v3
F1.1-C06,F1.1,Case 1: proto-cuneiform tablet,"The seal shows ""a male figure guiding two dogs on a leash and hunting or herding boars in a reed marsh"". The Met's text calls him the ""priest-king"", identified ""by his dress and pose"". The term is a modern scholars' reading.",interpretive,,same Met page [page summary via a fetch tool; quoted phrases checked 3 Oct 2026],spec v3
F1.1-C07,F1.1,Case 1: proto-cuneiform tablet,"About 5,000 archaic tablets and fragments come from the Uruk excavations alone, and about 400 more from other sites and the antiquities market (Englund 2001). The CDLI held about 6,700 proto-cuneiform artifacts in 2020. On average about 85% are administrative and 15% lexical; the share differs by phase (Englund 2004).",documented,,"https://cdli.earth/files-up/publications/englund2001b.pdf ; https://cdli.earth/files-up/publications/englund2004a.pdf ; https://cdli.earth/articles/cdlb/2021-6 [full text (excerpts read); replaces the Wikipedia source, 3 Oct 2026]",spec v3
F1.1-C08,F1.1,Case 1: proto-cuneiform tablet,"The Met labels the tablet's culture ""Sumerian"". The language behind proto-cuneiform is uncertain. Reading A: the label names the region's later language and people. Reading B: it assigns a language the signs do not show.",contested,,Met API (as 1); Wikipedia (as 7) [full record / summary],spec v3
F1.1-C09,F1.1,Case 1: proto-cuneiform tablet,"The Erlenmeyers bought their collection ""between 1943 and the early 1960s"". The Met bought this tablet at Christie's, London, 13 December 1988, lot 21. How it left Iraq is not recorded.",documented,,"Met provenance tab (register/prov_pass.json, checked 2026-09-28 rechecked on the Met page 3 Oct 2026) Englund 2001 () names the December 1988 London auction of the Erlenmeyer collection — https://cdli.earth/files-up/publications/englund2001b.pdf [full text]",spec v3
F1.1-C10,F1.1,Case 2: İznik mosque lamp,"Cleveland's mosque lamp is fritware with underglaze design, İznik, 1585–95. It came from Heeramaneck Galleries, New York, in 1944.",documented,,https://openaccess-api.clevelandart.org/api/artworks/1944.236 [full record],spec v3
F1.1-C11,F1.1,Case 2: İznik mosque lamp,"Fritware is ground quartz, glass frit and a little fine white clay, made to approach the colour and weight of Chinese porcelain.",documented,,same Cleveland record [full record],spec v3
F1.1-C12,F1.1,Case 2: İznik mosque lamp,"Cleveland says the lamp is opaque, so its main job was ""likely"" not light. It hung to add beauty to the space.",probable,,same Cleveland record [full record],spec v3
F1.1-C13,F1.1,Case 2: İznik mosque lamp,Cleveland says lamps like it may also have softened echo in the prayer hall.,interpretive,,same Cleveland record [full record],spec v3
F1.1-C14,F1.1,Case 2: İznik mosque lamp,"An İznik lamp dated 1549 (AH 956), made for the Dome of the Rock, names its decorator, Musli, with the date and the place it was made (British Museum 1887,0516.1). It was found in the Haram al-Sharif in the 19th century and given to the museum by C. Drury Fortnum in 1887.",documented,,ISL uk Mus01 39 en — https://islamicart.museumwnf.org/database_item.php?id=object [full entry (rechecked 3 Oct 2026)],spec v3
F1.1-C15,F1.1,Case 3: Thonet side chair,"The AIC side chair was designed by August Thonet c. 1885, made by Gebrüder Thonet c. 1900–15, in beech and cane. Its place of origin is ""Austria"". (The record's artist line prints the firm's dates, 1853–1921, under August Thonet's name; they are not his own.)",documented,,https://api.artic.edu/api/v1/artworks/154051 [full record (rechecked 3 Oct 2026)],spec v3
F1.1-C16,F1.1,Case 3: Thonet side chair,"Thonet learned to bend solid wood by adding steam and a metal strip. His first patent bid for bending glued veneer layers failed in 1840; on 16 July 1842 Austria granted him the right to bend wood ""by chemical and mechanical means"" (laminated bending). 1841 is the year of the Koblenz fair, not of a patent, so the canon row's ""patents from 1841"" (TEC137) is wrong. The solid-wood date is contested: the V&A says 1855; Museum Boppard says 1856, with a patent the same year.",contested,contested (1855 or 1856); 1842 documented,https://www.vam.ac.uk/articles/thonet-and-the-invention-of-bentwood-furniture ; https://museum-boppard.de/explore/thonet/ [full text; full text (corrected 3 Oct 2026)],spec v3
F1.1-C17,F1.1,Case 3: Thonet side chair,"The Thonet factory at Koryčany (Koritschan) stood in Moravian forests, with beech, ""cheap labour"" and rail links. Thonet decided on it and had it built in 1856; production began in 1857, the year the V&A gives.",documented,,V&A (as 16) (Koryčany town library) — https://www.korycany.knihovna.cz/osobnosti/michael-thonet/ [full text (date reconciled 3 Oct 2026)],spec v3
F1.1-C18,F1.1,Case 3: Thonet side chair,"""Men did the steaming and bending, women the less arduous sanding, finishing and caning.""",documented,documented (one source),"V&A, Thonet and the invention of bentwood furniture — https://www.vam.ac.uk/articles/thonet-and-the-invention-of-bentwood-furniture [full text]",spec v3
F1.1-C19,F1.1,Case 3: Thonet side chair,By 1930 over 50 million No. 14 chairs had been sold. The model dates to 1859.,probable,"probable (a sales figure from the firm's history; Boijmans says only ""many tens of millions"")",V&A (as 16) — https://www.boijmans.nl/en/collection/artworks/108066/nr-14 [full text / full record],spec v3
F1.1-C20,F1.1,Unit framing,"The unit's framing: reading one object as material, labour and meaning shows people that a style-and-date label hides. Three readings are a teaching choice, not a complete account.",interpretive,,— (the unit's own framing),spec v3
F1.2-C01,F1.2,Case B: Chinese export porcelain,"A Chinese porcelain factory adapted a French print of a La Fontaine fable to decorate a dish for the European market, c. 1750.",documented,,https://openaccess-api.clevelandart.org/api/artworks/?accession_number=1970.48 [full record],spec v3
F1.2-C02,F1.2,Case B: Chinese export porcelain,"European forms such as mugs, ewers and candlesticks were unknown in China, ""so models were sent to the Chinese potteries to be copied""; armorial porcelain ""became the defining aspect"" of the 18th-century export trade.",documented,,"(Munger and Frelinghuysen, 2003) — https://www.metmuseum.org/essays/east-and-west-chinese-export-porcelain [full text]",spec v3
F1.2-C03,F1.2,Case C: Company painting,"Kehar Singh painted *Weaving and Spinning* c. 1860 in Punjab, probably Amritsar or Lahore; inscriptions name him and the occupations shown.",documented,,https://openaccess-api.clevelandart.org/api/artworks/?accession_number=1987.162 [full record],spec v3
F1.2-C04,F1.2,Case C: Company painting,"East India Company men collected picture books of Indian occupations made by ""a new class of commercial Indian artists"".",documented,documented (holder's framing),https://openaccess-api.clevelandart.org/api/artworks/?accession_number=1992.142 [full record],spec v3
F1.2-C05,F1.2,Case A: Ekibondo ivory souvenir,"The Ekibondo carving (1900–1925) was made for European and American buyers; the museum calls it ""a Congolese take on an Asian composition of elephants"".",documented,,"https://openaccess-api.clevelandart.org/api/artworks/?accession_number=1929.342 [full record (rechecked 3 Oct 2026: the quotation is in the record's ""did you know"" field; the display date reads ""1900s"", the date fields 1900–1925)]",spec v3
F1.2-C06,F1.2,Case A: Ekibondo ivory souvenir,"The same record says the carving ""did not draw from local aesthetics"". This is the holder's judgement. The carver's own view is not recorded.",interpretive,,Cleveland 1929.342 record — https://openaccess-api.clevelandart.org/api/artworks/?accession_number=1929.342 [full record],spec v3
F1.2-C07,F1.2,Case A: Ekibondo ivory souvenir,"Paul Travis acquired the carving in Ekibondo in 1928 for the Gilpin Players of Karamu House, who gave it to Cleveland in 1929.",documented,,Cleveland 1929.342 record — https://openaccess-api.clevelandart.org/api/artworks/?accession_number=1929.342 [full record],spec v3
F1.2-C08,F1.2,Concept: tourist and export arts (Graburn),"Graburn (1976) separated arts made for the makers' own ""part-society"" from arts ""made for an external, dominant world"", ""sometimes called 'tourist' or 'airport' arts"".",documented,,"(Introduction, ""Arts of the Fourth World"") — https://archive.org/stream/bub_gb_wzJ-uRsyfxgC/bub_gb_wzJ-uRsyfxgC_djvu.txt [full text]",spec v3
F1.2-C09,F1.2,Concept: tourist and export arts (Graburn),"Graburn also named ""reintegrated arts"", new syntheses such as mola blouses made after imported cloth, needles and scissors arrived.",documented,,"Graburn 1976, Introduction (scan) — https://archive.org/stream/bub_gb_wzJ-uRsyfxgC/bub_gb_wzJ-uRsyfxgC_djvu.txt [full text]",spec v3
F1.2-C10,F1.2,Case D: Diné blanket; Navajo Nation v. Urban Outfitters,"A Diné woman wove the Cleveland wearing blanket c. 1875–80 from handspun, Germantown and bayeta wool; the museum says weavers of the period shifted towards goods for non-Native collectors.",documented,,https://openaccess-api.clevelandart.org/api/artworks/?accession_number=1921.556 [full record],spec v3
F1.2-C11,F1.2,Case D: Diné blanket; Navajo Nation v. Urban Outfitters,"The Navajo Nation sued Urban Outfitters in February 2012 in the US District Court for New Mexico (Civ. No. 12-195 BB/LAM, as the 2016 opinion gives it).",documented,documented (the court and number from the opinion; the February date from news only),(docket page not opened search listing only) — https://indianz.com/News/2016/11/17/navajo-nation-settles-dispute-over-sale.asp ; https://narf.org/nill/bulletins/federal/documents/navajo_nation_v_urban_outfitters_2016.html ; https://www.courtlistener.com/docket/4312930/idb/navajo-nation-the-v-urban-outfitters-inc/ [news full text; opinion caption],spec v3
F1.2-C12,F1.2,Case D: Diné blanket; Navajo Nation v. Urban Outfitters,"Items included a ""Navajo hipster panty"" and a ""Navajo print fabric-wrapped flask""; items were later relabelled ""printed"".",documented,documented (secondary),https://www.phillymag.com/business/2016/11/23/urban-outfitters-navajo-nation-settlement-lawsuit/ [news full text],spec v3
F1.2-C13,F1.2,Case D: Diné blanket; Navajo Nation v. Urban Outfitters,The Nation's NAVAJO mark has been registered since 1943 and used since at least 1941.,documented,documented (party's statement),https://www.kellerrohrback.com/news/navajo-nation-urban-outfitters-inc-announce-settlement-agreement [press release],spec v3
F1.2-C14,F1.2,Case D: Diné blanket; Navajo Nation v. Urban Outfitters,"In May 2016 Judge Bruce Black dismissed two dilution counts: the mark was ""more of a niche"" than a household name.",documented,,https://www.cbc.ca/lite/story/1.3591159 [news full text],spec v3
F1.2-C15,F1.2,Case D: Diné blanket; Navajo Nation v. Urban Outfitters,"On 19 September 2016 the court rejected the defences that ""Navajo"" had become generic or been abandoned.",documented,,https://narf.org/nill/bulletins/federal/documents/navajo_nation_v_urban_outfitters_2016.html [full text of opinion],spec v3
F1.2-C16,F1.2,Case D: Diné blanket; Navajo Nation v. Urban Outfitters,"The settlement, announced on 21 November 2016, was confidential and included a supply and licence agreement for jewellery. President Russell Begaye said: ""We expect that any company considering the use of the Navajo name, or our designs or motifs, will ask us for our permission.""",documented,,"as 13 (release dated 21 November 2016, rechecked 3 Oct 2026); as 11 [press release; news]",spec v3
F1.2-C17,F1.2,Case E: Tlahuitoltepec blouse,"In June 2015, at the Museo Textil de Oaxaca, the municipal president of Santa María Tlahuitoltepec, Erasmo Hernández González, read the authorities' pronouncement; the community said that Marant's Étoile spring-summer 2015 collection ""contains the graphical elements specific to the Tlahuitoltepec blouse"". The municipal authorities' signed pronouncement asks that she ""detenga la producción bajo su firma y repare los daños ocasionados"" and calls the blouse, xaamnïxuy, ""un patrimonio colectivo"".",documented,"documented (the authorities' pronouncement, read as Vive Oaxaca reproduces and quotes it; the scanned pages were not transcribed by us)",https://www.viveoaxaca.org/2015/06/PronunciamientoTlahuitoltepecPlagio2015.html ; https://remezcla.com/culture/oaxacas-mixe-community-fights-isabel-marant/ ; https://fashionunited.uk/news/fashion/indigenous-tribe-accuses-isabel-marant-of-plagiarism/2015062216817 [community statement as reported; news full text],spec v3
F1.2-C18,F1.2,Case E: Tlahuitoltepec blouse,"In a Paris suit brought by Antik Batik, Marant stated she ""does not claim to be the author of this tunic and these designs"". In December 2015 the court ruled Antik Batik held no rights; Marant's lawyer said it upheld the village origin.",probable,probable (court's words reached only through a party's lawyer),https://fashionunited.uk/news/business/isabel-marant-freed-of-plagiarism-accusations/2015120818656 [news full text],spec v3
F1.2-C19,F1.2,Case F: Grand Tour view (Panini),"Panini's views of Rome ""were popular with foreigners who visited the city on their Grand Tours"".",documented,,https://openaccess-api.clevelandart.org/api/artworks/?accession_number=1974.39 [full record],spec v3
F1.2-C20,F1.2,Unit framing,"Unit framing: the plane, its five positions and its harm scale are this program's teaching device, not a scholarly standard. Harm is for the source community to name.",interpretive,,— (the unit's own framing),spec v3
F1.3-C01,F1.3,Opening: civilisation as an argument,"Mirabeau's L'Ami des hommes has the use of ""civilisation"" long cited as the earliest in French: ""c'est le premier ressort de la civilisation"". Benveniste found the work was written, and probably printed, in 1756 and published in 1757, so 1756 and 1757 are both right for different events. Whether it is the earliest use is contested: the Collège de France reports that recent lexicographic tools find the word earlier, and in English before French",contested,"dates documented (written 1756, published 1757); 'earliest' contested",https://www.persee.fr/doc/barb_0001-4133_1990_num_1_5_22686 ; https://www.college-de-france.fr/en/agenda/special-events/civilizations-questioning-identity-and-diversity/is-law-civil-civilization-as-word-and-story ; https://www.larousse.fr/encyclopedie/divers/civilisation/34231,spec v3
F1.3-C02,F1.3,Opening: civilisation as an argument,"The word stood for progress and was ""opposed to barbarism or rudeness""",documented,rests on Wikipedia; replace,https://en.wikipedia.org/wiki/Civilization,spec v3
F1.3-C03,F1.3,Opening: civilisation as an argument,"In Mabo (No 2), 1992, Brennan J quoted the 1919 Privy Council (Lord Sumner, In re Southern Rhodesia [1919] AC 211 at 233): ""Some tribes are so low in the scale of social organization…"". He called that basis ""false in fact and unacceptable in our society"" (para. 39; (1992) 175 CLR 1 at 39–40; the quotation is set out at para. 38 and recalled at para. 41)",documented,,https://alor.org/Storage/Library/Mabo%20v%20Queensland%20[No%202].html ; http://www.mabonativetitle.com/info/recognitionNT.htm ; https://henley.austlii.edu.au/cgi-bin/viewdoc/au/journals/AULegHist/2007/13.html,spec v3
F1.3-C04,F1.3,Concept: models of civilisation,"Childe's 1950 Town Planning Review article (vol. 21, no. 1, pp. 3–17) set out ""ten rather abstract criteria"" of the ""urban revolution""",documented,the 'test' reading is interpretive,https://elearning.uni-regensburg.de/pluginfile.php/1508194/course/overviewfiles/Childe.pdf?forcedownload=1,spec v3
F1.3-C05,F1.3,Concept: models of civilisation,"Toynbee's A Study of History traced the rise and, mostly, decline of civilisations, but his count changed: 19 or 21 in 1934, 21 or 23 in 1954, and 13 full civilisations in his 1961 Reconsiderations. Huntington argued the 21st century would see a ""clash of civilizations""",documented,count varies by volume,https://www.encyclopedia.com/arts/culture-magazines/study-history ; https://kwharbaugh.blogspot.com/2005/03/study-of-history.html,spec v3
F1.3-C06,F1.3,Concept: models of civilisation,Graeber and Wengrow (2021) argue that people tried many social forms rather than passing through fixed stages,documented,as their argument; two readings of its reception,https://www.sapiens.org/culture/dawn-of-everything-excerpt/ ; https://notevenpast.org/a-false-dawn/,spec v3
F1.3-C07,F1.3,Concept: periods as definitions,"Thomsen arranged Denmark's national collection by Stone, Bronze and Iron Ages. He mentioned ""the old idea of the three ages"" in a letter of 1825; Vedel Simonsen had proposed it earlier. He published the scheme in Ledetraad til nordisk Oldkyndighed (1836)",documented,,https://natmus.dk/historisk-viden/temaer/nationalmuseets-historie/de-tre-tidsaldre/?force=desktop,spec v3
F1.3-C08,F1.3,Concept: periods as definitions,"For PeriodO, a period needs a name, time bounds, a region and ""some citable source"". An authority is ""a set of periods that share a source""",documented,,https://perio.do/technical-overview/,spec v3
F1.3-C09,F1.3,Case (a): Vasari and the academies,"The Met holds the 1568 edition of Vasari's Le vite with woodcut illustrations, catalogued as public domain",documented,,https://collectionapi.metmuseum.org/public/collection/v1/objects/358298,spec v3
F1.3-C10,F1.3,Case (a): Vasari and the academies,"The Florentine Academy of Design was founded in 1563 by Cosimo I, ""at the instigation of"" Vasari, and set ""in contrast to the guilds""",documented,Britannica summary; replace,https://www.britannica.com/place/Academy-of-Design,spec v3
F1.3-C11,F1.3,Case (a): Vasari and the academies,"The French and English royal academies were founded in 1648 and 1768. From the late 18th century they had ""a virtual monopoly"" on taste and official patronage",documented,,https://www.metmuseum.org/essays/the-salon-and-the-royal-academy-in-the-nineteenth-century,spec v3
F1.3-C12,F1.3,Case (a): Vasari and the academies,"The Royal Academy's 36 founders included two women, Mary Moser and Angelica Kauffman. The next woman became a full Academician in 1936",documented,1936 date not reopened,https://www.royalacademy.org.uk/page/a-brief-history-of-the-ra,spec v3
F1.3-C13,F1.3,Case (a): Vasari and the academies,"Kristeller (1951) called Batteux's 1746 treatise ""the decisive step"" towards the system of the fine arts",interpretive,a scholar's thesis; Wikipedia source,https://en.wikipedia.org/wiki/Charles_Batteux,spec v3
F1.3-C14,F1.3,Case (b): Great Zimbabwe and the myth,"Bent's The Ruined Cities of Mashonaland (1892) concludes that Great Zimbabwe's builders were ""of a Semitic race and of Arabian origin"". The phrase was read in the 1895 edition (introduction, p. xiv, in the argument from the ruins' orientation); the 1892 first edition was not checked",documented,read in the 1895 edition,https://www.gutenberg.org/files/69067/69067-h/69067-h.htm,spec v3
F1.3-C15,F1.3,Case (b): Great Zimbabwe and the myth,"Randall-MacIver (1906) and Caton-Thompson (excavated 1929, published 1931) found Great Zimbabwe to be African work; Randall-MacIver named the ancestors of the Shona. In 1970 the Rhodesian Front government told its employees that no official publication might say plainly that Great Zimbabwe was an African creation, and Garlake was forced into exile that year",documented,,https://sas-space.sas.ac.uk/4213/1/Preben_Kaarsholm_-_The_past_as_battlefield_in_Rhodesia_and_Zimbabwe.pdf ; https://www.researchgate.net/publication/239789630_Peter_Garlake_1934-2011_Great_Zimbabwe_and_the_politics_of_the_past_in_Zimbabwe,spec v3
F1.3-C16,F1.3,Case (c): 'Islamic art' as a category,"Blair and Bloom (2003) call a distinct ""Islamic"" art tradition ""a product of late nineteenth- and twentieth-century Western scholarship"". They add that much of it was not made by Muslims for the faith",interpretive,a scholarly position,https://www.collegeart.org/pdf/artbulletin/Art%20Bulletin%20Vol%2085%20No%201%20Blair%20and%20Bloom.pdf,spec v3
F1.3-C17,F1.3,Case (c): 'Islamic art' as a category,"The 1910 Munich exhibition showed more than 3,600 objects from about 250 collections in eighty halls (Troelenberg 2012; Wikipedia says more than 260). It raised things once seen as ""folk art or arts and crafts"" to ""masterpieces"" (Wikipedia's wording). The Met's 1930 handbook by M. S. Dimand still said ""Mohammedan Decorative Arts""",documented,the 'masterpieces' wording is Wikipedia's,https://arthistoriography.wordpress.com/wp-content/uploads/2012/05/troelenberg.pdf ; https://en.wikipedia.org/wiki/Meisterwerke_muhammedanischer_Kunst ; https://www.metmuseum.org/met-publications/a-handbook-of-mohammedan-decorative-arts,spec v3
F1.3-C18,F1.3,"Design history, design studies, decolonising design","Margolin (Design Studies, 1992) proposed folding design history into design studies. Forty replied in the Journal of Design History (1993), and Design Issues ran a special issue in 1995",documented,Wikipedia summary; originals not read,https://en.wikipedia.org/wiki/Design_studies,spec v3
F1.3-C19,F1.3,"Design history, design studies, decolonising design","The Decolonising Design manifesto (Abdulla, Ansari and others, 2019) says ""It is not sufficient for design institutions to simply include a greater diversity of actors or perspectives.""",documented,,https://jfsdigital.org/wp-content/uploads/2019/04/12-Ansari-Decolonising-Design.pdf,spec v3
F1.3-C20,F1.3,Record bias,"The record is uneven. Cleveland's CC0 set held 42,500 records on 3 Oct 2026 (42,316 on 29 Sept): 2,544 in Chinese Art, 388 in African Art and 294 in Islamic Art; a keyword search for ""Oceania"" gave 112. The AIC Asante kente wrapper (1901/50) is flagged ""not public domain"". On Ghana's nomination, UNESCO inscribed the craftsmanship of Kente on the Representative List in December 2024 (19.COM, Asunción)",documented,counts are a snapshot; 'the record is biased' is interpretive,https://openaccess-api.clevelandart.org/api/artworks/?cc0=1&limit=1 ; https://api.artic.edu/api/v1/artworks/65187 ; https://ich.unesco.org/en/decisions/19.COM/7.B.38,spec v3
F1.4-C01,F1.4,Films: Edison and Westinghouse,"*Blacksmith Scene* was filmed in late April 1893 in the Black Maria, directed by W. K. L. Dickson, filmed by William Heise, with Edison employees playing the three smiths; the cast listed is Charles Kayser and John Ott.",documented,,(National Film Preservation Foundation transfer from MoMA's 35mm print) — https://www.filmpreservation.org/preserved-films/screening-room/blacksmithing-scene-1893 [summary (source replaced 3 Oct 2026)],spec v3
F1.4-C02,F1.4,Films: Edison and Westinghouse,"It was shown publicly in a Kinetoscope at the Brooklyn Institute of Arts and Sciences on 9 May 1893. Whether this is the earliest public film showing is contested. Reading A: the earliest known public exhibition of a film (the NFPF says ""the first film of more than a few feet to be publicly exhibited""). Reading B: earlier moving pictures came first, such as Le Prince's 1888 films (INV049) or Reynaud's projected shows in Paris, 1892 (not verified).",contested,,same — https://www.moma.org/collection/works/316644 [summary],spec v3
F1.4-C03,F1.4,Films: Edison and Westinghouse,"G. W. ""Billy"" Bitzer filmed the Westinghouse works, Pittsburgh, 18 April–16 May 1904; the films were shown at the Westinghouse Auditorium at the 1904 St. Louis fair.",documented,,"https://en.wikipedia.org/wiki/Westinghouse_Works,_1904 [summary]",spec v3
F1.4-C04,F1.4,Films: Edison and Westinghouse,"LOC's record of *Girls winding armatures* (1904; copyright 28 April 1904) describes numerous women at machines winding wire, two young men pushing spools down the aisle, and male and female supervisors; no worker is named.",documented,,https://www.loc.gov/item/96522180/ [catalogue record (rechecked and corrected 3 Oct 2026)],spec v3
F1.4-C05,F1.4,Recordings and their rights,"""In a country blacksmith shop"", Byron G. Harlan and Frank C. Stanley, recorded 10 October 1904, Victor 4106, matrix B-1749/2, a ""descriptive scene"". Anvil sounds on it: not verified.",documented,,https://adp.library.ucsb.edu/index.php/objects/detail/33030/Victor_4106 ; https://www.loc.gov/item/jukebox-120495/ [catalogue record (DAHR rechecked 3 Oct 2026; the Jukebox page returned 403)],spec v3
F1.4-C06,F1.4,Recordings and their rights,"""Livery stable blues"", Original Dixieland Jazz Band, recorded 26 February 1917 in New York, Victor 18255, matrix B-19331/1, released 7 March 1917.",documented,documented (the release date from Wikipedia only),https://www.loc.gov/item/jukebox-186254/ ; https://en.wikipedia.org/wiki/Livery_Stable_Blues [catalogue record (rechecked 3 Oct 2026); summary],spec v3
F1.4-C07,F1.4,Recordings and their rights,"It is widely called the first jazz record issued. Reading A: the earliest known commercially issued jazz record. Reading B: a white band recorded a Black New Orleans music, and James Reese Europe's Society Orchestra had recorded dance music for Victor in 1913–14 (e.g. ""Castle walk"", Victor 17553, B-14434/2).",contested,,same — https://www.loc.gov/item/jukebox-134539/ [summary; catalogue record],spec v3
F1.4-C08,F1.4,Recordings and their rights,"In the authorship suit over the tune, the judge found neither party held copyright and that it was based on an existing melody.",probable,probable (one summary source),https://en.wikipedia.org/wiki/Livery_Stable_Blues [summary],spec v3
F1.4-C09,F1.4,Recordings and their rights,"""Celeste Aida"", Enrico Caruso, with piano, recorded 1 February 1904 in New York, Victor 85022, matrix C-997, take 1.",documented,,(via search API) — https://www.loc.gov/item/jukebox-119132/ ; http://adp.library.ucsb.edu/index.php/matrix/detail/200001771/C-997-Celeste_Aida [catalogue record (DAHR checked 3 Oct 2026)],spec v3
F1.4-C10,F1.4,Recordings and their rights,"Isma'il Pasha, Khedive of Egypt, commissioned *Aida* for the Khedivial Opera House; Verdi set his fee at 150,000 francs in a letter of 2 June 1870; it premiered in Cairo on 24 December 1871, before an invited audience. It was not written for the Suez Canal opening: Verdi had declined Isma'il's request for a hymn for the canal in 1869.",documented,,"(Cordery, quoting Verdi's letter) — https://www.metopera.org/discover/education/educator-guides/aida/the-operas-plot-and-creation/ ; https://research.monm.edu/mjur/files/2021/05/MJUR-i12-2020-2021-6-Cordery.pdf [educator guide; student journal article citing Busch's edition of the letters (corrected 3 Oct 2026; a Verdi scholarly edition still to open)]",spec v3
F1.4-C11,F1.4,Recordings and their rights,"""Uncle Josh in a department store"" (label variant: ""Uncle Josh Weathersby in a department store""), Cal Stewart, recorded 22 May 1903, Victor 665, pre-matrix 665/M-7. Victor issued the same catalogue number from a 1902 take and from 1906 remakes, so cite the take, not only ""Victor 665"".",documented,,(via search API) — https://www.loc.gov/item/jukebox-2316/ ; https://adp.library.ucsb.edu/index.php/matrix/detail/2000000228/Pre-matrix_B-665-Uncle_Josh_Weathersby_in_a_department_store [catalogue record (DAHR checked and corrected 3 Oct 2026)],spec v3
F1.4-C12,F1.4,Recordings and their rights,US sound recordings published before 1923 entered the US public domain on 1 January 2022; later years follow one a year to 2046.,documented,,Jukebox record note on jukebox-186254 — https://publicdomainreview.org/blog/2021/12/all-sound-recordings-prior-to-1923-will-enter-the-us-public-domain-in-2022 [full text (blog); record note],spec v3
F1.4-C13,F1.4,Recordings and their rights,"Outside the US, the status differs: the recording, the composition and the performance are separate rights with national terms.",interpretive,interpretive; not verified per country,none opened [—],spec v3
F1.4-C14,F1.4,Case 2: kora,"Mungo Park (1799) gives the earliest known written reference to the kora, ""a large harp with eighteen strings""; nylon fishing line replaced strings from about 1950; Keur Moussa monks introduced wooden pegs from 1963.",documented,documented (Park quote to check in TXT055),"(Althea SullyCole, 2019) — https://www.amis.org/post/on-the-organology-of-the-kora [full text (earliest-reference wording rechecked 3 Oct 2026)]",spec v3
F1.4-C15,F1.4,Case 2: kora,"Mamadou Kouyaté (d. 1991, per the Met) made Met 1975.59 about 1960; Djimo Kouyaté replaced the bridge and restrung it in the 1990s, keeping two antelope-hide strings.",documented,,https://www.metmuseum.org/art/collection/search/503060 [record (API rechecked 3 Oct 2026)],spec v3
F1.4-C16,F1.4,Case 1: gamelan,"Each Javanese gamelan is tuned to its own pattern of intervals within sléndro and pélog, so an instrument from one set cannot be played in another; there is no standard tuning. Since the mid-20th century many new sets copy the state radio gamelan's tuning, so the rule holds most strongly for older sets.",documented,,"(Sumarsam, Wesleyan) (Montagu, on the radio standard) — https://sumarsam.faculty.wesleyan.edu/files/2023/01/1_Introduction_to_Javanese_Gamelan.pdf ; https://jeremymontagu.co.uk/GamelanHandbook.pdf [full text (source replaced and claim corrected 3 Oct 2026)]",spec v3
F1.4-C17,F1.4,Case 1: gamelan,UNESCO inscribed Gamelan (Indonesia) in 2021 (16.COM 8.b.16); its practitioners include instrument-makers and tuners.,documented,,https://ich.unesco.org/en/RL/gamelan-01607 [full text (rechecked 3 Oct 2026)],spec v3
F1.4-C18,F1.4,Case 3: Noh mask,"Honmen, masks from about the Muromachi period held by head families, are the models carvers refer to for new masks, mostly of Japanese cypress.",documented,,"https://db2.the-noh.com/edic/2020/02/nohmen.html [glossary, full text]",spec v3
F1.4-C19,F1.4,Wall: Royal Game of Ur,"The Game of Ur boards from Woolley's Ur excavations (1922–34) date to about 2600–2400 BCE; British Museum 33333,b, written in 177 BCE by Itti-Marduk-balāṭu, gives a diagram and rules; the BM calls it the oldest known rules for a board game.",documented,,https://www.britishmuseum.org/collection/object/W_Rm-III-6-b ; https://en.wikipedia.org/wiki/Royal_Game_of_Ur [record; summary],spec v3
F1.4-C20,F1.4,Unit framing,"Unit framing: film, sound, games and performance hold transferable methods for makers (staging, tuning, rules, repertoire).",interpretive,,— (the unit's own framing),spec v3
F1.14-C01,F1.14,Case A: Dürer and Marcantonio,"Vasari (1568) wrote that Marcantonio copied Dürer's woodcuts on copper, added ""A. D."", and the copies were sold as Dürer's. Dürer complained to the Signoria and got only an order that Marcantonio stop using the monogram. In Foster's translation Vasari names the Passion series (""thirty-six plates""), not the *Life of the Virgin* that the opening pair comes from, and has Dürer travel from ""Flanders""; the unit says which series Vasari names.",documented,documented (as Vasari's account; series named corrected 3 Oct 2026),https://en.wikisource.org/wiki/Lives_of_the_Most_Excellent_Painters%2C_Sculptors%2C_and_Architects/Marcantonio_of_Bologna%2C_and_others [full text (passage)],spec v3
F1.14-C02,F1.14,Case A: Dürer and Marcantonio,"Whether the Venetian lawsuit happened is contested. Petri (2014) calls Vasari's account ""a legend compiled from narrative and factual elements"". The Primary Sources on Copyright record calls it plausible, since Marcantonio later replaced the monogram with an empty tablet.",contested,contested — both readings,https://eprints.gla.ac.uk/93131/ ; https://copyrighthistory.org/cam/tools/request/showRecord.php?id=record_i_1568a [abstract; summary],spec v3
F1.14-C03,F1.14,Case A: Dürer and Marcantonio,"Dürer's 1511 book edition of the *Life of the Virgin* warned ""thieves and imitators of other people's labor"" that the images had Maximilian I's imperial privilege.",documented,,https://artmuseum.princeton.edu/art/collections/objects/18191 [summary (museum label)],spec v3
F1.14-C04,F1.14,Case A: Dürer and Marcantonio,"Dürer's *Presentation of Christ in the Temple* woodcut dates to c. 1505, published 1511; Marcantonio's engraving of the same subject is catalogued ""after Dürer"".",documented,,https://api.artic.edu/api/v1/artworks/43927 ; https://collectionapi.metmuseum.org/public/collection/v1/objects/342707 [full records],spec v3
F1.14-C05,F1.14,Case A: Dürer and Marcantonio,"Marcantonio went on to engrave many designs ""after Raphael"", spreading them in print.",documented,,(e.g. AIC 1919.2553) — https://api.artic.edu/api/v1/artworks/search?q=Marcantonio%20Raimondi%20Durer [full records],spec v3
F1.14-C06,F1.14,Example: Roman copies,"Roman workshops made plaster casts from moulds of Greek originals and copied them in marble or bronze; marble copies needed struts. Copies were valued, not seen as lesser.",documented,,"(Met, 2002) — https://www.metmuseum.org/essays/roman-copies-of-greek-statues [full text]",spec v3
F1.14-C07,F1.14,"Case B: blue-and-white, both ways","An Iznik dish of the mid-1500s is, in the Met's words, ""an ingenious and highly creative adaptation"" of a Ming porcelain design.",documented,documented (holder's framing),https://www.metmuseum.org/art/collection/search/446648 [full record],spec v3
F1.14-C08,F1.14,"Case B: blue-and-white, both ways","European forms such as mugs and candlesticks were unknown in China, so models were sent to be copied. In 1635 Dutch staff in Taiwan had a turner and painters make wooden models.",documented,,https://www.metmuseum.org/toah/hd/ewpor/ho_1984.449.htm ; https://resources.metmuseum.org/resources/metpublications/pdf/Chinese_Export_Porcelain_The_Metropolitan_Museum_of_Art_Bulletin_v_60_no_3_Winter_2003.pdf [full text; full text (excerpts read)],spec v3
F1.14-C09,F1.14,"Case B: blue-and-white, both ways","In 1635 and 1637 the VOC asked for decoration ""in the Chinese manner"", saying Dutch painting on porcelain was ""not considered strange nor rare"".",documented,,"Le Corbeiller 2003, as 8 [full text (excerpts read)]",spec v3
F1.14-C10,F1.14,"Case B: blue-and-white, both ways","Delft potters copied Chinese blue-and-white in tin-glazed earthenware, and English potters copied Delft. Production grew as Chinese supply fell after 1644–47.",documented,documented (copying); probable (causal timing),"CL-191 (Cleveland 1969.254, 1986.31); Le Corbeiller 2003, as 8 [register; full text]",spec v3
F1.14-C11,F1.14,"Case B: blue-and-white, both ways","Chinese potters copied the ""AK"" mark of Adrianus Kocx's Delft factory (1686–1701) on porcelain c. 1700.",probable,,(dealer) — https://www.aronson.com/east-meets-west/ [summary],spec v3
F1.14-C12,F1.14,"Case B: blue-and-white, both ways","Böttger and Tschirnhaus's porcelain date is contested: 1709 (Met); October 1708 (Rinaldi); late 1707, with a lab note of January 1708 (Zumbulyadis 2010). The factory opened in 1710.",contested,contested — give readings,"Zumbulyadis, ""Böttger's eureka!"" (URL not verified) — https://www.metmuseum.org/essays/german-and-austrian-porcelain-in-the-eighteenth-century ; https://www.seaceramic.org.sg/wp-content/uploads/European-Discovery-of-Porcelain_Rinaldi.pdf [full text; full text; excerpts]",spec v3
F1.14-C13,F1.14,"Case B: blue-and-white, both ways","Augustus lent Asian porcelain from his collection to Meissen to be copied. A Chinese sauceboat in Dresden by 1721 was ""copied exactly"" by Meissen about 1730–35.",documented,,"Le Corbeiller 2003, as 8 — https://resources.metmuseum.org/resources/metpublications/pdf/German_Porcelain_of_the_Eighteenth_Century_The_Metropolitan_Museum_of_Art_Bulletin_v_47_no_4_Spring_1990.pdf [full text (excerpts read)]",spec v3
F1.14-C14,F1.14,Case C: chintz and the Calico Acts,"The Calico Act of 1721 (7 Geo. I c. 7), in force from 25 December 1722, banned wearing or using printed, painted, stained or dyed calicoes, to protect wool and silk; the 1736 Act recites its exceptions as ""Muslins, Neckcloths and Fustians"". The 1736 Act (9 Geo. II c. 4) then allowed British-printed cloth with an all-linen warp and cotton weft, and printers worked those fustians for the home market. Whether calicoes dyed all blue were also excepted is not confirmed in the text read.",documented,,"(Statutes at Large, 1736 Act) (1721 Act title) OCC093 — https://en.wikisource.org/wiki/Page:Ruffhead_-_The_Statutes_at_Large_-_vol_6.djvu/268 ; https://wellcomecollection.org/works/fctmr4gy ; https://www.lse.ac.uk/Economic-History/Assets/Documents/Research/GEHN/GEHNConferences/conf8/PUNEParthasarathi.pdf [statute text; catalogue record; full text (excerpts read) (exceptions corrected 3 Oct 2026)]",spec v3
F1.14-C15,F1.14,Case C: chintz and the Calico Acts,"A Bromley Hall copperplate-printed fustian, 1765–75, has foliage that ""recalls the multiflowering trees of Indian palampores"".",documented,documented (holder's framing),https://www.metmuseum.org/art/collection/search/229298 [full record],spec v3
F1.14-C16,F1.14,Case C: chintz and the Calico Acts,"Coromandel Coast painters made chintz for Japanese, Sri Lankan and European buyers; chintz is both the painter's and the dyer's art.",documented,,https://clevelandart.org/art/2003.43 ; https://www.metmuseum.org/art/collection/search/75909 ; https://www.metmuseum.org/perspectives/painting-with-dyes-early-modern-south-asia [full records; full text],spec v3
F1.14-C17,F1.14,Marks of origin,"The Merchandise Marks Act 1887 punished false trade descriptions, including origin. Customs guidance named ""Sheffield"" knives made in Germany as fraud and required ""manufactured in Germany"".",documented,,https://germanhistory-intersections.org/en/germanness/ghis:document-230 ; https://www.lse.ac.uk/Economic-History/Assets/Documents/WorkingPapers/Student-Dissertations/SWP005.pdf [full text (translated document); full text],spec v3
F1.14-C18,F1.14,Marks of origin,"SCAPIN-1535 (20 February 1947) ordered every Japanese export article, its container and outer package marked ""Made in Occupied Japan"", from 15 days after receipt.",documented,,https://jahis.law.nagoya-u.ac.jp/scapindb/docs/scapin-1535 [full text (rechecked 3 Oct 2026)],spec v3
F1.14-C19,F1.14,Counterfeits,"Counterfeit and pirated goods were up to 2.3% of world trade in 2021, about USD 467 billion (OECD and EUIPO, 7 May 2025).",documented,documented (estimate from seizure data),https://www.oecd.org/en/publications/mapping-global-trade-in-fakes-2025_94d3b29f-en.html [summary and report excerpts (2.3% rechecked 3 Oct 2026)],spec v3
F1.14-C20,F1.14,Generative AI; unit framing,"Training generative AI on makers' work: reading 1, some training uses may be transformative, and a UK court held (4 November 2025) that model weights which store no images are not an ""infringing copy"". Reading 2, commercial use of ""vast troves"" of works to make competing content, ""especially where... illegal access"", goes beyond fair use (US Copyright Office, May 2025). The unit does not rule. Status, as of the latest dated sources (July–August 2026): the UK ruling is under appeal. On 16 December 2025 the trial judge gave Getty permission to appeal the ""infringing copy"" point, as a novel point of law; she refused Stability permission on the trade mark findings, and Stability asked the Court of Appeal directly. No Court of Appeal hearing or judgment was found; commentators expected a hearing in late 2026 at the earliest. Getty's separate US case continues. The Copyright Office report is still the May 2025 pre-publication version. Unit framing: copying is a normal engine of making; it becomes a wrong through a false mark, a taken market or no transformation. This framing is interpretive.",contested,contested — both readings; framing interpretive; status documented as of the dates given,"https://copyright.gov/ai/Copyright-and-Artificial-Intelligence-Part-3-Generative-AI-Training-Report-Pre-Publication-Version.pdf ; https://copyright.gov/ai/ ; https://www.judiciary.uk/wp-content/uploads/2025/11/Getty-Images-v-Stability-AI.pdf ; https://www.taylorwessing.com/en/insights-and-events/insights/2026/01/next-steps-for-getty-v-stability-why-has-permission-to-appeal-been-granted ; https://www.winstontaylor.com/insights/getty-images-vs-stability-ai-copyright-explained [report contents and quoted conclusion (via law-firm summary); judgment opening read, holding via CaseMine summary; appeal status from law-firm notes dated 19 Jan 2026 and 7 Jul 2026 (added 3 Oct 2026)]",spec v3
F1.15-C01,F1.15,Owen Jones and 1851,"Jones's Grammar of Ornament (London: Day and Son, 1856) has 100 chromolithographic plates in its first folio edition, with contributions by J. B. Waring, J. O. Westwood and M. D. Wyatt",documented,,https://archive.org/details/McGillLibrary-rbsc_grammar-ornament_elfNK1510J71856-22115,spec v3
F1.15-C02,F1.15,Owen Jones and 1851,"Its 20 chapters run from ""Ornament of Savage Tribes"" to ""Leaves and Flowers from Nature"", sorting ornament by people, place, faith and period",documented,the 'sorting by people' reading is interpretive,https://archive.org/stream/jonesowengrammar00owen/jonesowengrammar00owen_djvu.txt,spec v3
F1.15-C03,F1.15,Owen Jones and 1851,"Proposition 8 reads: ""All ornament should be based upon a geometrical construction.""",documented,,"Jones 1856, OCR — https://archive.org/stream/jonesowengrammar00owen/jonesowengrammar00owen_djvu.txt [full text]",spec v3
F1.15-C04,F1.15,Owen Jones and 1851,"Jones reports that on Tongatapu one woman designed all the patterns in use, and was paid a number of yards of cloth for each new one; the dress came via Oswald Brierly",documented,as Jones's report; her name not recorded,"Jones 1856, OCR — https://archive.org/stream/jonesowengrammar00owen/jonesowengrammar00owen_djvu.txt [full text]",spec v3
F1.15-C05,F1.15,Owen Jones and 1851,"Jones reproduced a preserved, tattooed Māori head (mokomokai) from the Chester museum, then thought to be a woman's",documented,,https://www.metmuseum.org/perspectives/grammar-of-ornament,spec v3
F1.15-C06,F1.15,Owen Jones and 1851,"Jones decorated the 1851 building in red, yellow and blue and helped select objects from the exhibition for the School of Design's teaching collection",documented,,https://www.vam.ac.uk/articles/owen-jones-and-the-grammar-of-ornament,spec v3
F1.15-C07,F1.15,Owen Jones and 1851,"The 1851 exhibits were shown by country and divided into four divisions (Raw Materials, Machinery, Manufactures, Fine Arts) and 30 classes; over six million people visited",documented,,https://www.rct.uk/group/381/content/explore/themes/great-exhibition-of-1851/the-exhibition,spec v3
F1.15-C08,F1.15,Owen Jones and 1851,"The 1851 catalogue's introduction frames the show by ""nations"" and ""every civilized people""; the word ""race"" does not appear in the introduction we read",documented,for the text read; 'nation and race' framing interpretive,https://archive.org/stream/1851OfficialDescriptiveCatalogueSection1Intro_201711/EX.1851.22_djvu.txt,spec v3
F1.15-C09,F1.15,Counter-position: Loos,"Loos first gave ""Ornament und Verbrechen"" as a lecture in 1910; it appeared in French in 1913 and in German in 1929; the 1908 date was added for the 1931 reprint",contested,1910 lecture or 1908; Long not opened,https://en.wikipedia.org/wiki/Ornament_and_Crime,spec v3
F1.15-C10,F1.15,Counter-position: Loos,"Loos wrote that the Papuan who tattoos ""is no criminal"", the modern man who does is ""a criminal or a degenerate"", and that the evolution of culture means removing ornament from everyday objects",documented,,https://www.designtagebuch.de/wp-content/uploads/2011/11/adolf-loos-ornament-und-verbrechen.pdf,spec v3
F1.15-C11,F1.15,Geometry: girih,"Girih patterns were long read as lines drawn with compass and straightedge; Lu and Steinhardt argue that by about 1200 CE designers also used a set of five tile shapes, and that the Darb-i Imam shrine (Isfahan, 1453) is nearly quasi-crystalline",contested,tile method argued; Makovicky 2007 disputes the quasi-crystal reading,https://www.physics.rutgers.edu/~pchandra/physics601/Lu_Steinhardt.pdf ; https://www.science.org/doi/10.1126/science.1146262 ; https://www.science.org/doi/10.1126/science.1146352,spec v3
F1.15-C12,F1.15,Geometry: girih,"The Topkapı Scroll (Timurid, late 15th or early 16th century) holds 114 geometric patterns for wall surfaces and vaulting",documented,,https://www.getty.edu/publications/virtuallibrary/9780892363353.html,spec v3
F1.15-C13,F1.15,Geometry: Yingzao fashi,"The Yingzao fashi was completed by 1100 and printed in 1103; its 34 chapters cover measurement, carpentry, stonework, tiling, and painting and decoration",documented,Wikipedia summary,https://en.wikipedia.org/wiki/Yingzao_Fashi,spec v3
F1.15-C14,F1.15,Geometry: Yingzao fashi,"Its timber module, the cai, has eight grades; each cai divides into 15 by 10 fen, and every component is measured in fen",documented,,https://www.archdaily.com/949479/from-ancient-to-modern-modular-construction-in-chinese-timber-architecture,spec v3
F1.15-C15,F1.15,Vanuatu sand drawing,"Vanuatu sand drawings are on UNESCO's Representative List (2008, 3.COM), first proclaimed a Masterpiece in 2003; drawers trace one continuous line on an imagined grid; UNESCO names a purely aesthetic reading as a threat",documented,harvested; rechecked 3 Oct 2026,https://ich.unesco.org/en/RL/vanuatu-sand-drawings-00073,spec v3
F1.15-C16,F1.15,Case C: Kuba raffia cloth,Kuba men weave the raffia and women embroider it; one analysis finds Kuba designs use 12 of the 17 plane symmetry types,documented,the 12-of-17 count is probable (Crowe 1971 seen only as a record),https://en.wikipedia.org/wiki/Kuba_textiles,spec v3
F1.15-C17,F1.15,Case A and exhibition histories,"Cleveland 1945.133 was published in 1946 as a ""Venetian Bronze Bowl Inlaid with Silver and Gold"" (Helen Foote, Cleveland Bulletin 33, no. 7), shown in ""The Venetian Tradition"" (8 November 1956–1 January 1957), and is now catalogued as Syria, Damascus, Burji Mamluk, 1450–1500. The record describes ""interlacing geometric designs in 12 arched panels"" and says scholars ""recently reattributed them to Islamic manufacture, possibly for export to Europe""",documented,"'six designs, each twice' dropped",https://openaccess-api.clevelandart.org/api/artworks/1945.133,spec v3
F1.15-C18,F1.15,Case A and exhibition histories,"Exhibition histories group objects: 1945.133 and the Kuba cloth 1991.224 were both in ""The Persistence of Geometry"" (MOCA Cleveland, 2006); the khipu 1940.469 was in the ""Exhibition of Peruvian Art"" at the ""Museum of Primitive Art"", New York (1963–64)",documented,,https://openaccess-api.clevelandart.org/api/artworks/1991.224 ; https://openaccess-api.clevelandart.org/api/artworks/1940.469,spec v3
F1.15-C19,F1.15,Khipu,Six Santa Valley khipus match a colonial census record; colour and the direction of cord attachment appear to encode villagers' names,documented,the match documented; names interpretive,https://dukeupress.wordpress.com/2018/01/31/groundbreaking-study-on-incan-khipus-published-in-ethnohistory/,spec v3
F1.15-C20,F1.15,Unit framing,"Unit framing: a likeness between patterns is a claim of method, contact or label, and exhibitions and catalogues make most label claims",interpretive,the unit's framing,— (the unit's own framing),spec v3
F1.16-C01,F1.16,Unit framing,"The unit's framing: belief drives making through commission, rule, material, repetition, economy and regime, and can be taught without judging any belief.",interpretive,,Our own argument [n/a],spec v3
F1.16-C02,F1.16,Case 1: Diamond Sutra,"The Diamond Sutra is dated 11 May 868, the earliest dated printed book known (the IDP: ""the earliest known, complete printed book with a date""). Its colophon reads ""Reverently made for universal free distribution by Wang Jie on behalf of his two parents"".",documented,,https://idp.bl.uk/blog/the-diamond-sutra-on-display-text-panel-6-with-colophon/ ; https://www.cabinet.ox.ac.uk/worlds-earliest-dated-printed-book-diamond-sutra-868-ce ; https://idp.bl.uk/blog/shaping-the-stein-collections-dunhuang-corpus-2-the-items-from-cave-17s-miscellaneous-bundles/ [Full text (short pages; rechecked 3 Oct 2026)],spec v3
F1.16-C03,F1.16,Case 1: Diamond Sutra,"In 1907 Aurel Stein removed the Diamond Sutra with thousands of documents from the Mogao library cave (Cave 17), which its keeper, the Daoist priest Wang Yuanlu (1850–1931), had found in 1900. Smithsonian says he ""bribed the abbot""; canon OCC178 says he ""bought""; the IDP says Stein ""convinced him to sell"" and that Wang chose which bundles to hand over. Give the wordings, attributed; ""abbot"" is the Smithsonian's word, not Wang's title.",contested,Contested (wording); the date and keeper documented,https://www.smithsonianmag.com/smart-news/Five-things-to-know-about-diamond-sutra-worlds-oldest-dated-printed-book-180959052/ ; https://idp.bl.uk/discover/learning/dunhuang/collection-items/cave-17-the-library-cave/ ; https://idp.bl.uk/blog/shaping-the-stein-collections-dunhuang-corpus-1-wang-yuanlu-the-first-curator/ [Summary article; IDP pages (added 3 Oct 2026)],spec v3
F1.16-C04,F1.16,Opener: One Million Pagodas,"Empress Shōtoku (718–770) commissioned the One Million Pagodas to give thanks for help in suppressing the Emi rebellion of 764, and had them sent to Japan's major temples.",documented,,https://www.metmuseum.org/art/collection/search/44955 [Museum label],spec v3
F1.16-C05,F1.16,Opener: One Million Pagodas,The pagoda invocations were probably printed from bronze plates; some scholars say woodblocks.,contested,,Same Met record [Museum label],spec v3
F1.16-C06,F1.16,Opener: One Million Pagodas,"In 1908 Hōryūji gave away 3,000 of its pagodas to contributors to a fund appeal.",documented,,Same Met record [Museum label],spec v3
F1.16-C07,F1.16,Case 1 coda: Tripitaka Koreana,"The Tripitaka Koreana, about 80,000 woodblocks, was carved 1237–1248 ""in an appeal to the authority of the Buddha"" against the Mongol invasions.",documented,,https://whc.unesco.org/en/list/737/ [Summary (UNESCO listing)],spec v3
F1.16-C08,F1.16,Case 2: Kongo crucifix,The Kongo ruler was baptised in 1491; in the early 1500s the Kongo king made Catholicism the state religion and sponsored Christian art.,documented,,https://www.metmuseum.org/art/collection/search/318323 ; https://news.yale.edu/2019/03/05/art-historian-cecile-fromont-uncovers-kongos-christian-visual-culture [Label; news summary],spec v3
F1.16-C09,F1.16,Case 2: Kongo crucifix,"After the conversion, ""the Portuguese demanded destruction of traditional Kongo religious objects, which they labeled as 'idols.'""",documented,,"(Pereira and Windmuller-Luna, 2015) — https://www.metmuseum.org/exhibitions/listings/2015/kongo/blog/posts/kongo-christian-art [Full text (essay)]",spec v3
F1.16-C10,F1.16,Case 2: Kongo crucifix,"Inquisition records show locally made crucifixes traded illegally in Angola in the 1590s. Kongo artists varied figures ""far beyond any European precedent"".",documented,,Same Met essay [Full text (essay)],spec v3
F1.16-C11,F1.16,Case 2: Kongo crucifix,"Two readings of the Kongo crucifix. Imposition: a Christian form arrived with Portuguese pressure and the destruction of Kongo objects. Local reinvention: Fromont argues missionaries ""landed in a place that had already converted"", and Kongo elites shaped Kongo Christianity.",contested,Contested (both readings),"Met essay (claim 9); Yale News, 2019 [Full text; news summary]",spec v3
F1.16-C12,F1.16,Case 3: kero,"Keros were made in pairs for exchanging chicha. They were ""frequent targets of early Spanish drives to destroy 'pagan' rites"" yet were made and used into the 1800s. Pigmented resin inlay was common before 1570.",documented,,"(Hecht, 2003) — https://www.metmuseum.org/toah/hd/kero/hd_kero.htm ; https://clevelandart.org/art/1946.233 [Full text (essay); label]",spec v3
F1.16-C13,F1.16,Case 2 strip: mission workshops,"The Guaraní missions (reducciones) were settlements founded in the 1600s and 1700s on Guaraní lands, with workshops, worked mainly by Guaraní people, until the Jesuits' expulsion (1767–1768).",documented,,https://whc.unesco.org/en/list/275/ [Summary],spec v3
F1.16-C14,F1.16,Case 2 strip: mission workshops,"The feather *Mass of St Gregory* (1539) was commissioned by Diego de Alvarado Huanitzin for Pope Paul III and made by an Indigenous artist. The Franciscan Pedro de Gante ""likely supervised"" it.",documented,Documented (commission); probable (supervision),(Kilroy-Ewbank) — https://smarthistory.org/featherworks/ [Full text (essay)],spec v3
F1.16-C15,F1.16,Case 2 strip: mission workshops,In 1688 Indigenous painters in Cuzco began a legal case that changed painting there; Cuzco devotional paintings were exported to cities in present-day Chile and Argentina.,documented,,(Cohen-Aponte) — https://smarthistory.org/our-lady-of-cocharcas-cuzco-school/ [Full text (essay)],spec v3
F1.16-C16,F1.16,Case 2 strip: mission workshops,"Catholic missionaries in Japan commissioned lacquer church furnishings, including a folding lectern with the IHS emblem.",documented,,https://www.kyohaku.go.jp/old/eng/theme/floor1_6/past/laq_20141126.html [Summary (exhibition page)],spec v3
F1.16-C17,F1.16,Foodways strip,"Chōjirō's tea-bowl making ""was stimulated and supervised by Rikyū""; the Met attribution of 17.118.74 to Chōjirō is tentative.",probable,,https://www.metmuseum.org/art/collection/search/62898 [Museum label],spec v3
F1.16-C18,F1.16,Foodways strip,"Qvevri wine-making was inscribed by UNESCO in 2013 (8.COM 8.13); wine is used in ""secular and religious events and rituals"", and the wine cellar is called the holiest place in the home.",documented,,https://ich.unesco.org/en/RL/ancient-georgian-traditional-qvevri-wine-making-method-00870 [Summary (nomination text; rechecked 3 Oct 2026)],spec v3
F1.16-C19,F1.16,Foodways strip,"A jebena is made of clay, ""usually crafted by an elderly woman""; coffee is served in three rounds, the third called baraka, ""to be blessed"".",documented,Documented (single source),"(Gupta, MAA Cambridge) — https://www.maadigitallab.org/blog/2023/08/22/at-the-heart-of-the-jebena-bunna-the-ethiopian-coffee-ceremony/ [Blog]",spec v3
F1.16-C20,F1.16,Concept: pilgrim economy,Cast tin-lead badges showing St Thomas Becket's shrine were sold to pilgrims at Canterbury; the shrine was destroyed in 1538.,documented,,https://www.metmuseum.org/art/collection/search/473470 [Museum label],spec v3
F1.18-C01,F1.18,Case 1: Ur III weavers,"HSS IV 3, as Waetzoldt (1972) read it, lists 4,272 women and 1,800 children from Guabba in the weaving sector",documented,secondary; Waetzoldt not opened,https://www.harappa.com/content/guabba-meluhhan-village-mesopotamia,spec v3
F1.18-C02,F1.18,Case 1: Ur III weavers,"CDLI catalogues HSS 04, 003 (P110276) as an Ur III account from Girsu: ""large balanced account; sesame oil and lard"", Harvard SM 1899.02.001, photo © Harvard",documented,how the weaver count sits in the account not verified,https://cdli.earth/artifacts/110276,spec v3
F1.18-C03,F1.18,Case 1: Ur III weavers,"Most Ur III weavers were women, but not all: UET 3, 1449 says ""the male workers are weavers""",documented,summary,https://www.academia.edu/8710629/Weaving_in_Ur_III_Mesopotamia_Womens_Work,spec v3
F1.18-C04,F1.18,Case 1: Ur III weavers,Women workers in Ur III usually received half the rations of men,probable,,Garcia-Ventura 2014 — https://www.academia.edu/8710629/Weaving_in_Ur_III_Mesopotamia_Womens_Work [summary],spec v3
F1.18-C05,F1.18,Case 1: Ur III weavers,"Ur III labour came mostly from dependent people who owed service to the crown; slaves were a limited part, working beside people of other statuses",probable,for the weavers specifically not stated,https://www.cambridge.org/core/journals/international-review-of-social-history/article/punishment-for-the-coercion-of-labour-during-the-ur-iii-period/63F85846BCF0661180D19F3ECE24864F,spec v3
F1.18-C06,F1.18,Opening: Inca cloth and aqllakuna,"Inca officials collected girls aged eight to ten from the provinces ""as tribute for the state""; they trained about four years in spinning, weaving, food and chicha in the aqllawasi",documented,in Spanish-era sources as summarised (Wikipedia),https://en.wikipedia.org/wiki/Aclla,spec v3
F1.18-C07,F1.18,Opening: Inca cloth and aqllakuna,"Whether selection was coercion or a route to status: contested. Reading one: girls were taken as tribute and later assigned as wives or to temples (Wikipedia, Aclla). Reading two: the women held rank and made the empire's most valued cloth (Cleveland 1957.136 text). The women's own view is not known",contested,the women's own view is not known,"Wikipedia, Aclla; Cleveland 1957.136 text — https://en.wikipedia.org/wiki/Aclla ; https://clevelandart.org/art/1957.136 [summary; full record]",spec v3
F1.18-C08,F1.18,Opening: Inca cloth and aqllakuna,"Fine Inca tapestry ""was made … by women of noble families, by professional weavers, and by the Aclla (Chosen Women)""; the Met says ""a select group of female and male weavers""",documented,,https://clevelandart.org/art/1957.136 ; https://www.metmuseum.org/essays/andean-textiles,spec v3
F1.18-C09,F1.18,Opening: kente,"Who weaves kente is contested. Reading one: ""Most kente weavers are men"" (Micots, Smarthistory). Reading two: Ghana's nomination, as UNESCO inscribed it in 2024, says ""Both women and men are involved"", with women ""in charge primarily of weaving and producing cotton yarn"" and men making the loom and tools. The two may describe different places or times; neither says which",contested,Smarthistory against Ghana's UNESCO file (corrected 3 Oct 2026),https://smarthistory.org/kente-cloth/ ; https://ich.unesco.org/en/RL/craftsmanship-of-traditional-woven-textile-kente-02130,spec v3
F1.18-C10,F1.18,Case 2: May Morris,"May Morris designed Honeysuckle (1883). An 1890 Woman's World article credited it to William Morris. A Morris & Co. catalogue of about 1909 first gave it to May, and a letter of hers confirms it",documented,the attribution is still argued by some: contested,https://wmgallery.org.uk/object/honeysuckle-wallpaper/,spec v3
F1.18-C11,F1.18,Case 2: May Morris,"The Lotus door curtain: design attributed to May Morris; producer Morris & Co.; embroidered by the Decorative Arts Society, Chicago (founded 1877), 1888, for Frances Glessner's parlour",documented,design attribution is the AIC's ('attributed'): probable,https://api.artic.edu/api/v1/artworks/74514,spec v3
F1.18-C12,F1.18,Concept: Bauhaus weaving,"At the Bauhaus, weaving became known as the ""women's workshop"". Anni Albers went into it ""unenthusiastically, as merely the least objectionable choice""",documented,quotation's original source not opened,https://www.tate.org.uk/whats-on/tate-modern/anni-albers/exhibition-guide,spec v3
F1.18-C13,F1.18,Concept: Bauhaus weaving,"Gunta Stölzl became a junior master in 1927 and ran the weaving workshop. She was forced out in 1931 amid Nazi pressure, after swastikas were painted on her door",documented,dates; that Mies required the resignation is probable,https://www.moma.org/artists/5675 ; https://en.wikipedia.org/wiki/Gunta_St%C3%B6lzl,spec v3
F1.18-C14,F1.18,Case 3: Maria and Santana Martinez,Maria Martinez (Po've'ka) coiled and polished; Julian Martinez painted; Hewett asked her to remake pottery from excavated sherds,documented,,https://womenshistory.si.edu/blog/fragments-ancient-pottery-inspired-maria-martinez,spec v3
F1.18-C15,F1.18,Case 3: Maria and Santana Martinez,"Signatures ran: unsigned (1918–23), ""Marie"" (1923–25), ""Marie + Julian"" (1925–43), ""Marie + Santana"" (1943–54), ""Maria/Popovi"" (from 1956)",probable,dates differ by source,https://en.wikipedia.org/wiki/Maria_Martinez,spec v3
F1.18-C16,F1.18,Case 3: Maria and Santana Martinez,"Cleveland 1951.363, c. 1943–51, is ""Signed: Marie and Santana""; the record credits both women as artists",documented,,https://clevelandart.org/art/1951.363,spec v3
F1.18-C17,F1.18,Concept: Ladi Kwali,Ladi Kwali learned pottery from her aunt and joined Cardew's Pottery Training Centre at Abuja (founded 1952) in December 1954 as its first woman trainee,documented,MBE year and renaming date differ by source,https://post.moma.org/pots-mastery-and-the-enduring-legacy-of-ladi-dosei-kwali/ ; https://awarewomenartists.com/en/artiste/ladi-kwali/ ; https://artuk.org/discover/artists/kwali-ladi-19201984 ; https://en.wikipedia.org/wiki/Ladi_Kwali,spec v3
F1.18-C18,F1.18,Concept: Lowell,"Lowell's workers were ""young Yankee women, generally 15–30""; most worked 12 to 14 hours a day, and women struck twice in the 1830s",documented,12–14 hours and the strikes not reread,https://www.nps.gov/lowe/learn/historyculture/the-mill-girls-of-lowell.htm,spec v3
F1.18-C19,F1.18,Concept: Rana Plaza,"Over 1,100 people, mostly garment workers, died when Rana Plaza collapsed near Dhaka on 24 April 2013 (ILO, April 2023); the ILO's World Social Protection Report 2017–19 gives ""at least 1,132"" killed and ""more than 2,500"" injured. The typical Bangladeshi garment worker is ""female, 23 years old, and an internal migrant""",documented,"ILO: 'over 1,100'; 'at least 1,132' in the 2017–19 report",https://webapps.ilo.org/infostories/en-GB/Stories/Country-Focus/rana-plaza.html ; https://www.ilo.org/sites/default/files/wcmsp5/groups/public/@dgreports/@dcomm/@publ/documents/publication/wcms_604882.pdf,spec v3
F1.18-C20,F1.18,Unit framing,"The unit's framing: ""women's work"" is a category that states, schools, firms and markets produced and enforced, not a fact about women",interpretive,the unit's framing,— (the unit's own framing),spec v3
F1.19-C01,F1.19,"Industry, the machine and the exhibition","The unit's framing: the machine split making into steps and moved them between people, places and materials; it did not end hand-making everywhere or at once.",interpretive,Interpretive,Our own argument [depth: n/a],spec v3
F1.19-C02,F1.19,"Industry, the machine and the exhibition","The 1851 hall was certified for public use seven months after breaking ground. Chance Brothers supplied 293,655 panes. More than 100,000 objects came from nearly 14,000 exhibitors from 34 nations; over six million people visited.",documented,Documented,https://www.vam.ac.uk/articles/the-great-exhibition-of-1851 [depth: Summary article],spec v3
F1.19-C03,F1.19,"Industry, the machine and the exhibition","The panes were blown as cylinders, then reheated and flattened. Chance recruited another 42 French workers for the order; in January 1851 about 60,000 panes were made in a fortnight. Glaziers worked from covered wagons running in the roof gutters (*Illustrated London News*, 7 December 1850).",documented,Documented (single sources),"http://tomchance.org/wp-content/uploads/2018/03/Glazing_the_Crystal_Palace.pdf (Chance, 2018); https://victorianweb.org/history/1851/construction/9.html [depth: Full text; primary excerpt]",spec v3
F1.19-C04,F1.19,"Industry, the machine and the exhibition","Fox, Henderson and Co. were the contractors; Charles Downes published 28 plates from their working drawings in 1852.",documented,Documented,https://archive.org/details/McGillLibrary-rbsc_building-erected-hyde-park_folioNA6750L6D71852-21979 [depth: Catalogue record],spec v3
F1.19-C05,F1.19,"Industry, the machine and the exhibition","Hand-made goods from Asia drew praise: Ralph Wornum called the shawls ""from Cashmere and Lahore"" the ""finest specimens as Works of Art""; Henry Cole said ""from the East … the most impressive lesson was learnt"". 244 objects were bought for the School of Design.",documented,Documented,V&A article (claim 2) [depth: Summary article],spec v3
F1.19-C06,F1.19,"Industry, the machine and the exhibition","Marx quotes ""the Governor General"" for 1834–35: ""The misery hardly finds a parallel in the history of commerce. The bones of the cotton-weavers are bleaching the plains of India."" Whose words these were is widely asserted (Bentinck) but not verified here.",documented,Documented (quotation); attribution not verified,https://www.marxists.org/archive/marx/works/1867-c1/ch15.htm [depth: Full text],spec v3
F1.19-C07,F1.19,"Industry, the machine and the exhibition","Two readings of India's handloom under machine competition. Collapse: the industry broke under British manufactured imports. Survival: weavers held or improved their position through cheaper machine-spun yarn, rising demand and higher-value cloth.",contested,Contested (both readings),"https://www.cambridge.org/core/journals/modern-asian-studies/article/abs/deindustrialization-revisited-the-handloom-weavers-of-the-central-provinces-of-india-c-18001947/A2289C427760ED27DAA571A4294F75C0 (Harnetty, 1991) [depth: Abstract]",spec v3
F1.19-C08,F1.19,"Industry, the machine and the exhibition","Met 2019.452.4 is a jamdani muslin sari-length from Dacca, 19th–early 20th century, ""decorated in the same in-weave technique"" as its pair. The record does not say whether its yarn was hand- or mill-spun.",documented,Documented,https://www.metmuseum.org/art/collection/search/810838 [depth: Museum label],spec v3
F1.19-C09,F1.19,"Industry, the machine and the exhibition","Jamdani, a sheer cotton ""traditionally woven on a handloom"" with a discontinuous weft, was inscribed by UNESCO in 2013. It is ""principally transmitted by parents to children in home workshops"".",documented,Documented,https://ich.unesco.org/en/RL/traditional-art-of-jamdani-weaving-00879 [depth: Summary (UNESCO page)],spec v3
F1.19-C10,F1.19,"Industry, the machine and the exhibition","Lancashire's cotton came mostly from US plantations worked by enslaved people. In 1860 about 80% of the UK's raw cotton imports came from the United States (2,861 of 3,590 thousand 400-lb bales, Ellison's series); LDHI gives ""about eighty percent"" for 1861. The Science and Industry Museum's ""almost 90 percent"" is not supported by the series. A quarter of a million enslaved people were forcibly relocated to new cotton lands in the 30 years after the gin.",documented,"Documented (share from the trade series, fact-check 3 Oct 2026; the museum's higher figure not used)","https://hsus.cambridge.org/HSUSWeb/toc/treeTablePathIdEh95-102.html (Ellison 1886, tabulated) ; https://ldhi.library.cofc.edu/exhibits/show/liverpools-abercromby-square/britain-and-us-civil-war/impact-cotton-trade ; https://www.scienceandindustrymuseum.org.uk/objects-and-stories/manchester-cotton-and-slavery (relocation figure) [depth: Statistical table; summary pages]",spec v3
F1.19-C11,F1.19,"Industry, the machine and the exhibition","American cotton fell to almost zero in August 1861 and stayed under three percent of British imports during the war. India and Egypt supplied some, but Britain got less than half of what it needed; mills closed.",documented,Documented,LDHI page (claim 10) [depth: Summary],spec v3
F1.19-C12,F1.19,"Industry, the machine and the exhibition","The Jacquard mechanism ended the need for a draw boy and made patterned cloth ""more than 20 times faster"". The woven portrait took ""more than 24,000 cards"". Babbage took the mechanism as a model; Lovelace wrote that the Analytical Engine ""weaves algebraical patterns just as the Jacquard-loom weaves flowers and leaves"".",documented,Documented (the speed figure is the article's),"https://www.sciencehistory.org/stories/magazine/the-french-connection/ (Gross, 2015) [depth: Summary article]",spec v3
F1.19-C13,F1.19,"Industry, the machine and the exhibition","Met 31.124 was woven in 1839 after Claude Bonnefond's portrait, commissioned by the city of Lyon in 1831. Didier, Petit et Cie ordered it from the weaver Michel-Marie Carquillat.",documented,Documented,https://www.metmuseum.org/art/collection/search/222531 [depth: Museum label],spec v3
F1.19-C14,F1.19,"Industry, the machine and the exhibition","On 21 November 1831 several hundred canuts rose at the Croix-Rousse. Their pay rested on ""tarifs""; 104 manufacturers refused to apply them. Motto: ""Vivre en travaillant ou mourir en combattant"". About 600 died in 1831 and more than 600 in 1834.",documented,Documented,https://www.gadagne-lyon.fr/sites/gadagne/files/medias/documents/2020-11/MHL-Gadagne_FicheTheme_19e-InsurrectionsDesCanuts.pdf [depth: Museum sheet],spec v3
F1.19-C15,F1.19,"Industry, the machine and the exhibition","Cleveland 1974.190 is a Jacquard silk woven in Lyon, 1900–1920, titled ""Copy of a Zandaniji Silk"". The ""Zandaniji"" label rests on Henning's late-1950s reading of an inscription on a silk at Huy. Reading one: Sogdian silk from Zandana near Bukhara. Reading two: the inscription is Arabic and names no Zandaniji; the word meant a cotton (Sims-Williams and Khan, 2008, as cited).",contested,Contested (both readings),"https://openaccess-api.clevelandart.org/api/artworks/1974.190 ; https://sogdians.si.edu/nara-to-nancy/ ; https://vostokoriens.ru/en/articles?artid=9747 (Dode, 2017) [depth: Full record; essay; abstract]",spec v3
F1.19-C16,F1.19,"Industry, the machine and the exhibition","In 1872 Kyoto Prefecture sent three weavers, including Sakura Tsuneshichi, to Lyon; early weavers brought back ""jacquards and battant"". Eight more students followed in 1877.",documented,Documented,https://www.ndl.go.jp/france/en/part1/s2_2.html [depth: Summary (National Diet Library)],spec v3
F1.19-C17,F1.19,"Industry, the machine and the exhibition","Tomioka Silk Mill began operating in 1872 with machinery imported from France, under the technical director Paul Brunat. It trained young women, who returned home to improve local reeling. It was inscribed by UNESCO in 2014.",documented,Documented,https://whc.unesco.org/en/list/1449/ ; https://www.nippon.com/en/guide-to-japan/gu900123/a-guide-to-the-world-heritage-tomioka-silk-mill.html [depth: Summary pages],spec v3
F1.19-C18,F1.19,"Industry, the machine and the exhibition","Vienna 1873 was the Meiji government's first official exposition. Gottfried Wagener guided the selection toward ""delicately created industrial art products … rather than machinery products that would merely present imitations of Western culture.""",documented,Documented,https://www.ndl.go.jp/exposition/e/s1/1873-2.html [depth: Summary (National Diet Library)],spec v3
F1.19-C19,F1.19,"Industry, the machine and the exhibition","Met 89.4.1236a–d, an o-daiko of about 1873 attributed to Kodenji Hayashi of Nagoya, was ""made by order of the Japanese government for the Vienna Exposition of 1873"".",documented,"Documented (object); probable (maker: ""attributed"")",https://www.metmuseum.org/art/collection/search/501802 [depth: Museum label],spec v3
F1.19-C20,F1.19,"Industry, the machine and the exhibition","Dutch firms used roller printing to imitate Javanese batik; the crackle was ""not acceptable to the Indonesian taste"", and after 1867 only the Haarlemsche Katoen Maatschappij kept on. The Scottish trader Ebenezer Brown Fleming took its prints to the Gold Coast, where women traders were central; his designs date from 1890–1912 (Elands, Fowler Museum, 2017). HKM was liquidated about 1917, and its archives are lost. Named patterns include ""You Fly, I Fly"" and ""Mama Benz"" (Archer).",documented,Documented (archive-based thesis); pattern names from one popular source,"Grosfilley, open-access chapter (Fleming, HKM liquidation): https://api.taylorfrancis.com/content/chapters/oa-edit/download?identifierName=doi&identifierValue=10.4324%2F9780429295607-6&type=chapterpdf ; https://www.ankersmit.info/master%20thesis%20W.Ankersmit%20Leiden%20Univ%20%20introduction%20of%20waxprint%20on%20the%20Gold%20Coast%202010.pdf (Ankersmit, 2010); https://hyperallergic.com/how-dutch-wax-fabrics-became-a-mainstay-of-african-fashion/ (Archer, 2016) [depth: Full text; review]",spec v3
F1.19a-C01,F1.19a,"War, crisis and making: rationing, military production, reconstruction, propaganda, displacement","The unit's framing: in war the state often becomes making's largest client, and war reorganises patron, material, message and home; no gain is reported without its cost.",interpretive,Interpretive,Our own argument [depth: n/a],spec v3
F1.19a-C02,F1.19a,"War, crisis and making: rationing, military production, reconstruction, propaganda, displacement","Rubruck heard of ""a certain master goldsmith, William by name, a native of Paris"", family name Buchier, at Caracorum. William made ""a great silver tree"" whose four silver lions were ""belching forth white milk of mares"".",documented,Documented,"https://archive.org/stream/journeyofwilliam00ruys/journeyofwilliam00ruys_djvu.txt (Rockhill 1900; TXT035) [depth: Full text (primary, read in excerpts)]",spec v3
F1.19a-C03,F1.19a,"War, crisis and making: rationing, military production, reconstruction, propaganda, displacement","Where Buchier was taken is not settled: Belgrade or Gyulafehérvár, in 1241 or 1242.",contested,Contested (both places given),https://en.wikipedia.org/wiki/Guillaume_Boucher [depth: Summary (encyclopedia)],spec v3
F1.19a-C04,F1.19a,"War, crisis and making: rationing, military production, reconstruction, propaganda, displacement","Rubruck describes Caracorum's Cathayan quarter as people ""all of whom are artisans"". Carpini met ""a certain Ruthenian called Cosmas, a goldsmith"", who made Güyük's throne and seal.",documented,Documented,Rockhill 1900 (as 2); https://depts.washington.edu/silkroad/texts/carpini.html [depth: Full text (excerpts)],spec v3
F1.19a-C05,F1.19a,"War, crisis and making: rationing, military production, reconstruction, propaganda, displacement","The Mongols moved three weaving communities from Central Asia and Persia to China for cloth of gold: 3,000 mostly weaving households to Xunmalin under Ögödei; 300 Central Asian weavers and goldsmiths with 300 Chinese weavers to Hongzhou; a third to Besh Baliq.",documented,Documented,"https://afe.easia.columbia.edu/mongols/history/history6_a.htm ; Rossabi in Watt and Wardwell, *When Silk Was Gold* (Met, 1997), p. 14: https://archive.org/stream/WhenSilkWasGoldCentralAsianChineseTextile/When_Silk_Was_Gold_Central_Asian_and_Chinese_Textiles_djvu.txt [depth: Summary; full text (catalogue essay)]",spec v3
F1.19a-C06,F1.19a,"War, crisis and making: rationing, military production, reconstruction, propaganda, displacement","Numbers of artisans spared at each conquered city differ by source; for Merv one modern history says ""some eighty craftsmen"". The unit states no count as fact.",contested,Contested (numbers),https://en.wikipedia.org/wiki/Siege_of_Merv_(1221) (citing Naimark 2017) [depth: Summary],spec v3
F1.19a-C07,F1.19a,"War, crisis and making: rationing, military production, reconstruction, propaganda, displacement","Cleveland's label: ""The Mongols created exceptionally sumptuous cloths of gold to symbolize their imperial authority and legitimacy."" It dates 1989.50 to 1225–75, Central Asia.",documented,Documented (museum's reading),https://clevelandart.org/art/1989.50 (via the open-access API) [depth: Museum label],spec v3
F1.19a-C08,F1.19a,"War, crisis and making: rationing, military production, reconstruction, propaganda, displacement","The Met reads its Yuan cloth of gold as ""an innovation from Central Asia"" that indicates a ""mass movement of weavers from the eastern Iranian world to China"".",probable,Probable (inferred from the weave),https://www.metmuseum.org/art/collection/search/64101 [depth: Museum label],spec v3
F1.19a-C09,F1.19a,"War, crisis and making: rationing, military production, reconstruction, propaganda, displacement","Clavijo's account, in Le Strange's 1928 translation, has a chapter headed ""Artisans and craftsmen brought from all conquered lands to settle in Samarqand"".",documented,Documented (heading only; chapter not read),https://archive.org/stream/dli.ernet.247701/247701-Clavijo_djvu.txt [depth: Contents page],spec v3
F1.19a-C10,F1.19a,"War, crisis and making: rationing, military production, reconstruction, propaganda, displacement","The Met says many Korean potters ""came to Japan"" during Hideyoshi's two invasions in the 1590s; the same essay says feudal lords ""brought back Korean potters"", and that Arita porcelain began in the early 1600s. Korean state-funded sources say the potters were taken by force: the Northeast Asian History Foundation writes of potters and scholars ""조선에서 끌고 간"" (dragged from Joseon). Our verb is ""taken""; the Met's ""came"" is quoted as the Met's (AR-083).",contested,Contested wording; our verb follows Korean sources (AR-083),"https://www.metmuseum.org/essays/edo-period-japanese-porcelain (Willmann, 2011) ; https://contents.nahf.or.kr/item/level.do?levelId=edkj.d_0003_0020_0030 (search extract) [depth: Full text (essay); summary]",spec v3
F1.19a-C11,F1.19a,"War, crisis and making: rationing, military production, reconstruction, propaganda, displacement","In 1917 Wilkinson proposed painting ships ""to break up her form"" and confuse a submarine officer about their course. His unit had 11 women art students as assistants; over 2,300 ships were painted by 1918. NARA holds over 300 hand-coloured British templates (NAID 566727).",documented,Documented,"https://daily.jstor.org/the-camouflage-that-dazzled (Meier, 2018); https://nmmc.co.uk/2022/04/dazzling-displays/ (Batchelor, 2022); https://unwritten-record.blogs.archives.gov/?p=17206 (Edwards, 2017) [depth: Articles; museum blog; archive blog]",spec v3
F1.19a-C12,F1.19a,"War, crisis and making: rationing, military production, reconstruction, propaganda, displacement","Whether dazzle worked: the 1918 Admiralty committee found no clear evidence that it confused a submarine officer; it also found crews were more confident, so painting could continue.",contested,Contested (both readings),Meier 2018 (quoting Behrens 1999); Batchelor 2022 [depth: Articles],spec v3
F1.19a-C13,F1.19a,"War, crisis and making: rationing, military production, reconstruction, propaganda, displacement","The US Navy's first order for the Eameses' moulded plywood leg splint was 5,000; more than 150,000 were made by the war's end, manufactured by Evans Products.",documented,Documented,"https://risdmuseum.org/issue-17-variance/files-eames-leg-splint (Banas, 2022) [depth: Museum essay]",spec v3
F1.19a-C14,F1.19a,"War, crisis and making: rationing, military production, reconstruction, propaganda, displacement","Utility furniture: designed for the Board of Trade from 1941; first catalogue 1943, about 30 pieces; each piece priced in units and stamped CC41; priority to people bombed out and young couples; the scheme ran to 1952.",documented,Documented (dates differ from canon OCC217: 1942),"https://museum.wales/blog/2168/Rationing-furniture-during-the-Second-World-War-/ (Williams, 2020) [depth: Museum blog]",spec v3
F1.19a-C15,F1.19a,"War, crisis and making: rationing, military production, reconstruction, propaganda, displacement","The Housing (Temporary Accommodation) Act 1944 allowed up to £150 million; 156,623 prefab bungalows were built 1945–49, meant to last no more than a decade.",documented,Documented,"https://heritagecalling.com/2022/08/04/a-brief-history-of-prefabs/ (Historic England, 2022) [depth: Blog (national heritage body)]",spec v3
F1.19a-C16,F1.19a,"War, crisis and making: rationing, military production, reconstruction, propaganda, displacement","In 1939 the Ministry of Information had three posters; ""Keep calm and carry on"" was printed and ""held in reserve for immediate posting"" after a severe air raid (INF 1/6).",documented,Documented,https://www.nationalarchives.gov.uk/education/resources/home-front-1939-1945-part-two/ministry-of-information-posters/ [depth: Primary document extract],spec v3
F1.19a-C17,F1.19a,"War, crisis and making: rationing, military production, reconstruction, propaganda, displacement","Satia argues that state demand shaped British gun-making: the state adjusted the gun's design and paid to train workers, and output rose from tens of thousands a year to millions by 1815. Firearms were ""a really important part"" of British trade on the West African coast, ""centered until 1807 on the slave trade"".",interpretive,Interpretive (one historian's thesis),"https://southasia.stanford.edu/news/how-british-gun-manufacturers-changed-industrial-world-lock-stock-and-barrel-lorraine (Smithsonian interview, 2018) [depth: Interview]",spec v3
F1.19a-C18,F1.19a,"War, crisis and making: rationing, military production, reconstruction, propaganda, displacement","The US Army slaughtered Diné sheep ""by the thousands""; more than 8,000 Diné walked over 300 miles to Fort Sumner and were held at Bosque Redondo four years, returning in 1868. Cleveland links the shift to rugs for collectors to trade networks broken by that imprisonment.",documented,Documented,"https://npshistory.com/publications/hutr/brochures/churro-sheep.pdf (NPS, Hubbell Trading Post); https://clevelandart.org/art/1937.903 [depth: Brochure; museum label]",spec v3
F1.19a-C19,F1.19a,"War, crisis and making: rationing, military production, reconstruction, propaganda, displacement","Hmong story cloths were developed in refugee camps, and men as well as women made them. Some Hmong informants and anthropologists say a relief worker suggested picture embroidery for sale; Cohen says relief groups did not ask for figurative designs.",contested,Contested (both readings),"https://www.hmongstudiesjournal.org/uploads/4/5/8/7/4587788/craighsj11.pdf (Craig, *Hmong Studies Journal* 11, 2010) [depth: Full text (article)]",spec v3
F1.19a-C20,F1.19a,"War, crisis and making: rationing, military production, reconstruction, propaganda, displacement","*The Art of Gaman* (SAAM, 2010–11) showed more than 120 objects made in the camps from scraps and found materials: furniture, tools, teapots, toys, instruments and pins.",documented,Documented,https://americanart.si.edu/exhibitions/gaman [depth: Exhibition page],spec v3
F1.19b-C01,F1.19b,"The designer: how making split into designing, and how it was taught","The unit's framing: designing split from making when workshops and then schools taught some people to draw what others made; each school taught a method and a rank, and learners inherit both.",interpretive,Interpretive,Our own argument [depth: n/a],spec v3
F1.19b-C02,F1.19b,"The designer: how making split into designing, and how it was taught","The Kano school relied on ""family ties, apprenticeships, and copybooks"". Its model books (funpon) reproduced paintings ""faithfully or in rough sketches in smaller size"" and were ""zealously guarded"". Tan'yū's 1666 sketch of Mi Fu may be a record copy (shukuzu) or ""preliminary drawings for paintings"".",documented,"Documented (workshop); contested (the sketch's purpose, both readings on the label)","https://www.metmuseum.org/essays/the-kano-school-of-painting (Met, 2003); https://bodiesandstructures.org/bodies-and-structures-2/model-works.56 (quoting Lippit); https://www.metmuseum.org/art/collection/search/44297 [depth: Essay; summary quoting Lippit; label]",spec v3
F1.19b-C03,F1.19b,"The designer: how making split into designing, and how it was taught","Shen Xinyu and Li Yu printed the *Mustard Seed Garden Manual* in 1679; Wang Gai illustrated it by adapting an earlier primer. It gave painters without a collection ""a glimpse into the elite training available to painters of privilege"". Reprinted in colour in Japan in 1748; Japanese artists ""copied actual compositions from it"".",documented,Documented,https://www.metmuseum.org/art/collection/search/63185 ; https://blogs.soas.ac.uk/archives/2020/06/01/kaishien-gaden-or-the-mustard-seed-garden-manual-of-painting/ [depth: Label; library blog],spec v3
F1.19b-C04,F1.19b,"The designer: how making split into designing, and how it was taught","Calligraphy practice pages (siyah mashq) were ""intended to strengthen a calligrapher's hand and instill discipline through the repetition of letters""; after the 16th century they became an art form in their own right.",documented,Documented,https://www.metmuseum.org/art/collection/search/716307 [depth: Label],spec v3
F1.19b-C05,F1.19b,"The designer: how making split into designing, and how it was taught","Ruskin (1853): ""It is not, truly speaking, the labor that is divided; but the men"" (chapter VI, §XVI, as Gutenberg 30755 spells it).",documented,"Documented (primary text, TXT027)","https://www.gutenberg.org/cache/epub/30755/pg30755.txt (checked 3 Oct 2026); http://technical-english.wikidot.com/text-17 (transcription, spells ""labour"") [depth: Full text]",spec v3
F1.19b-C06,F1.19b,"The designer: how making split into designing, and how it was taught","The Government School of Design opened in 1837 at Somerset House, after a Commons committee of 1835. It taught the figure ""as applied to Ornament"" for manufactures; a separate female school is listed in 1848. In 1865 the J.J. School in Bombay (founded 1857) hired Lockwood Kipling and John Griffiths from South Kensington.",documented,Documented,https://www.rca.ac.uk/more/history/ ; https://sculpture.gla.ac.uk/mapping/public/view/organization.php?id=msib4_1267714397 ; https://dagworld.com/the-school-and-the-city-the-j-j-school-of-art-in-bombay.html [depth: Summary; database entry; gallery article (2024)],spec v3
F1.19b-C07,F1.19b,"The designer: how making split into designing, and how it was taught","The Met's vase was made ""by the Bombay School of Art in an effort to preserve Indian craft"", with motifs from the Ajanta murals and a shape showing ""British neoclassical taste"". It ""may have been produced"" for the London Colonial and Indian Exhibition of 1886.",documented,Documented (making); probable (exhibition),https://www.metmuseum.org/art/collection/search/839471 [depth: Label],spec v3
F1.19b-C08,F1.19b,"The designer: how making split into designing, and how it was taught","The Mayo School of Industrial Art opened in Lahore in 1875 with Kipling as first principal, ""to document the arts and crafts of the Punjab"" and train craftsmen for ""craft production"". It became the National College of Arts in 1956–58.",documented,Documented,https://m.nca.edu.pk/introduction.php [depth: Institutional history page],spec v3
F1.19b-C09,F1.19b,"The designer: how making split into designing, and how it was taught","Two readings of the colonial school. Preservation: the Met and NCA describe schools set up to preserve and document craft. Division: a 2025 essay argues the system ""divided mind from hand, theory from skill"".",contested,Contested (both readings),Met 839471; NCA (claim 8); https://thefridaytimes.com/06-Nov-2025/nca-150-colonial-legacies-artistic-identity-future-art-education [depth: Label; institutional page; opinion essay],spec v3
F1.19b-C10,F1.19b,"The designer: how making split into designing, and how it was taught","Ram Singh trained as a carpenter, became Vice-Principal of the Mayo School, and was commissioned ""to design the decoration"" of the Durbar Room (RCT). English Heritage's Google Arts & Culture story says the room ""was designed by John Lockwood Kipling"", with moulds made under Ram Singh's supervision; English Heritage's own Osborne page says it was ""Designed by … Lockwood Kipling, and master carver Bhai Ram Singh"".",contested,"Contested (credit; English Heritage gives both wordings, fact-check 3 Oct 2026)",https://www.rct.uk/collection/403750/bhai-ram-singh ; https://artsandculture.google.com/story/empress-of-india-the-durbar-room-english-heritage/nAWh8uM3CkhkIQ?hl=en ; https://www.english-heritage.org.uk/visit/places/osborne/things-to-do/state-rooms [depth: Collection record; museum story; site page],spec v3
F1.19b-C11,F1.19b,"The designer: how making split into designing, and how it was taught","Gropius founded the Bauhaus in Weimar in 1919; it moved to Dessau in 1925 and Berlin in 1932; its dissolution was announced on 10 August 1933. Each workshop had a Werkmeister for craft and a Formmeister for form. Klee taught from May 1921 and led the bookbinding, metal and stained-glass workshops.",documented,Documented,https://bauhauskooperation.de/wissen/das-bauhaus/auf-einen-blick ; https://bauhauskooperation.de/wissen/das-bauhaus/koepfe/biografien/biografie-detail/person-624 ; https://clevelandart.org/art/1961.154 [depth: Summary pages (German); label],spec v3
F1.19b-C12,F1.19b,"The designer: how making split into designing, and how it was taught","Gropius's manifesto (April 1919): ""Architekten, Bildhauer, Maler, wir alle müssen zum Handwerk zurück!"" Quote by jurisdiction: one short line, in German with our own gloss, linked to the source; the text is in EU copyright to the end of 2039 (TXT032).",documented,Documented,https://www.goethe.de/prj/hum/de/dos/bau/21394277.html [depth: Full text (article)],spec v3
F1.19b-C13,F1.19b,"The designer: how making split into designing, and how it was taught","The 1919 programme admitted students regardless of age and sex; in summer 1919, 84 women and 79 men enrolled. Gropius soon asked for sharp selection of women, who were steered into weaving. Link F1.18.",documented,Documented,"https://www.goethe.de/ins/ro/de/kul/sup/bau/21385384.html (Enzensberger, 2018) [depth: Full text (essay)]",spec v3
F1.19b-C14,F1.19b,"The designer: how making split into designing, and how it was taught","Lenin's government founded Vkhutemas, by decree of 29 November 1920 (Getty ULAN), as ""a merger of a fine arts college and a crafts school"". It offered free education, admitted students ""regardless of their artistic talent or academic standing"", and had five production departments. It was restructured as Vkhutein in 1926–28.",documented,Documented,"https://www.walkerart.org/reader/institutionalizing-the-avant-garde-vkhutemas-1920-1930/ (Bokov, 2017) ; https://www.getty.edu/vow/ULANFullDisplay?find=&role=&nation=Indian&page=1&subjectid=500114223 (decree date) [depth: Full text (essay); authority record]",spec v3
F1.19b-C15,F1.19b,"The designer: how making split into designing, and how it was taught","Inge Scholl, Otl Aicher and Max Bill founded the HfG Ulm in 1953; it taught from 1955 to 1968 and was a model for schools in India and Brazil. ESDI in Rio was created by decree 1.443 of 25 December 1962 on the HfG Ulm model.",documented,Documented,https://hfg-archiv.museumulm.de/en/the-hfg-archive/ ; https://www.esdi.uerj.br/historia [depth: Archive page; institutional page (Portuguese)],spec v3
F1.19b-C16,F1.19b,"The designer: how making split into designing, and how it was taught","The Government of India asked the Ford Foundation to invite Charles and Ray Eames; their India Report is dated 7 April 1958. NID was established in 1961, as the National Institute of Industrial Design; Gira and Gautam Sarabhai were central to it, with ""learning by doing"".",documented,Documented,https://www.nid.edu/about/history-of-nid [depth: Institutional page],spec v3
F1.19b-C17,F1.19b,"The designer: how making split into designing, and how it was taught","Kala Bhavana was founded at Santiniketan in 1919; Nandalal Bose became principal in 1923. Its teachers took up ""Santhal studies"", nature study and local landscape.",documented,Documented (magazine),"https://www.readersdigest.in/culturescape/story-100-years-of-kala-bhavana-124816 (Ukil, 2019) [depth: Magazine article]",spec v3
F1.19b-C18,F1.19b,"The designer: how making split into designing, and how it was taught","The Egyptian School of Fine Arts opened on 13 May 1908 (REM; the Fine Arts faculty's own history gives 12 May), with drawing at its core. Prince Youssef Kamal paid for it; it was free, came under the Ministry of Education in 1910, and trained Mahmoud Mokhtar.",documented,Documented,https://www.rem.routledge.com/articles/the-egyptian-school-of-fine-arts (Davies); https://www.madamasr.com/en/2015/06/19/feature/culture/the-lost-art-of-patronage-5-remarkable-egyptian-art-patrons/ (Kanafani); https://finearts.capu.edu.eg/en/about-en/history-of-the-faculty [depth: Abstract (paywalled); feature article; institutional page],spec v3
F1.19b-C19,F1.19b,"The designer: how making split into designing, and how it was taught","The Kumasi art school began as an art department at Achimota between the wars, after a ""Hand and Eye Work"" curriculum introduced around 1909. It moved to the Kumasi College of Technology (1952), which became KNUST in 1961.",documented,Documented (interview),"https://contemporaryand.com/magazines/past-present-and-future-about-art-in-kumasi/ (C&, 2017) [depth: Interview]",spec v3
F1.19b-C20,F1.19b,"The designer: how making split into designing, and how it was taught","The Academy of San Carlos in Mexico City, led by the engraver Jerónimo Antonio Gil, is ""the earliest art academy in the Americas""; students drew from plaster casts. Its three dates are three acts: a provisional school from 1781, a royal cédula in 1783, and the inauguration of classes on 4 November 1785.",documented,Documented (dates by act; fact-check 3 Oct 2026),"https://smarthistory.org/the-academy-of-san-carlos/ ; http://galeriasancarlos.unam.mx/galerias/historia-academia.php (1783, 1785) [depth: Essay (no byline shown); institutional page]",spec v3
F1.20-C01,F1.20,"Modernisms, plural","The unit's framing: modernism was many movements made in many centres, each choosing a past and a refusal; this can be taught without ranking them.",interpretive,Interpretive,Our own argument [depth: n/a],spec v3
F1.20-C02,F1.20,"Modernisms, plural","Pevsner's *Pioneers of the Modern Movement from William Morris to Walter Gropius* (London: Faber, 1936) called Morris ""the father of the Modern Movement"" and closed: ""So our circle is complete."" MoMA's 1949 edition retitled it *Pioneers of Modern Design*.",documented,Documented,"https://archive.org/details/pioneersofmodern0000pevs_s8e4 ; http://problemata.org/en/articles/605 (Sunwoo, *Getty Research Journal* 2, 2010) [depth: Catalogue record; article]",spec v3
F1.20-C03,F1.20,"Modernisms, plural","UNESCO (2016) says the Capitol Complex at Chandigarh ""symbolized India's accession to modernity"" and that Le Corbusier's influence reached ""four continents"".",documented,Documented (as UNESCO's framing),https://whc.unesco.org/en/list/1321/ [depth: Summary (listing)],spec v3
F1.20-C04,F1.20,"Modernisms, plural","Stalin, 18 May 1925: ""Proletarian in content, national in form—such is the universal culture towards which socialism is proceeding.""",documented,Documented,https://www.marxists.org/reference/archive/stalin/works/1925/05/18.htm [depth: Full text (translation)],spec v3
F1.20-C05,F1.20,"Modernisms, plural","On 23 April 1932 the Central Committee liquidated the proletarian writers' associations and ordered ""an analogous change in policy for other forms of art"".",documented,Documented,https://soviethistory.msu.edu/1929/proletarian-writers/proletarian-writers-texts/on-restructuring-literary-artistic-organizations/ [depth: Full text (translation)],spec v3
F1.20-C06,F1.20,"Modernisms, plural","Tashkent's Navoi Theatre, by Alexey Shchusev, opened in 1947. Soviet Koreans worked on it from 1943; Japanese prisoners of war ""assisted"" in the final phase.",documented,Documented,https://kun.uz/en/20430948 [depth: News feature],spec v3
F1.20-C07,F1.20,"Modernisms, plural",Uzbekistan's heritage list names Usto Shirin Muradov as a leading ganch carver of the Navoi Theatre's decoration.,documented,Documented (single source),http://ich.uz/en/ich-of-uzbekistan/national-list/domain-5/441-ganchkorlik [depth: Summary (national list entry)],spec v3
F1.20-C08,F1.20,"Modernisms, plural","Resolution No. 1871 of 4 November 1955 condemned ""errors"" in architecture and required ""the most economical standard designs"" and industrial methods.",documented,Documented,https://base.garant.ru/6547061/ [depth: Full text (Russian)],spec v3
F1.20-C09,F1.20,"Modernisms, plural","The earthquake of 26 April 1966 led to Tashkent's rebuilding; ten buildings of the 1960s to early 1990s were inscribed by UNESCO in 2026 for adapting ""standardised systems to regional materials, traditions"".",documented,Documented,https://whc.unesco.org/en/list/1766/ ; https://architektura-urbanizmus.sk/2026/02/11/catastrophe-as-catalyst-preserving-tashkents-postwar-modernism/ ; https://www.gazeta.uz/en/2026/07/26/tashkent-modernism-unesco/ [depth: Summary (listing); review; news],spec v3
F1.20-C10,F1.20,"Modernisms, plural","The Peoples' Friendship Palace (1981; Yevgeny Rozanov, Elena Sukhanova) has a façade of ""panjara screens reimagined in concrete and stone""; the former Lenin Museum's prefabricated panels ""echo Islamic motifs"".",documented,Documented (single summary source),https://www.archdaily.com/1038318/soviet-architecture-of-tashkent-ten-key-buildings-of-hybrid-modernism [depth: Summary article],spec v3
F1.20-C11,F1.20,"Modernisms, plural",On 25 March 2024 Uzbekistan's government listed about 157 mosaic panels as monumental art. Not all mosaics are covered; a panel by Arnold Gan was dismantled in September 2023.,documented,Documented,https://www.gazeta.uz/en/2024/03/26/mosaic/ [depth: News],spec v3
F1.20-C12,F1.20,"Modernisms, plural","In Almaty ""dozens of works of monumental art were produced at the Oner Art Combine by brigades of craftsmen"". The mosaic *Qyz Zhibek* (1971, Wedding Palace) is by Nikolai Tsivchinsky and Moldakhmet Kenbaev. Landmark protection is weak.",documented,"Documented (single source, interview)","https://www.new-east-archive.org/features/show/11093/almaty-monumental-art-dennis-keen (Calvert Journal, 2019) [depth: Interview]",spec v3
F1.20-C13,F1.20,"Modernisms, plural","The Non-Aligned Movement was founded at Belgrade, 1–6 September 1961; founders included Ghana, India, Morocco, Cuba and Yugoslavia. MoMA calls Yugoslav architecture ""both in line with and distinct from"" design elsewhere.",documented,Documented,https://nam.go.ug/history ; https://www.moma.org/calendar/exhibitions/3931 [depth: Summary; exhibition page],spec v3
F1.20-C14,F1.20,"Modernisms, plural","Two readings of tropical modernism. Fry and Drew built for ""comfort, mainly to British administrators"" against anti-colonial struggle. Nkrumah ""reappropriated"" it as a symbol; Owusu-Addo returned to teach at KNUST.",contested,Contested (both readings),"https://www.vam.ac.uk/articles/about-the-tropical-modernism-exhibition (V&A, 2024) [depth: Exhibition essay]",spec v3
F1.20-C15,F1.20,"Modernisms, plural",Nehru recruited Fry and Drew in 1950 for Chandigarh. The Met's label credits the furniture to Pierre Jeanneret; The Conversation names Eulie Chowdhury as co-designer of a chair. Siegel's *Provenance* traces the pieces from offices to auction.,documented,Documented; maker credit contested,V&A (claim 14); https://theconversation.com/tropical-modernism-architecture-and-independence-at-vanda-reintroduces-indian-and-ghanaian-pioneers-of-the-style-224556 ; https://www.metmuseum.org/art/collection/search/629168 [depth: Essay; article; museum label],spec v3
F1.20-C16,F1.20,"Modernisms, plural","Senegal set up a national tapestry works at Thiès in 1966; opening it on 4 December 1966, Senghor called for ""un art nouveau pour une nation nouvelle"". Four weavers trained in France: Mamadou Wade, Mar Fall, Doudou Diagne, Alioune Badara Diakhaté.",documented,Documented,"https://www.culture.gouv.sn/index.php/manufacture-senegalaise-des-arts-decoratifs-depuis-1966/ ; https://mjsc.gouv.sn/manufacture-senegalaise-des-arts-decoratifs-depuis-1966 (Thiès, date) [depth: Summary (ministry pages)]",spec v3
F1.20-C17,F1.20,"Modernisms, plural","Brasília was built 1956–1960 to plans by Lúcio Costa and Oscar Niemeyer, under Kubitschek; UNESCO inscribed it in 1987.",documented,Documented,https://whc.unesco.org/en/list/445/ [depth: Summary (listing)],spec v3
F1.20-C18,F1.20,"Modernisms, plural","Yanagi, Kawai Kanjirō and Hamada Shōji coined ""mingei"" in 1925; the Japan Folk Crafts Museum opened in 1936. Yanagi remounted Met 1975.268.147; Hamada made its knobs.",documented,Documented,https://mingeikan.or.jp/about/history/?lang=en ; https://www.metmuseum.org/art/collection/search/36115 [depth: Summary; museum label],spec v3
F1.20-C19,F1.20,"Modernisms, plural","Two readings of Mingei. Brandt: ""shaped by imperialism and colonialism"". Kikuchi: Yanagi defended the Gwanghwamun gate (1922) and opened a Korean folk art museum in Seoul (1924), yet did not question colonial rule. Ch'oe Harim (1974) called it ""aesthetics of colonialism"".",contested,Contested (both readings),"https://www.dukeupress.edu/kingdom-of-beauty ; https://ualresearchonline.arts.ac.uk/id/eprint/11777/1/Kikuchi-Yanagi%20Soetsu%20and%20Korean%20crafts%20within%20the%20Mingei%20movement.pdf (Yuko Kikuchi, *BAKS* 5, 1994, pp. 23–38) [depth: Publisher summary; full text (article, 1994)]",spec v3
F1.20-C20,F1.20,"Modernisms, plural","Three reach-backs. Zaria's Natural Synthesis (late 1950s) drew on uli, an Igbo women's painting practice; Okeke learned it from his mother. Tate places the Casablanca School in the ""rebirth that followed Morocco's independence"". Antropofagia (1928) proposed a ""symbolic digestion of external influences"" (MoMA).",documented,Documented,https://smarthistory.org/uche-okeke/ (Lathrop); https://www.tate.org.uk/whats-on/tate-st-ives/casablanca-art-school ; https://www.moma.org/calendar/exhibitions/3871 [depth: Essay; exhibition pages],spec v3
F1.21-C01,F1.21,"Consumer society, the digital and the platform",Mitsui Takatoshi opened the Echigoya drapery in Edo in 1673. In 1683 it moved to Surugachō and sold for cash at fixed prices (*genkin kakene nashi*). Kiyonaga (about 1789) and Hokusai (about 1830–32) printed the shop.,documented,documented,https://www.imhds.co.jp/corporate/business/department/history/history-mitsukoshi.html (company history) ; https://mitsui-bunko.or.jp/archives/eng_story04/ ; https://the-shashi.com/en/tse/8231/ ; records in section 5 [depth: company history; summaries; full records],spec v3
F1.21-C02,F1.21,"Consumer society, the digital and the platform","Mitsukoshi Gofukuten was incorporated in 1904 and issued a ""Department Store Declaration"" the same month, after display selling (1895) and the end of seated selling (1900).",documented,documented (company history),https://www.imhds.co.jp/corporate/business/department/history/history-mitsukoshi.html ; https://the-shashi.com/en/tse/8231/ [depth: company history; summary],spec v3
F1.21-C03,F1.21,"Consumer society, the digital and the platform","Paul and Justin Videau founded Au Bon Marché in Paris in 1838. Aristide Boucicaut joined in 1852 and brought in fixed prices, exchanges and refunds. Staff reached 1,888 by 1879. Marguerite Boucicaut ran it after his death.",documented,"documented (1,888 staff and Marguerite's role still from Wikipedia)",https://fashionheritage.eu/le-bon-marche ; https://www.lvmh.com/en/our-maisons/selective-retailing/le-bon-marche-rive-gauche ; https://en.wikipedia.org/wiki/Le_Bon_March%C3%A9 [depth: summaries],spec v3
F1.21-C04,F1.21,"Consumer society, the digital and the platform","Which store was the earliest department store is contested. **Reading A:** Le Bon Marché after 1852 was ""one of the first modern department stores"". **Reading B:** cash selling at fixed prices ran at the Echigoya from 1683; the Mitsui archive says there were ""no examples even in foreign countries"". The unit asks what ""department store"" is taken to mean.",contested,contested — both readings,as 1 and 3 [depth: summary],spec v3
F1.21-C05,F1.21,"Consumer society, the digital and the platform","Worth worked at Gagelin, then opened his own firm with a partner in 1858; his designs were shown on live models.",documented,documented,"https://www.metmuseum.org/essays/charles-frederick-worth-1825-1895-and-the-house-of-worth (Jessa Krick, 2004) [depth: full text]",spec v3
F1.21-C06,F1.21,"Consumer society, the digital and the platform","Worth sewed his name into his garments, often called the earliest designer label. By the late 1880s the house held twice-yearly collections; staff grew from about 50 to over 1,200.",probable,"probable (""earliest"" to check)",https://en.wikipedia.org/wiki/Charles_Frederick_Worth [depth: summary],spec v3
F1.21-C07,F1.21,"Consumer society, the digital and the platform","The Paris trade body was founded in 1868 and became the Chambre Syndicale de la Couture Parisienne on 14 December 1910. ""Haute Couture"" became a legally registered designation on 23 January 1945.",documented,documented,https://www.fhcm.paris/en/our-history [depth: summary (the body's own)],spec v3
F1.21-C08,F1.21,"Consumer society, the digital and the platform","""Uncle Josh Weathersby in a department store"" (label variant ""Uncle Josh in a department store""), written and spoken by Cal Stewart, recorded 22 May 1903 (Philadelphia, place unconfirmed), 10-in. Victor 665, pre-matrix B-665, take M-7. The same number also covers 7-in. takes of 1901 and 1903 and an 8-in. remake of 1906, so cite matrix and take. US recordings published before 1923 entered the public domain on 1 January 2022.",documented,documented,https://adp.library.ucsb.edu/index.php/matrix/detail/2000000228/Pre-matrix_B-665-Uncle_Josh_Weathersby_in_a_department_store (DAHR); https://www.loc.gov/item/jukebox-2316/?fo=json [depth: discography; catalogue record],spec v3
F1.21-C09,F1.21,"Consumer society, the digital and the platform","In the printed monologue, Josh asks for muslin and calico, is insulted by a floor worker, and chases his change through the cash carrier.",documented,documented (print); recording not yet heard,https://www.gutenberg.org/cache/epub/970/pg970.txt [depth: full text],spec v3
F1.21-C10,F1.21,"Consumer society, the digital and the platform","Kalighat pictures were sold as pilgrimage and tourist souvenirs from at least the 1830s to the 1930s, made ""cheaply, quickly, and in vast numbers"". A master pencilled the form; family members inked it. Buyers included villagers, Marwari merchants, English officials and missionaries.",documented,documented,"https://www.penn.museum/sites/expedition/kalighat-paintings-from-nineteenth-century-calcutta-in-maxwell-sommervilles-ethnological-east-indian-collection/ (Pika Ghosh, 2000) [depth: full text]",spec v3
F1.21-C11,F1.21,"Consumer society, the digital and the platform","Words on kanga began in the early 1900s, in Swahili in Arabic script, later in Roman letters. The practice is credited to Kaderdina Hajee ""Abdulla"" Essak of Mombasa, at his wife's suggestion. Where the earliest machine-printed kanga was made (Germany, England or India) is uncertain.",probable,probable (family and trade accounts),"https://www.aramcoworld.com/articles/2017/kangas-woven-voices (Lichtenstein, 2017) [depth: full text]",spec v3
F1.21-C12,F1.21,"Consumer society, the digital and the platform","A Linotype went into commercial use at the *New York Tribune* in July 1886 (first used on 3 July), the earliest known installation. It cast whole lines from molten metal. Photo and digital setting largely replaced it in the 1970s–80s.",documented,documented,https://www.printmuseum.org/1895-linotype (International Printing Museum) ; https://www.historyofinformation.com/detail.php?id=3009 ; https://en.wikipedia.org/wiki/Linotype_machine (later replacement) [depth: summaries],spec v3
F1.21-C13,F1.21,"Consumer society, the digital and the platform","In 1954 Kamel Mrowa, founder of *Al-Hayat* in Beirut, approached Linotype & Machinery Ltd. Simplified Arabic cut the character count so Arabic fitted one 90-channel magazine. Compugraphic later copied it.",documented,documented (summary citing Nemeth 2017),https://en.wikipedia.org/wiki/Simplified_Arabic [depth: summary],spec v3
F1.21-C14,F1.21,"Consumer society, the digital and the platform","China set up the ""748 Project"" in August 1974. Wang Xuan stored characters as outlines and parametric strokes; Chen Kunqiu designed and built the large-scale software. A book printed in 1980 marked the move from ""lead and fire"" to ""light and electricity""; the *Economic Daily* dropped lead type in 1988.",documented,documented (university source),https://newsen.pku.edu.cn/news_events/news/people/8889.html (2019) [depth: full text],spec v3
F1.21-C15,F1.21,"Consumer society, the digital and the platform","Fiona Ross and Tim Holloway designed Linotype Bengali, 1978–82, for newspaper composition. Ross says early fonts were ""hampered by hot-metal technology"".",documented,documented (dates probable),https://www.reading.ac.uk/typography/research/research-stories/fiona-ross ; https://fontsinuse.com/typefaces/126365/linotype-bengali [depth: summaries],spec v3
F1.21-C16,F1.21,"Consumer society, the digital and the platform","Unicode 1.0.0 appeared in October 1991, 1.0.1 in June 1992, 18.0.0 on 16 September 2026. Han unification gives Chinese, Japanese, Korean and Vietnamese Han characters shared code points, decided by experts from those countries. **Reading A:** one code per shared character; fonts show local forms. **Reading B:** critics, especially in Japan, say forms that matter were merged and plain text loses them.",documented,documented (dates); contested — both readings,https://www.unicode.org/history/publicationdates.html ; https://en.wikipedia.org/wiki/Han_unification [depth: full table; summary],spec v3
F1.21-C17,F1.21,"Consumer society, the digital and the platform","In October 2013 Etsy let sellers hire staff, outsource shipping and use manufacturers, if they showed ""authorship of the idea"" and ""transparency on who and what is helping create the item"". Solo sellers protested.",documented,documented,https://techcrunch.com/2013/10/01/facing-backlash-from-solo-sellers-etsy-changes-policies-to-allow-for-additional-staff-and-manufacturing-support-outsourced-shipping-and-more/ [depth: full text],spec v3
F1.21-C18,F1.21,"Consumer society, the digital and the platform","A ""Taobao village"" has at least 100 active online shops and 10 million yuan of yearly sales. There were 20 in 2013 and 4,310 in 2019. Furniture sellers in Dongfeng village, Jiangsu, drove a delivery trade.",documented,documented,https://www.worldbank.org/en/results/2019/11/22/stimulating-jobs-growth-entrepreneurship-income-in-rural-china-through-e-commerce [depth: full text],spec v3
F1.21-C19,F1.21,"Consumer society, the digital and the platform","Training models on makers' work. **Reading 1:** highly transformative uses weigh toward fair use; a UK court held (4 November 2025) that model weights are not an ""infringing copy"". **Reading 2:** training to make competing expressive content is ""less likely to be deemed fair"", and pirated sources weigh against it (US Copyright Office, May 2025, pre-publication). The UK court did not decide training, which happened abroad; Getty was granted permission to appeal in January 2026. **Unit framing:** each new counter (shop, label, type machine, standard, platform) resets the terms between maker and buyer, and the consumer was made in many places. This framing is interpretive.",contested,contested — both readings; framing interpretive,https://www.jonesday.com/en/insights/2025/05/us-copyright-office-issues-guidance-on-generative-ai-training ; https://www.mayerbrown.com/en/insights/publications/2025/11/getty-images-v-stability-ai-what-the-high-courts-decision-means-for-rights-holders-and-ai-developers [depth: law-firm summaries],spec v3
F1.22-C01,F1.22,The planetary present: making as extraction,"The unit's framing: extraction is measured by stock, labour, distance and waste, and substitution moves weight rather than removing it.",interpretive,Interpretive,Our own argument [depth: n/a],spec v3
F1.22-C02,F1.22,The planetary present: making as extraction,"Congo (Kinshasa) mined 226,000 of the world's 302,000 tonnes of cobalt in 2024, ""an estimated 73% of world total""; in 2025 it temporarily banned cobalt exports.",documented,Documented,"https://pubs.usgs.gov/periodicals/mcs2026/mcs2026-cobalt.pdf (USGS, February 2026) [depth: Full text (2-page summary)]",spec v3
F1.22-C03,F1.22,The planetary present: making as extraction,"Amnesty and Afrewatch (January 2016) cited a UNICEF estimate that in 2014 about 40,000 children worked in all the mines across southern Congo, many in cobalt; some were aged seven. Later counts measure different things: the US Department of Labor (*2022 Findings*) gives 5,000–35,000 children in artisanal cobalt mining and says the exact number is unknown; the ILO (20 November 2024) reported over 6,200 children registered in mining in Haut-Katanga and Lualaba. Amnesty traced cobalt from artisanal miners through traders to Congo Dongfang Mining (Huayou Cobalt), then to battery-component makers.",documented,Documented (each figure as its source dates and defines it; none is a census),https://www.amnesty.org/en/srv/htdocs/wp-content/uploads/2021/05/AFR6231832016ENGLISH.pdf (AFR 62/3183/2016) ; https://www.ecoi.net/en/document/2098480.html (USDOL) ; https://www.ilo.org/resource/news/ilo-launches-galab-project-democratic-republic-congo-address-child-labour (ILO) [depth: Full report; government report; press release],spec v3
F1.22-C04,F1.22,The planetary present: making as extraction,"Under Leopold II (1885–1908), rubber and ivory exploitation ""was accompanied by excessive violence"". The death toll is uncertain: the museum gives a population deficit of ""hundreds of thousands"" and says recent estimates ""may even be several million"". Give both.",contested,Contested (numbers),"https://www.africamuseum.be/en/about_us/viewpoints (AfricaMuseum, undated) [depth: Summary (museum statement)]",spec v3
F1.22-C05,F1.22,The planetary present: making as extraction,"A sentry told Casement he was holding eleven women ""to compel their husbands to bring in the right amount of rubber"".",documented,Documented (primary),"https://web.viu.ca/davies/H479B.Imperialism.Nationalism/Br.report.Congo.atrocities.1904.htm (Casement Report, Cd. 1933, 1904) [depth: Extracts (teaching transcription)]",spec v3
F1.22-C06,F1.22,The planetary present: making as extraction,"Two readings of how red rubber ended. Reform: English and Belgian campaigners. Depletion: in the Abir concession the system had broken down by 1906 because the rubber was exhausted, before the European debate took hold (Harms).",contested,Contested (both readings),"https://www.cambridge.org/core/journals/journal-of-african-history/article/abs/end-of-red-rubber-a-reassessment1/FD6F01D4842CE513F9F496319FAA2AB9 (Harms, 1975) [depth: Abstract]",spec v3
F1.22-C07,F1.22,The planetary present: making as extraction,"Peru exported guano commercially from 1840, mainly from the Chincha Islands. It was dug and loaded by enslaved people, later by local Indigenous workers (the source's ""local Indians""), convicts and thousands of indentured workers, mostly from south China.",documented,Documented,"https://heritage.lrfoundation.org.uk/stories/guano-the-perilous-cargo-of-flammable-and-noxious-fertiliser (R. and L. Adkins, undated) [depth: Full text (article)]",spec v3
F1.22-C08,F1.22,The planetary present: making as extraction,"Between 1849 and 1874 nearly 100,000 Chinese men were brought to Peru, many ""kidnapped or lured"". They worked guano fields, railways and plantations, 14 to 16 hours a day. New arrivals ended in 1874.",documented,Documented,"https://www.encyclopedia.com/humanities/encyclopedias-almanacs-transcripts-and-maps/chinese-labor-peru (Peloso, *Encyclopedia of Latin American History and Culture*) [depth: Summary (encyclopedia entry)]",spec v3
F1.22-C09,F1.22,The planetary present: making as extraction,"Humberstone and Santa Laura processed ""the largest deposit of saltpeter in the world"" from 1880. Over 200 works stood in the region; workers came from Chile, Peru and Bolivia; the product was sodium nitrate fertiliser. Inscribed 2005; in Danger 2005–2019.",documented,Documented,https://whc.unesco.org/en/list/1178/ [depth: Summary (UNESCO listing)],spec v3
F1.22-C10,F1.22,The planetary present: making as extraction,"In the 16th century Potosí was ""regarded as the world's largest industrial complex"". Its mita was ""mandatory labour""; UNESCO gives about 13,500 Indigenous workers forced into the mines by the 17th century. In Danger since 2014.",documented,Documented,https://whc.unesco.org/en/list/420/ [depth: Summary (UNESCO listing)],spec v3
F1.22-C11,F1.22,The planetary present: making as extraction,"Bengal's indigo revolt ran from March 1859 into 1860. Planters had tied ryots by advances and contracts to grow indigo on their best land, often into debt. The commission's August 1860 report said ryots could not be forced; Dinabandhu Mitra's play *Nil Darpan* (1860) spread the case.",documented,Documented,https://www.britannica.com/topic/Indigo-Revolt [depth: Summary (encyclopedia)],spec v3
F1.22-C12,F1.22,The planetary present: making as extraction,Synthetic indigo was launched in 1897 by BASF and Hoechst; planters and the colonial state funded science to compete. BASF says the synthesis took 17 years and 18 million gold marks.,documented,Documented,"https://www.cambridge.org/core/journals/british-journal-for-the-history-of-science/article/plantation-science-improving-natural-indigo-in-colonial-india-18601913/428C51DDE5FDB86C4841FEAE9CBDD648 (Kumar, 2007); https://www.basf.com/global/en/who-we-are/history/chronology/1865-1901/1897 [depth: Abstract; company history page]",spec v3
F1.22-C13,F1.22,The planetary present: making as extraction,"""In the 1880s American-type cotton was introduced"" in Russian Central Asia.",documented,Documented,"https://www.iranicaonline.org/articles/central-asia-xii/ (Matley, 1990) [depth: Full text (encyclopedia article)]",spec v3
F1.22-C14,F1.22,The planetary present: making as extraction,"Cleveland 2016.89 is silk embroidery on six strips of plain-weave cotton, 1800–1850, ""probably embroidered in Shakhrisyabz"". The museum says such textiles ""were essential items in dowries"" and dates the type after ""sericulture was introduced in the Merv area around 1800"".",probable,"Probable (place and date, as the museum hedges them)","https://openaccess-api.clevelandart.org/api/artworks/2016.89 (API record, checked 3 Oct 2026) [depth: Museum label]",spec v3
F1.22-C15,F1.22,The planetary present: making as extraction,In the 1960s the Soviet Union diverted the Aral Sea's two rivers for cotton and other crops. The sea had been the world's fourth largest lake; by 2014 the South Aral's eastern lobe was gone. Fisheries collapsed; chemical-laden dust became a health hazard.,documented,Documented,"https://science.nasa.gov/earth/earth-observatory/world-of-change/aral-sea/ (NASA, 2009, updated 5 March 2026) [depth: Summary]",spec v3
F1.22-C16,F1.22,The planetary present: making as extraction,"In 1960 the Aral Sea covered about 66,000–67,500 km² and held about 1,060 km³. By 2014 it covered about 10% of that area and held under 10% of that volume. River inflow fell from 47–55 to 3–20 km³ a year. A 2025 remote-sensing review puts the remaining water at about 5,250 km², about 8% of the original area.",documented,Documented,"https://wmo.int/media/magazine-article/future-of-aral-sea-lies-transboundary-co-operation (Harriman, WMO Bulletin, 1 March 2014) ; https://www.mdpi.com/2072-4292/17/16/2814 (*Remote Sensing* 17(16), 2025) [depth: Full text (articles)]",spec v3
F1.22-C17,F1.22,The planetary present: making as extraction,"The ILO found Uzbekistan's 2021 cotton harvest free of systemic child and forced labour, from about 11,000 interviews; about 1% of pickers reported coercion.",documented,Documented (the monitor's own survey),"https://www.ilo.org/resource/news/uzbek-cotton-free-systemic-child-labour-and-forced-labour (ILO, 1 March 2022) [depth: Press release]",spec v3
F1.22-C18,F1.22,The planetary present: making as extraction,"China mined 270,000 of about 380,000 tonnes of rare earths in 2024 (USGS, February 2026). In 2012 NASA said about half of China's output came from Bayan Obo, with acid waste gas, wastewater and radioactive residue from processing.",documented,Documented (Bayan Obo share dated 2012),https://pubs.usgs.gov/periodicals/mcs2026/mcs2026-rare-earths.pdf ; https://science.nasa.gov/earth/earth-observatory/rare-earth-in-bayan-obo-77723/ (21 April 2012) [depth: Summary; summary],spec v3
F1.22-C19,F1.22,The planetary present: making as extraction,"In 1556 Agricola recorded critics who said mining fells woods and groves, kills beasts and birds, and ""poisons the brooks and streams"". He set their case out to answer it.",documented,Documented (primary),"https://www.gutenberg.org/cache/epub/38015/pg38015.txt (*De re metallica*, Book I, Hoover translation, 1912) [depth: Full text]",spec v3
F1.22-C20,F1.22,The planetary present: making as extraction,"Levi Strauss & Co. estimated one pair of 501 jeans at 3,781 litres of water and 33.4 kg CO2e over its life. Fibre is 68% of the water; consumer care is 37% of the climate impact. Based on the 2012 production year.",documented,"Documented (company study, ISO 14040/44)",https://www.levistrauss.com/wp-content/uploads/2015/03/Full-LCA-Results-Deck-FINAL.pdf (2015) [depth: Full text (slide deck)],spec v3
F1.22a-C01,F1.22a,"Use and consumption: how things were lived with, worn out, repaired, resold, inherited","The unit's framing: an object's use-life belongs to its design history; wear, repair, resale and inheritance are evidence.",interpretive,Interpretive,"Our own argument (Kopytoff, 1986, not opened) [depth: n/a]",spec v3
F1.22a-C02,F1.22a,"Use and consumption: how things were lived with, worn out, repaired, resold, inherited","Met 16.122.5 is a 13th-century Longquan tea bowl with gold lacquer repairs. Chinese celadons were ""highly valued in Japan since the fourteenth century""; in China broken ceramics ""were typically mended with metal staples"".",documented,Documented,https://www.metmuseum.org/art/collection/search/48373 [depth: Museum label],spec v3
F1.22a-C03,F1.22a,"Use and consumption: how things were lived with, worn out, repaired, resold, inherited","The bowl was used in Japan. The Met infers it: ""Because kintsugi is a technique unique to Japan, its presence … suggests that the object was once used and cherished there."" No owner or repair date is recorded.",probable,Probable,Same record [depth: Museum label],spec v3
F1.22a-C04,F1.22a,"Use and consumption: how things were lived with, worn out, repaired, resold, inherited","Cleveland 1918.454, a Goryeo bottle of the 1200s–1300s, has a lip ""repaired with gold lacquer"". The record holds both readings. Reading A: its description says the technique was ""Initiated in 15th-century Japan"" and that Goryeo celadons were treasures ""among modern collectors"", so the repair is later. Reading B: its ""did you know"" note says the method ""was extensively used for ceramic works in the Goryeo period, such as this one"". The record dates neither repair.",contested,"Contested (both readings, both in the record)",https://openaccess-api.clevelandart.org/api/artworks/1918.454 (checked 3 Oct 2026) [depth: Museum label],spec v3
F1.22a-C05,F1.22a,"Use and consumption: how things were lived with, worn out, repaired, resold, inherited","The Bakōhan (Tokyo National Museum, TG-2354, Important Cultural Property) is Longquan ware of the Southern Song, 13th century. Itō Tōgai's record of 1727 says it was given to Taira no Shigemori about 1175, and that Ashikaga Yoshimasa later sent it cracked to China for a replacement; it returned clamped. The museum judges the Shigemori story unlikely on the bowl's style and the Yoshimasa episode credible.",documented,"Documented (object, record); probable (the Yoshimasa episode, as the holder judges it)",https://emuseum.nich.go.jp/detail?content_base_id=100886&langId=en [depth: Summary (national database)],spec v3
F1.22a-C06,F1.22a,"Use and consumption: how things were lived with, worn out, repaired, resold, inherited","Ger making (UNESCO, 2013) is household work, ""with men carving the wood and both women and men engaged in painting, sewing and stitching, and felt-making"". Mongol nomad migration (UNESCO, 2024): children learn ""assembling and disassembling yurts"".",documented,Documented,https://ich.unesco.org/en/RL/traditional-craftsmanship-of-the-mongol-ger-and-its-associated-customs-00872 ; https://ich.unesco.org/en/RL/mongol-nomad-migration-and-its-associated-practices-02091 [depth: Summary (nomination texts)],spec v3
F1.22a-C07,F1.22a,"Use and consumption: how things were lived with, worn out, repaired, resold, inherited","Mongolian felt is made in late summer or early autumn by families together; a sheet of old felt, *ekh esgii* (""mother felt""), is the model for the new.",documented,Documented (single source),https://ncch.gov.mn/ich?ItemID=14 (National Center for Cultural Heritage) [depth: Summary (register page)],spec v3
F1.22a-C08,F1.22a,"Use and consumption: how things were lived with, worn out, repaired, resold, inherited","Met 22.100.42, an ensi, ""likely served … to cover the entrance to a Turkmen tent""; seasonal migration required that ""every possession—even their homes—be collapsible and portable"". Chuvals (Met 22.100.40a) held family belongings, ""akin to a wardrobe"".",documented,Documented,https://www.metmuseum.org/art/collection/search/447501 ; https://www.metmuseum.org/art/collection/search/447498 [depth: Museum labels],spec v3
F1.22a-C09,F1.22a,"Use and consumption: how things were lived with, worn out, repaired, resold, inherited","Kyrgyz ala-kiyiz and shyrdak (Urgent Safeguarding List, 2012) warmed and decorated nomads' homes; skills pass from older to younger women within the family.",documented,Documented,https://ich.unesco.org/en/USL/ala-kiyiz-and-shyrdak-art-of-kyrgyz-traditional-felt-carpets-00693 [depth: Summary (nomination text)],spec v3
F1.22a-C10,F1.22a,"Use and consumption: how things were lived with, worn out, repaired, resold, inherited","Cleveland 1921.556 (c. 1875–80, ""woman artist"") mixes handspun, Germantown and bayeta wool; ""wearing blankets, which were worn around the shoulders, were purchased as rugs"".",documented,Documented,https://clevelandart.org/art/1921.556 [depth: Museum label],spec v3
F1.22a-C11,F1.22a,"Use and consumption: how things were lived with, worn out, repaired, resold, inherited","Cleveland 1937.903 (c. 1900) is a rug modelled on the ""chief blanket"", though the Diné had no chiefs; after Bosque Redondo weavers turned to goods for outside collectors.",documented,Documented,https://clevelandart.org/art/1937.903 [depth: Museum label],spec v3
F1.22a-C12,F1.22a,"Use and consumption: how things were lived with, worn out, repaired, resold, inherited","The US Army ""slaughtered sheep by the thousands""; more than 8,000 Diné walked over 300 miles to Bosque Redondo, were held four years, and returned in 1868.",documented,Documented,"https://npshistory.com/publications/hutr/brochures/churro-sheep.pdf (NPS, Hubbell Trading Post) [depth: Full text (brochure)]",spec v3
F1.22a-C13,F1.22a,"Use and consumption: how things were lived with, worn out, repaired, resold, inherited","After the 1894 wool-tariff removal, in the 1890s ""the Navajo blanket was transformed into a rug and weavers' productivity quadrupled""; traders bought textiles ""by weight until the 1960s"".",documented,Documented (single scholar),"https://digitalcommons.unl.edu/cgi/viewcontent.cgi?article=1714&context=tsaconf (M'Closkey, 2012) [depth: Full text (paper)]",spec v3
F1.22a-C14,F1.22a,"Use and consumption: how things were lived with, worn out, repaired, resold, inherited","Kanthas were made by women for their own homes from ""old, worn sari lengths"" (V&A). Small kanthas ""are used to wrap babies""; kanthas ""form part of the dowry of brides in certain parts of Bangladesh and West Bengal"" (Zaman and Stevulak).",documented,Documented,https://www.vam.ac.uk/articles/kantha-a-south-asian-quilting-tradition ; https://www.iias.asia/the-newsletter/article/kantha-forms-and-transformations (2021) [depth: Full text (short articles)],spec v3
F1.22a-C15,F1.22a,"Use and consumption: how things were lived with, worn out, repaired, resold, inherited","Met 15.119.4, mid-15th century: ""Often commissioned by the groom, a cassone was prominently carried in the nuptial procession, laden with the dowry of his bride."" Its top ""was later replaced""; its companion is in the Isabella Stewart Gardner Museum.",documented,Documented,https://www.metmuseum.org/art/collection/search/193194 [depth: Museum label],spec v3
F1.22a-C16,F1.22a,"Use and consumption: how things were lived with, worn out, repaired, resold, inherited","Darning samplers taught girls ""to mend worn places and holes"", made in five north European countries, 18th to early 20th century. Cooper Hewitt: repair was ""much cheaper"" than buying new. Cleveland 1942.528 is inscribed ""M F / 1784"".",documented,Documented,https://www.trc-leiden.nl/trc-needles/individual-textiles-and-textile-types/samplers/darning-sampler ; https://www.cooperhewitt.org/2017/01/03/make-do-and-mend-the-art-of-repair/ ; https://clevelandart.org/art/1942.528 [depth: Summary; blog; record],spec v3
F1.22a-C17,F1.22a,"Use and consumption: how things were lived with, worn out, repaired, resold, inherited","Since the mid-1980s second-hand clothing in Zambia is called *salaula*, Bemba for ""selecting from a pile by rummaging""; tailors refashion clothes ""to fit their new wearers"".",documented,Documented,"https://www.kci.or.jp/articles/files/K_D64_HANSEN_The_Secondhand_Clothing_ENG.pdf (Hansen, 2014) [depth: Full text (article)]",spec v3
F1.22a-C18,F1.22a,"Use and consumption: how things were lived with, worn out, repaired, resold, inherited","The Cairo toe (wood and leather, 950–710 BCE) and the Greville Chester toe (cartonnage, before 600 BCE) ""display significant signs of wear""; a volunteer ""was able to walk extremely well"" with replicas (2011). The earliest known prostheses, not ""the first"".",documented,Documented; probable (earliest known),https://www.manchester.ac.uk/about/news/mummies-false-toes-helped-ancient-egyptians-walk/ ; https://www.manchester.ac.uk/about/news/egyptian-toes-likely-to-be-the-worlds-oldest-prosthetics/ [depth: News summary],spec v3
F1.22a-C19,F1.22a,"Use and consumption: how things were lived with, worn out, repaired, resold, inherited","The Jaipur foot (1968), by P. K. Sethi and Ram Chandra Sharma, ""a craftsman at the hospital"", needed no shoe, suiting people who ""go barefoot""; Sharma ""received little credit … largely due to his low social status"".",documented,Documented (single source),https://blog.sciencemuseum.org.uk/jaipur-foot-the-low-cost-prosthetic-that-revolutionised-medical-care-in-india-and-beyond/ [depth: Blog],spec v3
F1.22a-C20,F1.22a,"Use and consumption: how things were lived with, worn out, repaired, resold, inherited","Directive (EU) 2024/1799 (13 June 2024) obliges manufacturers to repair listed goods on request, ""free of charge or for a reasonable price"", from 31 July 2026.",documented,Documented,https://eur-lex.europa.eu/legal-content/EN/TXT/HTML/?uri=CELEX:32024L1799 [depth: Full text],spec v3
F1.23-C01,F1.23,Obscured labour: the credit map,"Met 2020.7 is a storage jar dated 1858, Stony Bluff Manufactory, Old Edgefield District, signed ""Dave"" with a couplet; the Met calls him ""the enslaved African American potter and poet David Drake"". The 2022–23 ""Hear Me Now"" show had about 50 objects, including face vessels ""whose makers were unrecorded"".",documented,Documented,https://www.metmuseum.org/art/collection/search/747045; https://www.metmuseum.org/exhibitions/edgefield. Depth: full record; full page.,spec v3
F1.23-C02,F1.23,Obscured labour: the credit map,"Drake was born about 1800 (the Met says ca. 1801) and enslaved by five men, the last Lewis Miles. Twenty of his vessels carry verses and 50 more his signature or date. South Carolina law barred teaching enslaved people to write (1740, and again in the 1830s).",documented,Documented,https://en.wikipedia.org/wiki/David_Drake_(potter). Depth: summary; the statutes not opened.,spec v3
F1.23-C03,F1.23,Obscured labour: the credit map,"Roman red-gloss stamps name the people in production: masters, freedmen and enslaved workers. One Bryn Mawr sherd sets ""a slave's name, Nicephorus"" over his owner's.",documented,Documented,"Fülle 1997, https://www.cambridge.org/core/journals/journal-of-roman-studies/article/abs/internal-organization-of-the-arretine-terra-sigillata-industry-problems-of-evidence-and-interpretation/73AD21990173E86AA8F2C6968CC49845 (abstract and first page); https://specialcollections.blogs.brynmawr.edu/2011/10/12/bryn-mawr-college%E2%80%99s-collection-of-roman-terra-sigillata/ (full text).",spec v3
F1.23-C04,F1.23,Obscured labour: the credit map,"Cleveland 1916.2009 carries the reversed stamp ""M. PERENN | TIGAANI"" and credits ""M. Perennius"" as creator. Met 10.210.37 is ""signed by Perennius Tigranus as owner"".",documented,Documented,https://clevelandart.org/art/1916.2009; https://www.metmuseum.org/art/collection/search/248324. Depth: full records.,spec v3
F1.23-C05,F1.23,Obscured labour: the credit map,"Whether Tigranus and Bargathes were enslaved is contested. Reading one: most scholars see them as Armenian war captives. Reading two: Oxé argued they were free, skilled men. The workshop passed to Tigranus around 15 BCE.",contested,Contested (both readings given),"Traina 2010, https://www.academia.edu/1574885/Tigranus_e_Bargathes_due_armeni_ad_Arretium_in_G_Camporeale_G_Firpo_%C3%A9d_Arezzo_nellantichit%C3%A0_Giorgio_Bretschneider_Rome_2010_p_217_s. Depth: summary of the page; full article not read.",spec v3
F1.23-C06,F1.23,Obscured labour: the credit map,"Cleveland 1964.213.1 is marked ""Da Qing Kangxi nian zhi (Made in the Qing dynasty, Kangxi reign)""; no creator is listed.",documented,Documented,https://clevelandart.org/art/1964.213.1. Depth: full record.,spec v3
F1.23-C07,F1.23,Obscured labour: the credit map,"D'Entrecolles wrote in 1712 that ""one piece of fired porcelain passes through the hands of seventy workers"". He called the painters ""little less destitute than the other workers"" and belittled their skill.",documented,Documented,(in translation). https://www.gotheborg.com/letters/letters_first.shtml. Depth: excerpts; translator not stated in the excerpt.,spec v3
F1.23-C08,F1.23,Obscured labour: the credit map,"Song Yingxing's *Tiangong kaiwu* (1637) says a piece ""過手七十二，方克成器"": it passes through 72 hands before it is complete.",documented,Documented,"(secondary). https://www.163.com/dy/article/L2P0QC8B05346936.html; date and author, https://en.wikipedia.org/wiki/Tiangong_Kaiwu. Depth: summary; the original not opened.",spec v3
F1.23-C09,F1.23,Obscured labour: the credit map,"The Strike Papyrus (Turin, Cat. 1880), by the scribe Amennakht, records year 29 of Ramesses III: the crew shouted ""we are hungry!"" after 18 days without rations, their pay for work in the Valley of the Kings.",documented,Documented,https://collezioni.museoegizio.it/en-GB/material/Cat_1880. Depth: full record.,spec v3
F1.23-C10,F1.23,Obscured labour: the credit map,"Darius I's Susa charter names crafts by people (""The stone-cutters who wrought the stone, those were Yaunâ and Lydians"") and credits the king: ""I built this palace"".",documented,Documented,https://www.livius.org/sources/content/achaemenid-royal-inscriptions/dsf/ (after Lecoq 1997). Depth: full text in translation.,spec v3
F1.23-C11,F1.23,Obscured labour: the credit map,"Who the kurtaš were is contested. Reading one (Briant): workers ""recruited and paid by the state"", not enslaved captives. Reading two (Izdimirski 2018): the kurtaš included deportees resettled as dependent labour.",contested,Contested (both readings given),https://www.iranicaonline.org/articles/class-system-ii/ (full text); https://antiquitasviva.com/wp-content/uploads/2021/07/68.1-2.06.-izdimirski-m.-deportations-of-kurtash-workers-in-the-achaemenid-empire-according-to-classical-literary-tradition.pdf (abstract and conclusion).,spec v3
F1.23-C12,F1.23,Obscured labour: the credit map,"In the Persepolis tablets, skilled women and men got equal rations; less-skilled women got a third less. Mothers of boys got twice the extra ration of mothers of girls.",documented,Documented,"Brosius, https://www.iranicaonline.org/articles/women-i/. Depth: full text.",spec v3
F1.23-C13,F1.23,Obscured labour: the credit map,"Rubruck met ""a certain master goldsmith called William, a Parisian by birth"" at Karakorum in 1254. Möngke gave him 300 *iascot* ""and fifty workmen"". He had been captured in 1241 or 1242.",documented,Documented,https://medievalslavery.org/notes-from-the-field/high-school/dbq-slavery-and-the-mongol-expansion/ (excerpt of the primary text; edition not named); https://en.wikipedia.org/wiki/Guillaume_Boucher (summary). Rockhill 1900 not opened at the passage.,spec v3
F1.23-C14,F1.23,Obscured labour: the credit map,"After Çaldıran (1514), artisans from Tabriz went to Istanbul and were entered in the Ehl-i hiref salary books (1526–1566) by name and pay.",probable,"Probable as to force: the abstract says ""brought""; the canon (OCC055) says ""deportation"". Give both readings.","Uluskan 2021, https://belleten.gov.tr/eng/abstarct/3669/eng. Depth: abstract.",spec v3
F1.23-C15,F1.23,Obscured labour: the credit map,"About 166,000 men, women and children were transported to Australia, 1787–1868, with ""forced labour to help build the colony"" (UNESCO, 2010). The Hyde Park Barracks (1817–19) were designed by the convict architect Francis Greenway and built by convicts.",documented,Documented,"https://whc.unesco.org/en/list/1306/ (full page); https://en.wikipedia.org/wiki/Hyde_Park_Barracks,_Sydney (summary).",spec v3
F1.23-C16,F1.23,Obscured labour: the credit map,"About 350 convict love tokens are known. The Powerhouse calls them ""one of the few classes of items convicts made … purely of their own volition"". On 2003/40/1 ""the maker is not known"".",documented,Documented,https://collection.powerhouse.com.au/object/12096. Depth: full record.,spec v3
F1.23-C17,F1.23,Obscured labour: the credit map,"Aleijadinho (born c. 1738) was the son of Isabel, an enslaved African woman. He worked with three enslaved assistants, Maurício, Agostinho and Januário. His illness from about 1777 is undiagnosed; how disabled he was is contested. Reading one: Bretas (1858) says severely. Reading two: 1796 receipts show a ""firm and clear"" hand. Attributions grew from 163 (1951) to 425 (2006), mostly without documents.",contested,Contested (both readings given),https://en.wikipedia.org/wiki/Aleijadinho. Depth: summary.,spec v3
F1.23-C18,F1.23,Obscured labour: the credit map,"Clara Driscoll headed Tiffany Studios' Women's Glass Cutting Department and designed over thirty lamps, credited to Tiffany until her letters (now at Kent State and the Queens Historical Society) came to light; the New-York Historical Society showed her work in 2007. The Met's records still list ""Louis C. Tiffany (Artist)"" first and ""Possibly Clara Driscoll (Designer)"".",documented,Documented,"https://www.nyhistory.org/blogs/tiffany-girls (NYHS); http://www.antiquesandfineart.com/articles/media/images/00701-00800/00769/Hofer_Tiffany.pdf (Hofer, 2007); https://en.wikipedia.org/wiki/Clara_Driscoll_(glass_designer) (lamp count); https://www.metmuseum.org/art/collection/search/16476 (full record).",spec v3
F1.23-C19,F1.23,Obscured labour: the credit map,"Judith Scott (1943–2005), born with Down syndrome and largely deaf, lived 35 years in an institution. From 1987 at Creative Growth, Oakland, she made fibre sculptures (over 200, by Wikipedia's count). The Brooklyn Museum's 2014 retrospective, *Bound and Unbound*, showed her as a contemporary artist.",documented,Documented,"https://www.brooklynmuseum.org/exhibitions/judith_scott (exhibition page, checked 3 Oct 2026); https://en.wikipedia.org/wiki/Judith_Scott_(artist) (count). Depth: exhibition page; summary.",spec v3
F1.23-C20,F1.23,Obscured labour: the credit map,"The unit's framing: credit follows ownership and power more often than hands, and coercion is one of the main ways names are removed.",interpretive,Interpretive,Our own argument,spec v3
F1.24-C01,F1.24,"The museum as author: collecting, provenance, restitution","The unit's framing: a museum authors an object's second life by what it collects, how it writes the chain and what it returns. The chain is a source to query.",interpretive,Interpretive,Our own argument [depth: n/a],spec v3
F1.24-C02,F1.24,"The museum as author: collecting, provenance, restitution","Cleveland 1999.1: commissioned from the Igun Eronmwon; by descent to Oba Ovonramwen; ""Sent to England by Sir Ralph Moor following the Siege of Benin (1897)""; British Museum 1897–1950; sold by Sydney Burney ""as sales agent for the British Museum""; Bragaline; Mitchell-Innes & Nash; Cleveland, 1999.",documented,Documented,https://openaccess-api.clevelandart.org/api/artworks/?q=1999.1&cc0=1 [depth: Full text (record)],spec v3
F1.24-C03,F1.24,"The museum as author: collecting, provenance, restitution","AIC 1933.782: Oba Ovonramwen before 1897; ""taken during the British military raid by George W. Neville""; his heirs, 1929; Foster, London, 1 May 1930; Ascher; Vamos; Ladislas Segy; the Art Institute, 1933.",documented,Documented,https://api.artic.edu/api/v1/artworks/15457 [depth: Full text (record)],spec v3
F1.24-C04,F1.24,"The museum as author: collecting, provenance, restitution","The Smithsonian: ""In 1897 during a British raid on Benin, the royal palace was burned and looted, and the oba (ruler) was exiled."" On 11 October 2022 it transferred 29 objects to Nigeria's National Commission for Museums and Monuments.",documented,Documented,https://www.si.edu/newsdesk/releases/smithsonian-returns-29-benin-bronzes-national-commission-museums-and-monuments [depth: Full text (press release)],spec v3
F1.24-C05,F1.24,"The museum as author: collecting, provenance, restitution","The Igun Eronmwon worked under the Oba's ""protection and exclusive patronage"". Oral history dates lost-wax casting's arrival to the 13th century. Their quarters were in the palace grounds until 1897; members still cast.",documented,Documented (date as oral history),https://www.metmuseum.org/perspectives/bronze-casters-igun-street [depth: Full text (short page)],spec v3
F1.24-C06,F1.24,"The museum as author: collecting, provenance, restitution","Germany transferred ownership of 1,117 Benin objects from five museums to Nigeria in 2022. A declaration of 23 March 2023 recognised Oba Ewuare II ""as the owner and custodian"" of repatriated objects.",documented,Documented,https://www.theartnewspaper.com/2023/04/26/who-will-museums-partner-with-over-benin-bronzes-now-eyebrows-raised-as-latest-nigerian-government-announcement-makes-oba-owner-of-artefacts [depth: News summary],spec v3
F1.24-C07,F1.24,"The museum as author: collecting, provenance, restitution","To whom, two readings. The declaration returns objects to the palace as original owner. European museums dealing with the National Commission asked, in Barnaby Phillips's words, ""who is our partner?""",contested,Contested (both readings),Same article [depth: News summary],spec v3
F1.24-C08,F1.24,"The museum as author: collecting, provenance, restitution","""De Krim – Goud en Geheimen van de Zwarte Zee"" (Allard Pierson, 2014) held 565 objects from Tauric Chersonesos, the Central Museum of Taurida, Bakhchysarai and Kerch: Scythian and Sarmatian jewellery, Chinese lacquer caskets, a 4th-century BCE gold helmet.",documented,Documented,https://allardpierson.nl/nieuws/alle-objecten-uit-de-krim-terug-in-oekraine/ ; https://www.theartnewspaper.com/2023/11/29/scythian-gold-artefacts-returned-to-ukraine-after-legal-battle-with-russia [depth: Summary; news],spec v3
F1.24-C09,F1.24,"The museum as author: collecting, provenance, restitution","District Court (14 December 2016): to Ukraine under the Heritage Act. Court of Appeal (26 October 2021): to Ukraine, on Ukraine's museum law and a March 2014 regulation. Supreme Court (9 June 2023, ECLI:NL:HR:2023:865): upheld. The objects reached the National Museum of the History of Ukraine on 26 November 2023.",documented,Documented,https://www.hogeraad.nl/actueel/nieuwsoverzicht/2023/juni/beslissing-hof-allard-pierson-museum-krimschatten-afgeven-staat/ ; Allard Pierson (claim 8) [depth: Summary (court release)],spec v3
F1.24-C10,F1.24,"The museum as author: collecting, provenance, restitution","Where they belong, two readings. The Crimean museums, ""backed by the Russian government"", claimed them as holders. Ukraine claimed state heritage; the appeal court found the case ""closely connected to the Ukrainian State"". The outcome is documented.",contested,Contested (both readings),https://www.theartnewspaper.com/2021/10/27/crimean-gold-trove-must-return-to-ukraine-not-russia-dutch-court-rules [depth: News summary],spec v3
F1.24-C11,F1.24,"The museum as author: collecting, provenance, restitution","Cleveland 1985.77, ""Stag Plaque"", gold cast in a shell mould, 400–300 BCE, labelled ""Western Asia, Scythian"", bought 1985: provenance empty. Cleveland 1986.26, ""Howling Wolf"", Southern Siberia: one link, ""Mansour Gallery, London (–1986)"".",documented,Documented,https://clevelandart.org/art/1985.77 ; https://openaccess-api.clevelandart.org/api/artworks/?q=1986.26&cc0=1 [depth: Full text (records)],spec v3
F1.24-C12,F1.24,"The museum as author: collecting, provenance, restitution","Only ""a small percentage"" of Luristan bronzes were excavated; ""the great majority ... are strays, derived from local plundering and international market distribution"". Museums in six cities held them by 1929–30. Cleveland 1980.102: provenance empty, ""said to be from Luristan"".",documented,Documented,"https://www.iranicaonline.org/articles/luristan-bronzes/iii-modern-history-of-luristan-bronzes/ (Muscarella, 1989); https://openaccess-api.clevelandart.org/api/artworks/?q=1980.102&cc0=1 [depth: Full text; record]",spec v3
F1.24-C13,F1.24,"The museum as author: collecting, provenance, restitution","The UNESCO Convention was adopted on 14 November 1970 and entered into force on 24 April 1972; it does not reach back. The AAMD test asks that an object left its country before, or was legally exported after, 17 November 1970. Our reading: the test passes an object taken in 1897.",documented,Documented (rules); interpretive (reading),https://www.unesco.org/en/legal-affairs/convention-means-prohibiting-and-preventing-illicit-import-export-and-transfer-ownership-cultural ; https://aamd.org/for-the-media/press-release/strengthened-guidelines-on-the-acquisition-of-archaeological-material [depth: Summary],spec v3
F1.24-C14,F1.24,"The museum as author: collecting, provenance, restitution","Swedish consul Sven Karell removed the textiles illegally, 1930–1933. Gothenburg returned 4 (2014), 79 (2017) and 57 (2021), for Peru's new MUNA. Yates counts 100 textiles and an informal agreement of April 2010; Andina dates an agreement to 2014.",documented,Documented (sources differ on count and date),https://www.elperuano.pe/noticia/124707-peru-recibe-los-ultimos-textiles-de-la-cultura-paracas-que-se-encontraban-en-suecia ; https://traffickingculture.org/encyclopedia/case-studies/paracas-textiles/ ; https://andina.pe/agencia/noticia-peru-recibe-los-ultimos-textiles-de-cultura-paracas-se-encontraban-suecia-853429.aspx [depth: News; encyclopaedia entry],spec v3
F1.24-C15,F1.24,"The museum as author: collecting, provenance, restitution","Cleveland 1946.226's chain begins with Emery May and Raymond Norweb, who gave it in 1946. Its label says Paracas dead were buried in shaft tombs wrapped in cloth.",documented,Documented,https://openaccess-api.clevelandart.org/api/artworks/?q=1946.226&cc0=1 [depth: Full text (record)],spec v3
F1.24-C16,F1.24,"The museum as author: collecting, provenance, restitution","The British Museum shield (E_Oc1978-Q-839) was long linked to Cook's 1770 landing. Research asked for by Aboriginal community members, and by Nicholas Thomas, found it ""is not one collected by Cook"". Rodney Kelly has asked for its return.",documented,Documented,https://www.britishmuseum.org/about-us/british-museum-story/contested-objects-collection/early-shield-australia [depth: Full text (museum page)],spec v3
F1.24-C17,F1.24,"The museum as author: collecting, provenance, restitution","Four spears taken at Kamay on 29 April 1770 went to Trinity in 1771 from Lord Sandwich. Trinity agreed the return in March 2023 and handed them over on 23 April 2024 to La Perouse representatives, ""including direct descendants of the Gweagal people"".",documented,Documented,https://www.trin.cam.ac.uk/news/return-of-the-gweagal-spears-to-the-la-perouse-aboriginal-community/ [depth: Full text (news)],spec v3
F1.24-C18,F1.24,"The museum as author: collecting, provenance, restitution","After revised NAGPRA regulations took effect in January 2024, the American Museum of Natural History closed its Halls of Eastern Woodlands and Great Plains. It reports returning ""more than 1,000 ancestral remains and more than 2,300 objects"" since 1990.",documented,Documented,https://www.amnh.org/about/statement-new-nagpra-regulations/july-2024-update-president [depth: Full text (statement)],spec v3
F1.24-C19,F1.24,"The museum as author: collecting, provenance, restitution","Two positions. The 2002 declaration: ""Objects acquired in earlier times must be viewed in the light of different sensitivities and values, reflective of that earlier era."" Sarr and Savoy's report, ""Towards a New Relational Ethics"", reached Macron on 23 November 2018; he decided to return 26 works ""looted by General Dodds"" from Behanzin's palace in 1892.",contested,Contested (both readings),http://www.elginism.com/similar-cases/declaration-on-the-importance-of-the-universal-museum/20021211/4620/ ; https://www.elysee.fr/en/emmanuel-macron/2018/11/23/submission-of-the-savoy-sarr-report-on-the-restitution-of-african-heritage [depth: Summary (advocacy site quoting the text); full text],spec v3
F1.24-C20,F1.24,"The museum as author: collecting, provenance, restitution","Harris Tweed must be ""Handwoven by the islanders at their homes in the Outer Hebrides"" under a 1993 Act; the Orb certifies it. The Navajo Nation sued Urban Outfitters in February 2012 over ""Navajo"" products and settled in November 2016 with a licence and supply agreement.",documented,Documented,https://www.harristweed.org/our-role/ ; https://indianz.com/News/2016/11/17/navajo-nation-settles-dispute-over-sale.asp [depth: Summary; news],spec v3
F1.25-C01,F1.25,Reading an object as history: slow looking and the autopsy,"Tishman defines slow looking as ""observing detail over time to move beyond a first impression"". Four strategies: decomposition, perspective shifting, collaborative observation, iterative noticing.",documented,documented,https://www.gse.harvard.edu/ideas/usable-knowledge/20/01/art-slow-looking-classroom ; https://pz.harvard.edu/resources/slow-looking-the-art-and-practice-of-learning-through-observation,spec v3
F1.25-C02,F1.25,Reading an object as history: slow looking and the autopsy,"Project Zero's ""Looking: Ten Times Two"" asks for 30 seconds of looking, ten words, then a second round. It is licensed CC BY-NC-ND 4.0, so the unit links to it and does not adapt it.",documented,documented,https://pz.harvard.edu/sites/default/files/Looking%20-%20Ten%20Times%20Two_0.pdf,spec v3
F1.25-C03,F1.25,Reading an object as history: slow looking and the autopsy,"The operational sequence (chaîne opératoire) comes from Leroi-Gourhan. Lemonnier defines it as ""the series of operations involved in any transformation of matter"" by people.",documented,documented,https://link.springer.com/chapter/10.1007/978-981-16-7084-8_2 (Coupaye 2022),spec v3
F1.25-C04,F1.25,Reading an object as history: slow looking and the autopsy,"Unit framing: an object can be read in five layers, each sentence tagged seen, recorded or guessed; the record is a source with authors.",interpretive,interpretive,"This unit; module file findings 4.1, 5.5, 6.2",spec v3
F1.25-C05,F1.25,Reading an object as history: slow looking and the autopsy,"Cleveland 1952.115 is a gilt bronze buckle, 202 BCE–9 CE, ""China, Ordos region, Western Han dynasty"". Its provenance runs from Vladimir G. Simkhovitch, New York, to the museum in 1952. No findspot is given.",documented,documented,https://openaccess-api.clevelandart.org/api/artworks/1952.115,spec v3
F1.25-C06,F1.25,Reading an object as history: slow looking and the autopsy,Mercury gilding came into general use in China around the Warring States period. It became common in Han noble tombs. Its makers knew mercury vapour was harmful. Whether this buckle was mercury-gilded is untested.,probable,documented (technique); probable (this buckle),https://resources.culturalheritage.org/osg-postprints/v03/jett/ (Jett and Chase 1995); https://www.nature.com/articles/s40494-025-01657-3 (Ma et al. 2025),spec v3
F1.25-C07,F1.25,Reading an object as history: slow looking and the autopsy,"Gold belt plaques from Xigoupan tomb 2, Ordos, 4th–3rd c. BCE, are inscribed *shaofu* and are attributed to a Qin state workshop.",documented,documented,"https://www.nature.com/articles/s40494-021-00520-5 (Liu et al. 2021, CC BY 4.0)",spec v3
F1.25-C08,F1.25,Reading an object as history: slow looking and the autopsy,"Who made the Cleveland buckle is not known. Reading 1: casters in the Ordos steppe made it for their own people. Reading 2: a Chinese workshop made it for steppe clients, as at Xigoupan. The record's ""Ordos region, Western Han dynasty"" allows both.",contested,contested — both readings,As 5 and 7,spec v3
F1.25-C09,F1.25,Reading an object as history: slow looking and the autopsy,"The Met says its Xianbei plaque pair ""once adorned a leather belt belonging to a member of a nomadic community, likely the Xianbei, that migrated seasonally"".",documented,documented (holder's framing),https://www.metmuseum.org/art/collection/search/52109 ; API objectID 52109,spec v3
F1.25-C10,F1.25,Reading an object as history: slow looking and the autopsy,"Cleveland 1921.556, a wearing blanket c. 1875–80, is by a Diné woman artist, in handspun, Germantown and bayeta wool, tapestry weave. The record ties it to a shift from garments for Diné use to pieces for non-Native collectors.",documented,documented (holder's framing),https://openaccess-api.clevelandart.org/api/artworks/1921.556,spec v3
F1.25-C11,F1.25,Reading an object as history: slow looking and the autopsy,"Bayeta is trade cloth, ravelled and reused as weft. Germantown is commercial American yarn dyed with aniline, first made in Germantown, Pennsylvania. Aniline dyes were first made commercially in 1856. Churro sheep came with the Spanish in 1598.",documented,documented,https://joebenwheat.org/resources/glossary-of-southwest-weaving/ (after Hedlund 1990),spec v3
F1.25-C12,F1.25,Reading an object as history: slow looking and the autopsy,"Shortly after 1800, red bayeta bought from the Spanish was unravelled and rewoven by Diné weavers.",documented,documented,https://www.britannica.com/art/Navajo-weaving,spec v3
F1.25-C13,F1.25,Reading an object as history: slow looking and the autopsy,"US cavalry under Kit Carson forced about 8,500 Diné to Fort Sumner from fall 1863. Over 2,000 died there. The 1868 treaty let them return to Diné Bikéyah.",documented,documented (Diné-authored source),"https://dinelanduse.org/hweeldi/ (excerpt from Raymond D. Austin); https://navajotimes.com/reznews/hweeldi-150/ (Navajo Times, 2 October 2014: ""Two thousand Diné internees — one out of four — died there"")",spec v3
F1.25-C14,F1.25,Reading an object as history: slow looking and the autopsy,"Cleveland 1929.922 is titled ""Germantown Eyedazzler Saddle Throw"", but its technique field lists ""handspun and bayeta"" and no Germantown yarn. The record disagrees with itself.",documented,documented (as a record discrepancy),https://openaccess-api.clevelandart.org/api/artworks/1929.922,spec v3
F1.25-C15,F1.25,Reading an object as history: slow looking and the autopsy,"Cleveland 1935.306, an antelope gold weight, 1800s, came from the Charles Ratton Gallery, Paris, in 1935. The record: weights were used ""since at least 1600"" for gold dust; the horns ""may allude"" to the proverb ""had I known""; the caster first modelled it in wax.",documented,"documented (record); interpretive (proverb, ""may"")",https://openaccess-api.clevelandart.org/api/artworks/1935.306,spec v3
F1.25-C16,F1.25,Reading an object as history: slow looking and the autopsy,"Copper-alloy and gold casting probably reached the Akan area in the 14th century, via the trans-Saharan gold trade. Brass working grew with European trade, with ""use and reuse of imported brass"".",probable,"probable (the author's ""current supposition"")","https://journals.openedition.org/aaa/3707 (DeCorse 2022, CC BY-NC 4.0)",spec v3
F1.25-C17,F1.25,Reading an object as history: slow looking and the autopsy,"Geometric weights followed the *mithqal* (about 4.6 g); Europeans brought the *ackie*. By the 19th century Islamic, Portuguese and troy standards were combined.",documented,documented,https://www.metmuseum.org/art/collection/search/317675 ; https://www.penn.museum/sites/expedition/the-asante-gold-weights/ (Griffith 2019),spec v3
F1.25-C18,F1.25,Reading an object as history: slow looking and the autopsy,"Ala-kiyiz and shyrdak were inscribed in 2012 on UNESCO's Urgent Safeguarding List (Kyrgyzstan). Women design, felt and stitch; men shear, prepare wool, heat water and press. Threats named: cheap synthetic carpets and poor raw materials.",documented,documented (state-nominated account),https://ich.unesco.org/en/USL/ala-kiyiz-and-shyrdak-art-of-kyrgyz-traditional-felt-carpets-00693,spec v3
F1.25-C19,F1.25,Reading an object as history: slow looking and the autopsy,"Cleveland's open-access API returns nine CC0 records for ""Ordos"", including 1952.115, 1962.46 and 1916.1189.",documented,documented,https://openaccess-api.clevelandart.org/api/artworks/?q=Ordos&cc0=1,spec v3
F1.26-C01,F1.26,"Attribution and consultation as protocol, on the CARE principles","The unit's framing: attribution and consultation are a protocol run before the work, with a record at every step. Credit after an outcry is repair, not consent.",interpretive,Interpretive,Our own argument,spec v3
F1.26-C02,F1.26,"Attribution and consultation as protocol, on the CARE principles","CARE was written for ""Indigenous data"". Applying its four questions to non-Indigenous source communities (the Kolhapuri makers) is our extension, labelled as such. We borrow CARE's questions, not its authority: we never call a non-Indigenous community's protocol ""CARE"" or present it as Indigenous data governance, which is what GIDA says CARE is for (https://www.gida-global.org/care).",interpretive,Interpretive,https://static1.squarespace.com/static/5d3799de845604000199cd24/t/5d79c383e904c741c9e9cd86/1568260995760/CARE+Principles+for+Indigenous+Data+Governance_FINAL_Sept+06+2019.pdf,spec v3
F1.26-C03,F1.26,"Attribution and consultation as protocol, on the CARE principles","CARE (RDA International Indigenous Data Sovereignty Interest Group, September 2019). Authority to Control: ""Indigenous Peoples' rights and interests in Indigenous data must be recognised and their authority to control such data be empowered"". A3: the right ""to develop cultural governance protocols"". E3: future use and harm.",documented,Documented,"Same PDF; Carroll et al., *Data Science Journal* 19 (2020), art. 43, CC BY 4.0: https://datascience.codata.org/articles/10.5334/dsj-2020-043",spec v3
F1.26-C04,F1.26,"Attribution and consultation as protocol, on the CARE principles","Local Contexts: ""Labels are for use by Indigenous communities""; Notices are for institutions and researchers; both are ""extra-legal mechanisms"". Icons ""may not be altered""; icons and template texts © Local Contexts, all rights reserved.",documented,Documented,https://localcontexts.org/support/frequently-asked-questions/ (updated 10 Sept 2026); https://localcontexts.org/notices/about-the-notices/,spec v3
F1.26-C05,F1.26,"Attribution and consultation as protocol, on the CARE principles","Fees: ""Local Contexts and the Hub will always be free for Indigenous communities."" Institutions and researchers subscribe: Individual free; Collections Care Notices free for institutions; Small US$1,250, Medium US$5,000, Large US$10,000 a year. ""As of 2025, a subscription is required"" to use Notices.",documented,Documented,https://localcontexts.org/generational-sustainability-of-local-contexts/ ; https://localcontexts.org/hub-agreements/subscribers/ (updated 6 July 2026); FAQ above,spec v3
F1.26-C06,F1.26,"Attribution and consultation as protocol, on the CARE principles","UNDRIP (A/RES/61/295, 13 Sept 2007; 143 for, 4 against, 11 abstaining). Art. 11.2: redress for cultural property ""taken without their free, prior and informed consent"". Art. 19: consult ""through their own representative institutions"".",documented,Documented,https://social.desa.un.org/issues/indigenous-peoples/united-nations-declaration-on-the-rights-of-indigenous-peoples ; https://social.desa.un.org/sites/default/files/migrated/19/2018/11/UNDRIP_E_web.pdf,spec v3
F1.26-C07,F1.26,"Attribution and consultation as protocol, on the CARE principles","UNESCO adopted the 2003 Convention on 17 October 2003 in Paris; it entered into force on 20 April 2006 (https://ich.unesco.org/en/states-parties-00024). Art. 2.1 defines intangible heritage as what ""communities, groups and, in some cases, individuals recognize as part of their cultural heritage""; Art. 2.2 lists ""traditional craftsmanship""; Art. 15 asks for ""the widest possible participation"" of communities.",documented,Documented,https://ich.unesco.org/en/convention ; https://www.unesco.org/en/legal-affairs/convention-safeguarding-intangible-cultural-heritage,spec v3
F1.26-C08,F1.26,"Attribution and consultation as protocol, on the CARE principles","UNESCO's Ethical Principles (decision 10.COM 15.a, Windhoek, 2015): principle 4, ""free, prior, sustained and informed consent""; principle 5, customary access practices respected ""even where these may limit broader public access""; principle 7, moral and material interests.",documented,Documented,https://ich.unesco.org/en/Decisions/10.COM/15.a ; Windhoek from https://ich.unesco.org/en/news/opening-of-10th-session-of-intangible-heritage-committee-in-windhoek-00160 (title only),spec v3
F1.26-C09,F1.26,"Attribution and consultation as protocol, on the CARE principles","Nominations to both UNESCO lists must follow ""the widest possible participation"" of the community ""and with their free, prior and informed consent"" (U.4, R.4).",documented,Documented,https://ich.unesco.org/en/procedure-of-inscription-00809,spec v3
F1.26-C10,F1.26,"Attribution and consultation as protocol, on the CARE principles","Ala-kiyiz and shyrdak (Kyrgyzstan) went on the Urgent Safeguarding List in 2012; ""Women are the principal bearers and transmitters of knowledge""; threats include cheap synthetic carpets.",documented,Documented,https://ich.unesco.org/en/USL/ala-kiyiz-and-shyrdak-art-of-kyrgyz-traditional-felt-carpets-00693,spec v3
F1.26-C11,F1.26,"Attribution and consultation as protocol, on the CARE principles","Haka Ka Mate Attribution Act 2014 gives effect to Ngāti Toa Rangatira's deed of settlement. Under s 9, a statement ""that Te Rauparaha was the composer of Ka Mate and a chief of Ngati Toa Rangatira"", ""clear and reasonably prominent"". Under s 10 performance, education, review and news are exempt. Enforcement is by declaratory judgment only, through Te Rūnanga o Toa Rangatira.",documented,Documented,https://www.legislation.govt.nz/act/public/2014/0018/latest/whole.html (via Firecrawl); https://www.wipo.int/wipolex/es/legislation/details/22821,spec v3
F1.26-C12,F1.26,"Attribution and consultation as protocol, on the CARE principles","On 30 Sept 2019 the Sámi Parliaments of Finland, Norway and Sweden and the Saami Council announced an agreement with Walt Disney Animation Studios: a North Sámi version of *Frozen 2*, exchanges, and the six-member Verddet group (Buljo, Lehtola, Persson, Nuorgam, Hætta, Utsi).",documented,Documented,https://samediggi.fi/en/news/unique-collaboration-gives-impacts-to-sapmi/,spec v3
F1.26-C13,F1.26,"Attribution and consultation as protocol, on the CARE principles","Ánne Lájlá Utsi (International Sámi Film Institute) called it ""a very, very good collaboration"" and said Kristoff's costume in the first film was ""not exactly how we would have done it"".",documented,Documented,https://www.cbc.ca/news/canada/north/frozen-2-consultation-sami-1.5370801,spec v3
F1.26-C14,F1.26,"Attribution and consultation as protocol, on the CARE principles","Sweden's National Museums of World Culture transferred 476 objects plus one to Ájtte in February 2023, and 64 more in May 2025, under the Museums Act (2017:563) s 10. They report no claims ""from any other Sámi party"". Knife 1902.04.0001 (collected about 1860 by Gustav Albert Hyttling; bought from J. E. Hagdahl, 1902) went to Ájtte in May 2025; its record image is CC BY 4.0.",documented,Documented,https://www.varldskulturmuseerna.se/en/collections/return-of-objects-from-the-collections/return-of-sami-objects/ ; https://collections.smvk.se/carlotta-em/web/object/1942849,spec v3
F1.26-C15,F1.26,"Attribution and consultation as protocol, on the CARE principles","The South African San Council (Khomani, !Xun, Khwe) launched its research code in Cape Town on 2 March 2017: ""respect, honesty, justice and fairness, and care"". It requires council approval, informed consent, benefit sharing and the return of results. The code itself (South African San Institute, 2017) asks researchers ""to come through the door, not the window"". We link the code and quote only its values; we do not paraphrase it at length or present it as ours.",documented,Documented,https://mg.co.za/news/south-africa/2017-03-06-san-council-launches-code-of-ethics-for-researchers/ ; https://trust-project.eu/wp-content/uploads/2017/03/San-Code-of-RESEARCH-Ethics-Booklet-final.pdf,spec v3
F1.26-C16,F1.26,"Attribution and consultation as protocol, on the CARE principles","Fewkes recorded 36 cylinders at Calais, Maine, in March 1890; 31 survive. Ancestral Voices is ""piloting the use of Traditional Knowledge (TK) labels"" through Mukurtu, and the Passamaquoddy ""adapted several labels"".",documented,Documented,https://www.loc.gov/collections/ancestral-voices/about-this-collection/ ; https://blogs.loc.gov/loc/2018/11/native-american-heritage-month-bringing-native-voices-to-light/,spec v3
F1.26-C17,F1.26,"Attribution and consultation as protocol, on the CARE principles","Kolhapuri chappal: GI tag 2019, held by LIDCOM and LIDKAR. Prada's SS26 show was on 22 June 2025, with notes saying ""leather sandals"". Lorenzo Bertelli, Prada's head of corporate social responsibility, wrote to the trade group on Friday 27 June 2025. The Mumbai agreement followed on 10 December 2025. Reuters (11 December 2025): 2,000 pairs to be made in Maharashtra and Karnataka, about €800 a pair, in 40 stores, on sale from February 2026. BBC at release (April 2026): ""reportedly"" €750 a pair, and 180 artisans to be trained in six-month modules. The ""eight districts"" figure was not found in the sources reopened. No profit-sharing terms published.",documented,"Documented (the price differs by source; ""eight districts"" unverified)",https://www.aljazeera.com/news/2025/7/1/why-is-prada-caught-in-a-sandal-scandal-in-india ; https://www.deccanherald.com/amp/story/india%2Fmaharashtra%2Fprada-kolhapuri-chappal-row-two-govt-agencies-officially-hold-gi-tag-for-sandals-3661799 ; https://fashionunited.in/news/retail/prada-partners-with-indian-corporations-for-kolhapuri-chappal-project/2025121152489 ; https://www.mindfood.com/article/1020380/ ; https://www.reuters.com/world/india/sandal-scandal-prada-credits-new-designs-indian-legacy-amid-furore-2025-06-28 ; https://www.reuters.com/sustainability/society-equity/prada-launch-930-made-india-sandals-after-backlash-2025-12-11 ; https://www.bbc.com/news/articles/ce3p1nrz5qqo,spec v3
F1.26-C18,F1.26,"Attribution and consultation as protocol, on the CARE principles","Was it appropriation? Reading A: artisan Harish Kurade, ""They stole and replicated our crafty work""; Srihita Vanguri, appropriation ""if it stops at inspiration without attribution or benefit-sharing"". Reading B: Prada acknowledged the inspiration and pointed to the design's early stage and its ""responsible design practices"" and ""cultural engagement"".",contested,Contested (both readings),"Al Jazeera, claim 17",spec v3
F1.27-C01,F1.27,Counter-history research piece on one lineage,"The unit's framing: a lineage is a set of attributions written by people at dates. A counter-history redraws it one edge at a time, each with a source and a confidence.",interpretive,Interpretive,Our own argument,spec v3
F1.27-C02,F1.27,Counter-history research piece on one lineage,"Cai Lun was traditionally credited with paper about 105 CE. In 1986 a fragment (2.6 × 5.6 cm) was found on the chest of the person buried in a Fangmatan tomb dated 179–141 BCE, roughly 250–280 years earlier. Yee (1994) calls it ""what some believe to be a map"", described as yellow paper. Reading 1: paper, drawn with a map (the excavators; Britannica's summary). Reading 2: Chen and Li (1990) argue such ""paperlike objects"" are not paper and the lines may be stains from the coffin's black paint; Wang Ju Hua (1990) disputes the dating.",contested,"Documented (the find, 1986); contested (whether paper, whether a map, the date)","https://press.uchicago.edu/books/HOC/HOC_V2_B2/HOC_VOLUME2_Book2_chapter3.pdf (Yee, *History of Cartography* 2.2, 1994, ch. 3, p. 40); https://www.britannica.com/today-in-history/April-28-Chinese-Tomb-Discovery-Upends-the-History-of-Paper",spec v3
F1.27-C03,F1.27,Counter-history research piece on one lineage,"The Sogdian Ancient Letters are ink on paper, found by Stein in 1907 at a watchtower west of Dunhuang. Miwnay wrote Letter 3 to the husband who left her ""destitute"". Dated ""312 or 313 CE"" (Smithsonian) and ""313 to 314 CE"" (British Library).",documented,Documented (sources differ by a year),https://sogdians.si.edu/ancient-letters/ ; https://idp.bl.uk/collection/21B7971EF80B4C37B654D88A40D3A556/,spec v3
F1.27-C04,F1.27,Counter-history research piece on one lineage,"Devastich, lord of Panjikent until the Arabs captured him in 722, ""left an archive of 76 writings in Sogdian, Arabic and Chinese on leather, wood and paper"".",documented,Documented,"https://edspace.american.edu/silkroadjournal/wp-content/uploads/sites/984/2017/09/Silk-Road-or-Paper-Road.pdf (Bloom, *The Silk Road* 3/2)",spec v3
F1.27-C05,F1.27,Counter-history research piece on one lineage,"Talas, two readings. Al-Tha'alibi (d. 1038), in his *Laṭāʾif al-maʿārif*, cites the author of a *Kitāb al-masālik wa-l-mamālik*: Chinese prisoners of war ""captured by Ziyad ibn Salih and brought to Samarqand"" included artisans who made paper there. Ziyad commanded at Talas (751); the battle's name is the modern link. Bloom: the anecdote ""is without factual basis and paper had been known—and made—in Central Asia for centuries."" Hansen: ""Most scholars today think"" it moved west before 751.",contested,Contested (both readings),"https://archive.org/details/lataif-al-maarif-thaalibi-1968-english (Bosworth's translation, Edinburgh 1968); https://www.iranicaonline.org/articles/paper-and-papermaking/ ; Bloom (claim 4); https://festival.si.edu/2002/the-silk-road/paper/smithsonian",spec v3
F1.27-C06,F1.27,Counter-history research piece on one lineage,"""Papermaking was begun in Baghdad itself by the late 8th century."" Its Suq al-warraqin had ""more than one hundred shops for paper- and booksellers"".",documented,Documented (one source),Bloom (claim 4),spec v3
F1.27-C07,F1.27,Counter-history research piece on one lineage,"""The oldest dated copy of the Quran transcribed on paper"" was made in 971–72, probably in Iran, by Ali ibn Shadhan al-Razi. Cleveland's two folios match the change: 1933.493 on parchment (800s), 1933.488 on paper (1100s).",documented,Documented,Bloom (claim 4); https://openaccess-api.clevelandart.org/api/artworks/?q=1933.493&cc0=1 ; https://openaccess-api.clevelandart.org/api/artworks/?q=1933.488&cc0=1,spec v3
F1.27-C08,F1.27,Counter-history research piece on one lineage,"The ""Missal of Silos"" is Santo Domingo de Silos, Biblioteca del Monasterio, MS 6. It is dated to the late 10th or the 11th century; folios 1r–37v are ""an early type of paper, likely made from pulped rag"", probably imported from the Muslim world. Where it was made is not known (the Nájera attribution is argued). Bloom: ""Arab"" paper appears in Spanish Christian manuscripts of the late 10th century.",probable,Documented (the paper section); probable (imported paper); origin not known,"https://www.cambridge.org/core/journals/early-music-history/article/scribal-identity-and-scribal-roles-in-early-medieval-iberia-a-case-study-of-santo-domingo-de-silos-biblioteca-del-monasterio-ms-6/0AD896BDC49EA3C5F5127A9910322BD0 (*Early Music History* 41, 2022, CC BY 4.0); Bloom (claim 4)",spec v3
F1.27-C09,F1.27,Counter-history research piece on one lineage,"Mariani's article ""Italy, the Birthplace of Western Paper"" (*Hand Papermaking*, Winter 2016) credits Fabriano with hammer beaters, gelatin sizing and watermarks. Its own text places Arab mills at Xàtiva ""around the year 1050"".",documented,Documented (the title's framing read as data),https://www.handpapermaking.org/magazine-articles/italy-the-birthplace-of-western-paper-tracing-the-development-and-spread-of-fabriano-paper,spec v3
F1.27-C10,F1.27,Counter-history research piece on one lineage,"The three-crescents watermark (""tre lune"") was used by Venetian papermakers for paper sold ""to the lands of the Ottoman Empire"". It appears in Egyptian documents ""as early as 1631"" and stays common into the 19th century.",documented,Documented,"https://blogs.lib.umich.edu/beyond-reading-room/watermark-wednesdays-three-crescents (Kropf, 2014)",spec v3
F1.27-C11,F1.27,Counter-history research piece on one lineage,"In Saharan cities, copying books drove demand for imported paper, ""mostly Italian""; paper ""was never locally produced there"". Early 20th-century paper for the Nigerian market bore the Hausa maxim ""Hakuri Maganin Dunya"" as a watermark.",documented,"Documented (a review of Krätli and Lydon, 2011)",https://open.bu.edu/server/api/core/bitstreams/fd434ace-1fc1-414e-848e-4f239c5a90ec/content (Ngom),spec v3
F1.27-C12,F1.27,Counter-history research piece on one lineage,"Is āmatl paper? Reading A: it was ""not produced from macerated and matted fibers"", so it is ""proto-paper"" (Jackson, 2024). Reading B: the Nahuatl word itself means bark paper, and the sheet did paper's work in codices; a summary source records the classification as disputed.",contested,Contested (both readings),https://rbm.acrl.org/index.php/rbm/article/view/26582/34499 ; https://en.wikipedia.org/wiki/Amate,spec v3
F1.27-C13,F1.27,Counter-history research piece on one lineage,In July 1562 Diego de Landa had Maya books burned at Maní; four pre-Columbian Maya codices survive. The Maya Codex of Mexico was confirmed genuine in 2018.,documented,Documented,https://en.wikipedia.org/wiki/Maya_codices ; TXT115 (not opened),spec v3
F1.27-C14,F1.27,Counter-history research piece on one lineage,"Otomí makers in San Pablito, Puebla, make amate as ""an assertion of the collective rights of the community"". Spanish authorities banned its production. Nahua painters in Guerrero began painting on it in the 1960s.",documented,Documented,"Jackson (claim 12); Wikipedia ""Amate"" (claim 12)",spec v3
F1.27-C15,F1.27,Counter-history research piece on one lineage,"Cleveland: Hawaiian women beat paper-mulberry bark with four-sided beaters. ""Only Hawaiian tapa cloth beaters were incised with a variety of 'watermark' patterns."" The word ""watermark"" is the museum's analogy.",documented,Documented (record); interpretive (the analogy),https://openaccess-api.clevelandart.org/api/artworks/?q=1971.152&cc0=1,spec v3
F1.27-C16,F1.27,Counter-history research piece on one lineage,"Barkcloth making in Uganda was proclaimed in 2005 and inscribed in 2008. Craftsmen of the Ngonge clan, headed by a hereditary kaboggoza, made it for the royal family. It is worn at coronations, healing ceremonies and funerals.",documented,Documented,https://ich.unesco.org/en/RL/barkcloth-making-in-uganda-00139,spec v3
F1.27-C17,F1.27,Counter-history research piece on one lineage,"Xuan paper making was inscribed in 2009 (4.COM 13.25). Washi was inscribed in 2014 (9.COM 10.22, extending Sekishu-Banshi, 2009) and re-inscribed on an extended basis in 2025 (20.COM 7.b.51, file 02291, which ""incorporates and replaces"" the 2014 entry). Korea's hanji nomination (file 2264) is under process for the 21st Committee, November/December 2026.",documented,Documented (hanji pending),https://ich.unesco.org/en/RL/traditional-handicrafts-of-making-xuan-paper-00201 ; https://ich.unesco.org/en/decisions/20.COM/7.B.51 ; https://ich.unesco.org/en/files-2026-under-process-01395,spec v3
F1.27-C18,F1.27,Counter-history research piece on one lineage,"""It is not sufficient for design institutions to simply include a greater diversity of actors or perspectives"" (Abdulla, Ansari and others, *Journal of Futures Studies*, 2019).",documented,Documented (quotation),https://jfsdigital.org/wp-content/uploads/2019/04/12-Ansari-Decolonising-Design.pdf,spec v3
F1.27-C19,F1.27,Counter-history research piece on one lineage,"Our reading: adding amate or Saharan copyists as nodes is pluralism. Redrawing ""paper"" as a contested definition, or naming who held authority over the record, is a category change. Both are legitimate pieces; the learner says which.",interpretive,Interpretive,"Claims 12, 18",spec v3
F1.28-C01,F1.28,Primary sources and archives,"The unit's framing: a source carries layers (writer, audience, language, custody, catalogue). Grading reads those layers; it does not settle what happened.",interpretive,Interpretive,Our own argument,spec v3
F1.28-C02,F1.28,Primary sources and archives,"Rubruck, a Flemish Franciscan, travelled to the Mongol court in 1253–55, ""primarily in the hope of promoting their conversion to Christianity"". The free text is Rockhill's 1900 Hakluyt translation.",documented,Documented,https://depts.washington.edu/silkroad/texts/rubruck.html ; https://www.loc.gov/item/01019024/,spec v3
F1.28-C03,F1.28,Primary sources and archives,"Rubruck: ""master William the Parisian had made for him a great silver tree"", with four silver lions, four conduits (wine, *cara cosmos*, *bal*, rice mead ""called terracina""), an angel with a trumpet, and a man hidden in a vault. ""In the first place he made bellows, but they did not give enough wind.""",documented,Documented (as Rubruck's report),Silk Road Seattle text (claim 2),spec v3
F1.28-C04,F1.28,Primary sources and archives,"Rubruck reports Boucher was captured ""in Hungary, in a city called Belgrade"", given to Mangu's mother, and on her death ""became the property of"" Arigh Böke. Paquette of Metz, ""made a prisoner in Hungary"", told Rubruck that Boucher's brother lived ""on the Grand Pont"", and that Mangu gave him ""three hundred iascot"" and ""fifty workmen"".",documented,"Documented (report, partly hearsay)",Silk Road Seattle text,spec v3
F1.28-C05,F1.28,Primary sources and archives,"The DAI says the ""Great Hall"", read since 1933 as Ögedei's palace, was ""almost completely uncovered between 2001 and 2005"" and is ""a large Buddhist temple""; coins of about 1254 lay in its foundation deposits.",documented,Documented,https://orchontal.de/en/monuments/karakorum/great-hall/,spec v3
F1.28-C06,F1.28,Primary sources and archives,"Bemmann and Reichert: the palace ""has to be looked for underneath"" Erdene Zuu. The quarter ""probably identical with the artisans' quarter mentioned by Rubruck"" was excavated 2000–2005. Neither source reports remains of the tree.",documented,Documented,https://link.springer.com/article/10.1007/s41826-020-00039-x,spec v3
F1.28-C07,F1.28,Primary sources and archives,"Rubruck: the city had two quarters, the Saracens' with the markets and the Cathayans', ""all of whom are artisans"".",documented,Documented,Silk Road Seattle text,spec v3
F1.28-C08,F1.28,Primary sources and archives,"Rockhill (1900) and Jackson (1990) differ: ""not as big as"" against ""not as fine as"" Saint-Denis; ""forty Hacsasins"" against ""four hundred Assassins""; arrival ""7th May"" against ""May 17th"".",documented,Documented,Silk Road Seattle text (Jackson's readings given in brackets),spec v3
F1.28-C09,F1.28,Primary sources and archives,"WorldHistory.org says Ögedei ""had a huge silver fountain shaped like a tree set up in his palace"", then quotes Rubruck, whose text names Mangu.",documented,Documented,https://www.worldhistory.org/Karakorum/,spec v3
F1.28-C10,F1.28,Primary sources and archives,"Vitruvius 1.3.2: ""Haec autem ita fieri debent ut habeatur ratio firmitatis utilitatis venustatis.""",documented,Documented,https://penelope.uchicago.edu/Thayer/L/Roman/Texts/Vitruvius/1*.html,spec v3
F1.28-C11,F1.28,Primary sources and archives,"Wotton (London, John Bill, 1624): ""Well building hath three Conditions. Commoditie, Firmenes, and Delight"", a division ""somewhat misplaced by Vitruvius himselfe"". He moves use to the front, on purpose.",documented,"Documented (wording); interpretive (""on purpose"" is our reading of his note)",https://archive.org/details/architectureelem00wott,spec v3
F1.28-C12,F1.28,Primary sources and archives,"Gwilt (1826): ""strength, utility, and beauty"". Morgan (Harvard, 1914): ""durability, convenience, and beauty"" (Project Gutenberg ebook 20239, ""Public domain in the USA"").",documented,Documented,https://lexundria.com/vitr/1.3.2/cf ; https://www.gutenberg.org/files/20239/20239-h/20239-h.htm,spec v3
F1.28-C13,F1.28,Primary sources and archives,"LacusCurtius gives Wotton's line as ""firmness, commodity, and delight""; the 1624 print puts ""Commoditie"" first.",documented,Documented,https://penelope.uchicago.edu/Thayer/e/roman/texts/vitruvius/home.html ; claim 11,spec v3
F1.28-C14,F1.28,Primary sources and archives,"The Library of Congress record for the Florentine Codex (1577, Biblioteca Medicea Laurenziana) lists one creator, Sahagún. Its summary says the Nahua students made the 2,468 illustrations and transcribed Nahuatl.",documented,Documented,https://www.loc.gov/item/2021667837/,spec v3
F1.28-C15,F1.28,Primary sources and archives,"What the Spanish column is, two readings. The LoC record: ""Sahagún's Spanish translation"". The Getty editors: ""much shorter"", and the two texts ""present divergent information and were aimed at different audiences"".",contested,Contested (both readings),LoC (claim 14); https://www.getty.edu/news/competing-narratives-about-the-conquest-of-mexico-and-the-fall-of-the-aztec-empire/,spec v3
F1.28-C16,F1.28,Primary sources and archives,"The Getty names seven Nahua authors and artists: Antonio Valeriano, Alonso Vegerano, Martín Jacobita, Pedro de San Buenaventura, Diego de Grado, Bonifacio Maximiliano, Mateo Severino. Its edition cites Ms. Mediceo Palatino 218–20.",documented,Documented,Getty article (claim 15); https://florentinecodex.getty.edu/book/10/folio/123r,spec v3
F1.28-C17,F1.28,Primary sources and archives,"*Tiangong kaiwu* (1637): 121 illustrations, over 130 technologies, compiled while Song Yingxing was an instructor in Jiangxi, funded by Tu Shaokui. The digitised copy is the National Library of China's.",documented,Documented,https://www.loc.gov/item/2021666134/,spec v3
F1.28-C18,F1.28,Primary sources and archives,"The *Satire of the Trades* sets a coppersmith's crocodile-like fingers and stench against the scribe's office. Our reading: written by scribes for scribes' sons, it is evidence of scribal views of craftwork more than of craftwork.",documented,Documented (text); interpretive (reading),"https://africame.factsanddetails.com/article/entry-1200.html (quoting Erman, 1927, pp. 67f.); scan: https://archive.org/details/in.ernet.dli.2015.532519",spec v3
F1.28-C19,F1.28,Primary sources and archives,"Gaunitz et al. (*Science* 360:6384, 2018, 111–114) generated 42 ancient horse genomes, 20 from Botai. Their abstract: ""Przewalski's horses are the feral descendants of horses herded at Botai and not truly wild horses""; domestic horses from about 4,000 years ago on show only about 2.7% Botai-related ancestry. Genomes revised a long-taught ""first"" (INV071).",documented,Documented (the finding); the wider domestication debate is not opened here,https://pubmed.ncbi.nlm.nih.gov/29472442 ; https://www.science.org/doi/10.1126/science.aao3297,spec v3
F1.28-C20,F1.28,Primary sources and archives,"Cleveland 1989.50, cloth of gold, 1225–75, ""Central Asia"", CC0: the label suggests a Central Asian imperial workshop where Iranian and Chinese craftsmen worked. The provenance begins with Lisbet Holmes Textiles, London, ""?–June 29, 1989"".",documented,Documented,https://openaccess-api.clevelandart.org/api/artworks/1989.50,spec v3
F1.28a-C01,F1.28a,Reconstruction: making to know,The unit's framing: a reconstruction is evidence of what is possible and a record of the remaker's decisions. It must say so on its label.,interpretive,Interpretive,Our own argument,spec v3
F1.28a-C02,F1.28a,Reconstruction: making to know,"Ms. Fr. 640: by an anonymous ""author-practitioner"" in Toulouse; begun ""sometime after 1579"", probably until 1588; 170 folios; given to the King's Library in 1662. Edition (2020): diplomatic and normalised French, English, ""more than 100 research essays""; DOI 10.7916/78yt-2v41.",documented,Documented,https://edition640.makingandknowing.org/content/about ; https://ideasimagination.columbia.edu/news/making-and-knowing-project-launch-of-english-translation-of-bnf-ms-fr-640/ (Toulouse),spec v3
F1.28a-C03,F1.28a,Reconstruction: making to know,"Licences: edition pages state ""Licensed under CC BY-NC-SA 4.0"". The 2020 data and site repositories state none. EditionCrafter and msfr640-editioncrafter-data state MIT (""Copyright (c) 2022""). Facsimiles are pulled from Gallica by IIIF.",documented,Documented; data vs content licence unresolved,https://edition640.makingandknowing.org/content/about/credits ; https://api.github.com/repos/cu-mkp/m-k-manuscript-data ; https://github.com/orgs/cu-mkp/repositories ; https://raw.githubusercontent.com/cu-mkp/msfr640-editioncrafter-data/main/LICENSE,spec v3
F1.28a-C04,F1.28a,Reconstruction: making to know,"The project's position: ""making is itself a form of knowledge and not just an application of knowledge"". Students' essays report ""experiments in reconstructing"" its recipes.",documented,Documented (as the project's position),Same as claim 2,spec v3
F1.28a-C05,F1.28a,Reconstruction: making to know,"Ms. Fr. 640 drowns the lizard ""in brandy or 'good vinegar & urine'"" and poses it ""on a clay slab"". On sand it says: ""not too fatty … not too lean & consequently without bond"".",documented,Documented (Smith's translation),"https://the-past.com/feature/secrets-of-their-craft/ (Pamela Smith, *Minerva*, 2023)",spec v3
F1.28a-C06,F1.28a,Reconstruction: making to know,"Smith and Beentjes reconstructed the manuscript's life-casting recipes alongside surviving casts. They argue life-casting was ""viewed in part as a means to the knowledge of nature"". *Renaissance Quarterly* 63:1 (2010), 128–179.",documented,Documented (argument),https://www.journals.uchicago.edu/doi/10.1086/652535,spec v3
F1.28a-C07,F1.28a,Reconstruction: making to know,"""Life-cast rose created in a tin-lead alloy by Giulia Chiostrini and Jef Palframan … according to processes described in BnF Ms. Fr. 640 (fols.155r and 155v), 2015.""",documented,Documented,Same as claim 5,spec v3
F1.28a-C08,F1.28a,Reconstruction: making to know,"Cleveland 1987.5: toad, bronze, ""c. 1500–1550 or later"", Italy, possibly Padua. ""Drowning the toad in ammonia left the animal's body intact."" Archduke Leopold Wilhelm (1659), Imperial Treasury, Ambras, Kunsthistorisches Museum (sold 1923), Weininger, Zietz, Cleveland 1987.",documented,Documented,https://openaccess-api.clevelandart.org/api/artworks/?q=1987.5&cc0=1,spec v3
F1.28a-C09,F1.28a,Reconstruction: making to know,"Our reading: the label's ""ammonia"" translates the manuscript's ""urine"" into a modern chemical name. Neither text says how long, or how strong.",interpretive,Interpretive,"Claims 5, 8",spec v3
F1.28a-C10,F1.28a,Reconstruction: making to know,"Schmidt and Avery (*Science* 201, 1978): Haya forebears ""1500 to 2000 years ago practiced a highly advanced iron smelting technology based on preheating principles and … produced carbon steel.""",contested,Contested (see 12),https://api.crossref.org/works/10.1126/science.201.4361.1085,spec v3
F1.28a-C11,F1.28a,Reconstruction: making to know,"The smelts used elders who ""had smelted in their youth""; the Haya smelted ""regularly until the 1950s"". Schmidt called them ""interactive performances conducted in an environment far removed from experience, routine, and memory"".",documented,Documented (via review),"https://archaeologydataservice.ac.uk/archives/view/assemblage/html/4/4schmidt.html (Dungworth, *Assemblage* 4, 1998)",spec v3
F1.28a-C12,F1.28a,Reconstruction: making to know,"Two readings. Rehder modelled preheating as ""little more than an extra 10° C""; Killick added criticisms. Dungworth: slag and tuyères ""indicate that pre-heating did occur"", and the critiques do not disprove it.",contested,Contested (both readings),Same as claim 11,spec v3
F1.28a-C13,F1.28a,Reconstruction: making to know,"PVS was founded in 1973 to test ""by accident or by design"", against Sharp's drift theory. Hōkūleʻa, designed by Herb Kawainui Kāne, launched 8 March 1975, is ""a performance-accurate deep sea voyaging canoe built in the tradition of ancient Hawaiian wa'a kaulua"".",documented,Documented,https://archive.hokulea.com/found.html ; https://hokulea.com/voyaging-canoes/,spec v3
F1.28a-C14,F1.28a,Reconstruction: making to know,"1976: Honolua Bay 1 May; Tahiti on 1 June (Ka Wai Ola) or 4 June (Finney): to reconcile. Mau Piailug of Satawal steered by the rising points of stars, with sun, moon and swells. Reading one, Kānaka Maoli: Ka Wai Ola, the Office of Hawaiian Affairs' paper, places the voyage in the Hawaiian Renaissance, ""among the first steps taken to reclaim our history"". Reading two: Finney, a PVS founder on board, describes conflict between crew who saw ""cultural reawakening"" and those who saw an experiment; his is one party's account.",contested,"Documented (event); contested (meaning, two readings)","https://kawaiola.news/moomeheu/hookele-pololei-ia-hokulea-celebrating-50-years-of-traditional-voyaging/ (Jordan Kalawaiʻa Nunies, 1 March 2025); https://archive.hokulea.com/holokai/1976/ben_finney.html",spec v3
F1.28a-C15,F1.28a,Reconstruction: making to know,"Hawaiʻiloa: the 1989–90 koa search failed, ""the koa forests have been ruined by forestry and cattle grazing"". SeAlaska Corporation (Tlingit, Haida, Tsimshian) gave two Sitka spruce logs. Sennit and olonā rope-making had been lost, so synthetic cordage was used; lauhala sails were woven. Launched July 1993.",documented,Documented,https://archive.hokulea.com/ike/kalai_waa/hawaiiloa.html,spec v3
F1.28a-C16,F1.28a,Reconstruction: making to know,"*Jewel of Muscat* (Vosmer, 2010): drawn from wreck, texts, iconography and Omani boats. The stern was ""trapped in a coral concretion""; ""no trace of masts or other spars"", no sails. Over 37,000 holes, 120 km of coconut cord; masts cracked in a squall; ""a potpourri of information"". Sailed Oman to Singapore, 2010.",documented,Documented,https://archive.asia.si.edu/Shipwrecked/downloads/08Vosmer.pdf,spec v3
F1.28a-C17,F1.28a,Reconstruction: making to know,"The wreck: an ""Arab ship"" from Canton, about 18 m, ""timber sewn together, a typical construction method of vessels from the Persian Gulf""; ""more than 50,000 hand-painted bowls""; found 1998; given to the Asian Civilisations Museum by the Estate of Khoo Teck Puat.",documented,Documented,https://www.nhb.gov.sg/acm/galleries/maritime-trade/tang-shipwreck,spec v3
F1.28a-C18,F1.28a,Reconstruction: making to know,"Kenoyer estimates ""at least two to ten hours"" to drill 1 cm of agate with stone drills. Khambhat craftspeople ""were instrumental in carrying out different experimental studies by scholars like Kenoyer and Vidale"".",documented,Documented (secondary summary),https://asc.iitgn.ac.in/assets/research/completed_projects/Overview_of_Stone_Bead_Drilling_Technology_from_earliest_to_Harappan_times_VN_Prabhakar_2016.pdf (Prabhakar 2016),spec v3
F1.28a-C19,F1.28a,Reconstruction: making to know,"Experimental archaeology works ""within the context of a controllable imitative experiment""; house reconstructions are ""a by-product only""; results cannot give ""complete knowledge of our past"".",documented,Documented,"https://exarc.net/issue-2019-1/ea/experimental-archaeology-who-does-it-what-use (Paardekooper 2019, CC BY 4.0)",spec v3
F1.28a-C20,F1.28a,Reconstruction: making to know,"Cleveland 1940.469, Inka khipu, c. 1400–1532, cotton and wool, gift of John Wise, no provenance entries. The Open Khipu Repository: ""the khipu recording system remains undeciphered"".",documented,Documented,https://openaccess-api.clevelandart.org/api/artworks/?q=1940.469&cc0=1 ; https://github.com/khipulab/open-khipu-repository/blob/master/README.md,spec v3
F1.29-C01,F1.29,"Vernacular intelligence: oral history, folktale, local taxonomy, with consent","The unit's framing: testimony, story and local naming are evidence about making, entering the record only through consent, review and a right to withdraw.",interpretive,Interpretive,Our own argument,spec v3
F1.29-C02,F1.29,"Vernacular intelligence: oral history, folktale, local taxonomy, with consent","OHA Best Practices (published 30 August 2018; modified 8 December 2025): a formal record of consent ""should be completed prior to the beginning of recording"". Narrators may refuse subjects, restrict access, or ""choose a pseudonym"". Practice includes ""when possible providing the narrator an opportunity to approve the oral history prior to public release"".",documented,Documented,https://oralhistory.org/best-practices/,spec v3
F1.29-C03,F1.29,"Vernacular intelligence: oral history, folktale, local taxonomy, with consent","OHA Statement on Ethics (October 2018): review options include ""the right to delete, restrict, and/or redact portions of an interview""; clarifications; keeping it ""closed to the public until a set date or to decline to release it"". It calls the narrator ""the original recording's copyright holder"".",documented,Documented,https://oralhistory.org/wp-content/uploads/2025/12/2025-OHA-PrinciplesBP_Statement-on-Ethics.pdf,spec v3
F1.29-C04,F1.29,"Vernacular intelligence: oral history, folktale, local taxonomy, with consent","UNESCO's Ethical Principles for Safeguarding ICH: principle 4 makes all interaction ""contingent upon their free, prior, sustained and informed consent"". Principle 5 respects customary access limits. Principle 8: authenticity and exclusivity ""should not constitute concerns"".",documented,Documented,https://ich.unesco.org/en/Decisions/10.COM/15.a,spec v3
F1.29-C05,F1.29,"Vernacular intelligence: oral history, folktale, local taxonomy, with consent","Our data policy, version 1: recordings stay on the learner's device. The learner uploads only a narrator-cleared excerpt and the existence of the consent record.",documented,"Documented (program decision P9, option A)","Phase 4 Foundations, item 12, rule 5 (internal)",spec v3
F1.29-C06,F1.29,"Vernacular intelligence: oral history, folktale, local taxonomy, with consent","""Art of Akyns, Kyrgyz epic tellers"": proclaimed 2003, inscribed 2008; it ""combines singing, improvisation and musical composition"". The Manas trilogy (inscribed 2013) runs ""up to thirteen hours"", passed ""from master to apprentice"". Manas as ""1000-year-old"" is UNESCO's phrase, quoted.",documented,Documented (listings); the age and length as UNESCO's statement,https://ich.unesco.org/en/RL/00065 ; https://ich.unesco.org/en/RL/kyrgyz-epic-trilogy-manas-semetey-seytek-00876,spec v3
F1.29-C07,F1.29,"Vernacular intelligence: oral history, folktale, local taxonomy, with consent","""Ala-kiyiz and Shyrdak, art of Kyrgyz traditional felt carpets"": Urgent Safeguarding List, 2012. The summary names two types and ""the semantics of ornamentation"". The reports on the page: ala-kiyiz uses an ""imbedding technique""; women are ""the principal bearers""; men prepare wool and press felt.",documented,Documented,https://ich.unesco.org/en/USL/ala-kiyiz-and-shyrdak-art-of-kyrgyz-traditional-felt-carpets-00693,spec v3
F1.29-C08,F1.29,"Vernacular intelligence: oral history, folktale, local taxonomy, with consent","Xuanzang (Beal, 1884, vol. 2): Khotan once ""knew nothing about mulberry trees or silkworms"". A Chinese princess ""concealed them in her head-dress"". The kingdom keeps silkworms ""which nobody is allowed to kill"". The event is a legend; the text is documented.",documented,Documented (as text),"https://archive.org/details/siyukibuddhistre02hsuoft (scan pp. 346–347, via the item's full-text search)",spec v3
F1.29-C09,F1.29,"Vernacular intelligence: oral history, folktale, local taxonomy, with consent","British Museum 1907,1111.73, a painted wooden votive panel from Dandan-Uiliq (Stein, 1900–01; museum 1907). It shows the princess, her head-dress, a basket of cocoons and a loom. Dated 6th century (Whitfield 1985) or 7th–8th (Ghose 2004).",documented,Documented (two datings),https://www.britishmuseum.org/collection/object/A_1907-1111-73,spec v3
F1.29-C10,F1.29,"Vernacular intelligence: oral history, folktale, local taxonomy, with consent","Cleveland 1977.5, attributed to Liang Kai, early 1200s: 14 steps from raising silkworms to weaving. It follows Lou Shou's *Pictures of Tilling and Weaving* (about 1145), which Cleveland calls ""the first recorded painting of this genre""; we say earliest recorded.",documented,Documented,https://openaccess-api.clevelandart.org/api/artworks/?q=1977.5&cc0=1,spec v3
F1.29-C11,F1.29,"Vernacular intelligence: oral history, folktale, local taxonomy, with consent","SAAM 2011.47.76, *Gullah Fanner Basket*, Lynette Youson, 2002: sweetgrass, bulrush, pine needles, palmetto. Fanners separated rice from husks. Youson learned at five from her great-grandmother. Usage: ""Usage conditions apply"".",documented,Documented,https://americanart.si.edu/artwork/gullah-fanner-basket-82599 ; https://www.si.edu/object/saam_2011.47.76,spec v3
F1.29-C12,F1.29,"Vernacular intelligence: oral history, folktale, local taxonomy, with consent","NMAAHC 2014.96.2, ""Rice fanner basket made in Senegal"", 2010, maker ""Unidentified"". The record says the media is in the public domain.",documented,Documented,https://nmaahc.si.edu/object/nmaahc_2014.96.2,spec v3
F1.29-C13,F1.29,"Vernacular intelligence: oral history, folktale, local taxonomy, with consent","What fanners prove, two readings. Carney's *Black Rice* (2001), in its publisher's summary: rice was ""introduced here by Africans and cultivated by African-American slaves"" (quoted, not our term). Eltis, Morgan and Richardson (*AHR* 112:5, 2007): ""no compelling evidence"" that whole systems transferred, while granting an African sowing style and mortar-and-pestle processing.",contested,Contested (both readings),https://geog.ucla.edu/sites/default/files/users/carney/440.pdf ; https://historycooperative.org/journal/african-diaspora/,spec v3
F1.29-C14,F1.29,"Vernacular intelligence: oral history, folktale, local taxonomy, with consent","""One of many Benin court oral histories"" says a foreign artisan (the Met's wording; other accounts point to Ife, to source), ""Ahammangiwa or Igueghae"", introduced lost-wax casting in the 13th century. Knowledge passes ""from father to son"" (CL-129).",documented,Documented (date as oral history),https://www.metmuseum.org/perspectives/bronze-casters-igun-street,spec v3
F1.29-C15,F1.29,"Vernacular intelligence: oral history, folktale, local taxonomy, with consent","Te Kohinga Harakeke o Aotearoa holds 50 harakeke ""selected long ago from natural stands and cultivated by Māori weavers"", donated by Rene Orchiston. Weavers use named forms ""selected for leaf pliability, colour and fibre quality"". (Individual cultivar names are linked, not quoted: AR-041.)",documented,Documented,https://www.landcareresearch.co.nz/resources/collections/harakeke/rene-orchiston-collection-catalogue ; https://rauropiwhakaoranga.landcareresearch.co.nz/names/9cceb4b5-de56-4dc9-803c-d4ede83cbb96,spec v3
F1.29-C16,F1.29,"Vernacular intelligence: oral history, folktale, local taxonomy, with consent","Te Papa and Manaaki Whenua researchers (2022): wild harakeke differs genetically by region, ""promising"" for the provenance of kākahu and kete.",probable,Documented (findings); probable (future use),https://blog.tepapa.govt.nz/2022/12/01/what-can-dna-reveal-about-harakeke-and-taonga-maori/,spec v3
F1.29-C17,F1.29,"Vernacular intelligence: oral history, folktale, local taxonomy, with consent","Hanunóo colour terms ""also encode dryness/desiccation and wetness/freshness"" (Conklin 1955). Two readings: Berlin and Kay's limited set of universal basic categories, against evidence that some languages lack abstract colour terms.",contested,Contested (both readings),"https://pure.mpg.de/rest/items/item_492901_8/component/file_2555396/content (Majid and Levinson, 2007)",spec v3
F1.29-C18,F1.29,"Vernacular intelligence: oral history, folktale, local taxonomy, with consent","EMKP's repository holds over 20,000 assets under CC BY-NC-SA 4.0. Access can be restricted ""for a limited or indefinite period"". Copies go to the country of research and ""ideally"" to the knowledge holders.",documented,Documented,https://www.emkp.org/repository/ ; https://www.emkp.org/faqs/,spec v3
F1.29-C19,F1.29,"Vernacular intelligence: oral history, folktale, local taxonomy, with consent","Billie Ruth Sudduth, basket maker, interviewed by Mija Riedel, 26–27 July 2007 (Nanette L. Laitman Documentation Project). She ""has reviewed the transcript and has made corrections and emendations.""",documented,Documented,https://www.aaa.si.edu/collections/interviews/oral-history-interview-billie-ruth-sudduth-13623,spec v3
F1.30-C01,F1.30,Re-timing the Atlas: other calendars and periodisations,Caliph 'Umar set the Hijra as the era's epoch around 638 (17 AH). The year has 354 or 355 days and moves through the seasons in about 33 years.,documented,documented,https://en.wikipedia.org/wiki/Islamic_calendar — summary,spec v3
F1.30-C02,F1.30,Re-timing the Atlas: other calendars and periodisations,"The tabular Islamic calendar begins Friday 16 July 622 (Julian); religious months begin with the sighted crescent. By the tabular rule, 690 AH runs 4 January–23 December 1291 and 1065 AH runs 1 November 1654–20 October 1655 (Julian).",documented,"documented (our computation on Fourmilab's algorithm, rerun by script on 3 Oct 2026 with the same results; observed dates can differ by a day or two)",https://www.fourmilab.ch/documents/calendar/ — full text,spec v3
F1.30-C03,F1.30,Re-timing the Atlas: other calendars and periodisations,"Met 444408 is ""dated 690 AH/1291 CE"". Its maker, the Rasulid prince 'Umar ibn Yusuf (ruled 1295–96), wrote a treatise on making astrolabes. The record's range, 1290–1292, is wider than the Hijri year.",documented,documented,https://collectionapi.metmuseum.org/public/collection/v1/objects/444408 ; https://www.metmuseum.org/art/collection/search/444408 — full record,spec v3
F1.30-C04,F1.30,Re-timing the Atlas: other calendars and periodisations,"Met 451699, by Muhammad Zaman al-Munajjim al-Asturlabi, is ""dated 1065 AH/1654–55 CE"", attributed to Mashhad.",documented,documented,https://collectionapi.metmuseum.org/public/collection/v1/objects/451699 — full record,spec v3
F1.30-C05,F1.30,Re-timing the Atlas: other calendars and periodisations,"The Jalali calendar was adopted on 15 March 1079 under Malik-Shah I, advised by astronomers including Omar Khayyam. Iran adopted the Solar Hijri calendar by law on 31 March 1925; Afghanistan in 1922 (1301 Š.). Its year begins at the March equinox.",documented,"documented (1925 adoption, equinox rule and Afghanistan's 1922 confirmed in a converter's documentation and Iranica; the day-dates 15 March 1079 and 31 March 1925 rest on the summaries)",https://www.fourmilab.ch/documents/calendar/ (full text); https://www.iranicaonline.org/articles/calendars-iii-afghan-calendars (full text); https://en.wikipedia.org/wiki/Jalali_calendar ; https://en.wikipedia.org/wiki/Solar_Hijri_calendar — summary,spec v3
F1.30-C06,F1.30,Re-timing the Atlas: other calendars and periodisations,"The earliest Chinese era name, Jianyuan, was proclaimed by Emperor Wu of Han. Sources give 140 BCE or, ""more formally"", 110 BCE. China replaced era names in 1912.",contested,contested date: give both,https://en.wikipedia.org/wiki/Chinese_era_name — summary,spec v3
F1.30-C07,F1.30,Re-timing the Atlas: other calendars and periodisations,"The sexagenary cycle pairs ten stems with twelve branches. It dates days on Shang oracle bones, and years from about the mid-3rd century BCE. The oracle bones' years come from radiocarbon (CL-103).",documented,documented,https://en.wikipedia.org/wiki/Sexagenary_cycle — summary,spec v3
F1.30-C08,F1.30,Re-timing the Atlas: other calendars and periodisations,"Cleveland 1957.61 and 1964.218 carry one mark, ""Da Ming Chenghua nian zhi"". Cleveland dates the first 1465–87 and the pair 1662–1722 (Kangxi reign), calling their mark ""apocryphal"".",documented,documented. Why Kangxi potters used the older mark is interpretive (the canon says homage),https://openaccess-api.clevelandart.org/api/artworks/1957.61 ; https://openaccess-api.clevelandart.org/api/artworks/1964.218 — full records,spec v3
F1.30-C09,F1.30,Re-timing the Atlas: other calendars and periodisations,"Japan's earliest era name is Taika (645). One era per reign has applied since 1868, by law since 1979 (Act on Era Names, Act No. 43 of 12 June 1979: era names change ""only when there has been a succession to the Imperial Throne""). Reiwa began on 1 May 2019; an era's first year is *gannen*.",documented,documented (Taika and *gannen* rest on the summary),https://www.japaneselawtranslation.go.jp/en/laws/view/4844/en (official translation); https://japan.kantei.go.jp/98_abe/statement/201904/_00001.html ; https://en.wikipedia.org/wiki/Japanese_era_name — full text; summary,spec v3
F1.30-C10,F1.30,Re-timing the Atlas: other calendars and periodisations,"India adopted its national calendar on 22 March 1957 (1 Chaitra 1879 Śaka; Fourmilab: ""officially adopted on 1 Caitra, 1879 Saka Era""), after the Calendar Reform Committee headed by Meghnad Saha (Saha's role rests on the summary). Wikipedia puts Śaka year 0 in 78 CE; Fourmilab counts from the equinox of 79. Both state one convention (elapsed versus current years).",documented,documented,https://en.wikipedia.org/wiki/Indian_national_calendar ; Fourmilab (above) — summary; full text,spec v3
F1.30-C11,F1.30,Re-timing the Atlas: other calendars and periodisations,"The Ethiopian year number is eight below the Gregorian until 10 or 11 September, then seven. New Year is 11 September (12 before a Gregorian leap year); the thirteenth month is Pagume. The era follows Annianus of Alexandria (c. 400). It is Ethiopia's official civil calendar.",documented,documented,https://en.wikipedia.org/wiki/Ethiopian_calendar — summary,spec v3
F1.30-C12,F1.30,Re-timing the Atlas: other calendars and periodisations,"The Hebrew calendar is lunisolar, with a leap month in 7 of every 19 years, counting *Anno Mundi* from 3761 BCE. Tradition credits Hillel II with fixing it ""in the year 670 of the Seleucid era"" (358–359 CE); scholars question this. Hebcal gives 2 October 2026 as 21 Tishrei 5787.",contested,documented; Hillel date contested,https://en.wikipedia.org/wiki/Hebrew_calendar (summary); https://www.hebcal.com/converter?cfg=json&gy=2026&gm=10&gd=2&g2h=1 (full record),spec v3
F1.30-C13,F1.30,Re-timing the Atlas: other calendars and periodisations,"A k'atun is 7,200 days, about 19.7 years. The GMT correlation (584,283) is the consensus; 584,285 and others exist. The earliest known Long Count dates are on non-Maya monuments: Chiapa de Corzo Stela 2 (36 BCE) and Tres Zapotes Stela C (32 BCE).",probable,documented; correlation probable (most specialists),https://en.wikipedia.org/wiki/Mesoamerican_Long_Count_calendar — summary,spec v3
F1.30-C14,F1.30,Re-timing the Atlas: other calendars and periodisations,"Kennett and others (2013) radiocarbon-dated a sapodilla-wood lintel at Tikal bearing the Long Count 9.13.3.7.18. A Bayesian model put the carving at AD 658–696, which ""strongly supports"" the GMT correlation.",documented,documented,https://www.nature.com/articles/srep01597 — full text (CC BY-NC-ND 3.0),spec v3
F1.30-C15,F1.30,Re-timing the Atlas: other calendars and periodisations,"Cleveland 1967.29 is the front face of a stela from El Perú-Waka', dated 692, marking a k'atun's end and showing Lady K'abel. Cleveland bought it in 1967 from John A. Stokes Jr.; it is rebuilt from more than 40 fragments. A blog says it ""was looted from El Perú-Waka' in the sixties""; Trafficking Culture's encyclopaedia calls it ""a different looted stela from El Perú-Waka' now in the Cleveland Museum"" (https://traffickingculture.org/encyclopedia/case-studies/el-peru-waka-stela-fragment-returned-to-guatemala-in-1999/, image caption).",probable,"documented (record); looting probable (a scholarly encyclopaedia's caption, not a primary record)",https://openaccess-api.clevelandart.org/api/artworks/1967.29 (full record); https://www.livescience.com/archaeology/americas/front-face-of-a-stela-a-1-300-year-old-carving-of-a-powerful-maya-lady-supreme-warlord-that-weighs-over-2-tons (summary); https://www.anonymousswisscollector.com/2012/10/replica-monuments-and-warrior-queens-in.html (blog),spec v3
F1.30-C16,F1.30,Re-timing the Atlas: other calendars and periodisations,"Winter counts mark each year by one event; Lakota years ran first snowfall to first snowfall. Garrick Mallery matched ""The Year the Stars Fell"" to the Leonid storm of November 1833 to align counts with Western calendars. NMAI attributes Lone Dog's count to Nakota people. It holds Long Soldier's count (1798–1902) as 11/6720: its exhibition page says ""Hunkpapa Lakota"", while its collection record names the maker as Long Soldier, Oglala Lakota (ca. 1847–ca. 1925), and the culture as ""probably Hunkpapa Lakota (attributed)"".",documented,documented; the keeper's nation is recorded two ways by the holder,"https://museumsandtheweb.com/mw2005/abstracts/prg_280000983.html (Leopold, National Anthropological Archives, on Mallery); https://americanindian.si.edu/collections-search/object/NMAI_125731 (collection record); https://americanindian.si.edu/exhibitions/horsenation/wintercount.html (holder page); https://en.wikipedia.org/wiki/Winter_count (summary)",spec v3
F1.30-C17,F1.30,Re-timing the Atlas: other calendars and periodisations,"The *Secret History of the Mongols* says it was completed when, ""in the Year of the Rat"", the Great Assembly convened. Proposed years: 1228 (Cleaves, Onon); 1229 (de Rachewiltz: the assembly called for 1228 met in August 1229); 1240; 1252 (Atwood); 1264 (Hung).",contested,contested: give the readings,"https://en.wikipedia.org/wiki/Secret_History_of_the_Mongols (summary); https://cdn.angkordatabase.asia/libs/docs/Rachewiltz-The-Secret-History-of-the-Mongols.pdf (partial text; mirror of https://cedar.wwu.edu/cedarbooks/4/, CC BY-NC-ND 4.0)",spec v3
F1.30-C18,F1.30,Re-timing the Atlas: other calendars and periodisations,"The Kül Tigin inscription (Orkhon valley) dates his death: ""Kül tigin koy yılka yiti yegirmikə uçdı"", he died in the Year of the Sheep, on the seventeenth (731 CE), as published translations give it (Malov 1951; Ibodullaev 2021). Mahmud al-Kashgari's *Dīwān* (Baghdad, 1072–74) tells of a khagan who mistook a battle's year and named the years after twelve animals.",documented,"documented (the inscription's wording, through published translations; Tekin's edition not opened); the story is documented as a story, not as an origin (read through a 2024 article quoting the *Dīwān*; Dankoff and Kelly not opened; the *Dīwān*'s dates rest on the summary)","https://cyberleninka.ru/article/n/life-and-time-in-orkhon-yenisey-monuments/pdf (Ibodullaev, DOI 10.37547/ot/vol-01issue-02-12); https://exa.ai/library/publication/j7glhk4jwyl (Guliyev 2024, quoting Kashgari); https://en.wikipedia.org/wiki/D%C4%ABw%C4%81n_Lugh%C4%81t_al-Turk — full text; summary; summary",spec v3
F1.30-C19,F1.30,Re-timing the Atlas: other calendars and periodisations,"""BP"" counts back from 1 January 1950, before large-scale nuclear testing. Uncalibrated ages are ""14C yr BP""; calibrated ages ""cal BP"". IntCal20 (Reimer et al. 2020, CC BY 4.0) is the Northern Hemisphere curve for 0–55 cal kBP.",documented,documented,https://en.wikipedia.org/wiki/Before_Present (summary); https://research-repository.st-andrews.ac.uk/handle/10023/20465 (abstract),spec v3
F1.30-C20,F1.30,Re-timing the Atlas: other calendars and periodisations,"James Mill (1817) split India's past into Hindu, Muslim and British periods by rulers' religion; he never went to India. Romila Thapar says this caused ""significant distortions"".",documented,documented (Mill); interpretive (Thapar),https://en.wikipedia.org/wiki/The_History_of_British_India — summary,spec v3
F1.30a-C01,F1.30a,Counterfactual history: a history of making that did not happen,"The 11th-century writer al-Tha'alibi (d. 1038), in his *Laṭāʾif al-maʿārif*, cites the author of a *Kitāb al-masālik wa-l-mamālik*: Chinese prisoners of war ""captured by Ziyad ibn Salih and brought to Samarqand"" included artisans who made paper there, and it became Samarkand's export. Ziyad commanded at Talas (751); the text names the commander, not the battle. A 1964 magazine retold it as ""the first paper mills west of the Great Wall"".",documented,"documented (as a report, itself second-hand)","https://archive.org/details/lataif-al-maarif-thaalibi-1968-english (Bosworth's translation, Edinburgh 1968); https://www.iranicaonline.org/articles/paper-and-papermaking/ ; https://archive.aramcoworld.com/issue/196402/samarkand.751.a.d.htm",spec v3
F1.30a-C02,F1.30a,Counterfactual history: a history of making that did not happen,"Bloom calls the Talas anecdote ""without factual basis"". He cites a mailbag of 4th-century letters to a Samarkand merchant, and the archive of Devashtich of Panjikent, taken in 722. Reading 1: paper was used in Samarkand, and probably made there, before 751. Reading 2: the al-Tha'alibi tradition. Iranica calls Bloom's arguments reasonable but notes that ""he himself does not totally discount"" a role for Chinese captives, and that papermaking's spread from Samarkand is documented only after Talas.",contested,contested — both readings,"https://edspace.american.edu/silkroadjournal/wp-content/uploads/sites/984/2017/09/Silk-Road-or-Paper-Road.pdf (Bloom, *The Silk Road* 3:2, December 2005); https://www.iranicaonline.org/articles/paper-and-papermaking/",spec v3
F1.30a-C03,F1.30a,Counterfactual history: a history of making that did not happen,"Sogdian Ancient Letter 2, from Nanai-vandak to Samarkand, is ink on paper. It was found by Aurel Stein in 1907 at a watchtower west of Dunhuang. It is dated 313–314 by IDP, and ""312 or 313"" on the British Library's Sogdians page.",documented,documented (date range varies),https://idp.bl.uk/collection/A141F9841B0B4BE1BDDA4FE6E2265948/ ; https://sogdians.si.edu/ancient-letters/,spec v3
F1.30a-C04,F1.30a,Counterfactual history: a history of making that did not happen,"Du Huan, captured at Talas, wrote a travel record that survives only in extracts in Du You's *Tongdian* (801). In the Abbasid lands (probably at Kufa) he lists silk-loom weavers, gold- and silversmiths and painters, and names Chinese among them: the painters Fan Shu and Liu Ci, and the silk-loom technicians Le Huan and Lü Li, from Hedong. The surviving extracts name no papermakers, and we found no contemporary Arabic or Chinese source that does.",documented,documented (primary text in translation); the absence is as far as we searched,"https://oldfaisal.kfcris.com/pdf/c2508c385dd7671ac18676b7178a955a58e09505b194a.pdf (Wan Lei, trans., King Faisal Center, 2017, from *Tongdian* 193); Akin, *Harvard Middle Eastern and Islamic Review* 5 (1999–2000), 77–102: https://www.academia.edu/9337922/",spec v3
F1.30a-C05,F1.30a,Counterfactual history: a history of making that did not happen,"Papermaking began in Baghdad by the late 8th century (register: 794–95). Islamic-world papermakers used linen and cotton textile waste, where Chinese makers had moved to bark and bamboo.",documented,documented,"Bloom, as 2; CL-146",spec v3
F1.30a-C06,F1.30a,Counterfactual history: a history of making that did not happen,"A 12th-century Seljuk Qur'an leaf on paper is in a ""vertical paper format"" that ""represents a shift from earlier horizontal parchment layouts"" (holder's framing).",documented,documented (holder's framing),https://clevelandart.org/art/1939.507 ; https://clevelandart.org/art/1993.39,spec v3
F1.30a-C07,F1.30a,Counterfactual history: a history of making that did not happen,"Testing has found cochineal in Paracas textiles (1st century BCE–2nd century CE), ""the earliest known instances"" of the dye in Peru.",documented,documented,https://ia800509.us.archive.org/19/items/CochinealRedthearthistoryofacolor/CochinealRedthearthistoryofacolor_djvu.txt (Phipps 2010),spec v3
F1.30a-C08,F1.30a,Counterfactual history: a history of making that did not happen,"Tribute records cited by Phipps have the Mixtec of Coaixtlahuacan giving 40 sacks of cochineal a year, and Zapotec towns 20 bags every eighty days.",documented,documented,"Phipps 2010, as 7",spec v3
F1.30a-C09,F1.30a,Counterfactual history: a history of making that did not happen,"By 1550 Spanish fleets were carrying tons of cochineal to Europe, and the 1587 Lima shipment was about 72 tons. Until the 18th century, Spanish law let it land only at Seville and later Cádiz.",documented,documented,"Phipps 2010, as 7",spec v3
F1.30a-C10,F1.30a,Counterfactual history: a history of making that did not happen,"Before cochineal, Europe, Mesopotamia and Asia used madder, safflower, alkanet and kermes for red. Afterwards Venetian velvet dyers adopted it by the mid-16th century. By 1625, 50,000 people in the Netherlands dyed English woollens. Painters used cochineal lake until the late 19th century.",documented,documented,"Phipps 2010, as 7",spec v3
F1.30a-C11,F1.30a,Counterfactual history: a history of making that did not happen,"Dutch and English East India Company ships carried American cochineal to Turkey and Persia in the 17th and 18th centuries. By the 18th century it was the main red in Asia, called *yang hong* (""foreign red"") in Chinese.",documented,documented,"Phipps 2010, as 7",spec v3
F1.30a-C12,F1.30a,Counterfactual history: a history of making that did not happen,"An AIC tunic fragment from Peru, likely near Cusco, made 1550–1625, uses cochineal and indigo. Its tocapu designs ""could only be woven for the Sapa Inca"" before colonial rule relaxed the restriction.",documented,documented (holder's framing),https://api.artic.edu/api/v1/artworks/12830,spec v3
F1.30a-C13,F1.30a,Counterfactual history: a history of making that did not happen,"The late-colonial *repartimiento* in Oaxaca: reading 1, the traditional view, a system of forced production. Reading 2, Baskes (1996), voluntary but expensive credit that let peasant producers reach markets.",contested,contested — both readings,https://www.cambridge.org/core/journals/journal-of-latin-american-studies/article/abs/coerced-or-voluntary-the-repartimiento-and-market-participation-of-peasants-in-late-colonial-oaxaca/5111EDBF242AA2B08938DE028E4FD27F,spec v3
F1.30a-C14,F1.30a,Counterfactual history: a history of making that did not happen,"Dutch imitation batik (""Batik Belanda"") was made for the Indonesian market but ""never really caught on there""; European makers found a large market in West Africa. The Leidsche Katoenmaatschappij made imitation batik for Asia, Africa and Suriname until 1932.",documented,documented,https://textielmuseum.nl/en/news/Hidden-stories-LKM,spec v3
F1.30a-C15,F1.30a,Counterfactual history: a history of making that did not happen,"About 3,080 West Africans, mostly from present-day Ghana and Burkina Faso, were recruited to the Dutch colonial army from 1831 to 1872 (van Kessel). Under a contract of 18 March 1837 the Asantehene was to deliver 1,000 recruits but sent few; most recruits were enslaved men the Kumasi recruiting agency bought, who were given an advance on army pay ""to purchase their freedom"" and an act of manumission. Did their taste for batik drive early West African demand for Dutch wax prints? Reading 1: yes, returning soldiers brought batik home (Kroese 1976). Reading 2: van Kessel (2018) finds no evidence and calls it a myth.",contested,documented (recruitment); contested (demand link),"https://scholarlypublications.universiteitleiden.nl/access/item%3A2870720/view (van Kessel, ""The black Dutchmen"", 2002); https://epress.lib.uts.edu.au/journals/index.php/TfC/article/download/1387/1450/0 (van Kessel, ""Courageous but insolent""); https://brill.com/display/book/edcoll/9789004380172/BP000005.xml?language=en (van Kessel 2018, title and pages only); https://www.nature.com/articles/s41599-024-03051-z (2024 article summarising Kroese and van Kessel)",spec v3
F1.30a-C16,F1.30a,Counterfactual history: a history of making that did not happen,"Reading 1 (Ferguson 1997): consider as plausible ""only those alternatives which... contemporaries actually considered"". Reading 2 (Evans 2014): counterfactuals let historians rewrite history to present-day political purposes and often become wishful thinking, though short-range ones about key decisions can help.",contested,contested — both readings,https://www.utupub.fi/bitstreams/69fd0dcf-cb97-44e0-bc60-69bc21da8784/download (Virmajoki 2024) ; https://www.timeshighereducation.com/books/altered-pasts-counterfactuals-in-history-by-richard-j-evans/2012202.article,spec v3
F1.30a-C17,F1.30a,Counterfactual history: a history of making that did not happen,"Tetlock and Belkin's ""minimal-rewrite rule"": plausible antecedents; connecting steps that accord with actual history. Narrative Environments (CSM) develops systems mapping ""through counterfactuals and speculative histories, grounding future propositions"". Bleecker (9 March 2009) defines design fiction as ""making things that tell stories"". Dunne and Raby (2013) pose ""what if"" questions to stimulate debate.",documented,documented,"Virmajoki 2024, as 16 ; https://www.arts.ac.uk/subjects/architecture-spatial-and-interior-design/postgraduate/ma-narrative-environments-csm ; https://nearfuturelaboratory.com/blog/2009/03/design-fiction-a-short-essay-on-design-science-fact-and-fiction/ ; https://books.google.com/books/about/Speculative_Everything.html?id=9gQyAgAAQBAJ",spec v3
F1.30a-C18,F1.30a,Counterfactual history: a history of making that did not happen,"Unit framing: a counterfactual is a test of cause and a seed for a world. It counts as history only as far as its sources reach, and after that it is fiction and must say so.",interpretive,interpretive,this spec,spec v3
F1.31-C01,F1.31,"Regional slot: the learner's own place, authored locally",Unit framing: a place's history of making is best authored by those who hold it; the program supplies frame and review.,interpretive,interpretive,This spec,spec v3
F1.31-C02,F1.31,"Regional slot: the learner's own place, authored locally",Ansari warns of foreign practices displacing local ones and of readily adopted American and European readings in Pakistan and India.,documented,documented (as recorded),"Module file, finding 2.5",spec v3
F1.31-C03,F1.31,"Regional slot: the learner's own place, authored locally","Taan surveyed teachers at 12 institutions in Arab countries; courses ""predominantly focus on a Eurocentric sociocultural context"".",documented,documented,https://www.academia.edu/127088396/Towards_a_Glocal_Teaching_of_the_History_of_Graphic_Design ; Crossref 10.1080/17547075.2024.2426877,spec v3
F1.31-C04,F1.31,"Regional slot: the learner's own place, authored locally","Shehab and Nawar, design teachers at the American University in Cairo, wrote *A History of Arab Graphic Design* (2020) for lack of a course text.",documented,documented (review),https://brooklynrail.org/2021/04/art_books/Bahia-Shehab-and-Haytham-Nawars-A-History-of-Arab-Graphic-Design/,spec v3
F1.31-C05,F1.31,"Regional slot: the learner's own place, authored locally","Article 15 of the 2003 Convention asks states to ensure ""the widest possible participation of communities"".",documented,documented,https://ich.unesco.org/en/convention,spec v3
F1.31-C06,F1.31,"Regional slot: the learner's own place, authored locally","UNESCO's Ethical Principles (2015): communities ""should have the primary role"" in safeguarding; their heritage ""should not be subject to external judgements of value or worth"".",documented,documented,"https://ich.unesco.org/en/Decisions/10.COM/15.a (annex, principles 1 and 6; Windhoek, 2015)",spec v3
F1.31-C07,F1.31,"Regional slot: the learner's own place, authored locally","Al Sadu (UAE): Urgent Safeguarding List 2011 (6.COM 8.21); Representative List 2025 (20.COM 7.c.1, transfer).",documented,documented,https://ich.unesco.org/en/RL/al-sadu-traditional-weaving-skills-in-the-united-arab-emirates-02223,spec v3
F1.31-C08,F1.31,"Regional slot: the learner's own place, authored locally","The ""Safeguarding programme for Al Sadu"" (2011–2023) entered the Register of Good Safeguarding Practices in 2025; photos ""© Intangible Heritage Department (ADACH)"".",documented,documented,https://ich.unesco.org/en/BSP/safeguarding-programme-for-al-sadu-traditional-weaving-skills-in-the-united-arab-emirates-02473,spec v3
F1.31-C09,F1.31,"Regional slot: the learner's own place, authored locally","UNESCO's file says ""a dwindling number of older women"" keep the practice; girls ""learn by watching"".",documented,documented (state's account),as 7,spec v3
F1.31-C10,F1.31,"Regional slot: the learner's own place, authored locally","""Traditional weaving of Al Sadu"" (Saudi Arabia, Kuwait) was inscribed in 2020 (15.COM 8.b.4). In 2025 the Committee inscribed it on an extended basis to include Qatar (20.COM 7.b.54); the new file, No. 02158, ""incorporates and replaces"" the 2020 entry.",documented,documented,https://ich.unesco.org/en/decisions/20.COM/7.B.54 ; https://ich.unesco.org/en/RL/traditional-weaving-of-al-sadu-02158,spec v3
F1.31-C11,F1.31,"Regional slot: the learner's own place, authored locally",Kuwait's Al Sadu Project began in 1978 as a private initiative and became the Al Sadu Weaving Cooperative Society in 1991.,documented,documented,https://garlandmag.com/sheikha-altaf/,spec v3
F1.31-C12,F1.31,"Regional slot: the learner's own place, authored locally","Lorimer's *Gazetteer* (1908, 1915) followed Curzon's 1903 tour; its map was drawn to be ""fitted alongside the map of India""; its genealogies omitted women.",documented,documented,https://www.qdl.qa/en/colonial-knowledge-lorimer%E2%80%99s-gazetteer-persian-gulf-oman-and-central-arabia,spec v3
F1.31-C13,F1.31,"Regional slot: the learner's own place, authored locally","Creative Australia's First Nations protocols (third edition, 2020, Terri Janke) set ten principles, including self-determination and interpretation.",documented,documented,https://creative.gov.au/first-nations-arts/protocols-for-using-first-nations-cultural-and-intellectual-property-in-the-arts ; https://www.terrijanke.com.au/post/australia-council-for-the-arts-first-nations-protocols-released-today,spec v3
F1.31-C14,F1.31,"Regional slot: the learner's own place, authored locally","From 2006, ten Zuni artists made about two dozen map paintings for the A:shiwi A:wan Museum and Heritage Center, shown at the Fowler Museum in 2015–16. The museum's own page gives ""sixteen Zuni artists"" and ""thirty-one map art paintings"" in the exhibition; counts differ by date.",documented,documented,https://fowler.ucla.edu/wp-content/uploads/2021/05/Zuni-World_Press-Release_Final-9-22-15.pdf ; http://www.ashiwi-museum.org/exhibitions/,spec v3
F1.31-C15,F1.31,"Regional slot: the learner's own place, authored locally","EMKP's Great Zimbabwe project (2020SG08), led by Munyaradzi Elton Sagiya and hosted by National Museums and Monuments of Zimbabwe, recorded dry-stone masons' knowledge (fieldwork March–April 2021; published 12 July 2024). The page names five stonemasons as knowledge holders. (""Serving and retired masons from local clans"" was not found in the passages reopened.)",documented,documented,https://www.emkp.org/documenting-knowledge-skills-and-practices-of-dry-stone-masonry-at-great-zimbabwe-2/,spec v3
F1.31-C16,F1.31,"Regional slot: the learner's own place, authored locally",India's government asked the Ford Foundation to invite the Eameses (1957); the *India Report* was presented on 7 April 1958; NID was established in September 1961.,documented,documented,https://www.nid.edu/about/history-of-nid,spec v3
F1.31-C17,F1.31,"Regional slot: the learner's own place, authored locally","Kirkham (1995): the Eameses ""failed to grasp the magnitude of the problems""; Vyas: they ""understood the DNA of the country"".",contested,contested — both readings,https://www.designhistorysociety.org/blog/view/crafting-a-national-identity-in-an-international-market-the-india-report,spec v3
F1.31-C18,F1.31,"Regional slot: the learner's own place, authored locally","Yanagi's 1919–23 texts opposed Japan's expansion and read Korean art as ""the beauty of sorrow""; Ch'oe Harim called this ""cultural chauvinism"", Kim Yunsu ""an aesthetics of colonialism"".",contested,contested — both readings,"Bailey, *Monumenta Nipponica* 73:1 (2018): https://www.academia.edu/110469075/",spec v3
F1.31-C19,F1.31,"Regional slot: the learner's own place, authored locally",Cleveland reads a plain 1700s Joseon jar as frugality under luxury limits after late-1600s famines.,documented,documented (holder's framing),https://openaccess-api.clevelandart.org/api/artworks/1983.28,spec v3
F1.31-C20,F1.31,"Regional slot: the learner's own place, authored locally","Local Contexts Notices are ""tools for institutions and researchers to identify Indigenous collections and data"": Engagement, Disclosure and Collections Care.",documented,documented,https://localcontexts.org/notices/about-the-notices/,spec v3
F1.5-C01,F1.5,Framing,"Framing: making's beginnings are read as parallel rows; a ""first"" is a claim about survival, finding and dating.",interpretive,Interpretive; depth: n/a,Our own argument,spec v3
F1.5-C02,F1.5,Writing,"Reading A: four independent inventions (Mesopotamia, Egypt, China, Mesoamerica). Reading B: Egypt took the idea from Mesopotamia (Sampson); others find the evidence ""sparse"".",contested,Contested (both readings); depth: Summary,https://isac.uchicago.edu/node/2954 ; https://en.wikipedia.org/wiki/History_of_writing (opened),spec v3
F1.5-C03,F1.5,Writing,"Labels from tomb U-j at Abydos date to about 3320 BCE. Kahl finds the system ""fully developed"" only centuries later, between the reign of Den and the 3rd Dynasty.",documented,Documented; depth: Abstract (opened 3 Oct 2026),https://www.persee.fr/doc/arnil_1161-0492_2001_num_11_1_1240 (Kahl 2001),spec v3
F1.5-C04,F1.5,Writing,Oracle-bone inscriptions of Wu Ding's reign are radiocarbon-dated to 1254–1197 BCE.,documented,Documented; depth: Abstract (opened 3 Oct 2026),"Liu et al., *Radiocarbon* 63 (online 27 October 2020): https://www.cambridge.org/core/journals/radiocarbon/article/radiocarbon-dating-of-oracle-bones-of-late-shang-period-in-ancient-china/38A7B64D6D538A3A7B96F912BBEE9592",spec v3
F1.5-C05,F1.5,Writing,"The Cascajal block as the earliest known writing in the Americas, early 1st millennium BCE by style; critics question its context and date.",contested,Contested (both readings); depth: Abstract (opened 3 Oct 2026; the critics' letter is paywalled),https://www.science.org/doi/10.1126/science.1131492 ; https://www.science.org/doi/10.1126/science.315.5817.1365b,spec v3
F1.5-C06,F1.5,Writing,"Whether the Indus signs encode a language: Rao et al. yes; Farmer, Sproat and Witzel no.",contested,Contested (both readings); depth: Abstract; full text (carried),https://www.science.org/doi/10.1126/science.1170391 ; https://hasp.ub.uni-heidelberg.de/journals/ejvs/article/view/620,spec v3
F1.5-C07,F1.5,Writing,Six Santa Valley khipus match a colonial census; Medrano and Urton read colour and construction as villagers' names.,probable,Probable (match; summary read); interpretive (names); depth: Summary,https://dukeupress.wordpress.com/2018/01/31/groundbreaking-study-on-incan-khipus-published-in-ethnohistory/ (opened),spec v3
F1.5-C08,F1.5,Pottery,"Mobile foragers made pottery at Xianrendong, China, 20,000–19,000 years ago.",documented,Documented; depth: Abstract (opened 3 Oct 2026),https://www.science.org/doi/10.1126/science.1218643,spec v3
F1.5-C09,F1.5,Pottery,"Pottery was made at Ounjougou, Mali, before 9400 BCE. Our reading: separate from China's; nothing known connects them.",documented,Documented (date); probable (separate); depth: Abstract (opened 3 Oct 2026),"Huysecom et al. 2009, *Antiquity* 83: abstract via HAL record https://vigipallia.parlons-fin-de-vie.fr/Default/doc/OAI_1/oai-HAL-hal-00692506v1/the-emergence-of-pottery-in-africa-during-the-10th-millennium-calbc-new-evidence-from-ounjougou-mali (""before 9400 cal BC"")",spec v3
F1.5-C10,F1.5,Pottery,"Nagaoka's flame pot was found at the Umataka site (Sekihara) in 1936; Middle Jōmon, about 5,000 years old; an Important Cultural Property. Archaeologist Nakamura Kozaburo later classed it ""Flame, A-type, no. 1"", the reference for the type. Who found it is not named. Cleveland 1984.68 has ""a bottom from a different vessel"".",documented,Documented; depth: Records; summary,https://api.sketchfab.com/v3/models/ce7aedf779a741239c664ba3d6c4448a ; https://www.mlit.go.jp/tagengo-db/R2-01251.html ; https://openaccess-api.clevelandart.org/api/artworks/?q=1984.68&cc0=1 (opened),spec v3
F1.5-C11,F1.5,Metals,"Copper was smelted at Belovode, Serbia, about 5000 BCE. Whether metallurgy began more than once is argued against a Near-East-first reading.",documented,"Documented (finding); contested (meaning); depth: Abstract (opened 3 Oct 2026: ""c. 7000 years ago"")",https://www.sciencedirect.com/science/article/abs/pii/S0305440310001986,spec v3
F1.5-C12,F1.5,Metals,"Gold was cold-hammered into beads at Jiskairumoko, Peru, 2155–1936 BCE, found in a burial: the earliest known worked gold in the Americas.",documented,Documented; depth: Abstract and introduction (opened 3 Oct 2026),https://www.pnas.org/doi/10.1073/pnas.0710937105,spec v3
F1.5-C13,F1.5,Metals,"Iron was produced at Douroula, Burkina Faso, in the 8th century BCE. Whether smelting south of the Sahara began there is argued (F1.6).",documented,Documented (date); contested (origin); depth: Summary; full text (both opened 3 Oct 2026),https://whc.unesco.org/en/list/1602/ ; https://donwagner.dk/arch-iron/resources/Alpern2005.pdf,spec v3
F1.5-C14,F1.5,Cities,"Caral had monumental architecture, settlement and irrigation by 2627–1977 BCE.",documented,Documented; depth: Abstract (opened 3 Oct 2026),https://www.science.org/doi/10.1126/science.1059519 ; https://pubmed.ncbi.nlm.nih.gov/11326098/,spec v3
F1.5-C15,F1.5,Cities,"Djenné-Djeno was a city from the 3rd century BCE, with no evidence of a central ruler.",documented,Documented (dates); interpretive (governance); depth: Summary (UNESCO opened 3 Oct 2026),"McIntosh, Oxford Research Encyclopedia (Deep Dives 1 link; not reopened); UNESCO: settled ""desde el año 250 a.C."", https://whc.unesco.org/en/list/116/",spec v3
F1.5-C16,F1.5,Cities,The Upano valley held road-linked garden cities from about 500 BCE to 300–600 CE.,documented,Documented; depth: Abstract (opened 3 Oct 2026),https://www.science.org/doi/10.1126/science.adi6317 ; https://pubmed.ncbi.nlm.nih.gov/38207020/,spec v3
F1.5-C17,F1.5,Cotton and dye,"Four cotton species were domesticated independently, ""two each in Africa–Asia and the Americas"".",documented,Documented; depth: Abstract,https://research.fs.usda.gov/treesearch/5152 (Wendel and Cronn; opened),spec v3
F1.5-C18,F1.5,Cotton and dye,"Indigo-dyed cotton from Huaca Prieta, about 6,000 years old, is the earliest known indigo.",documented,"Documented, as ""earliest known""; depth: Abstract (opened 3 Oct 2026: ""6000-year-old cotton fabrics"")",https://www.science.org/doi/10.1126/sciadv.1501623 ; https://pmc.ncbi.nlm.nih.gov/articles/PMC5023320/,spec v3
F1.5-C19,F1.5,Cotton and dye,"Cleveland 1929.845, block-printed cotton, 1200s–1300s, is catalogued ""Egypt, Mamluk""; the technique came ""as a result of trade with India"".",documented,Documented (record); where made is open; depth: Record,https://openaccess-api.clevelandart.org/api/artworks/?q=1929.845&cc0=1 (opened),spec v3
F1.5-C20,F1.5,Printing and paper,"Empress Shōtoku ordered the Hyakumantō dharani in 764; they were made by 770. The National Diet Library calls them ""the oldest traceable publication in the world whose production date is clearly identified"".",documented,Documented (superlative quoted); depth: Records,https://collectionapi.metmuseum.org/public/collection/v1/objects/44955 ; https://www.loc.gov/item/2021667586/ (opened),spec v3
F1.5-C21,F1.5,Printing and paper,"Bi Sheng made ceramic movable type about 1041–48, known from one text, Shen Kuo's *Dream Pool Essays*.",probable,Probable (text not yet read); depth: Summary (carried),https://en.wikipedia.org/wiki/Bi_Sheng,spec v3
F1.5-C22,F1.5,Printing and paper,"Jikji was printed with metal type at Heungdeok-sa, Cheongju, in July 1377; UNESCO notes earlier metal printings ""mentioned in the old Korean books"". Gutenberg and Fust printed Bibles in Mainz in the mid-1450s. No document links them; we read Mainz as a recurrence.",documented,Documented (dates); interpretive (recurrence); depth: Summary,https://www.unesco.org/en/memory-world/baegun-hwasang-chorok-buljo-jikji-simche-yojeol-volii-second-volume-anthology-great-buddhist-priests ; https://www.hrc.utexas.edu/gutenberg-bible/ (opened),spec v3
F1.5-C23,F1.5,Printing and paper,"Paper travelled rather than recurred. Bloom: the Talas story ""is without factual basis and paper had been known—and made—in Central Asia for centuries""; Baghdad made paper ""by the late 8th century"".",documented,Documented (one source); depth: Full text,https://edspace.american.edu/silkroadjournal/wp-content/uploads/sites/984/2017/09/Silk-Road-or-Paper-Road.pdf (opened),spec v3
F1.5-C24,F1.5,A first that moved (Botai),"Botai, long the earliest known horse husbandry (about 5,500 years ago), was seriously challenged in 2018. Its horses' descendants are Przewalski's horses; later domestic horses carry ""~2.7% of Botai-related ancestry"".",documented,Documented (finding); contested (what Botai people did); depth: Abstract,https://ore.exeter.ac.uk/repository/handle/10871/31868 (Gaunitz et al. 2018; opened),spec v3
F1.5-C25,F1.5,Printing and paper,"Wooden movable type prints clan genealogies in Rui'an, Zhejiang. UNESCO inscribed it in 2010, when ""only eleven people over 50"" had the whole craft. In 2019 Wang Chaohui said: ""The family tree records everything about your ancestors.""",documented,Documented; depth: Summary; interview,https://ich.unesco.org/en/USL/wooden-movable-type-printing-of-china-00322?USL=00322 ; https://news.cgtn.com/news/3d3d514d77496a4e33457a6333566d54/index.html (opened),spec v3
F1.6-C01,F1.6,Framing,"The unit's framing: read through metal, Africa shows inventions and exchanges on its own terms. The device foregrounds courts and traders and leaves out cloth, earth building and pottery.",interpretive,Interpretive; depth: n/a,Our argument; Historian pack v2 world brief,spec v3
F1.6-C02,F1.6,The chisel and museum filing,"The Met files the Meroitic cup and the Theban chisel under ""Egyptian Art""; the Walters labels its lamp ""Meroitic (Ancient Egypt and Nubia)"". Our reading: filing is an argument about where Africa's history lies.",documented,Documented (records); interpretive (reading); depth: Full text (records),https://collectionapi.metmuseum.org/public/collection/v1/objects/552298 ; https://art.thewalters.org/object/54.1549/,spec v3
F1.6-C03,F1.6,The chisel and museum filing,"Met 27.3.12: stone mason's chisel, ""hammered bronze or copper alloy"", ca. 2051–2000 BCE, Dynasty 11. MMA excavations, 1926–27, Tomb MMA 101; Rogers Fund, 1927.",documented,Documented; depth: Full text (record),https://collectionapi.metmuseum.org/public/collection/v1/objects/544301,spec v3
F1.6-C04,F1.6,Iron: Douroula and Nok,"Douroula ""dates back to the 8th century BCE"", ""the oldest evidence of the development of iron production found in Burkina Faso"". The sites keep ""about fifteen standing, natural-draught furnaces""; blacksmiths still make tools and take part in rituals. Inscribed 2019.",documented,Documented; depth: Summary (UNESCO page),https://whc.unesco.org/en/list/1602/,spec v3
F1.6-C05,F1.6,Iron: Douroula and Nok,"Nok ""appears around 1500 BC and ends with the turn of the era""; terracottas begin in phase two, 900–400 BCE. Iron is ""recorded by furnaces but hardly by objects"", with ""increasing wood use"" from the mid-1st millennium BCE.",documented,Documented; depth: Summary (project page),https://gepris.dfg.de/gepris/projekt/107422281?language=en&selectedSubTab=2,spec v3
F1.6-C06,F1.6,Iron: Douroula and Nok,"Nok sites: ""All of them were affected by looting, most of them dug up and destroyed entirely"" (Breunig and Rupp 2016).",documented,Documented; depth: Full text,https://brill.com/view/journals/jaa/14/3/article-p237_1.pdf,spec v3
F1.6-C07,F1.6,Kush,"97 radiocarbon dates show iron production ""in the Meroe area for more than 1000 years, potentially starting as early as the 25th Dynasty period"" (Humphris and Scheibner 2017).",documented,Documented; depth: Abstract,https://www.repository.cam.ac.uk/items/09f9aa6a-6557-4fde-a0c8-94241302c547,spec v3
F1.6-C08,F1.6,Iron: Douroula and Nok,"Was iron smelting invented south of the Sahara? Quechon, Huysecom and Bocoum: ""indisputably, in the present state of knowledge, the hypothesis of an autochthonous invention is convincing."" Alpern (2005): ""until there is further archaeological evidence, no positive conclusion is really possible.""",contested,Contested (both readings); depth: Full text,https://donwagner.dk/arch-iron/resources/Alpern2005.pdf,spec v3
F1.6-C09,F1.6,Haya smelts,"Schmidt and Avery (1978): Haya forebears ""1500 to 2000 years ago practiced a highly advanced iron smelting technology based on preheating principles and … produced carbon steel."" Rehder disputed it (F1.28a). Canon COM068 gives ""c. 2,300–2,000 years ago"", TEC072 the 1978 range: both shown; COM068's source not found.",contested,Contested (both readings; dates differ); depth: Abstract,https://api.crossref.org/works/10.1126/science.201.4361.1085,spec v3
F1.6-C10,F1.6,Igbo-Ukwu,"Of 30 Igbo-Ukwu objects analysed, nine sit with Benue Rift ores about 100 km away; ten are ""closely matched by Tunisian ores"". Unanalysed West African ores ""may provide an even better match"" (McIntosh 2022).",documented,Documented (the match); probable (metal crossed the Sahara); depth: Full text,https://pmc.ncbi.nlm.nih.gov/articles/PMC9640786/,spec v3
F1.6-C11,F1.6,Brass and the Atlantic,"The Igun Eronmwon worked ""under the protection and exclusive patronage of the ọ́bà"". ""One of many Benin court oral histories"" says a foreign artisan, ""Ahammangiwa or Igueghae"", brought lost-wax casting in the 13th century; other accounts point to Ife (to source). Their quarters were in the palace ""until the 1897 British invasion"".",documented,Documented (the date as oral history); depth: Full text (short page),https://www.metmuseum.org/perspectives/bronze-casters-igun-street (31 May 2025),spec v3
F1.6-C12,F1.6,Brass and the Atlantic,"Trace elements and lead isotopes identify ""Germany as the principal source of the manillas used in the West African trade between the 15th and 18th centuries before British industries took over the brass trade in the late 18th century"" (Skowronek et al. 2023, CC BY 4.0).",documented,Documented; depth: Abstract,https://journals.plos.org/plosone/article?id=10.1371%2Fjournal.pone.0283415,spec v3
F1.6-C13,F1.6,Brass and the Atlantic,"Manillas were among the goods exchanged for enslaved people, ""used as currency in the transatlantic trade in enslaved African people"" (Museum Wales). F1.13 holds the goods list.",documented,Documented (museum record); depth: Record,https://museum.wales/collections/online/object/31264ab5-2c5b-38a4-96b1-33121952f091/Brass-manilla-from-wreck-of-DOURO-1843/,spec v3
F1.6-C14,F1.6,Brass and the Atlantic,"Cleveland 1999.1: ""Sent to England by Sir Ralph Moor following the Siege of Benin (1897)""; British Museum 1897–1950; Cleveland 1999. Cleveland 1938.6: ""this head sat on an ancestral altar in the ọba's palace""; ""Brought to Europe following the Siege of Benin (1897)""; Fosters & Co.; Louis Carré; Cleveland, 1938.",documented,Documented; depth: Full text (records),https://openaccess-api.clevelandart.org/api/artworks/1999.1 ; https://openaccess-api.clevelandart.org/api/artworks/1938.6,spec v3
F1.6-C15,F1.6,1897 and after,"In 1897 ""the royal palace was burned and looted, and the oba (ruler) was exiled""; an ""estimated 3,000 objects"" were taken (Smithsonian). The British Museum: ""a large-scale retaliatory military expedition"", ""Justified as legitimate military action against a 'barbarous' kingdom"". British accounts called it a ""punitive expedition"" (primary source to confirm).",documented,Documented; attribution to confirm; depth: Full text (release); museum page,https://www.si.edu/newsdesk/releases/smithsonian-returns-29-benin-bronzes-national-commission-museums-and-monuments ; https://www.britishmuseum.org/about-us/british-museum-story/contested-objects-collection/benin-bronzes,spec v3
F1.6-C16,F1.6,1897 and after,"A March 2023 decree made the Oba owner of returned objects. On 26 February 2025 the national museums commission said: ""The oba has given the NCMM the blessing to display, conserve and pursue reparation of the objects"" (Reuters). Digital Benin links ""5,304 objects from 139 institutions in 21 countries"".",documented,Documented; depth: News (agency); site,https://www.timeslive.co.za/news/africa/2025-02-26-nigerian-museum-agrees-with-royal-ruler-on-custody-of-benin-bronzes/ ; https://digitalbenin.org/,spec v3
F1.6-C17,F1.6,Kush,"Walters 54.1549, bronze: ""Elaborate oil lamps with figural attachments were common at the royal court in the ancient kingdom of Meroë."" It shows a bound captive; a Meroitic symbol is ""perhaps an owner's mark"". Guilhou sale, Paris, March 1905; ""said to be found in Egypt"".",documented,"Documented (record; ""perhaps"" kept); depth: Full text (record)",https://art.thewalters.org/object/54.1549/,spec v3
F1.6-C18,F1.6,Brass and the Atlantic,"Rijksmuseum RP-P-1896-A-19368-3110: a sea chart of the Bight of Benin by Jan Luyken for Johannes van Keulen, 1683–1799, bought 1896. Our reading: it maps the route the brass came by, not the people who cast it.",documented,Documented (record); interpretive (reading); depth: Record,https://www.rijksmuseum.nl/en/collection/RP-P-1896-A-19368-3110,spec v3
F1.6-C19,F1.6,Gold and iron in the south,"Cleveland 1962.244: ""Since at least 1600, small weights in brass and bronze were used to weigh gold dust and nuggets."" Taught in F1.25.",documented,Documented; depth: Full text (record),https://openaccess-api.clevelandart.org/api/artworks/1962.244,spec v3
F1.6-C20,F1.6,Gold and iron in the south,"Great Zimbabwe was ""built between 1100 and 1450 AD"" by ""a Bantu population of the Iron Age, the Shona""; its 14th-century population ""exceeded 10,000"" on ""gold-rich plateaux""; excavation found ""ironware"". The myth: F1.3.",documented,Documented; depth: Summary (UNESCO page),https://whc.unesco.org/en/list/364/,spec v3
F1.6-C21,F1.6,Gold and iron in the south,"Cleveland 1929.364: axe (gano), ""Shona-style blacksmith-carver"", by 1928; iron, wood, wire and a Swiss watch fragment; ""a status or ancestral symbol"". Collected 1927–28 by Paul B. Travis for the Gilpin Players and the African Art Sponsors.",documented,Documented; depth: Full text (record),https://openaccess-api.clevelandart.org/api/artworks/1929.364,spec v3
F1.6-C22,F1.6,Gold and iron in the south,"Cleveland 2015.156: Zande throwing knife (pingha), ""used by elite Zande men as weapons in the late 1800s and early 1900s"", ""now a sign of authority and heritage"". First recorded 2004.",documented,Documented; depth: Full text (record),https://openaccess-api.clevelandart.org/api/artworks/2015.156,spec v3
F1.6-C23,F1.6,Igun Street today,"December 2025: 120 members; guild head Kingsley Osarhenhen Inneh, 65, says a kilo of brass rose from 600 to 8,000 naira ""in less than four years"" (AFP, in the Guardian, 6 December 2025). July 2026: non-family members join by initiation; younger casters sell on Facebook, WhatsApp and TikTok. Oriakhi Osazee: ""The jobs were done to preserve our culture and tell the stories of major events.""",documented,"Documented (reporting, dated); depth: Full text (news)",https://guardian.ng/life/nigerias-bronze-artists-cling-to-centuries-old-techniques/ ; https://www.aljazeera.com/features/longform/2026/7/3/if-it-dies-its-on-you-saving-nigerias-benin-bronze-casting,spec v3
F1.7-C01,F1.7,Framing,"The device: we read the Americas through fibre. It fits the Andes, where dyed cotton cloth is the earliest known craft on record, and Mesoamerica and the Southwest in part. It ranks no region.",interpretive,Interpretive; depth: n/a,Our argument,spec v3
F1.7-C02,F1.7,"Cotton, indigo and Caral","Cultivated cotton is at least 7,800 years old in the Andes. Two Huaca Prieta fabrics, about 6,200–6,000 years old, carry indigotin: ""the earliest known use of indigo in the world"", about 1,500 years before Egypt's.",documented,Documented; depth: Abstract and results,https://pmc.ncbi.nlm.nih.gov/articles/PMC5023320/ (Splitstoser et al. 2016; CC BY-NC),spec v3
F1.7-C03,F1.7,"Cotton, indigo and Caral","Caral's monumental centre dates to 2627–1977 BCE, before pottery in the region (CL-165).",documented,Documented; depth: Abstract (opened 3 Oct 2026),"Shady Solis, Haas and Creamer, *Science* 292 (2001): a ""preceramic site""; https://pubmed.ncbi.nlm.nih.gov/11326098/",spec v3
F1.7-C04,F1.7,Paracas,Julio C. Tello's team excavated at Paracas in the 1920s and located the Necrópolis de Wari Kayan in 1927.,documented,Documented; depth: Encyclopaedia entry,"https://traffickingculture.org/encyclopedia/case-studies/paracas-textiles/ (Yates, 2017)",spec v3
F1.7-C05,F1.7,Paracas,"Cleveland 1946.226–228 came from the Norwebs in 1946; no earlier owner is recorded. Labels: the Paracas dead were ""wrapped in layers of cloth""; the tunic is ""well preserved after approximately 2,000 years of burial"".",documented,Documented; depth: Full records,"https://openaccess-api.clevelandart.org/api/artworks/1946.226 (and 1946.227, 1946.228)",spec v3
F1.7-C06,F1.7,Paracas,"Peru's Law 6634 (13 June 1929): ""No se exportarán los objetos arqueológicos sin permiso del Gobierno"".",documented,Documented (law as reproduced); depth: Secondary host,https://arqueologia.deperu.com/6634.php,spec v3
F1.7-C07,F1.7,Paracas,"Sven Karell ""illegally exported"" Paracas textiles to Sweden in 1931–33; Gothenburg returned them, 2014–2021 (F1.24).",documented,Documented (100 or 140 textiles); depth: Entry,Yates (claim 4); F1.24 claim 14,spec v3
F1.7-C08,F1.7,Paracas,"Most Paracas Necropolis reds are *Relbunium*, ""but scientific testing has detected cochineal in a few examples — the earliest known instances of the use of the dye in Peru"". Phipps dates most Paracas burials to ""about the second century B.C. to the second century A.D.""",documented,Documented; depth: Full text (OCR),https://ia800509.us.archive.org/19/items/CochinealRedthearthistoryofacolor/CochinealRedthearthistoryofacolor_djvu.txt (Phipps 2010),spec v3
F1.7-C09,F1.7,Cloth as tribute,"""Cochineal, along with gold and silver from the Americas, enabled the Spanish Crown to finance its empire."" The Ñuu Savi of Coaixtlahuacan owed ""40 sacks … of cochineal every year"".",documented,Documented; depth: Full text (OCR),Phipps 2010,spec v3
F1.7-C10,F1.7,Wari,"Was Wari an empire? One reading: an expansive state with planned centres and colonies (Schreiber, Isbell, McEwan; Conlee et al. 2021). The other: a low-power polity of rival elite houses (Jennings 2006, 2024).",contested,"Contested (both readings); depth: Abstracts, as read there",`grouping-pages/middle_horizon.md` and its sources,spec v3
F1.7-C11,F1.7,Wari,"Met 2021.146, Wari tunic, 650–1000 CE, cotton and camelid hair, public domain; its chain brackets a 1960s New York gallery.",documented,Documented; depth: Record,https://collectionapi.metmuseum.org/public/collection/v1/objects/675980,spec v3
F1.7-C12,F1.7,Rank and account,"Walters 2011.20.14, ""Uncu"", Inca, 1438–1534, CC0: *cumbi* cloth, ""distributed by the Inca ruler"" to mark rank. Provenance: ""Purchased by Georgia de Havenon, New York; given to Walters Art Museum, 2016"", undated.",documented,Documented (holder's framing); depth: Full record,https://art.thewalters.org/object/2011.20.14/,spec v3
F1.7-C13,F1.7,Khipu,"Cleveland 1940.469, ""Inka Khipu (Fiber Recording Device)"", cotton and wool, gift of John Wise, CC0; provenance field empty.",documented,Documented; depth: Full record,https://openaccess-api.clevelandart.org/api/artworks/1940.469,spec v3
F1.7-C14,F1.7,Rank and account,"Medrano and Urton (2018) matched six Santa Valley khipus to a colonial census, ""the only case"" so far, reading names through colour and cord attachment.",probable,Probable (publisher's summary); depth: Summary,https://dukeupress.wordpress.com/2018/01/31/groundbreaking-study-on-incan-khipus-published-in-ethnohistory/,spec v3
F1.7-C15,F1.7,Khipu,"Are khipus writing? Hyland: two Collata khipus hold 95 symbols, ""possibly logosyllabic"". Others call them ""merely memory aides, recording only numbers"" (as Hyland reports). Dumbarton Oaks (2019): khipus ""seem to have recorded"" narrative too; the system ""remains undeciphered"".",contested,Contested (both readings); depth: Abstract; exhibition page,https://www.journals.uchicago.edu/doi/abs/10.1086/691682 ; https://www.doaks.org/visit/museum/exhibitions/past/written-in-knots,spec v3
F1.7-C16,F1.7,Rank and account,"The Open Khipu Repository holds ""open-source data and metadata on extant Inka-style khipus"". Its master branch has an MIT licence file, © 2022 the OKR Team.",documented,Documented (status changed); depth: Page; licence file,https://github.com/khipulab/open-khipu-repository ; https://raw.githubusercontent.com/khipulab/open-khipu-repository/master/LICENSE,spec v3
F1.7-C17,F1.7,Amazonia,"Upano Valley platforms, plazas and roads date ""from around 500 BCE to between 300 and 600 CE"".",documented,Documented; depth: Abstract,https://pubmed.ncbi.nlm.nih.gov/38207020/ (Rostain et al. 2024),spec v3
F1.7-C18,F1.7,Amazonia,"People on Marajó built mounds ""between CE 300 and 1350""; urns in the largest held ancestors' bones.",probable,Probable (teaching summary); depth: Summary,https://orias.berkeley.edu/resources-teachers/societies-americas/ancient-maraj%C3%B3,spec v3
F1.7-C19,F1.7,Cloth as tribute,"The Huexotzinco Codex, 1531: eight panels of Nahua testimony from Huejotzingo in a lawsuit over excessive tribute. At LoC since 1928 (Harkness gift); called the Codex Monteleone until 1974. LoC: ""free to use and reuse"".",documented,Documented; depth: Catalogue records,https://www.loc.gov/item/mss47662-2657/?fo=json ; https://www.loc.gov/item/mm80047662/?fo=json,spec v3
F1.7-C20,F1.7,Cloth as tribute,"Tlacuiloque drew on amatl the tribute given to Guzmán, Ortiz de Matienzo and Delgadillo: ""3,600 bundles or pieces of cloth"", food, building goods, and a Madonna ""made of feathers and gold"". A flag counted 20.",probable,Probable (essay; panels not read by us); depth: Full text,"https://smarthistory.org/codex-huexotzinco/ (Kilroy-Ewbank, 2021)",spec v3
F1.7-C21,F1.7,Cloth as tribute,"The outcome. Smarthistory: two-thirds of the tribute was to be ""returned to Cortés"". The Mapas Project: Charles V (1538) backed returning two-thirds ""to the community"".",contested,Contested (sources differ); depth: Full text; summary,Smarthistory; https://mapas.wired-humanities.org/huexotzinco,spec v3
F1.7-C22,F1.7,"Sheep, Hwéeldi and yarn","Churro sheep came with the Spanish in 1598. From fall 1863, about 8,500 Diné were marched to Hwéeldi (Fort Sumner); ""over 2,000"" died there. Naaltsoos Sání was signed on 1 June 1868.",documented,Documented (Diné-authored); depth: Excerpt; full text,"https://dinelanduse.org/hweeldi/ (Raymond D. Austin); https://navajotimes.com/reznews/hweeldi-150/ (Navajo Times, 2014; same spelling, ""Hwéeldi""; about 2,000 dead, ""one out of four""); NPS (CL-171)",spec v3
F1.7-C23,F1.7,"Sheep, Hwéeldi and yarn","Cleveland 1921.556 (c. 1875–80, ""woman artist"") and 1937.903 (c. 1900) are handspun, Germantown and bayeta. The records: weavers shifted to ""items for non-Native collectors""; ""chief's blankets"" is ""a misnomer since the Diné have no chiefs"".",documented,Documented (holder's framing); depth: Full records,https://openaccess-api.clevelandart.org/api/artworks/1921.556 ; …/1937.903,spec v3
F1.7-C24,F1.7,"Sheep, Hwéeldi and yarn","NMNH's loom, with unfinished flag and eye-dazzler weavings, came with the 1874 Navajo delegation. The record presumes, from two photographs of 1874, that Juanita, Asdzáá Tl'ógí, ""Weaver Woman"" (1845–1910), wove it (""Juanita is presumed to be the weaver""); NMAI's magazine writes ""Made by Juanita"" and spells her name Asdzáá Tł'ógi. A Diné-authored history by her descendant, Jennifer Nez Denetdale (2007), is to be read (AR-094). The record also quotes Denetdale (2007, p. 99): Navajo women wove eye-dazzlers ""only after gaining access to brightly colored yarns manufactured after 1868"".",documented,Documented (holder's record); depth: Full record,https://www.si.edu/object/nmnhanthropology_8345504,spec v3
F1.7-C25,F1.7,Diné weaving today,"The Navajo Times (30 June 2011) reported Sheep Is Life, run by Diné be' Iiná. The paper reports that weaver Mae Lewis has been weaving ""since she was 7 years old"".",documented,Documented (holders' newspaper); depth: Full text,https://navajotimes.com/entertainment/2011/0611/063011sheep2.php (Shondiin Silversmith),spec v3
F1.8-C01,F1.8,Framing,The device: we read East Asia's recorded objects as the work of organised workshops making to written standards. Another reading follows named artists.,interpretive,Interpretive; depth: n/a,Our own argument,spec v3
F1.8-C02,F1.8,Shang foundry,"Wu Ding ""reigned during 1254 BC to 1197 BC"", by radiocarbon dating of oracle bones (Liu et al., *Radiocarbon* 63, 2021).",documented,Documented; depth: Abstract,https://www.cambridge.org/core/journals/radiocarbon/article/radiocarbon-dating-of-oracle-bones-of-late-shang-period-in-ancient-china/38A7B64D6D538A3A7B96F912BBEE9592,spec v3
F1.8-C03,F1.8,Shang foundry,"Cleveland 1960.42, a *jue*, c. 1200 BCE, inscribed ""Chu fu Yi (Father Yi of the Chu Clan)"", for libations to ancestors. Chain: L. Wannieck, Paris (by 1937); Bluett & Sons; Cleveland, 1960.",documented,Documented; depth: Record,https://openaccess-api.clevelandart.org/api/artworks/1960.42,spec v3
F1.8-C04,F1.8,Shang foundry,"Cleveland 1960.288, a *ding*, 1200–1100 BCE: *ding* ""were made in sets of different sizes"" for offerings. Chain begins with Frank Caro, 1960. In piece-mould casting ""a model is made ... and a clay mold taken of the model"".",documented,Documented; depth: Record; essay,https://openaccess-api.clevelandart.org/api/artworks/1960.288 ; https://www.metmuseum.org/essays/shang-and-zhou-dynasties-the-bronze-age-of-china,spec v3
F1.8-C05,F1.8,Shang foundry,"Xiaomintun at Yinxu, dug 2003–2004, held ""bronze foundries, residences and burials"". The authors read the artisans as ""free from subsistence activities"".",probable,Probable (reading; finds documented); depth: Full text,"https://journals.plos.org/plosone/article?id=10.1371/journal.pone.0176329 (Zhang et al., 2017)",spec v3
F1.8-C06,F1.8,Yingzao fashi,"The *Yingzao fashi*, ""the oldest extant Chinese technical manual on buildings"", was compiled by Li Jie in 1100 and published in 1103. Its 34 chapters set units, standards and ""standard estimates for labour works"".",documented,Documented; depth: Abstract,"https://www.cambridge.org/core/journals/architectural-history/article/abs/yingzao-fashi-twelfthcentury-chinese-building-manual/0DF2D645F318E926B9A7C409795D5012 (Guo, 1998)",spec v3
F1.8-C07,F1.8,Jun ware,"Cleveland 1957.36, Jun ware, 1100s, Yuxian: milky-blue glaze with copper-rich purple splashes. Provenance: ""Men-chu Wang, Seller's no. 12"". Our reading: the kiln is a co-maker.",documented,Documented; reading interpretive; depth: Record,https://openaccess-api.clevelandart.org/api/artworks/1957.36,spec v3
F1.8-C08,F1.8,Goryeo inlay,"In *sanggam*, potters etch dry clay, fill the cuts with black or white slip, then glaze and fire. By the mid-1100s celadon making had consolidated at Buan and Gangjin.",documented,Documented; depth: Essay,"https://www.metmuseum.org/essays/goryeo-celadon (Lee, 2003)",spec v3
F1.8-C09,F1.8,Goryeo inlay,"Cleveland 1918.471 and 1918.458, Goryeo, 1300s: bought by Langdon Warner (1918.458 ""in Korea""); given by John L. Severance, 1918. No findspot.",documented,Documented; depth: Records,https://openaccess-api.clevelandart.org/api/artworks/1918.471 ; https://openaccess-api.clevelandart.org/api/artworks/1918.458,spec v3
F1.8-C10,F1.8,Goryeo inlay,"Cleveland: celadon ""were among the most common burial objects in tombs""; tombs were ""left untouched until the late 1800s""; in 1910–45 ""Japanese archaeologists competitively excavated the tombs located in Kaeseong"" for collectors.",documented,Documented; depth: Label,https://openaccess-api.clevelandart.org/api/artworks/1921.627,spec v3
F1.8-C11,F1.8,Goryeo inlay,"Korea's 1916 Regulations required finds reported, items registered and excavation permits; registered items needed inspection before export.",documented,Documented; depth: Full text,"https://www.eastasian.ucsb.edu/wp-content/uploads/CreationNationalTreasures2001.pdf (Pai, 2001)",spec v3
F1.8-C12,F1.8,Goryeo inlay,"NMK 증2346, a Goryeo celadon roof-end tile; the record gives no findspot. NMK cites the *Goryeosa*: in 1157 King Uijong roofed a pavilion with celadon tiles; finds at Manwoldae and a tile from a Sadang-ri kiln site support it. Sadang-ri's 1964–1977 digs yielded ""more than 100,000 celadon artifacts"".",documented,"Documented (NMK cites the *Goryeosa*, not opened; findspot not recorded); depth: Records; exhibition page",https://www.museum.go.kr/MUSEUM/contents/M0502000000.do?schM=view&searchId=search&relicId=3129 ; https://www.museum.go.kr/ENG/contents/E0403000000.do?schM=relic_represent_view&relicId=3129 ; https://www.museum.go.kr/site/eng/exhiSpecialTheme/view/current?exhiSpThemId=16782,spec v3
F1.8-C13,F1.8,Jingdezhen and the court order,"*Da Ming huidian*, juan 194: in 1393, fix the pattern and ""calculate labour and materials""; large orders bring artisans to the capital, small ones go to Raozhou and Chuzhou. In 1433 an official took the court's patterns to Raozhou to fire 443,500 pieces. No civil kilns are named.",documented,"Documented (primary, online transcription; edition to confirm); depth: Passage",http://ab.newdu.com/book/ms46965.html,spec v3
F1.8-C14,F1.8,Jingdezhen and the court order,"""Moulded by the imperial kiln, fired by the civil kilns"" (*guan da min shao*) was ""generally practised"" in 1522–1620 (Lü Chenglong). The deep dive's pairing with 1433 is dropped.",probable,Probable; depth: Summary (repost),https://www.sohu.com/a/442968959_100012543,spec v3
F1.8-C15,F1.8,Jingdezhen and the court order,"*Tiangong kaiwu* (1637): ""共計一坯工力，過手七十二，方克成器，其中微細節目尚不能盡也"": 72 hands, and the finer steps cannot all be listed.",documented,"Documented (original, online transcription); depth: Chapter",https://www.chineseclassic.com/content/1261,spec v3
F1.8-C16,F1.8,Jingdezhen and the court order,"Cleveland 1962.154, Jingdezhen, Yuan: its cobalt ""was imported from Iran, likely from Kashan""; such wares served home use and overseas trade by the 1330s.",documented,Documented; depth: Label,https://openaccess-api.clevelandart.org/api/artworks/1962.154,spec v3
F1.8-C17,F1.8,Jingdezhen and the court order,"Earliest global commodity? A: Finlay's publisher, porcelain made ""arguably the first genuinely global culture"". B: Riello's reviewer, ""cotton textiles were probably the most traded commodity in the medieval and early modern world"". We write ""one of the earliest mass exports"".",contested,Contested (both readings); depth: Publisher summary; review,https://muse.jhu.edu/book/25449/ ; https://reviews.history.ac.uk/review/1436/,spec v3
F1.8-C18,F1.8,Korean potters and Arita,"Korean potters were ""forcibly brought to Japan during the Imjin War (1592–1598)"" (Haimes). Korean state-funded sources say they were taken by force: the Northeast Asian History Foundation writes of potters and scholars ""조선에서 끌고 간"" (dragged from Joseon) and names the potter Yi Sam-pyeong (이삼평). The Met's essay says many ""came to Japan"" and that lords ""brought back"" Korean potters. Our verb is ""taken""; the Met's ""came"" is quoted as the Met's (AR-083). In 1616 a Korean potter ""recorded as Kanagae Sambe'e (d. 1655)"" moved to western Arita.",documented,Documented; wording contested; our verb follows Korean sources (AR-083); depth: Abstract; summary; essay; Tourism Agency text,https://philarchive.org/rec/HAIMMA-2 ; https://contents.nahf.or.kr/item/level.do?levelId=edkj.d_0003_0020_0030 (search extract) ; https://www.metmuseum.org/essays/edo-period-japanese-porcelain ; https://www.mlit.go.jp/tagengo-db/common/001565471.pdf,spec v3
F1.8-C19,F1.8,Korean potters and Arita,"Rijksmuseum AK-NM-6464-A: made in Arita c. 1700–1720, decorated in the Netherlands c. 1710–1725. Chain: Jean Theodore Royer; William I, 1814; Royal Cabinet, 1816; Rijksmuseum, 1885. Public domain.",documented,Documented; depth: Record,https://www.rijksmuseum.nl/en/collection/object/Square-bottle-with-flowering-plants-a-dragon-birds-flower-vases-and-insects--3039314f5fe961309c260d418f75439c,spec v3
F1.8-C20,F1.8,Hyakumantō,"Met 30.47a–c, ca. 764–70: one of a million pagodas commissioned by Empress Shōtoku after the Emi rebellion, for ten temples. ""Likely"" printed from bronze plates; ""some scholars"" say woodblocks. Hōryūji gave 3,000 away in 1908.",documented,Documented; printing contested; depth: Record and label,https://www.metmuseum.org/art/collection/search/44955,spec v3
F1.8-C21,F1.8,Jingdezhen and the court order,"Era names began ""in 140 BCE, or more formally in 110 BCE"", and ended in 1912. Jingdezhen reign marks name a reign, not a maker.",contested,Contested (date; both given); depth: Summary,https://en.wikipedia.org/wiki/Chinese_era_name,spec v3
F1.8-C22,F1.8,Jingdezhen now,"People's Daily (19 July 2025): ten major factories closed around 2000; ""100,000 ceramic workers"" remained; over 100,000 young people came in a decade; ""60,000 Jingpiaos""; Taoxichuan picks 1,200 stallholders a month from over 4,000.",documented,"Documented as state media's figures, 2025; depth: News",https://en.people.cn/n3/2025/0719/c90000-20342418.html,spec v3
F1.8-C23,F1.8,Jingdezhen now,"AFP (20 September 2023), citing Chinese media, gives 30,000 young urbanites in Jingdezhen in 2022. Makers: ""I am looking for meaning in my life"" (Chen Jia, 24); ""Many young people come here to reduce their anxiety"" (Anna, 39).",documented,Documented; depth: Photo story,https://gulfnews.com/photos/entertainment/photos-chinese-youths-trade-city-living-for-ceramics-1.1695198785959,spec v3
F1.8-C24,F1.8,Jingdezhen now,"Jingdezhen porcelain-making is on China's national ICH list (2006, Ⅷ-7), with 14 stages from quarrying to packing and named inheritors, including Cao Kaiyong (b. 1939) and Fu Changmin (b. 1968).",documented,Documented; depth: Listing,https://www.ihchina.cn/project_details/14270.html,spec v3
F1.8-C25,F1.8,"Paper listings (hanji, washi)","Korea's hanji file (02264) awaits the 21st Committee, Xiamen, 30 November–5 December 2026. UNESCO's washi page (file 02291) reads ""Inscribed in 2025 (20.COM)"".",documented,Documented (hanji pending); depth: News; UNESCO page,https://www.ajunews.com/view/20240401142800202 ; https://ich.unesco.org/en/21com ; https://ich.unesco.org/en/RL/washi-craftsmanship-of-traditional-japanese-hand-made-paper-02291,spec v3
F1.9-C01,F1.9,Framing,"The unit's framing: we read this world through cotton, which carries making, trade, law and loss. Bronze, painting and silk sit beside it. A reading, not a fact.",interpretive,Interpretive; depth: n/a,Our own argument; Historian pack v2 world brief,spec v3
F1.9-C02,F1.9,Mehrgarh cotton,"Mineralised threads in a copper bead ""from a Neolithic burial (6th millennium bc) at Mehrgarh"" are cotton, ""the earliest known example of cotton in the Old World"". Our voice: in Afro-Asia.",documented,Documented; depth: Abstract,"https://www.sciencedirect.com/science/article/abs/pii/S0305440301907794 (Moulherat et al., 2002)",spec v3
F1.9-C03,F1.9,Mehrgarh cotton,"*Gossypium arboreum* and *G. herbaceum*, ""cultivated for several millennia"", are independent domesticates; two American cottons were domesticated separately. Our term: Afro-Asian cottons.",documented,Documented; depth: Abstract and title,"https://academic.oup.com/gbe/article/8/6/1940/2574112 (Renny-Byfield et al., 2016)",spec v3
F1.9-C04,F1.9,Fustat fragments,"Cleveland 1929.845, 1200s–1300s, block printing on cotton, is catalogued ""Egypt, Mamluk sultanate (1250–1517)"". Its text: ""the Indian woodblock printing technique reached the Mamluk world""; the fish are ""an indigenous Egyptian design element"".",documented,Documented; depth: Full text (record),https://openaccess-api.clevelandart.org/api/artworks/1929.845,spec v3
F1.9-C05,F1.9,Fustat fragments,"Met 30.112.32, 13th–14th century, ""block-printed, mordant dyed"" cotton, was ""produced in Gujarat, India"" and found in Fustat; bought 1930.",documented,Documented; depth: Full text (record),https://www.metmuseum.org/art/collection/search/448526 ; https://collectionapi.metmuseum.org/public/collection/v1/objects/448526,spec v3
F1.9-C06,F1.9,Fustat fragments,"Gujarati printed cottons ""discovered in deposits in Egypt"" date from the Fatimid to the Mamluk periods (10th to early 16th centuries); similar cottons reached Indonesia. The Met: most ""were found near grave sites and treasuries around Fustat"".",documented,Documented; depth: Abstract; full text,"https://architexturez.net/doc/doi-10-1080/00404969-2017-1294814 (Barnes, *Textile History*, 2017); https://www.metmuseum.org/essays/red-sea-textile-trade (Shaikh, 2023)",spec v3
F1.9-C07,F1.9,Mass export,"Chaudhury: Bengal textiles held ""an indisputable supremacy in the world market for centuries before the invasion of the machine-made fabrics in the early nineteenth century"".",documented,Documented (his claim); depth: Abstract,"https://www.cambridge.org/core/journals/modern-asian-studies/article/abs/european-companies-and-the-bengal-textile-industry-in-the-eighteenth-century-the-pitfalls-of-applying-quantitative-techniques1/CF8CCED0442C5FBC0FEF1F48278AC726 (*Modern Asian Studies* 27:2, 1993)",spec v3
F1.9-C08,F1.9,Mass export,"Our reading: Indian cotton was one of the earliest mass exports, made for buyers who never met its makers. Porcelain is the other candidate (F1.8).",interpretive,Interpretive; depth: n/a,Built on claims 6 and 7,spec v3
F1.9-C09,F1.9,Mass export,"Ben Yiju's account, written in Yemen about 1140–43 (T-S 8 J7, f. 23), mentions ""bronze vessels manufactured in India"". The editors refer to ""Ben Yiju's bronze factory"" there.",documented,Documented; depth: Edited translation,https://princetongenizalab.github.io/goitein-india-traders/III-28a.pdf (Goitein and Friedman),spec v3
F1.9-C10,F1.9,Court workshop,"Abu'l Fazl: ""Skilful masters and workmen have settled in this country""; ""the imperial workshops, the towns of Lahore, Agra, Fatehpur, Ahmadabad, Gujarat, turn out many master-pieces of workmanship.""",probable,Probable (secondary quotation; Blochmann 1873 unread); depth: Secondary quotation,https://en.wikipedia.org/wiki/Mughal_Karkhanas ; primary to read: https://archive.org/details/in.ernet.dli.2015.32526,spec v3
F1.9-C11,F1.9,Court workshop,"Met 24.48.1, ca. 1570, ""ink, opaque watercolor, and gold on cloth"", a Hamzanama folio, is ""attributed to Dasavanta"" and ""attributed to Mithra"". The Met: the ""earliest product"" of Akbar's atelier, about fifteen years in the making.",documented,Documented; depth: Full text (record),https://collectionapi.metmuseum.org/public/collection/v1/objects/447752 ; https://www.metmuseum.org/art/collection/search/447752,spec v3
F1.9-C12,F1.9,Chola bronzes and Sripuranthan,"Cleveland 1930.331, Nataraja, 1000s, Tamil Nadu, Chola period: first link C. T. Loo, sold to Cleveland in 1930; no temple named. Cleveland 1961.94, Shiva and Parvati, c. 1020–40: first link William H. Wolff, sold 1961.",documented,Documented; depth: Full text (records),https://openaccess-api.clevelandart.org/api/artworks/1930.331 ; https://openaccess-api.clevelandart.org/api/artworks/1961.94,spec v3
F1.9-C13,F1.9,Chola bronzes and Sripuranthan,"The NGA bought a Shiva Nataraja from Art of the Past, New York, in February 2008 for US$5 million. It reached Canberra ""for inspection"" in November 2007. In August 2008 police learned a bronze Shiva was missing from Sripuranthan. Australia handed it to India on 5 September 2014.",documented,Documented; depth: Full text (statement),"https://nga.gov.au/media/dd/documents/qa_update_shiva_nataraja.pdf (NGA, 5 September 2014)",spec v3
F1.9-C14,F1.9,Chola bronzes and Sripuranthan,"Crime No. 133/2008 at Vikramangalam police station concerns the theft of eight idols from Sri Puranthan (Madras High Court, 3 April 2012). That the thefts began in January 2006, and that Archaeological Survey of India officials found them missing in 2008, rests on an encyclopaedia.",documented,Documented (the case number); probable (the 2006 start); depth: Court order; summary,https://indiankanoon.org/doc/14478654 ; https://en.wikipedia.org/wiki/Sripuranthan_Natarajan_Idol,spec v3
F1.9-C15,F1.9,Chola bronzes and Sripuranthan,A Kumbakonam trial court convicted Subhash Kapoor on 1 November 2022 over 19 idols; ten years. Whether this includes Sripuranthan is not stated.,documented,Documented; depth: News,https://www.thenewsminute.com/tamil-nadu/international-idol-smugler-subhash-kapoor-sentenced-10-year-jail-term-169490 ; https://news.artnet.com/art-world-archives/subhash-kapoor-ten-year-sentence-2202695,spec v3
F1.9-C16,F1.9,Chola bronzes and Sripuranthan,India's Antiquities and Art Treasures Act 1972 took effect on 5 April 1976. It covers objects at least 100 years old; only the central government or its agency may export them.,documented,Documented; depth: Act text (opened 3 Oct 2026),"https://asi.nic.in/pdf/antiquityAct.pdf (Act text, section 3 and commencement note); https://www.mondaq.com/india/music-and-the-arts/407126/law-relating-to-antiquities-in-india-be-aware-of-your-obligations (Vaish Associates, 2015)",spec v3
F1.9-C17,F1.9,Patola,"Met 2012.164, ""Patolu with Elephant Design"", late 18th century, silk double ikat, ""India (Gujarat) for the Indonesian market"". Patola were Dutch ""prestige gifts for local Indonesian rulers"" in the Maluku spice trade.",documented,Documented; depth: Full text (record),https://collectionapi.metmuseum.org/public/collection/v1/objects/77871 ; https://www.metmuseum.org/art/collection/search/77871,spec v3
F1.9-C18,F1.9,Patola,"Consumers in the Indonesian archipelago ""preferred beautiful Indian cottons (used in religious ceremonies) over silver in exchange for spices.""",documented,Documented; depth: Full text,"https://jhna.org/articles/sits-to-spices-dutch-interactions-global-circulation-of-indian-textiles/ (Nierstrasz, *JHNA* 15:1, 2023)",spec v3
F1.9-C19,F1.9,Patola,"Freer F2025.1.2, an 18th-century patola, ""purportedly descended"" in a royal family in Sumba or nearby islands. It passed through a salesman in Bali in 2018; given 2025. Image: ""Usage Conditions Apply"".",documented,Documented; depth: Full text (record),https://asia.si.edu/explore-art-culture/collections/search/edanmdm:fsg_F2025.1.2/,spec v3
F1.9-C20,F1.9,Chintz and the 1721 Act,"Rijksmuseum BK-1980-126, ""Chintz with Garlands and Bouquets"", Coromandel Coast, c. 1775, resist-dye painted cotton, maker anonymous. A wall covering in European taste, probably never hung; bought 1980; public domain.",documented,Documented; depth: Full text (record),https://www.rijksmuseum.nl/en/collection/object/Chintz-with-Garlands-and-Bouquets--35f52e9fda081ebaa4687e935d639386,spec v3
F1.9-C21,F1.9,Chintz and the 1721 Act,"7 Geo. I c. 7 (1721) prohibited ""the use and wear of all printed, painted, stained, or dyed callicoes, in apparel, houshold-stuff, furniture"". It took effect after 25 December 1722, to protect wool and silk.",documented,Documented; depth: Catalogue record (title),https://wellcomecollection.org/works/fctmr4gy,spec v3
F1.9-C22,F1.9,Deindustrialisation,"What machine cloth did, two readings. Decline: India ""had lost all of its export market and much of its domestic market"" by the mid-19th century (Clingingsmith and Williamson, 2004). Survival: handloom weavers held on through cheaper mill yarn and higher-value cloth (Harnetty, 1991).",contested,Contested (both readings); depth: Abstracts,"https://papers.ssrn.com/sol3/papers.cfm?abstract_id=559236 ; https://www.cambridge.org/core/journals/modern-asian-studies/article/abs/deindustrialization-revisited-the-handloom-weavers-of-the-central-provinces-of-india-c-18001947/A2289C427760ED27DAA571A4294F75C0 (opened for F1.19, not reopened)",spec v3
F1.9-C23,F1.9,Jamdani and batik,"Jamdani (UNESCO, 2013) uses ""the discontinuous weft technique"" on ""a handloom"" and is ""principally transmitted by parents to children in home workshops"". Met 2019.452.4, a Dacca jamdani, is dated ""19th–early 20th century"".",documented,Documented; depth: Summary; record,https://ich.unesco.org/en/RL/traditional-art-of-jamdani-weaving-00879 ; https://collectionapi.metmuseum.org/public/collection/v1/objects/810838,spec v3
F1.9-C24,F1.9,Jamdani and batik,"A 2024 report on a Rupganj jamdani workshop quotes one of its weavers on seeing his work worn; his words are linked, not reproduced, until the workshop agrees (AR-051). The workshop employs 120 weavers; the finest jamdanis take up to six months.",documented,"Documented (holder's own words, reported); depth: News",https://www.csmonitor.com/Arts-Culture/Arts/2024/0229/Preserving-culture-one-textile-at-a-time (29 February 2024),spec v3
F1.9-C25,F1.9,Jamdani and batik,"Cooper Hewitt 1961-115-27, a 19th-century kain panjang, cotton, ""wax resist dyeing (batik) on plain weave"", Indonesia; image public domain. Indonesian Batik was inscribed by UNESCO in 2009 (decision 4.COM 13.44).",documented,"Documented (record); UNESCO year from the decision index, page not opened; depth: Record; index",https://collection.cooperhewitt.org/objects/18437553/ ; https://ich.unesco.org/en/decisions/4.COM/13.44,spec v3
F1.9a-C01,F1.9a,Framing,"Framing: we read West Asia's making through its accounts, and each object through two accounts, what it records and how it reached us.",interpretive,Interpretive; depth: n/a,Our own argument,spec v3
F1.9a-C02,F1.9a,Accounts,"Met 1988.433.2: ""administrative account concerning the distribution of barley and emmer"", ca. 3100–2900 BCE, Jemdet Nasr. Its sibling 1988.433.1 also accounts for barley.",documented,Documented; depth: Full record,https://collectionapi.metmuseum.org/public/collection/v1/objects/327384 ; …/329081,spec v3
F1.9a-C03,F1.9a,Accounts,"Reading one: writing was invented independently in Mesopotamia, Egypt, China and Mesoamerica; Egypt's earliest, at Abydos tomb U-j, dates to 3320 BCE. Reading two: Egypt may have taken the idea from Mesopotamian contact.",contested,Contested; depth: Exhibition text (ISAC),https://artsandculture.google.com/story/visible-language-part-ii-isac-museum/4AXR09XM5lg0hw,spec v3
F1.9a-C04,F1.9a,Accounts,"Walters 48.1767, Umma, year 37 of Shulgi: nearly 20,000 temple workers in 24 columns. Kelekian; Henry Walters, 1912.",documented,Documented; depth: Full record,https://art.thewalters.org/object/48.1767/,spec v3
F1.9a-C05,F1.9a,Accounts,"Walters 41.219, red stone, ca. 3100–2900 BCE, records a land transfer of one bur'u (about 157 acres). Henry Walters by 1909.",documented,Documented; depth: Full record,https://art.thewalters.org/object/41.219/,spec v3
F1.9a-C06,F1.9a,Copper from Magan,"Magan is the Oman peninsula, today Oman and the UAE; the name is Mesopotamian. The Umm an-Nar period (c. 2600–2000 BCE) is named for an island by Abu Dhabi; the Hafit period is c. 3200–2600 BCE.",documented,Documented (the consensus identification); depth: Summary,https://en.wikipedia.org/wiki/Umm_Al_Nar_culture ; canon CIV061,spec v3
F1.9a-C07,F1.9a,Copper from Magan,"Al Ain's World Heritage site (2011) holds Hafit's stone tombs (ca. 2500 BCE) and, at Hili, ""one of the oldest examples"" of aflaj, from the Iron Age.",documented,Documented; depth: Summary,https://whc.unesco.org/en/list/1343,spec v3
F1.9a-C08,F1.9a,Copper from Magan,"A later copy of Sargon's inscription says he moored ""the ships of Meluhha, Magan, and Tilmun"" at Agade.",probable,Probable (Frayne 1993 read only as quoted); depth: Summary,https://en.wikipedia.org/wiki/Akkad_(city),spec v3
F1.9a-C09,F1.9a,Copper from Magan,"Lead isotopes tie Sumerian copper partly to Oman's ores; Mesopotamia also drew on Anatolia, Iran, Faynan and northwest India.",documented,Documented; depth: Full text,https://www.bergbaumuseum.de/fileadmin/forschung/zeitschriften/metalla/22.1/metalla-22-1-royal-tombs-of-ur-mesopotamia-klein-hauptmann.pdf (Hauptmann and Klein 2016),spec v3
F1.9a-C10,F1.9a,Copper from Magan,"BM 131236, 1750 BCE: ""letter from Nanni to Ea-nasir complaining that the wrong grade of copper ore has been delivered after a gulf voyage"". Excavated by Woolley at Ur; acquired by ""Division of Finds from the Department of Antiquities of Iraq"".",documented,Documented; depth: Full record,https://www.britishmuseum.org/collection/object/W_1953-0411-71,spec v3
F1.9a-C11,F1.9a,Copper from Magan,"Reading one: Belovode's smelting, ""c. 7000 years ago"", is ""the earliest documented proof of pyrometallurgical copper extraction"", against a single origin. Reading two: Iranian evidence (Tal-i Iblis, INV077) is close in date.",contested,Contested; depth: Abstract,https://www.sciencedirect.com/science/article/abs/pii/S0305440310001986 (Radivojević et al. 2010); canon INV077,spec v3
F1.9a-C12,F1.9a,Letters from Kanesh,"Met 66.245.11, ""private letter concerning consignment of textiles"", ca. 20th–19th century BCE, ""probably from Kültepe (Karum Kanesh)""; gift of J. J. Klejman, 1966.",documented,Documented; depth: Full record,https://collectionapi.metmuseum.org/public/collection/v1/objects/325852,spec v3
F1.9a-C13,F1.9a,Letters from Kanesh,"Assur women wove textiles for Kanesh, about 25 a year in one household, and wrote letters. Lamassī: ""I couldn't send you the textiles you asked for.""",documented,Documented; depth: Full text,"https://anetoday.org/women-assur-kanesh/ (Michel, 2021)",spec v3
F1.9a-C14,F1.9a,Elam and Persepolis,"Proto-Elamite tablets record state transactions and remain undeciphered. Reading one: Desset and colleagues deciphered Linear Elamite (2022). Reading two: Dahl (2023) saw ""shallow graphical similarities"". The work used Mahboubian silver vessels said to come from ""commercial excavations"".",contested,Contested; depth: Full text (essay),https://www.lrb.co.uk/the-paper/v47/n04/tom-stevenson/beyond-mesopotamia,spec v3
F1.9a-C15,F1.9a,Elam and Persepolis,"Met 66.173, silver kneeling bull, Proto-Elamite, ca. 3100–2900 BCE, southwestern Iran; bought 1966.",documented,Documented; depth: Full record,https://www.metmuseum.org/art/collection/search/329074,spec v3
F1.9a-C16,F1.9a,Elam and Persepolis,"Met 36.30.62, Achaemenid Elamite, ca. 500 BCE: ""205 head of small livestock … allocation by Hinduš balance of the 21st year"". Excavated 1935 at Qasr-i Abu Nasr; ""ceded in the division of finds"", 1936. Like the Persepolis Fortification Archive (over 15,000 tablets, 509–493 BCE).",documented,Documented; depth: Full record,https://www.metmuseum.org/art/collection/search/323243,spec v3
F1.9a-C17,F1.9a,Elam and Persepolis,The French monopoly on excavation in Iran ended in 1930; partage then divided finds between sponsor and host.,documented,Documented; depth: Full text,"https://www.metmuseum.org/essays/the-metropolitan-museums-excavations-at-qasr-i-abu-nasr (Yates, 2018)",spec v3
F1.9a-C18,F1.9a,Elam and Persepolis,"Iran lent the Persepolis tablets to Chicago's Oriental Institute in 1936. US citizens wounded in a 1997 Hamas suicide bombing in Jerusalem, and relatives of the injured, held a judgment against Iran and sought to seize them. On 21 February 2018 the US Supreme Court ruled 8–0 that the provision they relied on, §1610(g), gave no freestanding right to do so. About 1,800 returned in 2019, after three tranches from 1948 to 2004.",documented,"Documented (archive size differs: over 15,000 tablets, or about 30,000 tablets and fragments as the Court counts them); depth: Opinion syllabus; case summary; news",https://supreme.justia.com/cases/federal/us/583/16-534 ; https://www.oyez.org/cases/2017/16-534 ; https://www.returningheritage.com/cuneiform-tablets-returned-to-iran-after-u-s-court-ruling (2019); https://chicagomaroon.com/27330/news/eight-decades-oi-ancient-tablets-return-iran/,spec v3
F1.9a-C19,F1.9a,Luristan,"Only ""a small percentage"" of Luristan bronzes were excavated. Cleveland 1961.33 names two owners, undated. Our reading: many antiquities came through the market, Luristan above all; others by partage.",documented,Documented; interpretive (reading); depth: Full text; record,https://www.iranicaonline.org/articles/luristan-bronzes/iii-modern-history-of-luristan-bronzes/ ; https://clevelandart.org/art/1961.33,spec v3
F1.9a-C20,F1.9a,Glass,"Glass tubes and bottles from Avigad's 1971 Jerusalem excavation, about 50–40 BCE, are ""the earliest reasonably closely datable evidence of glassblowing"".",documented,Documented; depth: Full text,"https://renvenetian.cmog.org/chapter/earliest-inflated-glass (Gudenrath, Corning)",spec v3
F1.9a-C21,F1.9a,Glass,"The Met credits Ennion on jug 17.194.226, first half of the 1st century CE. He probably worked at Sidon. Surviving pieces: 26 intact or near-intact (Lightfoot) or about fifty. Among the earliest named glass-blowers.",documented,Documented; probable (Sidon); depth: Record; interview; summary,https://collectionapi.metmuseum.org/public/collection/v1/objects/249470 ; https://www.metmuseum.org/blogs/now-at-the-met/2014/ennion-catalogue ; https://en.wikipedia.org/wiki/Ennion,spec v3
F1.9a-C22,F1.9a,Glass,"Nineveh's 7th-century BCE glass texts give recipes for coloured glass and a four-chambered kiln, naming no glassmaker. KAR 220 (13th century BCE) names ""Tappūtī-Bēlat-Ekalle, the perfume-maker"".",documented,Documented; depth: Summary,https://alchemeast.eu/homepage/cuneiform-texts/,spec v3
F1.9a-C23,F1.9a,South Arabian sticks,"South Arabian palm-stalk documents, early 1st millennium BCE to the 6th century CE, hold letters, accounts, contracts and quittances signed by witnesses; most come from Nashshān (as-Sawdāʾ), found by local people in the 1970s. Weimar reads the Sabaic tax term *ḫrṣ* as allotments for service.",documented,Documented; probable (*ḫrṣ*); depth: Full text; abstract,"https://anetoday.org/stein-arabia-documents/ (Stein, 2022); https://archaeopresspublishing.com/ojs/index.php/PSAS/article/view/254 (Weimar 2020)",spec v3
F1.9a-C24,F1.9a,Aflaj,"Reading one (UNESCO, Oman, 2006): aflaj origins ""may date back to AD 500"", with irrigation ""as early as 2500 BC"". Reading two (UNESCO, Al Ain, 2011; INV137): Hili's aflaj are Iron Age. Iranian priority is also argued (TEC220).",contested,Contested; depth: Summary,https://whc.unesco.org/en/list/1207 ; https://whc.unesco.org/en/list/1343,spec v3
F1.9a-C25,F1.9a,Aflaj,"A falaj day has 48 *athar*, 24 by day and 24 by night; a wakil runs it, and Al-Ghafri lists a banker (*qabidh* or *amin al-daftar*) among its staff. In Buraimi in 2018, volunteers cleaned a falaj dry for 15 years: ""With the help of elders our dream came true"" (Talib Al Jabri).",documented,Documented; depth: Full text; news,"https://ishraqa.unizwa.edu.om/article_169721.html (Al-Ghafri, 2021); https://gulfnews.com/world/gulf/oman/dry-falaj-returns-to-life-after-15-years-in-oman-1.1972897",spec v3
F1.10-C01,F1.10,"The Islamic world as a network, read through routes and the waqf","Framing: we read the Islamic world as a network of routes, and its making through who paid (often an endowment) and who carried.",interpretive,Interpretive,Our own argument [depth: n/a],spec v3
F1.10-C02,F1.10,"The Islamic world as a network, read through routes and the waqf","Reading one: a distinct ""Islamic"" tradition is ""a product of late nineteenth- and twentieth-century Western scholarship""; much of it was not made ""by Muslims for purposes of the faith"" (Blair and Bloom, 2003). Reading two: the Met defines it as art for the faith and art ""produced in the lands ruled by Muslims, produced for Muslim patrons, or created by Muslim artists"" (2001).",contested,Contested (both readings),https://www.collegeart.org/pdf/artbulletin/Art%20Bulletin%20Vol%2085%20No%201%20Blair%20and%20Bloom.pdf ; https://www.metmuseum.org/essays/the-nature-of-islamic-art [depth: Full text; essay],spec v3
F1.10-C03,F1.10,"The Islamic world as a network, read through routes and the waqf","Met 90.5.902, a cover with four trees of life, linen and wool, 4th–5th century, is catalogued ""Egypt"", not ""Coptic""; gift of George F. Baker, 1890.",documented,Documented,https://collectionapi.metmuseum.org/public/collection/v1/objects/444375 [depth: Full record],spec v3
F1.10-C04,F1.10,"The Islamic world as a network, read through routes and the waqf","Our rule: ""late antique Egyptian weavers""; ""Coptic"" only for Christian work. The canon's own note: the museum label is ""a period label, not a community attribution"" (COM001).",interpretive,Interpretive (naming rule),Canon COM001 [depth: Register],spec v3
F1.10-C05,F1.10,"The Islamic world as a network, read through routes and the waqf","Walters 83.543, a tiraz fragment, early 10th century, linen with silk embroidery, was ""woven in an official factory"". The Walters gives Egypt as its place of origin and Iran as its place of discovery; no site is named. Maurice Nahman (Cairo and Paris), then Henry Walters, 1928.",documented,"Documented (re-read 3 Oct 2026: the quotation corrected from ""produced in""; place of discovery added)",https://art.thewalters.org/object/83.543/ [depth: Full record],spec v3
F1.10-C06,F1.10,"The Islamic world as a network, read through routes and the waqf","The earliest documented paper mill in the Islamic world was in Baghdad, 794–95. Bloom: ""Papermaking was begun in Baghdad itself by the late 8th century.""",documented,"Documented (Bloom's sentence re-read 3 Oct 2026; the year 794–95 rests on Bloom 2001, read in the deep dive and not re-opened, so the year alone is unverified this pass)",https://edspace.american.edu/silkroadjournal/wp-content/uploads/sites/984/2017/09/Silk-Road-or-Paper-Road.pdf ; https://muse.jhu.edu/article/43172/summary [depth: Full text; review],spec v3
F1.10-C07,F1.10,"The Islamic world as a network, read through routes and the waqf","Central Asia had paper before Baghdad: it ""had been known—and made—in Central Asia for centuries"". The Talas story is told as legend in F1.27 and F1.30a.",documented,Documented,"Bloom, as 6 [depth: Full text]",spec v3
F1.10-C08,F1.10,"The Islamic world as a network, read through routes and the waqf","""From Iraq, papermaking was carried to Syria, then Egypt, across North Africa to Morocco and eventually to Spain.""",documented,Documented,"Bloom, as 6 [depth: Full text]",spec v3
F1.10-C09,F1.10,"The Islamic world as a network, read through routes and the waqf","Walters W.591, a book on logic on laid paper, Bursa, 918 AH/1512, made for Selim I's library. Beshir Agha's waqf seal is dated 1130 AH/1717, with shelfmark 419; his ex libris is dated 1745. Henry Walters: ""date and mode of acquisition unknown""; the Walters, 1931.",documented,Documented,https://art.thewalters.org/object/W.591/ [depth: Full record],spec v3
F1.10-C10,F1.10,"The Islamic world as a network, read through routes and the waqf","Beshir Agha (about 1657–1746) was ""enslaved in his native Ethiopia as a boy, then castrated in Egypt""; the libraries he founded ""helped to shape the religious and intellectual profile of the Ottoman state"" (Hathaway, 2005).",documented,Documented,https://nes.princeton.edu/publications/beshir-agha-chief-eunuch-ottoman-imperial-harem [depth: Publisher summary],spec v3
F1.10-C11,F1.10,"The Islamic world as a network, read through routes and the waqf","Mamluk endowment deeds (13th–16th centuries) name craftsmen appointed to maintain endowed buildings, set their duties and wages, and were enforced through the judge's court.",probable,Probable (the deep dive read it; only the thesis title re-confirmed today),"https://qmro.qmul.ac.uk/xmlui/handle/123456789/59201 (Abdulkarim, ""Building Craftsmen in Mamluk Society 648–923/1250–1517"") [depth: Catalogue title]",spec v3
F1.10-C12,F1.10,"The Islamic world as a network, read through routes and the waqf","Our reading: endowment deeds are one of the richest records of named craftsmen before 1600, beside Deir el-Medina, guild rolls and the Yingzao Fashi.",interpretive,Interpretive,Our own argument; pre-read fix [depth: n/a],spec v3
F1.10-C13,F1.10,"The Islamic world as a network, read through routes and the waqf","LOC 2017657142, ""Kairo, Mosquée Sultan Hassan"", photochrom, Photoglob Co., about 1890–1910: ""No known restrictions on publication.""",documented,Documented,https://www.loc.gov/item/2017657142/ [depth: Full record],spec v3
F1.10-C14,F1.10,"The Islamic world as a network, read through routes and the waqf","Cleveland 1944.236, mosque lamp, Iznik, 1585–95: ""it is likely that its primary function was not illumination""; it hung ""in a mosque or mausoleum"". Heeramaneck Galleries, then Cleveland, 1944.",documented,Documented (holder's reading),https://openaccess-api.clevelandart.org/api/artworks/1944.236 [depth: Full record],spec v3
F1.10-C15,F1.10,"The Islamic world as a network, read through routes and the waqf","Cleveland 1995.17, dish, Iznik, c. 1535–40: the artichoke design ""was likely inspired by luxury Italian textiles imported into the Ottoman court"".",probable,Probable (holder's reading),https://openaccess-api.clevelandart.org/api/artworks/1995.17 [depth: Full record],spec v3
F1.10-C16,F1.10,"The Islamic world as a network, read through routes and the waqf","CUL Or.1080 J95: ""Accounts of Avraham Ibn Yiju's workshop for bronze vessels, India 1132-1139, 1145-1149"", in his hand. Ben Yiju was a Jewish trader from al-Mahdiyya, Tunisia (Goitein and Friedman, 2008).",documented,Documented,"https://geniza.princeton.edu/en/documents/5554/ ; https://princetongenizalab.github.io/goitein-india-traders/III-41.pdf (Goitein and Friedman, India Traders, III, 41: ""Ben Yiju of al-Mahdiyya"") ; canon PER326 [depth: Full record; edition]",spec v3
F1.10-C17,F1.10,"The Islamic world as a network, read through routes and the waqf","Cleveland 1915.581, footed bowl, ""Iran, probably Kashan"", late 1100s–early 1200s, pierced fritware with underglaze painting. Its shape ""is derived from Iranian metal bowls"". Kelekian, then Cleveland, 1915.",documented,Documented,https://openaccess-api.clevelandart.org/api/artworks/1915.581 [depth: Full record],spec v3
F1.10-C18,F1.10,"The Islamic world as a network, read through routes and the waqf","Cobalt went east from Iran to Jingdezhen. Jiang et al., ""Early globalized industrial chain revealed by residual submicron pigment particles…"" (PNAS, 2020), propose that ores from the Anarak mining district, ""rather than those originating from Qamsar, Kashan as previously thought"", ""might have served as one of the most likely sources"".",probable,"Probable (the authors' own hedge; read 3 Oct 2026 in the discussion, not the abstract)",https://www.pnas.org/doi/10.1073/pnas.1916630117 [depth: Full text (discussion)],spec v3
F1.10-C19,F1.10,"The Islamic world as a network, read through routes and the waqf","""From the 13th to the 16th century, the merchants of Kilwa dealt in gold, silver, pearls, perfumes, Arabian crockery, Persian earthenware and Chinese porcelain."" The Great Mosque's vaults are ""some decorated with embedded Chinese porcelain"".",documented,Documented,https://whc.unesco.org/en/list/144/ [depth: Summary],spec v3
F1.10-C20,F1.10,"The Islamic world as a network, read through routes and the waqf","Cleveland 1981.10, mosque lamp, France, late 1800s, was in Philippe-Joseph Brocard's collection; ""it is possible that it was made by him"". Brocard ""produced many lamp reproductions"". Cleveland 1944.488, bottle, Europe, c. 1900, names the Mamluk sultan Muhammad ibn Qala'un; 1944.235, ""Ceremonial Spittoon or Basin"", is European, late 1800s.",documented,Documented,https://openaccess-api.clevelandart.org/api/artworks/1981.10 ; …/1944.488 ; …/1944.235 [depth: Full records],spec v3
F1.10-C21,F1.10,"The Islamic world as a network, read through routes and the waqf","Brooklyn 21.484 was tested by XRF, SEM–EDS and Raman. It ""can now be identified as a Mamluk example""; its foot is a later addition (Salvant et al., Heritage Science, 2016).",documented,Documented,https://www.nature.com/articles/s40494-016-0073-6 [depth: Abstract],spec v3
F1.10-C22,F1.10,"The Islamic world as a network, read through routes and the waqf","Arabic calligraphy was inscribed in 2021 (16.COM 8.b.35), on the file of 16 states. Tools: reed qalam; ink of ""honey, black soot and saffron"". Skills pass ""informally or through formal schools or apprenticeships""; spray paint serves calligraffiti.",documented,Documented,https://ich.unesco.org/en/RL/arabic-calligraphy-knowledge-skills-and-practices-01718 [depth: Full record],spec v3
F1.10-C23,F1.10,"The Islamic world as a network, read through routes and the waqf","Yushaa Abdullah, a calligrapher in Nigeria, describes in a 2021 interview how an invitation from IRCICA took him to study with Hasan Çelebi from December 2007. We link the interview and do not reproduce his words until the consent route (section 9) has been used (AR-062).",documented,"Documented (own words, linked)",https://www.scriptsnscribes.com/blogs/2021/8/13/a-conversation-with-master-calligrapher-yushaa-abdullah [depth: Full text (interview)],spec v3
F1.10-C24,F1.10,"The Islamic world as a network, read through routes and the waqf","The Gulf's two shores in UNESCO's lists: ""Traditional skills of building and sailing Iranian Lenj boats in the Persian Gulf"" (Iran, Urgent Safeguarding, 2011, 6.COM 8.10). Al Sadu weaving (UAE): Urgent Safeguarding 2011, Representative List 2025 (20.COM 7.c.1). Its safeguarding programme (2011–2023) entered the Register of Good Safeguarding Practices in 2025.",documented,Documented,https://ich.unesco.org/en/USL/traditional-skills-of-building-and-sailing-iranian-lenj-boats-in-the-persian-gulf-00534 ; https://ich.unesco.org/en/RL/al-sadu-traditional-weaving-skills-in-the-united-arab-emirates-02223 ; https://ich.unesco.org/en/BSP/safeguarding-programme-for-al-sadu-traditional-weaving-skills-in-the-united-arab-emirates-02473 [depth: Full records],spec v3
F1.10-C25,F1.10,"The Islamic world as a network, read through routes and the waqf","""Pearling, Testimony of an Island Economy"" (Bahrain, 2012, criterion iii): seventeen buildings in Muharraq, three oyster beds, part of the seashore and Qal'at Bu Mahir. Pearling ""dominated the Gulf economy (2nd century to the 1930s, when Japan developed cultured pearls)"".",documented,Documented,https://whc.unesco.org/en/list/1364/ [depth: Summary],spec v3
F1.11-C01,F1.11,"Europe and the Mediterranean, read through the guild","The unit's framing: Europe is one world of making among several, read through the guild, a written rule for who may make, how they learn and what they may sell. A reading, not a fact.",interpretive,Interpretive,Our own argument; Historian pack v2 world brief [depth: n/a],spec v3
F1.11-C02,F1.11,"Europe and the Mediterranean, read through the guild","Cleveland 1927.433, Attic black-figure amphora, c. 530–520 BCE, attributed to ""The Bateman Group, manner of Lysippides Painter"", a modern name. Chain: ""Bateman Collection, London""; C. Fongoli and G. Egidi, Florence; Cleveland, 1927.",documented,"Documented (re-read 3 Oct 2026; ""John Bateman"" is not on the record and was removed)",https://openaccess-api.clevelandart.org/api/artworks/1927.433 [depth: Record],spec v3
F1.11-C03,F1.11,"Europe and the Mediterranean, read through the guild","Met 31.11.10, lekythos, Amasis Painter, ca. 550–530 BCE: ""two women work at an upright loom"", three ""weigh wool"", four ""spin wool into yarn"". Fletcher Fund, 1931.",documented,Documented,https://www.metmuseum.org/art/collection/search/253348 ; https://collectionapi.metmuseum.org/public/collection/v1/objects/253348 [depth: Record],spec v3
F1.11-C04,F1.11,"Europe and the Mediterranean, read through the guild","Lydos signed two vases ""ho Lydos"", ""the Lydian"": a Lydian who came to Athens, or a son of Lydian parents. Whether he was free is not recorded.",documented,"Documented (a signature: the Louvre records one painted signature on amphora F 29, c. 560 BCE); probable (the second signature and both readings of ""the Lydian"": encyclopedia citing Boardman, not opened). A kyathos in the Villa Giulia (84466) is signed by a Lydos who calls himself a slave; it is usually given to a different painter (a secondary site, citing Beazley Archive 6247, not opened): for the Historian pre-read",https://collections.louvre.fr/en/ark:/53355/cl010269703 ; https://en.wikipedia.org/wiki/Lydos [depth: Record; summary],spec v3
F1.11-C05,F1.11,"Europe and the Mediterranean, read through the guild","Cleveland 1970.16, neck-amphora, 515–510 BCE, Painter of Berlin 1899. Provenance: Cleveland ""(1970–present)"" only; accessioned 9 March 1970.",documented,Documented,https://openaccess-api.clevelandart.org/api/artworks/1970.16 [depth: Record],spec v3
F1.11-C06,F1.11,"Europe and the Mediterranean, read through the guild","Red-gloss pottery was mass-produced in several parts of the Roman empire and exported across it. Stamps name people in production, including enslaved and freed workers; the largest Arretine firms had dozens of potters.",documented,Documented (carried from F1.23),"https://www.cambridge.org/core/journals/journal-of-roman-studies/article/abs/internal-organization-of-the-arretine-terra-sigillata-industry-problems-of-evidence-and-interpretation/73AD21990173E86AA8F2C6968CC49845 (Fülle, 1997) [depth: Abstract]",spec v3
F1.11-C07,F1.11,"Europe and the Mediterranean, read through the guild","A bowl from the Kops Plateau, Nijmegen, 10 BCE–10 CE, is stamped ""VILIS"", read as Utilis of Lyon. Its graffito names a cavalry turma under Rufus. The holder: ""Felix is een veel voorkomende naam bij slaven, maar kan ook 'gelukkig' betekenen.""",documented,Documented (the reading is the holder's),https://www.europeana.eu/item/2021648/resource_document_collectiegelderland_XXBHEMPND7ZQSYE5DNJS4NDABQICFG5BLNBMJB2OFRUNWJFKW24Q [depth: Record],spec v3
F1.11-C08,F1.11,"Europe and the Mediterranean, read through the guild","The Book of the Eparch has 22 chapters on Constantinople's guilds, among them notaries, jewellers, money changers, dealers in clothing and perfume, and bakers; several chapters cover the silk trade, so counts of trades differ (19 in the encyclopedia first used). Its full text survives in a 14th-century manuscript, Geneva gr. 23. Jules Nicole studied it from 1892 and published it in 1893; his French translation is of 1894.",probable,"Probable (scholarly encyclopedia, Encyclopaedia of the Hellenic World: Constantinople; edition not read). Corrected 3 Oct 2026: 22 chapters; Nicole 1892–93, not ""found 1891""",http://constantinople.ehw.gr/Forms/fLemmaBodyExtended.aspx?lemmaID=11805 ; https://archive.org/details/lelivreduprfet00nico [depth: Encyclopedia entry; record],spec v3
F1.11-C09,F1.11,"Europe and the Mediterranean, read through the guild","Its date, two readings: Leo VI, whose name and the date 911/912 head the title and preamble in a second manuscript (Istanbul, Metochion Taphou 25); or a text compiled or interpolated under Nikephoros II (963–69), because the Geneva text names the tetarteron coin (Hendy, 1972).",contested,Contested (both readings),"http://constantinople.ehw.gr/Forms/fLemmaBodyExtended.aspx?lemmaID=11805 ; Hendy, Byzantinische Zeitschrift 65 (not opened) [depth: Encyclopedia entry]",spec v3
F1.11-C10,F1.11,"Europe and the Mediterranean, read through the guild","The Livre des métiers was compiled under Étienne Boileau, provost of Paris 1261–1269, most likely between 1266 and 1269; the exact year 1268 is the 1879 editor's conjecture. The 19th-century editions credit him with 101 statutes. The copy then held as the original burned in the Chambre des comptes fire of October 1737. The butchers are absent.",documented,"Documented (dates, 101, the 1737 fire: Médiévales, OpenEdition); unverified (the butchers' absence: encyclopedia only)",https://journals.openedition.org/medievales/7569 ; https://fr.wikipedia.org/wiki/Livre_des_m%C3%A9tiers [depth: Article; summary],spec v3
F1.11-C11,F1.11,"Europe and the Mediterranean, read through the guild","Its statutes set apprenticeships of up to twelve years, usually one apprentice per master besides his children, and banned night work with exceptions. They include women's trades, such as silk spinners (fileresses de soie, on large and small spindles).",probable,"Probable (apprenticeship and night-work rules: encyclopedia, not checked this pass); documented (the silk spinners' two trades, in Médiévales' list of statutes)",https://fr.wikipedia.org/wiki/Livre_des_m%C3%A9tiers ; https://journals.openedition.org/medievales/7569 [depth: Summary; article],spec v3
F1.11-C12,F1.11,"Europe and the Mediterranean, read through the guild","The BnF's 14th–15th-century copies are ""No Copyright – Other Known Legal Restrictions""; the 1879 edition at the BSB and the ÖNB is ""Non-Commercial Use Only"". Depping's 1837 edition is ""NOT_IN_COPYRIGHT"" (Internet Archive).",documented,Documented,https://api.europeana.eu/record/v2/search.json?wskey=api2demo&query=Boileau%20m%C3%A9tiers%20Paris ; https://archive.org/metadata/rglemenssurles00boiluoft/metadata [depth: Records],spec v3
F1.11-C13,F1.11,"Europe and the Mediterranean, read through the guild","Bloom: ""Arab"" paper appears in Spanish Christian manuscripts of the late 10th century. Mariani: Arab mills at Xàtiva ""around the year 1050"".",documented,Documented (carried from F1.27),https://edspace.american.edu/silkroadjournal/wp-content/uploads/sites/984/2017/09/Silk-Road-or-Paper-Road.pdf ; https://www.handpapermaking.org/magazine-articles/italy-the-birthplace-of-western-paper-tracing-the-development-and-spread-of-fabriano-paper [depth: Full text],spec v3
F1.11-C14,F1.11,"Europe and the Mediterranean, read through the guild",Jikji was printed with metal type in 1377; Mainz printed in the mid-1450s. No document links them; we read Mainz as a recurrence.,documented,Documented (dates); interpretive (carried from F1.5),https://www.unesco.org/en/memory-world/baegun-hwasang-chorok-buljo-jikji-simche-yojeol-volii-second-volume-anthology-great-buddhist-priests ; https://www.hrc.utexas.edu/gutenberg-bible/ [depth: Summary],spec v3
F1.11-C15,F1.11,"Europe and the Mediterranean, read through the guild","Rijksmuseum RP-P-OB-44.516 ""Papiermaker"" and RP-P-OB-44.517 ""Boekdrukker"", etchings by Caspar and Jan Luyken, 1694: nos. 60 and 61 of the 100 trade prints of Het Menselyk Bedryf. Public domain.",documented,Documented,https://www.rijksmuseum.nl/en/collection/RP-P-OB-44.516 ; https://www.rijksmuseum.nl/en/collection/object/Boekdrukker--251c2eda0537b64f5960d18220451be5 [depth: Records],spec v3
F1.11-C16,F1.11,"Europe and the Mediterranean, read through the guild","Rijksmuseum SK-C-6, Rembrandt, 1662, ""The Sampling Officials of the Amsterdam Drapers' Guild, Known as 'The Syndics'"": the officials who controlled cloth quality, with their servant Frans Hendricksz Bel, a sample book and a ""Persian carpet"". ""This important guild commissioned him""; it hung in the guild's Staalhof (the hall is not named on the record as fetched). Lent by the City of Amsterdam since 15 August 1808.",documented,"Documented (re-read 3 Oct 2026: the guild, not ""the sitters"", is named as commissioner)",https://www.rijksmuseum.nl/en/collection/SK-C-6 [depth: Record],spec v3
F1.11-C17,F1.11,"Europe and the Mediterranean, read through the guild","Badisches Landesmuseum 64/87, a writing cabinet, 1764, is ""das Meisterstück von Johann Philipp Raab (1736–1802) aus Mainz"". Its drawing and written description ""waren Teil der Meisterprüfung""; Raab then joined the Mainz joiners' guild. Image CC0.",documented,Documented,https://www.deutsche-digitale-bibliothek.de/item/IMT25HT6PFDQSUBD3VPQNY2L6UDIFISJ [depth: Record],spec v3
F1.11-C18,F1.11,"Europe and the Mediterranean, read through the guild","The Ordynacya Rzemieślnicza for West Prussia, 24 January 1774 (Kanter), has 49 paragraphs. The library: it bound craftsmen to standards ""under threat of penalty"". Europeana dates it 1744.",documented,Documented (record; text not read),https://dlibra.bibliotekaelblaska.pl/dlibra/publication/6298/edition/6072/ordynacya-rzemieslnicza-lub-ulozenie-porzadkow-rzemieslniczych-dla-pruss-zachodnich [depth: Record],spec v3
F1.11-C19,F1.11,"Europe and the Mediterranean, read through the guild","The décret d'Allarde (2 and 17 March 1791) suppressed the masterships and wardenships (maîtrises et jurandes) and left anyone free to practise a trade on paying for a patente; the loi Le Chapelier (14 and 17 June 1791) banned associations of people of the same trade, compagnonnage and workers' coalitions among them.",documented,Documented (law-journal and notarial summaries quoting article 7; decree text not read). Corrected 3 Oct 2026: the guilds were ended by the décret d'Allarde; Le Chapelier banned trade associations,https://www.revuegeneraledudroit.eu/blog/2015/03/09/le-decret-dallarde-des-2-et-17-mars-1791-ou-la-materialisation-des-idees-liberales-de-la-revolution-francaise ; https://www.notaires.fr/fr/collectivites-territoriales/sauvegarde-des-commerces/le-principe-de-liberte-du-commerce-et-de-l%E2%80%99industrie [depth: Summaries],spec v3
F1.11-C20,F1.11,"Europe and the Mediterranean, read through the guild","Cleveland 1918.823, Josiah Wedgwood and Sons, Portland Vase, c. 1790: ""one of the first editions"". The 3rd Duke of Portland lent the 1st-century Roman glass to Wedgwood around 1790.",documented,Documented,https://openaccess-api.clevelandart.org/api/artworks/1918.823 [depth: Record],spec v3
F1.11-C21,F1.11,"Europe and the Mediterranean, read through the guild","UNESCO, 2010 (5.COM 6.12): compagnonnage ""involves almost 45,000 people"" in three groups; training ""lasts on average five years"", ""from town to town""; a ""masterwork"" is ""examined and assessed by the compagnons"". It is ""the last to perform trade initiation rites"".",documented,Documented,https://ich.unesco.org/en/RL/compagnonnage-network-for-on-the-job-transmission-of-knowledge-and-identities-00441 [depth: Summary],spec v3
F1.11-C22,F1.11,"Europe and the Mediterranean, read through the guild","The Compagnons du Devoir, in their own words (page of 2025): open ""à partir de 15 ans"" to ""jeunes hommes et femmes"", who may go on ""en réalisant un Tour de France pour devenir Compagnon du Devoir"". Its page on becoming a compagnon names the Adoption and the Réception, and calls the Réception work ""parfois appelé, à tort, chef-d'œuvre"".",documented,"Documented (holders' own words: the Adoption, the Réception, ""jeune homme et jeune femme"", the Tour de France, re-read 3 Oct 2026); unverified (""parfois appelé, à tort, chef-d'œuvre"" was not on the page in two fetches on 3 Oct 2026, and the Musée du compagnonnage, Tours, calls the Réception work a ""chef-d'œuvre""; reconfirm before quoting)","https://compagnons-du-devoir.com/ (read 2 October 2026) ; https://compagnons-du-devoir.com/se-former/devenir-compagnon-du-devoir/ (search extract, 3 October 2026) [depth: Page]",spec v3
F1.11-C23,F1.11,"Europe and the Mediterranean, read through the guild","Belovode, two readings: its smelting, about 5000 BCE, is ""the earliest documented proof"" of copper extraction, against a single origin; Iranian evidence is close in date.",contested,Contested (carried from F1.9a),"https://www.sciencedirect.com/science/article/abs/pii/S0305440310001986 (Radivojević et al., 2010) [depth: Abstract]",spec v3
F1.12-C01,F1.12,"Australia and the Pacific, read through navigation","The device: we read this region through navigation, meaning knowledge of sea, stone and water held in memory and carried in canoes. It fits the Pacific best and Australia in part. It ranks no people.",interpretive,Interpretive,Our argument [depth: n/a],spec v3
F1.12-C02,F1.12,"Australia and the Pacific, read through navigation","Madjedbebe, two readings. Clarkson et al.: ""Human occupation began around 65,000 years ago"", with ""ground-edge hatchet heads"". O'Connell et al.: an age over 50,000 years ""is unlikely to be valid"".",contested,Contested (both readings),"https://www.nature.com/articles/nature22968 ; https://researchportalplus.anu.edu.au/en/publications/when-did-homo-sapiens-first-reach-southeast-asia-and-sahul/ (PNAS 115:34, 2018) [depth: Abstracts]",spec v3
F1.12-C03,F1.12,"Australia and the Pacific, read through navigation","Clarkson et al. thank ""the Mirarr Senior Traditional Owners (Y. Margarula and M. Nango)"" and the Gundjeihmi Aboriginal Corporation ""for permission to carry out this research and publish"". The Mirarr's own corporation calls it ""the 65,000-year-old Madjedbebe archaeological site"" (2022) and names a sacred site complex there; we quote that as the Mirarr's position, beside both readings, and show nothing of the site (AR-069).",documented,Documented,Nature article (claim 2) ; https://www.mirarr.net/news_items/mining-report-flags-sacred-site-destruction (search extract) [depth: Acknowledgements; statement],spec v3
F1.12-C04,F1.12,"Australia and the Pacific, read through navigation","Hiscock, O'Connor, Balme and Maloney (2016) report a ground-edge axe fragment ""44-49,000 years old"". ABC: basalt, ""thumbnail-sized"", found in the early 1990s, identified in 2014. Our wording: the earliest securely dated.",documented,Documented,https://researchportalplus.anu.edu.au/en/publications/worlds-earliest-ground-edge-axe-production-coincides-with-human-c ; https://www.abc.net.au/news/science/2016-05-11/worlds-oldest-known-ground-edge-stone-axe-fragments-found/7401728 [depth: Abstract; news],spec v3
F1.12-C05,F1.12,"Australia and the Pacific, read through navigation","At Carpenters Gap 1, ""Occupation at the site began between 51,000 and 45,000 cal BP"".",documented,Documented,https://www.sciencedirect.com/science/article/pii/S0277379117308855 (Maloney et al. 2018) [depth: Abstract],spec v3
F1.12-C06,F1.12,"Australia and the Pacific, read through navigation","Carpenter's Gap lies in Bandiln͟gan (Windjana Gorge) National Park, as the park authority now names it (ABC: ""Windjana Gorge National Park""). Its excavators thank ""Bunuba Aboriginal Corporation and the Bunuba Rangers"". Parks WA: ""We recognise and acknowledge Bunuba people as the Traditional Owners of Bandiln͟gan (Windjana Gorge) National Park."" So: Bunuba Country.",probable,"Probable (to confirm with Bunuba Dawangarri Aboriginal Corporation RNTBC, the registered native title body; AR-068). Park name corrected 3 Oct 2026",ABC (claim 4); https://rockartaustralia.org.au/wp-content/uploads/2020/10/Occupation_at_Carpenters_Gap_Oconnor_et_al_2014.pdf ; https://exploreparks.dbca.wa.gov.au/park/bandilngan-windjana-gorge-national-park [depth: News; full text; page],spec v3
F1.12-C07,F1.12,"Australia and the Pacific, read through navigation","Budj Bim Cultural Landscape, inscribed 2019, criteria (iii) and (v): channels, weirs and dams to ""trap, store and harvest kooyang"" over ""at least 6,600 years"". It is ""Aboriginal-owned and/or managed""; native title was recognised in 2007.",documented,Documented,https://whc.unesco.org/en/list/1577/ [depth: Listing summary],spec v3
F1.12-C08,F1.12,"Australia and the Pacific, read through navigation","McNiven and Bell (2010): Lake Condah ""was drained in 1954""; the community has worked to restore it with a weir; Bell: ""a lot of knowledge has been lost"".",documented,Documented (Bell's Gunditjmara identity to confirm),https://latrobejournal.slv.vic.gov.au/latrobejournal/issue/latrobe-85/t1-g-t8.html [depth: Full text],spec v3
F1.12-C09,F1.12,"Australia and the Pacific, read through navigation","Gunditjmara Elder Denise Lovett spoke at the 2019 inscription of the landscape's importance to Gunditjmara People, as FRDC reports. We link the report and do not reproduce her words until the consent route (Gunditj Mirring) has been used (AR-070).",documented,"Documented (holder's words, reported; linked)",https://www.frdc.com.au/fish-vol-27-3/aquacultures-ancient-roots-recognised [depth: Article],spec v3
F1.12-C10,F1.12,"Australia and the Pacific, read through navigation","George Augustus Robinson's 1841 journal drew stake-and-branch weirs and eel baskets (arrabine) on the Moyne River. One drawing (18 July 1841) is captioned ""Aboriginal pencil drawing"". Mitchell Collection, State Library of NSW.",documented,Documented (captions; originals not opened),"McNiven and Bell (claim 8), figures 5–16 [depth: Captions]",spec v3
F1.12-C11,F1.12,"Australia and the Pacific, read through navigation",Lapita emerged on Mussau at 3470–3250 cal BP and in the rest of the Bismarcks at 3360–3240; it reached Vanuatu by 3250–3100 and Fiji by 3130–3010.,documented,Documented,"https://researchportalplus.anu.edu.au/en/publications/dating-the-appearance-of-lapita-pottery-in-the-bismarck-archipela/ (Denham, Bronk Ramsey and Specht, Archaeology in Oceania 47:1, 2012) [depth: Abstract]",spec v3
F1.12-C12,F1.12,"Australia and the Pacific, read through navigation","Museums Victoria cares for 27 Wuatam sherds, ""on long-term loan from the Australian War Museum since 1925"". The missionary Otto Meyer dug them in 1908 (item) or 1909 (article). Deposits: ""c. 2850–1850 years ago"" (item); settlers came ""between approximately 3300 and 2550 years ago"" (article).",documented,"Documented (the holder's pages differ; re-read 3 Oct 2026: the item gives 27 sherds, ""c. 1908"", CC BY 4.0, ""War Museum Collection"", but the 1925 loan sentence was not in the item record as fetched)",https://collections.museumsvictoria.com.au/api/items/187023 ; https://collections.museumsvictoria.com.au/api/articles/16808 (Hilli and Urwin) [depth: Records],spec v3
F1.12-C13,F1.12,"Australia and the Pacific, read through navigation","The Rakival People (2020): ""We are also intrigued to learn more about what remains unrevealed of our island."" They commit to working with Melbourne Museum and the PNG Museum.",documented,Documented (holders' words; text CC BY 4.0),https://collections.museumsvictoria.com.au/api/articles/16774 [depth: Full statement],spec v3
F1.12-C14,F1.12,"Australia and the Pacific, read through navigation","Cleveland 1966.130, Trobriand canoe splashboard, 1800s: ""Trobriand Islanders often travel great distances by canoe to exchange ceremonial objects."" First record: Sotheby's, 15 November 1965, lot 86.",documented,Documented (holder's framing),https://openaccess-api.clevelandart.org/api/artworks/1966.130 [depth: Full record],spec v3
F1.12-C15,F1.12,"Australia and the Pacific, read through navigation","Paper mulberry, beaten into barkcloth, was ""introduced and clonally propagated since prehistoric times across the Pacific for making barkcloth""; the genetics of Pacific plants point to an origin in Taiwan and a ""human-mediated dispersal"" (Chang et al., PNAS 112:44, 2015).",documented,Documented (re-sourced 3 Oct 2026; canon MAT068's wording was unsourced),https://www.pnas.org/doi/10.1073/pnas.1503205112 [depth: Abstract and full text],spec v3
F1.12-C16,F1.12,"Australia and the Pacific, read through navigation","Marshallese mattang and meddo model swells and islands in palm strips and cowrie shells. They were ""not even brought along on journeys""; ri-metos memorised them.",documented,Documented,"https://ocean.si.edu/human-connections/history-cultures/navigating-waters-micronesian-stick-charts (Knighton, April 2020) [depth: Summary]",spec v3
F1.12-C17,F1.12,"Australia and the Pacific, read through navigation","Te Papa holds Ethel Richardson's drawing of a Marshallese chart (c1920; published in the Journal of the Polynesian Society, vol. IV) and a chart made in the Caroline Islands in 2016 (""Co-collection, 2016"").",documented,"Documented (date conflict flagged: the record gives ""c1920"" and Journal of the Polynesian Society, vol. IV, p. 237; vol. IV is the 1895 volume, so ""c1920"" is probably wrong; ask Te Papa)",https://collections.tepapa.govt.nz/object/240379 ; https://collections.tepapa.govt.nz/object/1892909 [depth: Records],spec v3
F1.12-C18,F1.12,"Australia and the Pacific, read through navigation","Crabbe (OHA, 2017): ""Mau Piailug, of Micronesia, led that maiden voyage to Tahiti and helped Hawaiians reclaim our voyaging traditions."" The 1976 homecoming ""became the genesis of the Hawaiian Renaissance"".",documented,Documented (Kānaka Maoli source),https://kawaiola.news/oha/ceo/ceo201707/ [depth: Full text],spec v3
F1.12-C19,F1.12,"Australia and the Pacific, read through navigation","In 1980 Nainoa Thompson repeated the voyage and navigated home, which PVS calls ""a feat that hadn't been accomplished in 600 years"".",documented,Documented (as PVS's claim),https://hokulea.com/history/ [depth: Page],spec v3
F1.12-C20,F1.12,"Australia and the Pacific, read through navigation","Ka Wai Ola (2026): ""there are now 25 voyaging canoes, 21 voyaging organizations, and more than a thousand active voyagers throughout 11 Pacific Island nations"".",documented,Documented (as reported),https://kawaiola.news/moomeheu/hokulea-reconnecting-oceania/ [depth: Full text],spec v3
F1.12-C21,F1.12,"Australia and the Pacific, read through navigation","The protocols' third edition was published on 29 September 2020 (Australia Council, now Creative Australia; Terri Janke). Funded projects ""are required to comply with these protocols as a condition of funding"".",documented,Documented,https://apo.org.au/node/308574 ; https://www.terrijanke.com.au/post/australia-council-for-the-arts-first-nations-protocols-released-today ; https://creative.gov.au/first-nations-arts/protocols-for-using-first-nations-cultural-and-intellectual-property-in-the-arts [depth: Summaries; page],spec v3
F1.12-C22,F1.12,"Australia and the Pacific, read through navigation","Creative Australia's page (updated 10 March 2026): ""Australia does not yet have a law that prevents alteration, distortion or misuse of traditional symbols…"". The government committed to new laws on 30 January 2023.",documented,Documented (dated to source),Creative Australia (claim 21); https://www.arts.gov.au/what-we-do/indigenous-arts-and-languages/stand-alone-legislation-protecting-indigenous-cultural-and-intellectual-property-rights [depth: Page; page],spec v3
F1.12-C23,F1.12,"Australia and the Pacific, read through navigation","Local Contexts Notices require an institutional subscription ""as of 2025""; Labels belong to communities. So we write our own cultural notes.",documented,"Documented (carried from F1.26); the subscription terms were not on the home page as fetched on 3 Oct 2026, so this pass leaves them unverified",F1.26 claim 5; https://localcontexts.org/ [depth: As read in F1.26],spec v3
F1.12a-C01,F1.12a,"The steppe and Central Asia, read through the horse","Framing: we read the steppe through the horse. Another reading starts from sheep, oases or cities.",interpretive,Interpretive,Our own argument [depth: n/a],spec v3
F1.12a-C02,F1.12a,"The steppe and Central Asia, read through the horse","Gaunitz et al. (2018): Botai ""provides the earliest archaeological evidence for horse husbandry, ~5,500 ya""; Przewalski's horses ""are the feral descendants of horses herded at Botai""; later domestic horses show ""~2.7% of Botai-related ancestry"".",documented,Documented,https://ore.exeter.ac.uk/repository/handle/10871/31868 [depth: Abstract],spec v3
F1.12a-C03,F1.12a,"The steppe and Central Asia, read through the horse","What Botai people did. One: the ""bit wear"" is ""likely generated by natural disturbances""; Botai fits ""regularized mass harvesting of wild Przewalski's horses"" (Taylor and Barrón-Ortiz, 2021). Two: ""significantly shortened generation times at Botai around 3500 bce"" support ""local horse husbandry"" (Librado et al., 2024).",contested,Contested,https://www.nature.com/articles/s41598-021-86832-9 ; https://www.nature.com/articles/s41586-024-07597-5 [depth: Abstracts],spec v3
F1.12a-C04,F1.12a,"The steppe and Central Asia, read through the horse","Librado et al. (2021), 273 genomes: the lower Volga–Don is ""the homeland of modern domestic horses"", which spread ""from about 2000 bc, synchronously with equestrian material culture, including Sintashta spoke-wheeled chariots"".",documented,Documented,https://www.nature.com/articles/s41586-021-04018-9 [depth: Abstract],spec v3
F1.12a-C05,F1.12a,"The steppe and Central Asia, read through the horse","Librado et al. (2024), 475 genomes: ""reproductive control of the modern domestic lineage emerged around 2200 bce"", after a bottleneck ""starting no earlier than approximately 2700 bce""; this ""refutes"" large herds travelling with steppe migrations around 3000 BCE.",documented,"Documented (quotation corrected to the abstract's words, 3 Oct 2026)",As claim 3 [depth: Abstract],spec v3
F1.12a-C06,F1.12a,"The steppe and Central Asia, read through the horse","Horses and Indo-Iranian languages moving together: Librado et al. read genomes, archaeology and linguistics as showing that in Asia ""Indo-Iranian languages, chariots and horses spread together, following the early second millennium bc Sintashta culture"".",interpretive,Interpretive (the authors' synthesis),As claim 4 [depth: Abstract],spec v3
F1.12a-C07,F1.12a,"The steppe and Central Asia, read through the horse","Chariots ""were developed in the zone of the Northern Eurasian steppes before c. 2000 BC in the context of complex but stateless societies"" (cal. 2050–1750 BC).",documented,Documented,"https://link.springer.com/article/10.1007/s10963-018-9124-0 (Chechushkov and Epimakhov, 2018) [depth: Abstract]",spec v3
F1.12a-C08,F1.12a,"The steppe and Central Asia, read through the horse","Wool trousers from Yanghai tombs M21 and M157, near Turfan, date to the 13th–10th century BCE. They were ""shaped on the loom"", not cut; the authors call them ""a predecessor of modern riding trousers"".",documented,"Documented (find, date, technique); probable (riding link)","https://www.sciencedirect.com/science/article/pii/S1040618214002808 (Beck et al., 2014) [depth: Abstract]",spec v3
F1.12a-C09,F1.12a,"The steppe and Central Asia, read through the horse","The Pazyryk carpet (183 × 200 cm; about 360,000 knots per m²), excavated by Rudenko in 1947–49, is in the Hermitage. Dated 4th–3rd century BCE (summary) or 5th–4th (register). Its origin is argued: Armenian, Persian or local.",documented,"Documented (the find: a Hermitage publication says a knotted pile carpet was found in Burial Mound No. 5, search extract); probable (size, knot count, dates: encyclopedia only, lowered 3 Oct 2026); contested (origin)",https://en.wikipedia.org/wiki/Pazyryk_carpet ; https://www.hermitagemuseum.org/uploads/files/publications/d41d8cd98f00b204e9800998ecf8427e1731921615.pdf (search extract) [depth: Summary; publication extract (Hermitage record unreachable)],spec v3
F1.12a-C10,F1.12a,"The steppe and Central Asia, read through the horse","Cleveland 1958.79, ""Horse (馬)"", gilt bronze, 7.8 cm, ""China, Ordos Region, Han dynasty"", 202 BCE–220 CE; Leonard C. Hanna Jr. bequest, 1958; no findspot.",documented,Documented,https://openaccess-api.clevelandart.org/api/artworks/1958.79 [depth: Full record],spec v3
F1.12a-C11,F1.12a,"The steppe and Central Asia, read through the horse","Rijksmuseum AK-MAK-285, ""Paard van verguld brons"", 3.7 cm, ""Ordos region"", ""500 BC (Late Eastern Zhou period, 481-222 BC)""; given by Dr R. Flaes to the Vereniging van Vrienden der Aziatische Kunst, 1953; on loan since 1972. Our reading: two similar horses, dates centuries apart, no findspot in either.",documented,Documented; interpretive (reading),https://id.rijksmuseum.nl/20023344 [depth: Full record],spec v3
F1.12a-C12,F1.12a,"The steppe and Central Asia, read through the horse","Rijksmuseum AK-MAK-1330, gilt bronze plaque, c. 200–100 BCE, ""Inner Mongolia, Ordos"": a wolf seizes a deer, ""characteristic of the Ordos culture"". Dealer Aalderink, Amsterdam, 1981.",documented,"Documented (dealer and year: AK-MAK-1329's record says it came ""together with AK-MAK-1330"" from Aalderink in 1981); unverified (1330's date, place, subject and licence: the cited URL opens AK-MAK-1329, a belt plaque with two ibex, 200–100 BCE, CC0; 1330's own record was not found on 3 Oct 2026)",https://id.rijksmuseum.nl/20023347 (= AK-MAK-1329) [depth: Record of the companion piece],spec v3
F1.12a-C13,F1.12a,"The steppe and Central Asia, read through the horse","Cleveland 1959.124, samite, 800s, ""Eastern Iran or Central Asia"": horsemen hunting lions; the style is ""characteristic of Sogdian silks"". Findspot: ""a grave in Egypt where they were found sewn as ornaments onto a tunic"". Mrs. Paul (Marguerite) Mallon, Paris, to 1959.",documented,Documented (attribution is the museum's),https://openaccess-api.clevelandart.org/api/artworks/1959.124 [depth: Full record],spec v3
F1.12a-C14,F1.12a,"The steppe and Central Asia, read through the horse","Cleveland 1996.2.1, samite, 700s: ""Probably Sogdia (present-day Uzbekistan); China, Tang dynasty""; ducks in pearl roundels; a lining ""made in China""; once a set with trousers and boots. Sara Tremayne, Ltd., London (?–1996).",documented,"Documented (the ""probably"" is the museum's)",https://openaccess-api.clevelandart.org/api/artworks/1996.2.1 [depth: Full record],spec v3
F1.12a-C15,F1.12a,"The steppe and Central Asia, read through the horse","""Silk Roads: the Routes Network of Chang'an-Tianshan Corridor"" (China, Kazakhstan, Kyrgyzstan; 2014): 5,000 km, 2nd century BC to the 16th century, with posthouses, beacon towers and caravanserais.",documented,Documented,https://whc.unesco.org/en/list/1442/ [depth: Summary],spec v3
F1.12a-C16,F1.12a,"The steppe and Central Asia, read through the horse","Met 1977.78, Han Gan, Night-Shining White, ca. 750: Emperor Xuanzong's horse ""epitomizes Chinese myths about Central Asian 'celestial steeds'""; later owners' seals record ""the work's transmission"".",documented,Documented (holder's framing),"https://collectionapi.metmuseum.org/public/collection/v1/objects/39901 ; https://www.metmuseum.org/art/collection/search/39901 [depth: Record, label]",spec v3
F1.12a-C17,F1.12a,"The steppe and Central Asia, read through the horse","In the 1st century BCE, Chinese envoys brought Bactrian horses to the Han capital; the court called them ""heavenly horses"" and linked them with dragons.",documented,Documented (museum essay),"https://www.metmuseum.org/perspectives/lunar-new-year-2 (Sun, 2014) [depth: Full text]",spec v3
F1.12a-C18,F1.12a,"The steppe and Central Asia, read through the horse","Rubruck (1253–55; Rockhill 1900) on cosmos: colts tied to a rope, mares milked, milk churned ""into a big skin"" with a hollowed stick until it ferments. Batu received ""the milk of three thousand mares"" daily; the dregs went to ""the slaves"".",documented,Documented (Rubruck's report),https://depts.washington.edu/silkroad/texts/rubruck.html [depth: Full text],spec v3
F1.12a-C19,F1.12a,"The steppe and Central Asia, read through the horse","Rubruck: ""The men make bows and arrows, manufacture stirrups and bits, make saddles"", build house frames and carts, ""milk the mares, churn the cosmos ... make the skins in which it is put"".",documented,Documented (an outsider's generalisation),As claim 18 [depth: Full text],spec v3
F1.12a-C20,F1.12a,"The steppe and Central Asia, read through the horse","Konstantin von Kaufman, ""the first governor general of Russian Turkestan"", commissioned the Turkestan Album (1871–72; about 1,200 photographs). Its ethnographic part is titled ""tuzemnoe naselenie v russkikh vladeniakh Srednei Azii"" (the native population in Russia's Central Asian possessions). Plate 44, no. 206, shows felt panels for tents being prepared, 1865–72.",documented,Documented,https://guides.loc.gov/turkestan-album ; https://www.loc.gov/item/2007681438/ ; https://www.loc.gov/resource/ppmsca.09951/?sp=3 [depth: Guide; records],spec v3
F1.12a-C21,F1.12a,"The steppe and Central Asia, read through the horse","The Mongol ger (UNESCO, 2013): ""Men carving the wood and both women and men engaged in painting, sewing and stitching, and felt-making""; children learn ""by watching their elders"".",documented,Documented (state nomination),https://ich.unesco.org/en/RL/traditional-craftsmanship-of-the-mongol-ger-and-its-associated-customs-00872 [depth: Summary],spec v3
F1.12a-C22,F1.12a,"The steppe and Central Asia, read through the horse","Herders speak in UNDP's 2026 report about choosing campsites and moving when the grass at the camp's edge yellows (pp. 21, 17): a herder in Erdenesant soum, Töv, and Üzemchin herders. We link the report and paraphrase; their words are not reproduced until someone has asked them (AR-077).",documented,"Documented (pp. 21, 17; linked)",https://www.undp.org/sites/g/files/zskgke326/files/2026-08/undp_mongolias_pastoralism_0.pdf [depth: Full text],spec v3
F1.12a-C23,F1.12a,"The steppe and Central Asia, read through the horse","UNESCO's Representative List includes Mongolia's ""Traditional technique of making Airag in Khokhuur and its associated customs"", inscribed 2019.",documented,"Documented (title and year read on UNESCO's Mongolia page, 3 Oct 2026)",https://ich.unesco.org/en/state/mongolia-MN?info=elements-on-the-lists [depth: List page],spec v3
F1.13-C01,F1.13,"Networks: objects, materials, skills and people",Framing: a network is four flows on shared routes but not shared terms; each object is where the four meet.,interpretive,Interpretive,Our own argument [depth: n/a],spec v3
F1.13-C02,F1.13,"Networks: objects, materials, skills and people","Cleveland 1962.154, Jingdezhen, Yuan, 1300s: ""The cobalt that was used for the blue underglaze decoration was imported from Iran, likely from Kashan."" J.T. Tai and Co., New York, sold it in 1962.",documented,Documented,https://openaccess-api.clevelandart.org/api/artworks/1962.154 [depth: Record],spec v3
F1.13-C03,F1.13,"Networks: objects, materials, skills and people","Jiang et al. 2020: ""The success of early Chinese blue-and-white porcelains relied heavily on imported cobalt pigment from the West."" It tests imperial wares from the Xuande reign (1426–1435) on. We write ""from Iran"" (claims 2, 4).",documented,Documented,https://pmc.ncbi.nlm.nih.gov/articles/PMC7104392/ [depth: Abstract],spec v3
F1.13-C04,F1.13,"Networks: objects, materials, skills and people","Which source. One: Qamsar, near Kashan, ""the most cited source""; Abu'l-Qasim (1301) places lâjvard there. Two: deposits near Anarak, 200 km east of Kashan. Jiang et al. (2020) propose, in their discussion rather than their abstract, that ores from the Anarak mining district, ""rather than those originating from Qamsar, Kashan as previously thought"", ""might have served as one of the most likely sources"".",contested,Contested (both readings; the Anarak reading verified at source 3 Oct 2026),"https://www.mdpi.com/2075-163x/11/6/633 (Colomban et al. 2021, CC BY) ; https://www.pnas.org/doi/10.1073/pnas.1916630117 [depth: Full text; full text (discussion)]",spec v3
F1.13-C05,F1.13,"Networks: objects, materials, skills and people","Cleveland 1915.581, Iran, probably Kashan, late 1100s–early 1200s: fritware, pierced, painted under the glaze, ""the blue rim"". Kelekian sold it in 1915.",documented,Documented,https://openaccess-api.clevelandart.org/api/artworks/1915.581 [depth: Record],spec v3
F1.13-C06,F1.13,"Networks: objects, materials, skills and people","Kilwa's merchants, 13th–16th centuries, ""dealt in gold, silver, pearls, perfumes, Arabian crockery, Persian earthenware and Chinese porcelain""; Kilwa minted coins in the 11th–14th centuries; the Great Mosque has domes and vaults, ""some decorated with embedded Chinese porcelain"".",documented,"Documented (re-read 3 Oct 2026: ""domes and vaults"", not ""roofs"")",https://whc.unesco.org/en/list/144/ [depth: Summary],spec v3
F1.13-C07,F1.13,"Networks: objects, materials, skills and people","A ship sank off Belitung in the 9th century, about the 830s (Flecker, via the Indian Ocean page) or ""late 9th century"". It held 60,000 ceramics; it was salvaged commercially from 1998 and sold for US$32 million in 2005.",documented,Documented (dates differ),https://traffickingculture.org/encyclopedia/case-studies/biletung-shipwreck/ [depth: Encyclopaedia entry],spec v3
F1.13-C08,F1.13,"Networks: objects, materials, skills and people","The Periplus (mid-1st century CE) lists enslaved people among exports: ""slaves of the better sort"" (§13), ""a few female slaves"" (§31), ""gold and slaves"" (§36). The translation's words appear only in the Deep tier, attributed (N6); learners see ""enslaved people"" (AR-086).",documented,Documented,https://topostext.org/work/491 [depth: Full text (translation)],spec v3
F1.13-C09,F1.13,"Networks: objects, materials, skills and people","The Chang'an–Tianshan corridor (UNESCO, 2014) is ""a 5,000 km section"" with 33 sites, formed ""between the 2nd century BC and 1st century AD"" and used ""until the 16th century"".",documented,Documented,https://whc.unesco.org/en/list/1442/ [depth: Summary],spec v3
F1.13-C10,F1.13,"Networks: objects, materials, skills and people","Bloom: paper was ""known—and made—in Central Asia for centuries"" before 751; ""Papermaking was begun in Baghdad itself by the late 8th century."" Register: the earliest documented paper mill in the Islamic world, Baghdad, 794–95. Talas: ""without factual basis"" (Bloom); both readings in F1.27.",documented,Documented (Baghdad); contested (Talas),https://edspace.american.edu/silkroadjournal/wp-content/uploads/sites/984/2017/09/Silk-Road-or-Paper-Road.pdf [depth: Full text],spec v3
F1.13-C11,F1.13,"Networks: objects, materials, skills and people","""Three separate weaving communities ... were moved from Central Asia and Persia to China"" to make cloth of gold for the Mongols.",documented,Documented (summary),https://afe.easia.columbia.edu/mongols/history/history6_a.htm [depth: Summary],spec v3
F1.13-C12,F1.13,"Networks: objects, materials, skills and people","Gold was ""the main commodity of the trans-Saharan trade ... followed by kola nuts and slaves"". Mansa Musa's gold in Cairo (1324–25) ""caused the market in gold to crash"". We write ""enslaved people"".",documented,Documented,"https://www.metmuseum.org/toah/hd/gold/hd_gold.htm (The Met, 2000) [depth: Essay]",spec v3
F1.13-C13,F1.13,"Networks: objects, materials, skills and people","The Catalan Atlas (attributed to Cresques Abraham, Majorca, 1375; BnF Espagnol 30) names ""Musse Melly"", lord of Guinea, ""the richest and most distinguished ruler of this whole region on account of the great quantity of gold that is found in his lands"" (Block Museum translation).",documented,"Documented (BnF gives maker, date and shelfmark; the translation is a museum's; the Catalan text not read). Re-sourced 3 Oct 2026 from an encyclopedia",https://essentiels.bnf.fr/fr/image/0ce33594-50b3-4c79-9986-116699f7c942-nomade-afrique-et-seigneur-guinee ; https://caravans.library.northwestern.edu/works/26 [depth: Record (search extract); exhibition record],spec v3
F1.13-C14,F1.13,"Networks: objects, materials, skills and people","Two readings. One: demand for silk, porcelain and gold built and kept the routes. Two: routes already there (monsoon sailing, caravans, ports) made such goods possible and shaped them.",interpretive,Interpretive (both readings),"Our own argument; canon NET001, NET005 [depth: n/a]",spec v3
F1.13-C15,F1.13,"Networks: objects, materials, skills and people","Galleons carried ""porcelain, silk, ivory, spices"" to Acapulco. ""As much as one-third of the silver mined in New Spain and Peru went to the Far East."" ""Mexican ceramics display the impact of the Galleon trade most vividly.""",documented,Documented; probable (the third),"https://www.metmuseum.org/essays/the-manila-galleon-trade-1565-1815 (Hecht, 2003) [depth: Essay]",spec v3
F1.13-C16,F1.13,"Networks: objects, materials, skills and people","Met 12.3.1, ""Basin"", Puebla, ca. 1650 (the record's date; ""1647–1650"" is not on the record as fetched 3 Oct 2026), tin-glazed earthenware, ""Master Potter A""; gift of Mrs. Robert W. de Forest, 1912; public domain.",documented,Documented,https://collectionapi.metmuseum.org/public/collection/v1/objects/674 [depth: Record],spec v3
F1.13-C17,F1.13,"Networks: objects, materials, skills and people","""Countless slaves from culturally diverse communities in the Indian subcontinent and Southeast Asia journeyed to Mexico on the ships of the Manila Galleon"", grouped as chinos; from 1672 the law treated them as Indians.",documented,Documented,"https://pure.psu.edu/en/publications/asian-slaves-in-colonial-mexico-from-chinos-to-indians/ (Seijas, 2014) [depth: Abstract]",spec v3
F1.13-C18,F1.13,"Networks: objects, materials, skills and people","Rijksmuseum AK-RBK-16385: ""Dish with two birds in a water landscape"", China, c. 1600–1625, porcelain in underglaze blue, ""Kraak porcelain"", anonymous potter; CC0 1.0.",documented,"Documented (date corrected from 1624, 3 Oct 2026)",https://id.rijksmuseum.nl/200107018 [depth: Record],spec v3
F1.13-C19,F1.13,"Networks: objects, materials, skills and people","The Met: many Korean potters ""came to Japan"" in Hideyoshi's invasions of the 1590s; Korean potters found porcelain clay at Arita early in the 1600s; the Dutch filled ""the gap left by China"". Canon and F1.8: ""taken"", ""forcibly brought"". Korean state-funded sources say they were taken by force: the Northeast Asian History Foundation writes of potters and scholars ""조선에서 끌고 간"" (dragged from Joseon) and names the potter Yi Sam-pyeong (이삼평). Our verb is ""taken""; the Met's ""came"" is quoted as the Met's (AR-083).",contested,Contested wording; our verb follows Korean sources (AR-083),"https://www.metmuseum.org/essays/edo-period-japanese-porcelain (Willmann, 2011) ; https://contents.nahf.or.kr/item/level.do?levelId=edkj.d_0003_0020_0030 (search extract) [depth: Essay; summary]",spec v3
F1.13-C20,F1.13,"Networks: objects, materials, skills and people","Traders forced about 12.5 million captive Africans onto ships bound for the Americas, 1501–1866 (SlaveVoyages' estimate: 12,520,000 departed); about 10.7 million disembarked, mainly in the Americas.",documented,"Documented, as an estimate (SlaveVoyages' own account, 3 Oct 2026; the encyclopedia's 12.75 million and ""up to 2 million"" dropped)",https://www.slavevoyages.org/blog/the-transatlantic-slave-trade-database/166 ; https://www.slavevoyages.org/assessment/estimates/ [depth: Database essay; estimates page (not readable to our fetcher)],spec v3
F1.13-C21,F1.13,"Networks: objects, materials, skills and people","Europeans ""bought people in exchange for goods""; calling them ""only as 'slaves' strips them of their identity"" (Liverpool). Indian cottons, then Manchester copies, were ""sold in exchange for captured human beings"" (2023). Manillas came ""to finance the transatlantic slave trade"" (RMG ZBA2961). Guns, gunpowder and alcohol: a summary only.",documented,"Documented (cloth, manillas); probable (the rest)",https://www.liverpoolmuseums.org.uk/history-of-slavery/transatlantic-slave-trade ; https://www.scienceandindustrymuseum.org.uk/objects-and-stories/manchester-cotton-and-slavery ; https://www.rmg.co.uk/collections/objects/rmgc-object-255841 [depth: Summaries; record],spec v3
F1.13-C22,F1.13,"Networks: objects, materials, skills and people","Omar ibn Said, born in Futa Toro, was ""captured in 1807 and brought to South Carolina"". In 1831 he wrote his life in Arabic: ""I continued seeking knowledge for 25 years."" The manuscript opens with Qur'anic text (Sūrat al-Mulk). LoC bought it from Sotheby's London on 30 June 2017; the collection is ""free to use and reuse"". The English title page reads ""Owned by Governor Owen"". The man who bought him, at the Fayetteville jail, was General James Owen of Bladen County, brother of Governor John Owen (Jameson, 1925; NCpedia, which dates the purchase 1810); the LoC blog's ""General John Owen, the brother of the governor"" reverses the brothers. He was born about 1770 and died, still enslaved, in 1863 (LoC's name record and blog) or 1864 (NCpedia; UNC).",documented,"Documented (James Owen and the title page); contested (death year, 1863 or 1864). Corrected 3 Oct 2026","https://www.loc.gov/item/2018371864/ ; https://blogs.loc.gov/international-collections/2019/01/new-online-rare-autobiography-in-arabic-by-enslaved-american/ ; https://www.loc.gov/collections/omar-ibn-said-collection/about-this-collection/rights-and-access/ ; https://docsouth.unc.edu/nc/omarsaid/omarsaid.html (Jameson, American Historical Review 30:4, 1925) ; https://www.ncpedia.org/biography/owen-james [depth: Record; blog; rights; edition; biography]",spec v3
F1.13-C23,F1.13,"Networks: objects, materials, skills and people","Lenj skills: Urgent Safeguarding List, 2011 (6.COM 8.10). Sailors used ""the positions of the sun, moon and stars""; ""each wind was given a name"". Practitioners are mostly older; fibreglass replaces wood.",documented,Documented,https://ich.unesco.org/en/USL/traditional-skills-of-building-and-sailing-iranian-lenj-boats-in-the-persian-gulf-00534 [depth: Summary],spec v3
F1.13-C24,F1.13,"Networks: objects, materials, skills and people","Shipwrights at Guran, Qeshm, spoke in 2017 to the photographer Shaun Busuttil about learning the trade from their fathers over years, and about orders drying up. We link the report and do not reproduce their words or names until the Guran shipwrights' cooperative has been asked (AR-085).",documented,Documented (holders' own words; linked),https://www.shaunbusuttil.com/stories/iran/the-last-shipbuilders-qeshm-island-lenj [depth: Interview report],spec v3
F1.13-C25,F1.13,"Networks: objects, materials, skills and people","Bahrain's ""Pearling, Testimony of an Island Economy"" (UNESCO, 2012): pearling dominated ""between the 2nd and early 20th centuries"", until its ""demise in the 1930s"". The page does not say who dived, or on what terms.",documented,Documented,https://whc.unesco.org/en/list/1364/ [depth: Summary],spec v3
F1.17-C01,F1.17,"Who commissions: patrons, guilds, merchants, industry, agencies, platforms","Unit framing: across six regimes the brief, the money and the credit separate and recombine; a brief is a historical object to read.",interpretive,Interpretive,Our own argument [depth: n/a],spec v3
F1.17-C02,F1.17,"Who commissions: patrons, guilds, merchants, industry, agencies, platforms","Reading A: the payer decided; the designer as a separate job is recent (schools of design from 1837, F1.19b). Reading B: makers shaped the brief from below through guild rules and material limits (claims 9–10). The unit does not rule.",contested,Contested (both readings),Claims 3–10; F1.19b claim 6 [depth: n/a],spec v3
F1.17-C03,F1.17,"Who commissions: patrons, guilds, merchants, industry, agencies, platforms","The Tornabuoni agreement is dated ""1485. die prima Mensis Septembris"", made at Giovanni's house, in the deeds of Ser Jacopo di Martino. It engages Domenico and David for the lives of the Virgin and of St John the Baptist in Santa Maria Novella.",documented,Documented,"Gerald S. Davies, Ghirlandaio (Methuen, 1908; scan of 2nd ed., 1909), Appendix VI: https://archive.org/details/ghirlandaio00daviuoft [depth: Full text (Latin, read in excerpts)]",spec v3
F1.17-C04,F1.17,"Who commissions: patrons, guilds, merchants, industry, agencies, platforms","The painters must paint ""cum azzurro ultramarino ubi opus esset"", elsewhere ""cum azurro magno fini"", with ornaments ""auri finis"".",documented,Documented,As 3 [depth: Verbatim passage],spec v3
F1.17-C05,F1.17,"Who commissions: patrons, guilds, merchants, industry, agencies, platforms","The contract lists what to depict: ""hedifitia castra, civitates, montes, colles, planities, lapides, vestes, animalia, aves, bestias"".",documented,Documented,As 3 [depth: Verbatim passage],spec v3
F1.17-C06,F1.17,"Who commissions: patrons, guilds, merchants, industry, agencies, platforms","Davies: 1,100 gold florins, work from May 1486 to May 1490; the contract is silent on the 200 ducats Vasari reports.",documented,Documented (editor's summary; Latin price clause not read),"As 3 [depth: Summary, footnote]",spec v3
F1.17-C07,F1.17,"Who commissions: patrons, guilds, merchants, industry, agencies, platforms","A second, separate contract: the Innocenti Adoration. Fra Bernardo di Francesco drew it up for the prior, Francesco di Giovanni Tesori, dated ""This day 23 October 1485"" in the translated text (28 October in secondary accounts). Domenico was to paint the panel ""all with his own hand"", following ""a drawing on paper"", ""with good colors and with powdered gold"", the blue to be ""ultramarine of the value of about four florins the ounce""; delivery within thirty months; 115 florins ""if it seems to me … that it is worth it"".",documented,"Documented (an English translation of the contract, reproduced on a SUNY Oneonta teaching page; the Italian original not opened). Raised 3 Oct 2026 from probable; ""precious colors"" was the encyclopedia's paraphrase",http://employees.oneonta.edu/farberas/arth/arth200/artist/artist_contracts.htm ; https://en.wikipedia.org/wiki/Adoration_of_the_Magi_(Ospedale_degli_Innocenti) [depth: Full text (translation); summary],spec v3
F1.17-C08,F1.17,"Who commissions: patrons, guilds, merchants, industry, agencies, platforms","Hammurabi's laws (c. 1754 BCE) set a builder's fee (§228). If the house ""fall in and kill its owner, then that builder shall be put to death"" (§229). Faulty walls are rebuilt ""from his own means"" (§§232–233).",documented,Documented,"https://avalon.law.yale.edu/ancient/hamcode.asp (L. W. King, 1910); date from TXT038 [depth: Full text (translation)]",spec v3
F1.17-C09,F1.17,"Who commissions: patrons, guilds, merchants, industry, agencies, platforms","England required the sterling standard by statute in 1300 and maker's marks from 1363. The Assay Office opened at Goldsmiths' Hall with the date letter in 1478. The Britannia standard was compulsory from 1697, raised ""to protect the coins from the melting pot""; sterling returned in 1720, with Britannia kept as an alternative.",documented,Documented (re-sourced 3 Oct 2026 to the Goldsmiths' Company and its Assay Office; the quotation corrected),https://www.thegoldsmiths.co.uk/history ; https://www.assayofficelondon.co.uk/about-us/history-of-hallmarking [depth: Holder's history pages],spec v3
F1.17-C10,F1.17,"Who commissions: patrons, guilds, merchants, industry, agencies, platforms","Lamerie was born in 's-Hertogenbosch of French Huguenot parents. In 1703 he was apprenticed to Pierre Platel, and in 1717 he entered the livery of the Goldsmiths' Company.",documented,"Documented (re-sourced 3 Oct 2026 to the British Museum's biography, search extract, and the Portland Art Museum; the month of apprenticeship, the Edict of Fontainebleau and the committee service were not found at a holder source and are left out)",https://www.britishmuseum.org/collection/term/BIOG82192 ; http://portlandartmuseum.us/mwebcgi/mweb.exe?request=record%3Bid%3D9307%3Btype%3D701 [depth: Biographies],spec v3
F1.17-C11,F1.17,"Who commissions: patrons, guilds, merchants, industry, agencies, platforms","Cleveland 1943.179: Lamerie, Tea Caddy, London, 1741–42, silver gilt; Grasselli to 1943; no marks transcribed.",documented,Documented,https://openaccess-api.clevelandart.org/api/artworks/1943.179 [depth: Full record],spec v3
F1.17-C12,F1.17,"Who commissions: patrons, guilds, merchants, industry, agencies, platforms","Rijksmuseum AK-NM-2611: teapot, China, 1728, ""anonymous potter""; arms of the Dutch Republic flanked by lions, the VOC monogram, ""CRESCUNT.1728.CONCORDIA""; CC0.",documented,Documented,https://id.rijksmuseum.nl/20025519 [depth: Full record],spec v3
F1.17-C13,F1.17,"Who commissions: patrons, guilds, merchants, industry, agencies, platforms","AIC 1984.550: ""Commissioned by Onijagbo Obasoro Alowolodu, Ogoga (King) of Ikere (r. 1890–1928)"", c. 1910–14; in the palace ""until at least 1964""; Chasin; de Havenon, about 1970–84; sold 1984.",documented,Documented,https://api.artic.edu/api/v1/artworks/102611 [depth: Full record],spec v3
F1.17-C14,F1.17,"Who commissions: patrons, guilds, merchants, industry, agencies, platforms","AIC reads the post as ""the Yoruba concept of a divine ruler""; the senior wife behind the king is ""a guardian of her husband's interests"".",documented,Documented (holder's reading),As 13 [depth: Label],spec v3
F1.17-C15,F1.17,"Who commissions: patrons, guilds, merchants, industry, agencies, platforms","LOC 98518971: Volunteer civilian defense, by Welch, silkscreen, 1941–43, sponsored by the Federal Art Project; ""No known restrictions on publication"". The collection runs 1936–1943.",documented,Documented,https://www.loc.gov/item/98518971/ ; https://www.loc.gov/collections/works-progress-administration-posters/ [depth: Full record; collection data],spec v3
F1.17-C16,F1.17,"Who commissions: patrons, guilds, merchants, industry, agencies, platforms","Met 31.124, Joseph Marie Jacquard, silk, 1839, credits ""Didier, Petit et Cie"" as ""Manufactory""; public domain.",documented,Documented,https://collectionapi.metmuseum.org/public/collection/v1/objects/222531 [depth: Full record],spec v3
F1.17-C17,F1.17,"Who commissions: patrons, guilds, merchants, industry, agencies, platforms","LINE sells creators' stickers only after approval. It rejects images breaking ""the format designated by Company"" (1.1), ""not easy to use in daily conversation"" (1.2), or that ""only feature text or phrases"" (1.6). Some pass anyway, due to ""the characteristics of their creator"".",documented,Documented (page undated),https://creator.line.me/en/review_guideline/ [depth: Full page],spec v3
F1.17-C18,F1.17,"Who commissions: patrons, guilds, merchants, industry, agencies, platforms","The guidelines also reject images that infringe others' rights or use material ""without proven permission from the copyright owner"" (5.1–5.4).",documented,Documented,As 17 [depth: Full page],spec v3
F1.17-C19,F1.17,"Who commissions: patrons, guilds, merchants, industry, agencies, platforms","The platform as patron: a guideline is one brief issued to every maker before any commission exists; the platform holds the brief and the payment channel, the creator the credit.",interpretive,Interpretive,Our reading of 17–18 [depth: n/a],spec v3
F1.17-C20,F1.17,"Who commissions: patrons, guilds, merchants, industry, agencies, platforms","The VOC bought, held and sold enslaved people at its posts in Asia and Africa. The Rijksmuseum's own label on its paintings of VOC posts: a network where ""not only products but also enslaved people were transported"", and ""The VOC shipped between 660,000 and 1,135,000 people in the 17th and 18th centuries"". Vink (2003) studies ""Dutch slavery and slave trade in the Indian Ocean""; the Rijksmuseum's Slavery exhibition covered ""Dutch colonial slavery in South Africa and Asia, where the Dutch East India Company (VOC) operated"". In one case, 777 captives were ""sold on the slave market in Batavia in 1757, bringing in 50,012 guilders for the Company"".",documented,"Documented (added 3 Oct 2026 to source the VOC line, AR-089)","https://www.rijksmuseum.nl/en/collection/object/Trading-posts-of-the-Dutch-East-India-Company-VOC--3d3aefe49fae4f8a28626787b5f0ec9e ; https://openurl.ebsco.com/contentitem/gcd:14016984?crl=c&id=ebsco%3Agcd%3A14016984&jrnl=10456007&sid=ebsco%3Aplink%3Acrawler-gcd (Vink, Journal of World History 14:2, 2003, abstract) ; https://www.rijksmuseum.nl/en/whats-on/exhibitions/past/slavery ; https://www.tandfonline.com/doi/full/10.1080/0144039X.2021.2008722 (Slavery & Abolition, 2021) [depth: Holder label; abstract; exhibition page; article]",spec v3
