id,kind,status,title,date,holder,accession,licence,holder_and_licence_note,provenance,provenance_test,test_basis,history_gap,action,units,roles,verified_in,met_object_id
F1.1-O01,object,open,Proto-cuneiform tablet with seal impressions (WS-001),ca. 3100–2900 BCE,The Metropolitan Museum of Art,1988.433.1,Public domain,"isPublicDomain true; credit line 'Purchase, Raymond and Beverly Sackler Gift, 1988'","Erlenmeyer collection, bought 1943–early 1960s; Christie's London, 13 Dec 1988, lot 21",pass-caveat,"collection-level purchase range, no item-level date",exit from Iraq not recorded,show the gap in the attribution line; fallback anchor = an excavated tablet (none verified),F1.1,Opening and Case 1 anchor,fact-check 3 Oct 2026,329081
F1.1-O02,object,open,"Tablet: barley and emmer (WS-090, sibling)",ca. 3100–2900 BCE,The Metropolitan Museum of Art,1988.433.2,Public domain,isPublicDomain true; same Sackler credit line,as F1.1-O01,pass-caveat,same collection and caveat,exit from Iraq not recorded,not a fallback for O01,F1.1,sibling record,fact-check 3 Oct 2026,327384
F1.1-O03,object,open,Mosque lamp (WS-040),1585–95,Cleveland Museum of Art,1944.236,CC0,share_license_status CC0,"Heeramaneck Galleries, New York, sold to Cleveland 1944",pass,in Cleveland since 1944,the building it hung in is not recorded,show with origin and content note,F1.1,Case 2,fact-check 3 Oct 2026,
F1.1-O04,object,open,"Side chair, designed by August Thonet",designed c. 1885; made c. 1900–15,Art Institute of Chicago,1999.556,Public domain (CC0 image),is_public_domain true; artwork-page CC0 label not opened,Gift of Mr. and Mrs. Manfred Steinfeld,n/a,manufactured modern work,rattan source not verified,caption as the AIC asks,F1.1,Case 3,fact-check 3 Oct 2026,
F1.1-O05,object,open,"Side chair, designed by Michael Thonet (alternate)",designed c. 1851; made c. 1855,Art Institute of Chicago,1999.555,Public domain (CC0 image),is_public_domain true,Gift of Mr. and Mrs. Manfred Steinfeld,n/a,manufactured modern work,,alternate for Case 3,F1.1,alternate,fact-check 3 Oct 2026,
F1.1-O06,object,open,Inka khipu (WS-053),c. 1400–1532,Cleveland Museum of Art,1940.469,CC0,share_license_status CC0; Cultural note AR-001,Gift of John Wise; accessioned 30 Oct 1940,pass,in Cleveland since 1940,findspot not recorded; may come from a burial,show only with origin and Cultural note,F1.1; F1.15,concept example,fact-check 3 Oct 2026,
F1.1-O07,object,link-out,"Hanging lamp for the Dome of the Rock, signed by Musli",1549 (AH 956),British Museum,"1887,0516.1",Not open,BM image terms are not an open licence; Qur'anic inscription never cropped,"found in the Haram al-Sharif, 19th century; given by C. Drury Fortnum 1887",n/a,,,link-out only,F1.1,Case 2 comparison,spec v3,
F1.1-O08,object,excluded,Met Thonet chairs,19th–20th c.,The Metropolitan Museum of Art,1978.300.1; 1978.300.2; 1978.522; 1985.127,Not open,isPublicDomain false (spec v3 check),,n/a,,,not used; chair drawn from the AIC,F1.1,rejected,spec v3,
F1.1-O09,object,link-out,No. 14 chair,designed 1859,Nasjonalmuseet,OK-15059C,Not stated,no photograph or licence shown,,n/a,,,link-out only,F1.1,Case 3 comparison,spec v3,
F1.1-O10,object,link-out,No. 14 chair (A 14),designed 1859,Museum Boijmans Van Beuningen,V 285 (KN&V),Not checked,"gift of Thonet, 2021; image licence not checked","Gift Thonet, 2021",n/a,,,link-out only,F1.1,Case 3 comparison,fact-check 3 Oct 2026,
F1.2-O01,object,open,"'Elephant Bridge' souvenir, unknown maker, Ekibondo",1900s (1900–1925),Cleveland Museum of Art,1929.342,CC0,share_license_status CC0,"Acquired 1928 by Paul Travis for the Gilpin Players of Karamu House in Ekibondo (then Belgian Congo); gift 1929; c. 1928 checklist: '3 carved ivory. Mangbettu, Ekibondis Village'",colonial-gap,made for sale; acquired under Belgian rule,carver not recorded,content note on ivory and forced porterage; flag to F1.24,F1.2,Case A,fact-check 3 Oct 2026,
F1.2-O02,object,open,Charger after a French print (La Fontaine fable),c. 1750,Cleveland Museum of Art,1970.48,CC0,share_license_status CC0,"Robert H. Gries; Parke-Bernet, 10 Apr 1970, lot 175",n/a,decorative export ware,Chinese painters and potters unnamed,,F1.2,Case B,fact-check 3 Oct 2026,
F1.2-O03,object,open,"Kehar Singh, Weaving and Spinning",c. 1860,Cleveland Museum of Art,1987.162,CC0,share_license_status CC0,Gift of Mr. and Mrs. William E. Ward,n/a,painting,spinners and weavers shown are unnamed,,F1.2,Case C,fact-check 3 Oct 2026,
F1.2-O04,object,open,"Wearing blanket, Diné woman artist (WS-054)",c. 1875–80,Cleveland Museum of Art,1921.556,CC0,share_license_status CC0; Cultural note on Diné,"Gift of J. H. Wade, 1921",n/a,textile made for trade and collectors,weaver not named,show with Cultural note,F1.2; F1.18,Case D; F1.18 opening,fact-check 3 Oct 2026,
F1.2-O05,object,open,"Giovanni Paolo Panini, Interior of the Pantheon, Rome",1747,Cleveland Museum of Art,1974.39,CC0,share_license_status CC0,Purchase from the J. H. Wade Fund,n/a,painting,builders and people shown unnamed,,F1.2,Case F,fact-check 3 Oct 2026,
F1.3-O01,object,open,"Vasari, Le Vite… (woodcut illustrations)",1568,The Metropolitan Museum of Art,29.76.1–.3,Public domain,isPublicDomain true; publisher Heirs of Filippo da Giunta,accession 1929,n/a,printed book,woodcut cutters unnamed,,F1.3,Case (a),fact-check 3 Oct 2026,358298
F1.3-O02,object,open,Page of calligraphy from an anthology of Sa'di and Hafiz; calligrapher Sultan 'Ali al-Mashhadi,late 15th century,The Metropolitan Museum of Art,11.84.2,Public domain,isPublicDomain true; listed in Dimand's 1930 handbook page,acquired 1911,n/a,manuscript folio,16th-c. margin painters unnamed; Munich 1910 showing not verified,,F1.3,Case (c),fact-check 3 Oct 2026,446169
F1.3-O03,object,open,"Bent, The Ruined Cities of Mashonaland, site plan only",1892 (edition 1895),Project Gutenberg,eBook 69067,Public domain (US),'Public domain in the USA'; plates of the birds and of people excluded,,n/a,printed book,plate number of the plan not found,use the site plan only; quote Bent in quotation marks,F1.3,Case (b),fact-check 3 Oct 2026,
F1.3-O04,object,open,Gold weight (abrammuo): geometric form,1800s,Cleveland Museum of Art,1962.244,CC0,share_license_status CC0; Cultural note,"Mr. and Mrs. Robert M. Hornung, given 1962",pass,in the museum since 1962,how it left Ghana not recorded,Atlas link,F1.3,Atlas link,fact-check 3 Oct 2026,
F1.3-O05,object,open,Gold weight (abrammuo): antelope,1800s,Cleveland Museum of Art,1935.306,CC0,share_license_status CC0; Cultural note,"Charles Ratton Gallery, Paris, sold 1935",pass,in the museum since 1935,how it left Ghana not recorded,Atlas link,F1.3,Atlas link,fact-check 3 Oct 2026,
F1.3-O06,object,link-out,"Kente wrapper, Asante",1901/50,Art Institute of Chicago,1986.1043,Not open,is_public_domain false; rayon,,n/a,,weavers unnamed,link-out only (counter-example),F1.3,record-bias example,fact-check 3 Oct 2026,
F1.4-O01,object,open,"Saron panerus slendro, Javanese",19th century,The Metropolitan Museum of Art,"89.4.759a,b",Public domain,isPublicDomain true; Cultural note,"Crosby Brown Collection, 1889",n/a,instrument,how it left Java not recorded; smith and tuner unnamed,,F1.4,Case 1,fact-check 3 Oct 2026,501374
F1.4-O02,object,open,"Kora, Mandinka",19th century,The Metropolitan Museum of Art,89.4.498,Public domain,isPublicDomain true; Cultural note,"Crosby Brown Collection, 1889",n/a,instrument,collection route not recorded; maker unnamed,,F1.4,Case 2,fact-check 3 Oct 2026,501115
F1.4-O03,object,open,Noh mask: waka-onna,1400s (Muromachi period),Cleveland Museum of Art,1972.69,CC0,share_license_status CC0; Cultural note,Hiraido Company,n/a,"theatre mask, not archaeological",carver not recorded,,F1.4,Case 3,fact-check 3 Oct 2026,
F1.4-O04,object,open,"Gameboard and gaming pieces (senet), Abydos Cemetery D, Tomb D99",ca. 1479–1425 BCE,The Metropolitan Museum of Art,01.4.1a,Public domain,isPublicDomain true; grave good: content note,Egypt Exploration Fund excavation; gift 1901,pass,"excavated, divided find",,show only with origin and content note,F1.4,wall,fact-check 3 Oct 2026,544775
F1.4-O05,object,open,"Grand piano, Bartolomeo Cristofori",1720,The Metropolitan Museum of Art,89.4.1219a–c,Public domain,isPublicDomain true,"Crosby Brown Collection, 1889",n/a,signed work,,,F1.4,wall,fact-check 3 Oct 2026,501788
F1.4-O06,object,link-out,"Kora, Mamadou Kouyaté (bridge by Djimo Kouyaté)",ca. 1960,The Metropolitan Museum of Art,1975.59,Not open,isPublicDomain false,"Rogers Fund, 1975",n/a,,,link-out only,F1.4,Case 2,fact-check 3 Oct 2026,503060
F1.4-O07,object,link-out,Rules tablet for the Royal Game of Ur (Itti-Marduk-balāṭu),177 BCE,British Museum,"33333,b",Not open,BM image terms are not an open licence,,n/a,,,link-out plus our own board diagram,F1.4,wall,spec v3,
F1.4-O08,object,link-out,"Royal Game of Ur board, Royal Cemetery of Ur",c. 2600–2400 BCE,British Museum,,Not open,grave context: content note,Woolley excavations 1922–34,n/a,,Iraqi workmen at Ur unnamed,link-out with origin and content note; never show burials,F1.4,wall,spec v3,
F1.4-O09,object,excluded,Noh masks of Okina,,Cleveland Museum of Art,1977.33 (among others),,Okina is performed as a divine service,,n/a,,,excluded,F1.4,protocol exclusion,spec v3,
F1.4-O10,object,open,"Girls winding armatures (Westinghouse works), film",1904,Library of Congress,96522180,US public domain by age,LOC rights line not read; Paper Print Collection; copyright 28 Apr 1904,American Mutoscope and Biograph; camera G. W. Bitzer,n/a,film,workers unnamed,quote the title in quotation marks,F1.4,wall; form 7,fact-check 3 Oct 2026,
F1.4-O11,object,held,"Blacksmith Scene (Blacksmithing Scene), film",1893,"MoMA (35mm print); The Henry Ford (nitrate, THF142195)",MoMA 316644,US public domain by age,holders' rights lines not read; host copy not chosen,Edison Manufacturing Company,n/a,film,,choose a holder's copy and read its rights line,F1.4,opening; form 7,fact-check 3 Oct 2026,
F1.4-O12,object,open,In a country blacksmith shop (Harlan and Stanley),rec. 10 Oct 1904,"Library of Congress, National Jukebox","jukebox-120495 (Victor 4106, B-1749)",US public domain (pre-1923),Jukebox page returned 403; data from DAHR,Victor,n/a,recording,,hold for a full listen (caricature check),F1.4,opening; form 8,fact-check 3 Oct 2026,
F1.4-O13,object,open,Livery stable blues (Original Dixieland Jazz Band),rec. 26 Feb 1917,"Library of Congress, National Jukebox","jukebox-186254 (Victor 18255, B-19331-1)",US public domain (pre-1923),LOC: pre-1923 recordings public domain from 1 Jan 2022; non-US status not checked,Victor,n/a,recording,earlier Black musicians not credited,,F1.4,wall; form 8,fact-check 3 Oct 2026,
F1.4-O14,object,open,Celeste Aida (Enrico Caruso),rec. 1 Feb 1904,"Library of Congress, National Jukebox","jukebox-119132 (Victor 85022, C-997-1)",US public domain (pre-1923),Jukebox page timed out; data from DAHR,Victor,n/a,recording,,,F1.4,wall; form 8,fact-check 3 Oct 2026,
F1.4-O15,object,open,Uncle Josh in a department store (Cal Stewart),rec. 22 May 1903 (take M-7),"Library of Congress, National Jukebox",jukebox-2316 (Victor 665),US public domain (pre-1923),Victor 665 also issued from 1902 and 1906 takes; cite the take,Victor,n/a,recording,,hold for a full listen (caricature check),F1.4,wall; form 8,fact-check 3 Oct 2026,
F1.14-O01,object,open,"Albrecht Dürer, The Presentation of Christ in the Temple (Life of the Virgin), woodcut","c. 1505, published 1511",Art Institute of Chicago,1927.2897,Public domain,is_public_domain true,,n/a,signed print,block cutter unnamed,before/after pair,F1.14,opening; Case A,fact-check 3 Oct 2026,
F1.14-O02,object,open,"Marcantonio Raimondi, The presentation of Jesus to Simeon in the temple, after Dürer",ca. 1500–34,The Metropolitan Museum of Art,17.3.3311,Public domain,isPublicDomain true; Life of the Virgin portfolio; second state of two; AD monogram not checked on the image,"Harris Brisbane Dick Fund, 1917",n/a,print,,check the image for the monogram,F1.14,opening; Case A,fact-check 3 Oct 2026,342707
F1.14-O03,object,open,"Palampore, Coromandel Coast, for the Sri Lankan market",first quarter of the 18th century,The Metropolitan Museum of Art,2010.337,Public domain,isPublicDomain true,"Purchase, Fernando Family Trust Gift, 2010",n/a,decorative textile,painters and dyers unnamed,,F1.14,Case C,fact-check 3 Oct 2026,75909
F1.14-O04,object,open,"Piece with pheasants and exotic flowers, Bromley Hall Printworks",1765–75,The Metropolitan Museum of Art,1970.237.3,Public domain,isPublicDomain true; copperplate-printed fustian,"Rogers Fund, 1970",n/a,decorative textile,printworks workers unnamed,,F1.14,Case C,fact-check 3 Oct 2026,229298
F1.14-O05,object,open,"Dish, Iznik, adapting a Ming design",mid-16th century,The Metropolitan Museum of Art,14.40.727,Public domain,isPublicDomain true,"Bequest of Benjamin Altman, 1913",n/a,decorative,potters unnamed,,F1.14,Case B,fact-check 3 Oct 2026,446648
F1.14-O06,object,open,"Vase, Meissen red stoneware (Böttger period)",c. 1710–1715,Cleveland Museum of Art,1947.285,CC0,share_license_status CC0; record names no Chinese model,,n/a,decorative,,Yixing link needs another source,F1.14,Case B,fact-check 3 Oct 2026,
F1.14-O07,object,open,"Jar with lion-head handles, Jingdezhen (WS-020)",1300s,Cleveland Museum of Art,1962.154,CC0,share_license_status CC0,,n/a,decorative,decorators unnamed,,F1.14,Case B,fact-check 3 Oct 2026,
F1.14-O08,object,open,"Plate, Delft (WS-083)",1700s,Cleveland Museum of Art,1969.254,CC0,share_license_status CC0,,n/a,decorative,,,F1.14,Case B,fact-check 3 Oct 2026,
F1.14-O09,object,open,"Plate, English delftware (WS-084)",mid-1700s,Cleveland Museum of Art,1986.31,CC0,share_license_status CC0,,n/a,decorative,,,F1.14,Case B,fact-check 3 Oct 2026,
F1.14-O10,object,open,Chintz bed cover or hanging with a Japanese-inspired pattern,1700–1750,Cleveland Museum of Art,2003.43,CC0,share_license_status CC0,,n/a,decorative textile,,,F1.14,Case C,fact-check 3 Oct 2026,
F1.14-O11,object,open,"Embroidered palampore, China, for Europe or America",,The Metropolitan Museum of Art,47.63,Public domain (spec),not rechecked,,n/a,decorative textile,,recheck isPublicDomain at G3,F1.14,Case C,spec v3,
F1.15-O01,object,open,Bowl with geometric designs (once 'Venetian'),1450–1500,Cleveland Museum of Art,1945.133,CC0,share_license_status CC0,"Brummer Gallery, New York, ?–1945, sold to Cleveland",n/a,decorative,Damascus inlayers unnamed,,F1.15,Case A,fact-check 3 Oct 2026,
F1.15-O02,object,open,"Embroidered raffia pile cloth, Kuba peoples",1900s,Cleveland Museum of Art,1991.224,CC0,share_license_status CC0; Cultural note,none published,n/a,20th-century textile,no provenance published (flag); use not recorded,do not call it a burial cloth,F1.15,Case C,fact-check 3 Oct 2026,
F1.15-O03,object,open,Inka khipu,c. 1400–1532,Cleveland Museum of Art,1940.469,CC0,share_license_status CC0; Cultural note AR-001,Gift of John Wise; accessioned 30 Oct 1940; shown at the Museum of Primitive Art 1963–64,pass,in Cleveland since 1940,findspot unknown,show with AR-001 Cultural note,F1.15; F1.1,comparison wall,fact-check 3 Oct 2026,
F1.15-O04,object,held,"Owen Jones, The Grammar of Ornament, first edition (AS-001), McGill copy",1856,McGill University Library via Internet Archive,McGillLibrary-rbsc_grammar-ornament,Public domain by date,no rights statement on the page; Chester head woodcut excluded,,n/a,printed book,,confirm rights statement; strip the excluded woodcut,F1.15,Case B,spec v3,
F1.15-O05,object,held,"Daniel Sheets Dye, A Grammar of Chinese Lattice, vol. 1",1937,HathiTrust (Ohio State; University of California),Record 000566990,To verify,'Full view' v.1 and v.1–2; rights code not displayed,,n/a,printed book,,verify rights code before use,F1.15,comparison,fact-check 3 Oct 2026,
F1.15-O06,object,link-out,Topkapı Scroll,late 15th or early 16th century,Topkapı Palace Museum Library (Getty facsimile edition),MS H.1956,Not open,,,n/a,,,link-out only,F1.15,geometry strand,spec v3,
F1.15-O07,object,excluded,Tattooed Māori head (mokomokai) woodcut in Jones's first chapter,1856,(in AS-001),,,human remains; removed from every use,from the museum at Chester,n/a,,,"excluded; mention in words only, with repatriation links",F1.15,protocol exclusion,spec v3,
F1.16-O01,object,open,One of the One Million Pagodas (Hyakumantō) and invocation,ca. 764–70,The Metropolitan Museum of Art,30.47a–c,Public domain,isPublicDomain true; content note: devotional object,"Gift of Benjamin Strong, 1930",n/a,temple object,makers unnamed,describe the invocation; never read it aloud,F1.16,opener,fact-check 3 Oct 2026,44955
F1.16-O02,object,open,"Crucifix, Kongo artist",16th–17th century,The Metropolitan Museum of Art,1999.295.7,Public domain,isPublicDomain true; content note,"Gift of Ernst Anspach, 1999",n/a,not archaeological,history before 1999 not published,,F1.16,Case 2,fact-check 3 Oct 2026,318323
F1.16-O03,object,open,"Crucifix, Kongo-style maker(s)",late 1800s–early 1900s,Cleveland Museum of Art,2010.444,CC0,share_license_status CC0,Charles Ralet ?–1945; Jef and René Vanderstraete 1945–1963; René and Odette Delenne 1963–2010; Cleveland 2010,n/a,not archaeological,,,F1.16,Case 2,fact-check 3 Oct 2026,
F1.16-O04,object,held,"Kero (waisted cup), colonial Inka style",after 1550,Cleveland Museum of Art,1946.233,CC0,share_license_status CC0; Cultural note,Gift of John Wise,pass,in the museum since 1946,earlier history not recorded,use only if it is the geometric kero (image check pending),F1.16,Case 3,fact-check 3 Oct 2026,
F1.16-O05,object,held,"Kero (waisted cup), colonial Inka style",after 1550,Cleveland Museum of Art,1957.143,CC0,share_license_status CC0; shares a label with 1946.233,Gift of William R. Carlisle,pass,in the museum since 1957,earlier history not recorded,use only if it is the geometric kero; the other (body parts) is not shown,F1.16,Case 3 alternate,fact-check 3 Oct 2026,
F1.16-O06,object,open,Black Raku tea bowl,early 17th century,The Metropolitan Museum of Art,17.118.74,Public domain,isPublicDomain true; Chōjirō attribution tentative,"Rogers Fund, 1917",n/a,,,,F1.16,foodways strip,fact-check 3 Oct 2026,62898
F1.16-O07,object,held,Pilgrim's badge of the shrine of St Thomas Becket,1350–1400,The Metropolitan Museum of Art,2001.310,Public domain,isPublicDomain true; content note: shrine destroyed 1538,"Gift of Dr. and Mrs. W. Conte, 2001",enquiry,no find-spot or pre-1970 history published,find-spot and pre-2001 history,hold until cleared; else our own drawing,F1.16,concept (economy),fact-check 3 Oct 2026,473470
F1.16-O08,object,link-out,"Diamond Sutra, dated 868",868,British Library (via IDP),Or.8210/P.2,Not open,linked out; content note: removed from Mogao in 1907,Mogao Cave 17; Stein 1907,n/a,,block cutter unnamed,link-out only,F1.16,Case 1,fact-check 3 Oct 2026,
F1.16-O09,object,link-out,Tripitaka Koreana woodblocks,1237–1248,Haeinsa Temple,,Not open,World Heritage site,,n/a,,carvers unnamed,link-out and our own diagram,F1.16,Case 1 coda,spec v3,
F1.16-O10,object,link-out,Jebena (coffee pot),,MAA Cambridge,2006.759 C,Not checked,,,n/a,,potter unnamed,link-out only,F1.16,foodways strip,spec v3,
F1.16-O11,object,link-out,Feather Mass of St Gregory,1539,(holder not stated in spec),,Not checked,Cultural note (Nahua makers),commissioned by Diego de Alvarado Huanitzin,n/a,,Nahua feather artist unnamed,link-out only,F1.16,Case 2 strip,spec v3,
F1.16-O12,object,link-out,Namban lectern with IHS emblem,,(Kyoto National Museum exhibition page only),,Not checked,record and holder not found,,n/a,,lacquerers unnamed,link-out only,F1.16,Case 2 strip,spec v3,
F1.18-O01,object,open,Lotus door curtain,"design by 1888, made 1888",Art Institute of Chicago,1918.298,Public domain,is_public_domain true; design attributed to May Morris,Gift of Mrs. John J. Glessner,n/a,decorative textile,Chicago embroiderers unnamed,,F1.18,Lab; Case 2,fact-check 3 Oct 2026,
F1.18-O02,object,open,"Tunic, Inca (tapestry, cotton and camelid fibre)",c. 1400–1540,Cleveland Museum of Art,1957.136,CC0,share_license_status CC0; content note (burials),John Wise; Gift of William R. Carlisle,pass,in the museum by 1957,findspot not recorded,content note,F1.18,opening,fact-check 3 Oct 2026,
F1.18-O03,object,open,"Kente prestige cloth, Asante",19th century,The Metropolitan Museum of Art,1972.56.1,Public domain,isPublicDomain true; Cultural note,"Purchase, Irene Lewisohn Bequest, 1972",n/a,not archaeological,weavers and spinners unnamed,who weaves kente is contested (claim 9),F1.18,opening,fact-check 3 Oct 2026,85576
F1.18-O04,object,open,"Wearing blanket, Diné woman artist",c. 1875–80,Cleveland Museum of Art,1921.556,CC0,share_license_status CC0; Cultural note,"Gift of J. H. Wade, 1921",n/a,,weaver not named,,F1.18; F1.2,opening,fact-check 3 Oct 2026,
F1.18-O05,object,open,"Cuneiform tablet with seal: labourers for irrigation work, Umma",ca. 2042 BCE,The Metropolitan Museum of Art,57.16.1,Public domain,"isPublicDomain true; stands in for Ur III counting, not a weaving record","Gift of Mrs. Henry E. Coe, 1957",pass,in the museum since 1957,,label as a stand-in,F1.18,Case 1,fact-check 3 Oct 2026,324586
F1.18-O06,object,link-out,"Account tablet HSS 04, 003 (Guabba weavers)",Ur III,Harvard Semitic Museum (CDLI P110276),SM 1899.02.001,Not open,photo © Harvard,,n/a,,"the 4,272 women and 1,800 children unnamed",link-out only,F1.18,Case 1,spec v3,
F1.18-O07,object,link-out,"Honeysuckle wallpaper, May Morris","designed 1883, printed before 1940",William Morris Gallery,B52,Not open,© William Morris Gallery; printed by Jeffrey & Co.,"WMG purchase, 1955",n/a,,,link-out only,F1.18,Case 2,fact-check 3 Oct 2026,
F1.18-O08,object,link-out,"Plate with feather design, signed 'Marie and Santana'",c. 1943–51,Cleveland Museum of Art,1951.363,Copyrighted,share_license_status Copyrighted; Cultural note,,n/a,,,link-out only,F1.18,Case 3,fact-check 3 Oct 2026,
F1.18-O09,object,link-out,Film: Pottery Techniques of Maria [Martinez] of San Ildefonso,1965,Internet Archive (community upload),,Not stated,rights not stated; no embed,,n/a,,makers and rights not recorded,link-out only,F1.18,Case 3; form 7,spec v3,
F1.19-O01,object,open,Joseph Marie Jacquard (woven portrait),1839,The Met,31.124,Public domain,"isPublicDomain: true (API, 3 Oct 2026)","Bequest of William G. Jenkins, 1931",n/a,signed modern manufacture,,show,F1.19,Case 1 object,fact-check 3 Oct 2026,222531
F1.19-O02,object,open,Sari-length textile (jamdani),19th–early 20th century,The Met,2019.452.4,Public domain,"isPublicDomain: true (API, 3 Oct 2026)","Gift of Yukikazu and Kimiko Iwasa, 2019",n/a,textile for wear,yarn (hand- or mill-spun) not recorded,show,F1.19,Opener reveal,fact-check 3 Oct 2026,810838
F1.19-O03,object,open,"O-daiko, attributed to Kodenji Hayashi (1831–1915)",ca. 1873,The Met,89.4.1236a–d,Public domain,"isPublicDomain: true (API, 3 Oct 2026)","Crosby Brown Collection, 1889",n/a,made for exhibition; in the Met since 1889,,show,F1.19,Case 2 object,fact-check 3 Oct 2026,501802
F1.19-O04,object,open,Copy of a Zandaniji Silk,early 1900s (1900–1920),Cleveland Museum of Art,1974.190,CC0,"share_license_status CC0 (API, 3 Oct 2026)",Gift of Mr. and Mrs. William J. Robertson; no provenance entries,n/a,modern Jacquard weaving,no provenance published,show,F1.19,Case 1 strip,fact-check 3 Oct 2026,
F1.19-O05,object,open,"Coverlet, inscribed ""B. Lichty. Bristol, O. 1852.""",1852,Cleveland Museum of Art,1993.176,CC0,"share_license_status CC0 (API, 3 Oct 2026)",no provenance entries,n/a,signed modern manufacture,no provenance published,show,F1.19,Case 1 strip,fact-check 3 Oct 2026,
F1.19-O06,object,open,"Downes, The Building Erected in Hyde Park (28 plates)",1852,McGill University Library via Internet Archive,IA McGillLibrary-rbsc_building-erected-hyde-park_folioNA6750L6D71852-21979,Public domain (by date),No rights statement on the IA page (checked 3 Oct 2026),"McGill copy, uploaded 2023",n/a,printed book,,show,F1.19,Opener plates,fact-check 3 Oct 2026,
F1.19-O07,object,open,Dhaka muslin shawl,1800–1825,The Met,12.88,Public domain,Public domain per spec v3 (not re-opened),,n/a,textile,,reserve,F1.19,Opener reserve,spec v3,
F1.19-O08,object,link-out,Maa cloth printed in Europe for the Indonesian market (Toraja),,The Met,2015.479,,Not shown: sacred-material rule (AR-096),,,,use in Toraja rites not recorded,"link out, no image",F1.19,Excluded from display; linked only,spec v3,
F1.19a-O01,object,held,Cloth of gold with winged lions and griffins,1225–75,Cleveland Museum of Art,1989.50,CC0,"share_license_status CC0 (API, 3 Oct 2026)","Lisbet Holmes Textiles, London (?–29 June 1989); Cleveland 1989–",not documented,no history before 1989 (AAMD 17 Nov 1970 test),no find-spot or earlier history published,hold until a reader clears; else show Met 2001.595,F1.19a,Case 1 object,fact-check 3 Oct 2026,
F1.19a-O02,object,held,"""Cloth of Gold"" with Medallions, Yuan dynasty",14th century,The Met,2001.595,Public domain,"isPublicDomain: true (API, 3 Oct 2026)","Purchase, Joseph Pulitzer Bequest and Dodge Fund, 2001; no ownership history in the API",not documented,"purchased 2001, no history",no pre-2001 history published,hold with 1989.50,F1.19a,Case 1 comparison,fact-check 3 Oct 2026,64101
F1.19a-O03,object,open,"Fourth-Phase Chief Blanket Style Rug, Diné",c. 1900 (1890–1910),Cleveland Museum of Art,1937.903,CC0,"share_license_status CC0 (API, 3 Oct 2026)","Amelia Elizabeth White, given 1937",n/a,trade textile,,show with Cultural note and content note,F1.19a; F1.22a,Case 3 object,fact-check 3 Oct 2026,
F1.19a-O04,object,open,"Wearing Blanket, Diné, woman artist",c. 1875–80 (1870–1880),Cleveland Museum of Art,1921.556,CC0,"share_license_status CC0 (API, 3 Oct 2026)",Gift of J. H. Wade (credit line); provenance field empty,n/a,trade textile,weaver's name not recorded; no history before 1921,show with Cultural note,F1.19a; F1.22a,Case 3 object (register WS-054),fact-check 3 Oct 2026,
F1.19a-O05,object,open,"Red Cross Our Day 1917 (poster), John Singer Sargent; printed by Argus",1917,Art Institute of Chicago,1919.1048 (id 77145),Public domain,is_public_domain: true; page shows CC0 Public Domain Designation (3 Oct 2026),Gift of Mr. Robertson,n/a,signed modern work,,show,F1.19a,Case 2 open object,fact-check 3 Oct 2026,
F1.19a-O06,object,held,"War Ration Book #4, used by Ko Takemoto in a camp",1940s,National Museum of American History,1986.3083.06,,"Page shows both ""CC0"" and a reuse restriction (spec v3); record would not load 3 Oct 2026",Gift of Ko Takemoto,n/a,modern document,,not counted until licence resolved,F1.19a,Case 3 strip candidate,spec v3,
F1.19b-O01,object,open,"Kano Tan'yū, Sketch for a Painting of Mi Fu Inscribing a Poem on a Rock",dated 1666,The Met,1996.464.1,Public domain,"isPublicDomain: true (API, 3 Oct 2026)","Gift of John and Lili Bussel, 1996",n/a,signed painting,,show,F1.19b,Case 1 object,fact-check 3 Oct 2026,44297
F1.19b-O02,object,open,"Wang Gai (ill.), page from the Mustard Seed Garden Manual of Painting",first edition printed 1679,The Met,CP6,Public domain,"isPublicDomain: true (API, 3 Oct 2026)","Rogers Fund, 1924",n/a,printed book,,show,F1.19b,Case 1 strip,fact-check 3 Oct 2026,63185
F1.19b-O03,object,open,"Asadullah Shirazi, Album Leaf with Calligraphic Exercise (siyah mashq)",dated 1258 AH / 1842–43 CE,The Met,2016.536,Public domain,"isPublicDomain: true (API, 3 Oct 2026)","Purchase, Friends of Islamic Art Gifts, 2016",n/a,signed work on paper,,show,F1.19b,Case 1 strip,fact-check 3 Oct 2026,716307
F1.19b-O04,object,open,"Exhibition Vase with Scenes from the Ramayana, Bombay School of Art",ca. 1880s,The Met,2019.430,Public domain,"isPublicDomain: true (API, 3 Oct 2026)","Gift of Steven Kossak, The Kronos Collections, 2020",n/a,not archaeological,no provenance before the 2020 gift; potter not named,show with content note,F1.19b,Case 2 object,fact-check 3 Oct 2026,839471
F1.19b-O05,object,open,"Kehar Singh, Weaving and Spinning",c. 1860 (1855–1865),Cleveland Museum of Art,1987.162,CC0,"share_license_status CC0 (API, 3 Oct 2026)",George P. Bickford (by 1975); William E. and Ellen Ward; Cleveland 1987,n/a,painting,,"show; quote ""crude"" as the record's",F1.19b,Case 2 strip,fact-check 3 Oct 2026,
F1.19b-O06,object,open,"Paul Klee, Tightrope Walker (colour lithograph)",1923,Cleveland Museum of Art,1961.154,CC0,"share_license_status CC0 (API, 3 Oct 2026)",Kennedy Gallery; Print Club of Cleveland; Cleveland 1961,n/a,signed modern print,,show,F1.19b; F1.20,Case 3 object,fact-check 3 Oct 2026,
F1.19b-O07,object,open,"Mustard Seed Garden Manual, Jiaqing edition",1796–1820,The Met,CIB1a–q,Public domain,Public domain per spec v3 (not re-opened),,n/a,printed book,,reserve,F1.19b,Case 1 reserve,spec v3,60759
F1.20-O01,object,open,"Paul Klee, Tightrope Walker (colour lithograph)",1923,Cleveland Museum of Art,1961.154,CC0,"share_license_status CC0 (API, 3 Oct 2026); made ""during a decade spent on the faculty of the Bauhaus""",Kennedy Gallery; Print Club of Cleveland; Cleveland 1961,n/a,signed modern print,,show,F1.20; F1.19b,Opener wall,fact-check 3 Oct 2026,
F1.20-O02,object,open,"Ōtsu-e of Kabuki Actor Playing the Outlaw Hotei Ichiemon, remounted by Yanagi, knobs by Hamada",early 18th century (mount 20th century),The Met,1975.268.147,Public domain,"isPublicDomain: true (API, 3 Oct 2026); image scope for the mount not stated","Packard Collection, 1975",n/a,print,,show,F1.20,Opener wall; case 3 object,fact-check 3 Oct 2026,36115
F1.20-O03,object,open,"Wall Hanging (pardah), warp ikat, Bukhara",1800–1850,Cleveland Museum of Art,2006.150,CC0,"share_license_status CC0 (API, 3 Oct 2026)","Dr. Guido Goldman, given 2006",n/a,household textile,,"show (our pairing, marked as such)",F1.20,Opener wall; case 1 panel,fact-check 3 Oct 2026,
F1.20-O04,object,open,"Suzani with floral sprays, Shakhrisyabz",1800–1850,Cleveland Museum of Art,2016.89,CC0,"share_license_status CC0 (API, 3 Oct 2026)","Ignazio Vok (by 1994–2016); John and Fausta Eskenazi, given 2016",n/a,household textile,"makers unnamed (""mothers and daughters"", per the record)",show with Cultural note,F1.20; F1.22,Case 1 panel,fact-check 3 Oct 2026,
F1.20-O05,object,held,"Large Jar (Ōtsubo), Tanba ware",14th–15th century,The Met,2002.447.16,Public domain,"isPublicDomain: true (API, 3 Oct 2026)","Gerry bequest, 2000",not documented,no find-spot or pre-1970 history published (AAMD 17 Nov 1970 test),,coda only; hold until cleared,F1.20,Case 3 coda,fact-check 3 Oct 2026,49271
F1.20-O06,object,link-out,"Chandigarh office chair, credited to Pierre Jeanneret",1950s,The Met,objectID 629168,,"Linked, not reproduced (spec v3)",,,,makers not named; removal and sale,link out with content note,F1.20,Case 2 object,spec v3,629168
F1.21-O01,object,open,"Katsushika Hokusai, Mitsui Shop at Surugachō in Edo",ca. 1830–32,The Met,JP1329,Public domain,"isPublicDomain: true (API, 3 Oct 2026)","Rogers Fund, 1922",n/a,print,,show,F1.21,Case A,fact-check 3 Oct 2026,55287
F1.21-O02,object,open,"Torii Kiyonaga, The Echigoya on New Year's Day (right sheet)",c. 1789,Art Institute of Chicago,1930.382 (id 86454),Public domain,"is_public_domain: true (API, 3 Oct 2026)","Baron Fujita family; Yamanaka & Co.; Kate S. Buckingham, given to AIC April 1930",n/a,print,,show,F1.21,Case A,fact-check 3 Oct 2026,
F1.21-O03,object,open,"Alexandre Lunois, The Fancy Goods Store (Le Bon Marché)",1902,Cleveland Museum of Art,2012.288,CC0,"share_license_status CC0 (API, 3 Oct 2026)",,n/a,signed print,,show,F1.21,Case A,fact-check 3 Oct 2026,
F1.21-O04,object,open,"House of Worth, Ball gown",ca. 1887,The Met,"49.3.28a, b",Public domain,"isPublicDomain: true (API, 3 Oct 2026)","Gift of Orme Wilson and R. Thornton Wilson, 1949",n/a,dress,seamstresses not named,show,F1.21,Case B,fact-check 3 Oct 2026,82607
F1.21-O05,object,open,"Jules Chéret, Saxoleine (poster), Imprimerie Chaix",1893,Art Institute of Chicago,2013.1144 (id 218855),Public domain,"is_public_domain: true (API, 3 Oct 2026)",,n/a,poster,,show,F1.21,Case B strip,fact-check 3 Oct 2026,
F1.21-O06,object,open,"Maid bringing a hookah to a lady, Kalighat album",c. 1890,Cleveland Museum of Art,2003.107.a,CC0,"share_license_status CC0 (API, 3 Oct 2026); gum tempera, graphite, ink and tin","William E. Ward, given 2003",n/a,painting,painter not recorded,show,F1.21,Case A,fact-check 3 Oct 2026,
F1.21-O07,object,open,"Kiyonaga, Echigoya sheet",,The Met,JP931,Public domain,Public domain per spec v3 (not re-opened),,n/a,print,,reserve,F1.21,Case A reserve,spec v3,
F1.21-O08,object,open,Worth evening dress,about 1882,The Met,"2009.300.635a, b",Public domain,Public domain per spec v3 (not re-opened),,n/a,dress,,reserve,F1.21,Case B reserve,spec v3,
F1.21-O09,object,open,Kalighat woodcut signed by Gobinda Chandra Roy,,Cleveland Museum of Art,2003.156.a,CC0,CC0 per spec v3 (not re-opened),,n/a,print,,reserve,F1.21,Case A reserve,spec v3,
F1.21-O10,object,held,"""Uncle Josh Weathersby in a department store"", Cal Stewart (10-in. Victor 665, pre-matrix B-665, take M-7)",recorded 22 May 1903,"Library of Congress, National Jukebox (DAHR for discography)",jukebox-2316,"Public domain (US, pre-1923 recording)",US status per LOC; non-US status not verified,,n/a,sound recording,,hold until a full listen against the print,F1.21,Opening (form 8),fact-check 3 Oct 2026,
F1.21-O11,object,open,"Market Street before parade (film), American Mutoscope and Biograph",1903,Library of Congress,00694416,Public domain (collection statement),Item-level rights not opened (blocked 3 Oct 2026),,n/a,film,,show once item rights checked,F1.21,Form 7,spec v3,
F1.21-O12,object,link-out,"Kangas (incl. 2022.1490, credited to Kassamali Gulamhussein)",,Art Institute of Chicago,2022.1488–1491; 2024.313,,Not open; link out with Cultural note (AR-099),,,,,link out,F1.21,Case B,spec v3,
F1.22-O01,object,open,"Suzani with floral sprays (cotton ground, silk embroidery), Shakhrisyabz",1800–1850,Cleveland Museum of Art,2016.89,CC0,"share_license_status CC0 (API, 3 Oct 2026)","Ignazio Vok (by 1994–2016); Eskenazi gift, 2016",n/a,household textile,"""probably"" Shakhrisyabz; makers unnamed",show with Cultural note,F1.22; F1.20,Case 3 object,fact-check 3 Oct 2026,
F1.22-O02,object,open,"Suzani: Divan Cover, Bukhara",1700s,Cleveland Museum of Art,1940.598,CC0,"share_license_status CC0 (API, 3 Oct 2026)","James Parmelee bequest, 1940",n/a,household textile,,alternate,F1.22,Case 3 alternate,fact-check 3 Oct 2026,
F1.22-O03,object,held,"""The Great Heap- 2,000,000 tons guano- Chincha Islands"", photograph (Moulton; Gardner also named)",1865,"New York Public Library, Photography Collection","MFY+ 96-4082, plate 45; image 1939258","Public domain (US only, NYPL statement)",No determination outside the US; record blocked 3 Oct 2026,,n/a,photograph,maker of plate 45 and identifiable people not checked,hold until a reader clears and rights lead confirms,F1.22,Case 2 object,spec v3,
F1.22-O04,object,open,"India: an indigo plantation, an overseer looking on (engraving)",1778,Wellcome Collection,31355i,Public Domain Mark,"PDM on record (3 Oct 2026); title revised April 2023; ""India"" from the Middleton text it illustrates",,n/a,print,workers unnamed,show with content note,F1.22,Concept,fact-check 3 Oct 2026,
F1.22-O05,object,held,"Turkestan Album plate, cotton-cloth printing",1871–1872,Library of Congress,LC-DIG-ppmsca-09955-00026,,Rights statement not verified,,n/a,photograph,,hold until rights checked,F1.22,Case 3 candidate,spec v3,
F1.22a-O01,object,open,"Tea bowl, Longquan ware, gold lacquer repairs",13th century,The Met,16.122.5,Public domain,"isPublicDomain: true (API, 3 Oct 2026)","Rogers Fund, 1916",pass,in the Met since 1916 (AAMD 17 Nov 1970 test),,show,F1.22a,Opener,fact-check 3 Oct 2026,48373
F1.22a-O02,object,open,Tent Door Hanging (Ensi),first half 19th century,The Met,22.100.42,Public domain,"isPublicDomain: true (API, 3 Oct 2026)","James F. Ballard gift, 1922",n/a,household textile,,show,F1.22a,Case 1 object,fact-check 3 Oct 2026,447501
F1.22a-O03,object,open,"Wearing Blanket, Diné, woman artist",c. 1875–80,Cleveland Museum of Art,1921.556,CC0,"share_license_status CC0 (API, 3 Oct 2026)",Gift of J. H. Wade; no earlier history,n/a,trade textile,weaver not named,show with Cultural note and content note,F1.22a; F1.19a,Case 2 pair,fact-check 3 Oct 2026,
F1.22a-O04,object,open,"Fourth-Phase Chief Blanket Style Rug, Diné",c. 1900,Cleveland Museum of Art,1937.903,CC0,"share_license_status CC0 (API, 3 Oct 2026)","Amelia Elizabeth White, 1937",n/a,trade textile,weaver not named,show with Cultural note and content note,F1.22a; F1.19a,Case 2 pair,fact-check 3 Oct 2026,
F1.22a-O05,object,open,"Kantha, Bengal",1800s,Cleveland Museum of Art,1996.350,CC0,"share_license_status CC0 (API, 3 Oct 2026)","George Bickford; William E. Ward, given 1996",n/a,household textile,,show with dowry note,F1.22a,Case 3 object,fact-check 3 Oct 2026,
F1.22a-O06,object,open,Cassone,mid-15th century,The Met,15.119.4,Public domain,"isPublicDomain: true (API, 3 Oct 2026)","Gift of Mrs. Emma B. Andrews, 1915",n/a,furniture,top later replaced,show with dowry note,F1.22a,Case 3 strip,fact-check 3 Oct 2026,193194
F1.22a-O07,object,open,"Darning Sampler, inscribed ""M F / 1 7 / 84""",1784,Cleveland Museum of Art,1942.528,CC0,"share_license_status CC0 (API, 3 Oct 2026)",,n/a,sampler,,reserve,F1.22a,Concept reserve,fact-check 3 Oct 2026,
F1.22a-O08,object,open,Storage Bag (Chuval) Face,early 19th century,The Met,22.100.40a,Public domain,"isPublicDomain: true (API, 3 Oct 2026)","James F. Ballard gift, 1922",n/a,household textile,why only the face survives is not recorded,reserve,F1.22a,Case 1 strip,fact-check 3 Oct 2026,447498
F1.22a-O09,object,open,"Bottle with Chrysanthemum Design, Goryeo",1200s–1300s,Cleveland Museum of Art,1918.454,CC0,"share_license_status CC0 (API, 3 Oct 2026)",Bought in Korea by Langdon Warner as the museum's agent (?–1918),pass,in Cleveland since 1918 (AAMD 17 Nov 1970 test),find-spot not recorded,"reserve only, with content note on Goryeo tombs",F1.22a,Claim 4 reserve,fact-check 3 Oct 2026,
F1.22a-O10,object,link-out,Celadon bowl named Bakōhan,"Southern Song, 13th century",Tokyo National Museum,TG-2354,© National Institutes for Cultural Heritage,Important Cultural Property; ColBase licence not checked,Ashikaga shoguns; Suminokura family (per TNM),n/a,not archaeological,,link out,F1.22a,Opener case,fact-check 3 Oct 2026,
F1.23-O01,object,open,"Storage jar, signed ""Dave"", Stony Bluff Manufactory",1858,The Met,2020.7,Public domain,"isPublicDomain: true (API, 3 Oct 2026)","Purchase, Ronald S. Kane Bequest, 2020; earlier ownership not on the record",n/a,"signed, not archaeological",ownership before 2020 not recorded,show with content note and Cultural note,F1.23,Case 1 object,fact-check 3 Oct 2026,747045
F1.23-O02,object,open,"Fragment of a Mold for Arretine Bowl, stamp ""M. PERENN | TIGAANI""",27 BCE–14 CE,Cleveland Museum of Art,1916.2009,CC0,"share_license_status CC0 (API, 3 Oct 2026)","Harold Woodbury Parsons, sold to Cleveland before 1916",pass,in Cleveland by 1916 (AAMD 17 Nov 1970 test),find-spot not recorded,show with content note,F1.23,Case 2 object,fact-check 3 Oct 2026,
F1.23-O03,object,open,"Terracotta bowl, Arretine ware, ""signed by Perennius Tigranus as owner""",ca. 10 BCE–10 CE,The Met,10.210.37,Public domain,"isPublicDomain: true (API, 3 Oct 2026)","Rogers Fund, 1910",pass,in the Met since 1910 (AAMD 17 Nov 1970 test),find-spot not recorded,show,F1.23,Case 2 pair,fact-check 3 Oct 2026,248324
F1.23-O04,object,open,"Dish with Bird on Fruit Tree Branch, Kangxi mark",1662–1722,Cleveland Museum of Art,1964.213.1,CC0,"share_license_status CC0 (API, 3 Oct 2026)",Frank Caro; Severance and Greta Millikin; given 1964,n/a,not archaeological,no creator listed,show,F1.23,Case 3 object,fact-check 3 Oct 2026,
F1.23-O05,object,open,"Strike Papyrus, by the scribe Amennakht",year 29 of Ramesses III (1187–1157 BCE reign),"Museo Egizio, Turin",Cat. 1880,CC0,CC0 as stated on the record (spec v3); CC0 line not in the text retrieved 3 Oct 2026,"Purchased from Bernardino Drovetti, 1824",pass,in Turin since 1824 (AAMD 17 Nov 1970 test),"""Deir el-Medina (?)""",show; caption names Drovetti purchase,F1.23,Lab worked map,fact-check 3 Oct 2026,
F1.23-O06,object,open,Stela of the royal scribe Amunnakht praising the barque of Amun-Re,ca. 1197–1080 BCE,The Met,21.2.6,Public domain,"isPublicDomain: true (API, 3 Oct 2026)","Rogers Fund, 1921; ""probably from"" Thebes",pass,in the Met since 1921 (AAMD 17 Nov 1970 test),,show with note that it was made for worship,F1.23,Lab support,fact-check 3 Oct 2026,544766
F1.23-O07,object,link-out,Convict love token,,Powerhouse (Museum of Applied Arts and Sciences),2003/40/1,© Powerhouse,Image copyright held by the Powerhouse (spec v3),,n/a,,"""the maker is not known""",link out,F1.23,Concept,spec v3,
F1.24-O01,object,open,"Plaque, members of the Igun Eronmwon guild",1500s–1600s,Cleveland Museum of Art,1999.1,CC0,"share_license_status CC0 (API, 3 Oct 2026)",Igun Eronmwon; Oba Ovonramwen; sent to England by Ralph Moor 1897; British Museum 1897–1950; Burney; Bragaline; Mitchell-Innes & Nash; Cleveland 1999,pass,"left Benin 1897, before 1970 (AAMD 17 Nov 1970 test)",the test does not see the 1897 taking,show with content note,F1.24,Opener; case 1,fact-check 3 Oct 2026,
F1.24-O02,object,open,"Plaque (warrior, manilla)",16th/17th century,Art Institute of Chicago,1933.782 (id 15457),Public domain,"is_public_domain: true (API, 3 Oct 2026)","Oba Ovonramwen; ""taken during the British military raid"" by George W. Neville 1897; heirs 1929; Foster, London, 1 May 1930; Ascher; Vamos; Segy; AIC 1933",pass,in AIC since 1933 (AAMD 17 Nov 1970 test),the test does not see the 1897 taking,show with content note,F1.24,Opener; case 1,fact-check 3 Oct 2026,
F1.24-O03,object,open,"Stag Plaque, Scythian",400–300 BCE,Cleveland Museum of Art,1985.77,CC0,"share_license_status CC0 (API, 3 Oct 2026)",provenance field empty; bought 1985,fail,first record 1985 (AAMD 17 Nov 1970 test),no find-spot or history,"show as a case, not an exemplar, with content note",F1.24,Case 2 comparison,fact-check 3 Oct 2026,
F1.24-O04,object,open,"Howling Wolf, Southern Siberia",c. 500–200 BCE,Cleveland Museum of Art,1986.26,CC0,"share_license_status CC0 (API, 3 Oct 2026)","Mansour Gallery, London (–1986)",fail,"first record a London dealer, to 1986 (AAMD 17 Nov 1970 test)",,"show as a case, with content note",F1.24,Case 2 comparison,fact-check 3 Oct 2026,
F1.24-O05,object,open,"Horse Bit with Winged Ibex Cheekpieces, Luristan",800–600 BCE,Cleveland Museum of Art,1980.102,CC0,"share_license_status CC0 (API, 3 Oct 2026)",provenance field empty; bought 1980,fail,first record 1980 (WS-091) (AAMD 17 Nov 1970 test),no find-spot,show in the Lab with content note on looting,F1.24,Lab object story,fact-check 3 Oct 2026,
F1.24-O06,object,open,"Mantle, Paracas (Cavernas style)",c. 300 BCE–200 CE,Cleveland Museum of Art,1946.226,CC0,"share_license_status CC0 (API, 3 Oct 2026)","Emery May and Raymond Norweb, given 1946",pass,in Cleveland since 1946 (AAMD 17 Nov 1970 test),removal from Peru not recorded,show with Cultural note and content note,F1.24,Case 3 strip,fact-check 3 Oct 2026,
F1.24-O07,object,link-out,"Gweagal spears (four), taken at Kamay 1770",before 1770,"Trinity College, Cambridge (returned 2024)",,,Returned to the La Perouse Aboriginal Community on 23 April 2024; link out only,"Lord Sandwich to Trinity, 1771; returned 2024",n/a,returned,,link out with Cultural note,F1.24,Case 3,spec v3,
F1.24-O08,object,link-out,"Shield long linked to Kamay, 1770",,British Museum,E_Oc1978-Q-839,,"Link out; ""not one collected by Cook""",,n/a,,collector not known,link out,F1.24,Case 3,spec v3,
F1.24-O09,object,link-out,Crimean objects lent to the Allard Pierson (565 objects),4th century BCE onward,National Museum of the History of Ukraine (since 26 Nov 2023),,,Linked out; no Russian or Hermitage image,Four Crimean museums; Allard Pierson 2014–2023; Kyiv 2023,n/a,,grave-goods status not verified object by object,link out with content note,F1.24,Case 2,spec v3,
F1.24-O10,object,excluded,Benin ancestral-altar head,,Art Institute of Chicago,2003.16,,"Excluded: altar object, not needed",,,,,not shown,F1.24,Excluded,spec v3,
F1.25-O01,object,open,"Belt Buckle with Animals, gilt bronze",202 BCE–9 CE,Cleveland Museum of Art,1952.115,CC0,"API share_license_status CC0; culture ""China, Ordos region, Western Han dynasty""","Vladimir G. Simkhovitch, New York; to the museum 1952",pass,In the museum from 1952; findspot and export not recorded,Findspot not recorded; may be a grave good,"Show, never altered, with the funerary content note",F1.25,Case A; opening image,fact-check 3 Oct 2026,
F1.25-O02,object,open,"Belt plaque with winged horse, gilded bronze, Xianbei",1st century,The Met,24.174.7,Public domain,"API isPublicDomain true; credit Fletcher Fund, 1924",Accessioned 1924,pass,Accessioned 1924,Earlier history not on the API,Show as comparison,F1.25,Case A comparison,fact-check 3 Oct 2026,52109
F1.25-O03,object,open,"Wearing Blanket, Diné woman artist",c. 1875–80,Cleveland Museum of Art,1921.556,CC0,API CC0,"Gift of J. H. Wade, 1921",n/a,"19th-century textile, not archaeological",Weaver not named in the record,Show with Cultural note; designs not interpreted,F1.25,Case B,fact-check 3 Oct 2026,
F1.25-O04,object,open,"Germantown Eyedazzler Saddle Throw, Diné",c. 1875,Cleveland Museum of Art,1929.922,CC0,"API CC0; technique field ""cotton and wool (handspun and bayeta)"", no Germantown yarn","Gift, 1929; no provenance entries",n/a,Not archaeological,No provenance entries; title and technique disagree,"Show as a record discrepancy, with Cultural note",F1.25,Case B (record discrepancy),fact-check 3 Oct 2026,
F1.25-O05,object,open,"Gold Weight (abrammuo): Antelope, Akan-style artist",1800s,Cleveland Museum of Art,1935.306,CC0,API CC0,"Charles Ratton Gallery, Paris; to the museum 1935",n/a,"Trade object, not archaeological",History before 1935 not recorded,Show,F1.25,Case C,fact-check 3 Oct 2026,
F1.25-O06,object,open,Pole Top as a Wild Ass,not recorded in this pass,Cleveland Museum of Art,1962.46,CC0,"In Cleveland's CC0 ""Ordos"" set (API search)",In the museum since 1962,pass,Accessioned 1962 per spec,Not checked beyond the spec,Spare,F1.25,Spare for case A,fact-check 3 Oct 2026,
F1.25-O07,object,open,Cauldron on High Rounded Foot,not recorded in this pass,Cleveland Museum of Art,1916.1189,CC0,"In Cleveland's CC0 ""Ordos"" set (API search)",In the museum since 1916,pass,Accessioned 1916 per spec,Not checked beyond the spec,Spare,F1.25,Spare for case A,fact-check 3 Oct 2026,
F1.25-O08,object,excluded,Met object 2002.201.110 (steppe metalwork),not recorded,The Met,2002.201.110,not checked,Not used,Acquired 2002; no provenance shown,fail,Acquired after 1970 with no provenance shown,No provenance shown,Do not use,F1.25,Rejected spare,spec v3,
F1.25-O09,object,link-out,"Gold belt plaques inscribed shaofu, Xigoupan tomb 2",4th–3rd c. BCE,not stated (published by Liu et al. 2021),,check each figure licence,Figures in Liu et al. 2021 (article CC BY 4.0); figure licences unchecked,"Excavated 1979–1989, Xigoupan cemetery, Jungar Banner",n/a,Excavated object in China,Holder not named in our sources,Link out to the article,F1.25,Case A comparison (funerary),spec v3,
F1.26-O01,object,open,"Lidded Storage Basket, ash splint; culture ""Passamaquoddy (?)""",ca. 1840 (1820–1860),The Met,"2011.154.29a, b",Public domain,API isPublicDomain true; Maine,"Ralph T. Coe Collection, gift of the Ralph T. Coe Foundation, 2011",n/a,"Decorative, not archaeological","Maker not recorded; attribution ""(?)""",Show with Cultural note (attribution incomplete),F1.26,Strip (Passamaquoddy),fact-check 3 Oct 2026,319067
F1.26-O02,object,link-out,"Fishing Canoe Prow, Māori",1800s,Cleveland Museum of Art,1967.231,CC0,API CC0; image not shown (AR-034),Harry Beasley,n/a,Carving,Carver and iwi not recorded,"Link out only, no image; Cultural note",F1.26,Case 1 context,fact-check 3 Oct 2026,
F1.26-O03,object,link-out,"Knife, Lappland (""possibly from the Finnish area"")",collected about 1860,Ájtte (transferred May 2025); record at National Museums of World Culture,1902.04.0001,CC BY 4.0 (record image),"Keeper now a Sámi museum, not asked; licence and keeper's authority point different ways","Collected by Gustav Albert Hyttling; bought from J. E. Hagdahl, 1902; transferred to Ájtte 2025",n/a,Not archaeological,Maker not recorded,Link out only; Cultural note; questions go to Ájtte,F1.26,Case 2 coda,spec v3,
F1.27-O01,object,open,"Lotus Sutra with a Frontispiece, gold on indigo paper",late 1100s,Cleveland Museum of Art,1970.64,CC0,API CC0; Song dynasty,"Elm and Company, Osaka, to 1970",n/a,Manuscript,Earlier owners not recorded,"Show whole, never cropped (scripture rule)",F1.27,Case 1,fact-check 3 Oct 2026,
F1.27-O02,object,open,"Folio from a Qur'an, on paper",1100s,Cleveland Museum of Art,1933.488,CC0,"API CC0; Iran, Seljuq period",Coomaraswamy to 1933,n/a,Manuscript leaf,Parent manuscript not recorded,Show whole with origin; content note on cut leaves,F1.27,Case 2,fact-check 3 Oct 2026,
F1.27-O03,object,open,"Folio from a Qur'an, on parchment",800s,Cleveland Museum of Art,1933.493,CC0,"API CC0; probably Egypt, Abbasid period",Coomaraswamy to 1933,n/a,Manuscript leaf,Parent manuscript not recorded,Show whole beside 1933.488,F1.27,Case 2 comparison,fact-check 3 Oct 2026,
F1.27-O04,object,open,"Bark Cloth, Baganda",early 1900s,Cleveland Museum of Art,1929.368,CC0,"API CC0; ""Baganda style, unknown maker""","Paul Travis for the African Art Sponsors, 1928; gift 1929",n/a,20th-century work,Maker not recorded,Show with Cultural note; content note (funerals),F1.27,Case 3,fact-check 3 Oct 2026,
F1.27-O05,object,open,"Tapa Cloth Beater (""l'e kuku"" in the record), Hawaiʻi",before 1930,Cleveland Museum of Art,1971.152,CC0,API CC0; Hawaiian spelling to confirm with a Kānaka Maoli reader,Provenance empty; gift of Dr and Mrs Thomas Munro,n/a,Working tool,Provenance empty,Show with Cultural note (AR-104),F1.27,Case 3,fact-check 3 Oct 2026,
F1.27-O06,object,link-out,"Paper map fragment, Fangmatan tomb",179–141 BCE (tomb),not stated (Gansu),,none found,No open record found,Excavated 1986 from a burial,n/a,Excavated grave good in China,"Whether paper, and whether a map, are argued",Link out with content note; no image,F1.27,Case 1,spec v3,
F1.27-O07,object,link-out,Sogdian Ancient Letters,312–314 CE,British Library (IDP),Or.8212,"rights ""being updated"" (IDP)",Not open,"Removed by Aurel Stein, 1907",pass-caveat,Removed by Stein's expedition before 1970; colonial context,Not re-checked,Link out with content note,F1.27,Case 1,spec v3,
F1.27-O08,object,link-out,"Missal of Silos (Silos MS 6), paper folios 1r–37v",late 10th or 11th century,"Santo Domingo de Silos, Biblioteca del Monasterio",MS 6,none found,"No online record from the abbey found; described in a CC BY study (Early Music History 41, 2022)",At Silos by the 13th century; origin not known,n/a,Manuscript in its monastery,Origin not known,Link out to the study,F1.27,Case 2,spec v3,
F1.27-O09,object,excluded,"Paper Maker (Amman), print",not recorded,The Met,18.17.2-200,Not public domain,isPublicDomain false per spec,not recorded,n/a,Not archaeological,—,Do not use,F1.27,Rejected,spec v3,
F1.28-O01,object,open,"De Architectura, printed by Ioannis de Tridino (Tacuino)",1511,Art Institute of Chicago,2024.57,Public domain,"API is_public_domain true (id 272589); data CC0, description CC BY 4.0",Accession number 2024.57,n/a,Printed book,—,Show title page,F1.28,Case 2 object,fact-check 3 Oct 2026,
F1.28-O02,object,open,Cloth of gold with winged lions and griffins,1225–75,Cleveland Museum of Art,1989.50,CC0,"API CC0; ""Central Asia""","Lisbet Holmes Textiles, London, ""?–June 29, 1989""",enquiry,First record a London dealer in 1989; findspot not recorded,Findspot and history before 1989 not recorded,"Show as a case, not an exemplar; caption as Mongol-era context",F1.28,Case 1 (flagged),fact-check 3 Oct 2026,
F1.28-O03,object,open,"Scribe's Palette, wood",1540–1186 BCE,Cleveland Museum of Art,1914.727,CC0,API CC0,"Bought from P. Kytikas, Cairo; accessioned 1914",pass,In the museum from 1914,Findspot not recorded; possibly from a burial,Show with content note,F1.28,Lab (Satire of the Trades),fact-check 3 Oct 2026,
F1.28-O04,object,open,Inka Khipu (Fiber Recording Device),c. 1400–1532,Cleveland Museum of Art,1940.469,CC0,API CC0,"Gift of John Wise, 1940",pass,In the museum from 1940,Earlier owners and findspot not recorded,Show with Cultural note (AR-001),F1.28,Lab,fact-check 3 Oct 2026,
F1.28-O05,object,link-out,"Tiangong kaiwu, 1637 copy",1637,National Library of China,LoC 2021666134 (digital copy),none from the holder,"LoC: ""unaware of any copyright or other restrictions""; not a holder licence; no NLC terms found",Original at the National Library of China (LoC record),n/a,Printed book,—,Link out,F1.28,Lab demonstration,spec v3,
F1.28-O06,object,link-out,Florentine Codex,1577,Biblioteca Medicea Laurenziana,Med. Palat. 218–220,not open (non-commercial only),"Laurenziana: personal or non-commercial use with credit; other uses need written permission. Getty edition images ""by permission of MiBACT""",In the Medici library by 1588,n/a,Manuscript,—,Link out to the Getty edition and LoC,F1.28,Case 3,fact-check 3 Oct 2026,
F1.28-O07,object,link-out,"Wotton, The Elements of Architecture, 1624 (scan)",1624,Internet Archive scan,architectureelem00wott,public domain by date,No rights line on the scan,not recorded,n/a,Printed book,—,Link out; do not host,F1.28,Case 2,spec v3,
F1.28a-O01,object,open,"Toad, cast from life",c. 1500–1550 or later,Cleveland Museum of Art,1987.5,CC0,"API CC0; Italy, possibly Padua",Archduke Leopold Wilhelm (1659); Imperial Treasury; Ambras; Kunsthistorisches Museum (sold 1923); Weininger; Zietz; Cleveland 1987,n/a,Decorative,—,Show with content note on animals killed for casting,F1.28a,Opening; case 1,fact-check 3 Oct 2026,
F1.28a-O02,object,open,"Platter, circle of Bernard Palissy",late 1500s,Cleveland Museum of Art,1986.57,CC0,API CC0; France,"Rainer Zietz Ltd., London",n/a,Decorative,Only one link recorded,Show,F1.28a,Case 1,fact-check 3 Oct 2026,
F1.28a-O03,object,open,"Mortar, workshop of Wenzel Jamnitzer I",c. 1550–1560,Cleveland Museum of Art,1951.444,CC0,API CC0; Germany,"Herbert N. Bier, sold 1951",n/a,Decorative,—,Show,F1.28a,Case 1,fact-check 3 Oct 2026,
F1.28a-O04,object,open,"Ewer, Changsha ware, Tongguan",800s,Cleveland Museum of Art,1966.145,CC0,"API CC0; Hunan, Tongguan, Tang dynasty","N. V. Hammer, given 1966",pass,In the museum from 1966,Findspot not recorded,Show,F1.28a,Strip (Jewel of Muscat),fact-check 3 Oct 2026,
F1.28a-O05,object,open,Inka Khipu (Fiber Recording Device),c. 1400–1532,Cleveland Museum of Art,1940.469,CC0,API CC0,"Gift of John Wise, 1940",pass,In the museum from 1940,Earlier owners and findspot not recorded,Show with Cultural note and content note,F1.28a,Lab demonstration,fact-check 3 Oct 2026,
F1.28a-O06,object,link-out,"Ms. Fr. 640 (Toulouse manuscript), facsimile on Gallica","after 1579, probably to 1588",Bibliothèque nationale de France,Ms. Fr. 640,not open (non-commercial only),Gallica: non-commercial reuse free with credit; commercial reuse needs a paid licence; edition text CC BY-NC-SA 4.0,"Given to the King's Library, 1662",n/a,Manuscript,—,Link only; quote the edition briefly with credit,F1.28a,Case 1,fact-check 3 Oct 2026,
F1.29-O01,object,open,"Sericulture (The Process of Making Silk), attributed to Liang Kai",early 1200s,Cleveland Museum of Art,1977.5,CC0,API CC0; Southern Song,"Cheng Qi (?–1977), sold to Cleveland",n/a,Painting,Earlier owners not recorded,Show,F1.29,Case 2,fact-check 3 Oct 2026,
F1.29-O02,object,open,"Plaque, Igun Eronmwon members",1500s–1600s,Cleveland Museum of Art,1999.1,CC0,API CC0,Taken in 1897 (see F1.24); in Cleveland 1999,pass-caveat,Spec: passes the 1970 test; taken by British forces in 1897,Chain runs through the 1897 assault,Show with content note on the 1897 assault,F1.29,Concept (testimony),fact-check 3 Oct 2026,
F1.29-O03,object,open,Rice fanner basket made in Senegal,2010,National Museum of African American History and Culture,2014.96.2,Public domain (CC0),"""This media is in the public domain""; marked CC0; rights ""No Known Copyright Restrictions""",Gift of Stephanie Abbott,n/a,Modern,"Maker ""Unidentified""",Show with content note,F1.29,Case 3,fact-check 3 Oct 2026,
F1.29-O04,object,link-out,"Votive panel, Dandan-Uiliq (princess with silkworm cocoons)",6th or 7th–8th century,British Museum,"1907,1111.73",not checked as open,Linked out per spec,"Removed by Stein's expedition, 1900–01; museum 1907",pass-caveat,Removed by Stein's expedition before 1970; colonial context,—,Link out with origin and content note,F1.29,Case 2,spec v3,
F1.29-O05,object,link-out,"Gullah Fanner Basket, Lynette Youson",2002,Smithsonian American Art Museum,2011.47.76,"""Usage conditions apply""",Not open,not recorded,n/a,Modern,—,Link out,F1.29,Case 3,spec v3,
F1.29-O06,object,link-out,"Fanner basket, Sue Middleton",not recorded,National Museum of African American History and Culture,2007.5.1ab,"""No Known Copyright Restrictions""",Not on our licence list,not recorded,n/a,Modern,—,Link out,F1.29,Case 3,spec v3,
F1.30-O01,object,open,Astrolabe of 'Umar ibn Yusuf ibn 'Umar ibn 'Ali ibn Rasul al-Muzaffari,dated 690 AH/1291 CE (record 1290–1292),The Met,91.1.535a–h,Public domain,API isPublicDomain true; made in Yemen,"Edward C. Moore bequest, 1891",n/a,Signed instrument,—,Show; marks close up,F1.30,Case (a),fact-check 3 Oct 2026,444408
F1.30-O02,object,open,"Planispheric Astrolabe, Muhammad Zaman al-Munajjim al-Asturlabi",dated 1065 AH/1654–55 CE,The Met,63.166a–j,Public domain,API isPublicDomain true; Mashhad (attributed),"Harris Brisbane Dick Fund, 1963",n/a,Signed instrument,History before 1963 not on the API,Show,F1.30,Case (a),fact-check 3 Oct 2026,451699
F1.30-O03,object,open,"Wine Cup with Children at Play, Chenghua mark and period",1465–87,Cleveland Museum of Art,1957.61,CC0,"API CC0; inscription ""Da Ming Chenghua nian zhi""","Men-Chu Wang, Beijing (""probably Palace Collection""); Frank Caro; museum 1957",n/a,Decorative,—,Show; mark close up,F1.30,Case (b),fact-check 3 Oct 2026,
F1.30-O04,object,open,"Pair of Bowls with Xiwangmu and Attendants, Kangxi reign, Chenghua mark",1662–1722,Cleveland Museum of Art,1964.218,CC0,"API CC0; ""Kangxi reign (1662-1722), but Chenghua mark""","William Bahr, Montréal; Frank Caro; Millikin gift 1964",n/a,Decorative,—,Show; mark close up,F1.30,Case (b),fact-check 3 Oct 2026,
F1.30-O05,object,link-out,"Front Face of a Stela, El Perú (Waka')",692,Cleveland Museum of Art,1967.29,CC0,API CC0; image not shown (AR-043),"John A. Stokes, Jr., New York, 1967; to the museum 1967",enquiry,"Bought 1967, before 1970, but how it left Guatemala is not recorded; reported looted",Export from Guatemala not recorded,Link out only; text and content note; hold display until checked,F1.30,Long Count station,fact-check 3 Oct 2026,
F1.30-O06,object,link-out,"Winter count, Long Soldier",1798–1902,National Museum of the American Indian,11/6720,"not open (image ""Usage Conditions Apply"")","Record images restricted; metadata CC0. Maker recorded as Long Soldier, Oglala Lakota; count ""probably Hunkpapa Lakota (attributed)""","M. Katherine or Walter P. Squires, Standing Rock, c. 1900; bought by MAI 1923 with Thea Heye funds",n/a,Not archaeological,—,Link out; Cultural note; reproduce none,F1.30,Winter-count station,fact-check 3 Oct 2026,
F1.30-O07,object,link-out,Dresden Codex,not recorded in this pass,SLUB Dresden,Mscr.Dresd.R.310,not verified,"SLUB terms: out-of-copyright objects generally Public Domain Mark 1.0, stated per object; item page blocked by a bot check",not recorded,n/a,Manuscript,—,Link out until the item licence is read,F1.30,Long Count station (TXT116),spec v3,
F1.30a-O01,object,open,Fragment from the Tocapu Waistband of a Tunic (Uncu),1550-1625,Art Institute of Chicago,1924.460,Public domain,"API is_public_domain true (id 12830); description CC BY 4.0, other data CC0","Sumner Healey Antiques, New York, by 1923; sold to AIC 1924",pass,In the museum from 1924,Findspot not recorded; no funerary context given,Show with Cultural note and tocapu content note,F1.30a,Case B,fact-check 3 Oct 2026,
F1.30a-O02,object,open,Fragment from the Shoulder of a Tunic (Uncu),1550-1625,Art Institute of Chicago,1924.459,Public domain,API is_public_domain true (id 12829),"Sumner Healey Antiques, New York, by 1923; sold to AIC 1924",pass,Same 1924 purchase as 1924.460,Findspot not recorded,Show with Cultural note,F1.30a,Case B,fact-check 3 Oct 2026,
F1.30a-O03,object,open,"Qur'an Manuscript Folio, kufic on parchment",800s,Cleveland Museum of Art,1993.39,CC0,"API CC0; ""North Africa, Aghlabid or Abbasid""",Oliver Hoare Ltd to 1993,n/a,Manuscript leaf,Nothing earlier than 1993 stated,Show whole (scripture rule),F1.30a,Case A,fact-check 3 Oct 2026,
F1.30a-O04,object,open,"Double-Sided Leaf from a Qur'an, on paper",1100s,Cleveland Museum of Art,1939.507,CC0,API CC0; Seljuk Iran,Heeramaneck Galleries to 1939,n/a,Manuscript leaf,Parent manuscript not recorded,Show whole (scripture rule),F1.30a,Case A,fact-check 3 Oct 2026,
F1.30a-O05,object,open,"Sarong, North Coast Java, hand-drawn batik",mid-1800s,Cleveland Museum of Art,1917.26,CC0,API CC0,"Gift of Mrs James J. Tracy, 1917",n/a,Decorative,"Makers not recorded (a region, not a workshop)",Show,F1.30a,Case C,fact-check 3 Oct 2026,
F1.30a-O06,object,link-out,Sogdian Ancient Letter 2,313–314 (IDP); 312 or 313 (Smithsonian),British Library (IDP),Or.8212/95,"rights ""being updated"" (IDP)",Not open,"Found by Aurel Stein, 1907, west of Dunhuang",pass-caveat,Removed by Stein's expedition before 1970; colonial context,—,Link out,F1.30a,Case A reveal,spec v3,
F1.31-O01,object,open,"Jar, white porcelain, Joseon",1700s,Cleveland Museum of Art,1983.28,CC0,API CC0,Hauge collection to 1983,n/a,Decorative,—,Show beside both outside readings,F1.31,Case A,fact-check 3 Oct 2026,
F1.31-O02,object,open,"Ikat tiraz, inscribed for a Zaydi imam, San'a'",960–80,Cleveland Museum of Art,1950.353,CC0,"API CC0; ""Yemen, San'a', Zaydi Imam period""",In the museum from 1950,pass,In the museum from 1950,Find context not stated,Neighbour node only,F1.31,Case D (neighbour),fact-check 3 Oct 2026,
F1.31-O03,object,link-out,"Stamp seal: hunters and goats, Dilmun",ca. 2000–1750 BCE,The Met,1987.96.22,Public domain (spec v3),API failed twice on 3 Oct 2026; not rechecked,Gift 1987; no provenance published,enquiry,No provenance published (AR-046),Findspot and route not recorded,Link out only,F1.31,Case D (deep-time edge),spec v3,327300
F1.31-O04,object,link-out,"Vessel, Bahrain (ancient Dilmun)",3000–2000 BCE,The Met,1993.503.2,Public domain,"API isPublicDomain true; ""Bahrain (ancient Dilmun)""","Gift of Danny Hirsch-Kauffmann Jokl and Ruth Margaret H. Kauffmann, 1993; no provenance published",enquiry,No provenance published (AR-046),Findspot and route not recorded,Link out only,F1.31,Case D (deep-time edge),fact-check 3 Oct 2026,327494
F1.31-O05,object,link-out,"Lorimer, Gazetteer of the Persian Gulf, Oman and Central Arabia","1908, 1915",British Library (Qatar Digital Library),IOR/L/PS/20/C91/4,Open Government Licence (spec v3),Not counted as open; OGL line not rechecked; used as text cards with attribution,India Office Records,n/a,Colonial record,Omits women,Text cards only,F1.31,Case D (outside record),spec v3,
F1.31-O06,object,link-out,Dry-stone masonry at Great Zimbabwe: EMKP project repository,2021 (fieldwork); 2024 (published),Endangered Material Knowledge Programme / British Museum data repository,2020SG08,CC BY-NC-SA 4.0,EMKP repository licence; not open under our rule,Recorded with National Museums and Monuments of Zimbabwe,n/a,"Documentation, not an object",—,Link out to EMKP's own pages,F1.31,Case C,fact-check 3 Oct 2026,
F1.31-O07,object,link-out,A:shiwi map art (Zuni map paintings),from 2006,A:shiwi A:wan Museum and Heritage Center,,not reproduced,Mapped places may be restricted,Made by Zuni artists for their community,n/a,Community-held,—,Link out only; do not reproduce or describe,F1.31,Case C,spec v3,
F1.5-O01,object,open,"Proto-cuneiform tablet, barley account (WS-001)","c. 3100–2900 BCE, Jemdet Nasr; ""probably from Uruk""",Met,1988.433.1,Public domain,Met API isPublicDomain: true,"Erlenmeyer collection, bought 1943 to early 1960s; Christie's 1988; Met 1988 (Raymond and Beverly Sackler Gift)",pass,In a documented private collection outside Iraq before 1970,How it left Iraq is not recorded; Iraq's 1936 law to verify,Exemplar,F1.5,Writing: walk step 1; case 3,fact-check 3 Oct 2026,329081
F1.5-O02,object,open,"Wine vessel (jue), ""Father Yi of the Chu Clan"" (WS-002)","c. 1200 BCE, Shang",Cleveland,1960.42,CC0,Cleveland share_license_status CC0,"L. Wannieck, Paris (by 1937); Bluett & Sons; Cleveland 1960",pass,In a documented collection by 1937,Findspot not recorded; before or after China's 1930 law not recorded,Exemplar; Q21 content note (Shang bronzes largely from tombs),F1.5,Writing: walk step 1; case 3,fact-check 3 Oct 2026,
F1.5-O03,object,open,Stone mason's chisel (WS-003),"ca. 2051–2000 BCE, Dynasty 11",Met,27.3.12,Public domain,Met API isPublicDomain: true,"MMA excavations 1926–27, Deir el-Bahri, Tomb MMA 101; Rogers Fund 1927",pass,Excavated 1926–27,"Division of finds with Egypt's Antiquities Service probable, not on the record",Exemplar,F1.5,Metals: walk step 5,fact-check 3 Oct 2026,544301
F1.5-O04,object,open,Chavín-style gold plaque (WS-004),c. 500–200 BCE,Cleveland,1938.431,CC0,Cleveland CC0,"Baron Walram von Schoeler, New York, ?–1938; Cleveland 1938",pass,In a museum by 1938,"Findspot ""Chongoyape(?)""; before or after Peru's 1929 law not recorded",Exemplar; Q21 note (may come from a 1920s tomb group),F1.5,Metals: walk step 5,fact-check 3 Oct 2026,
F1.5-O05,object,open,Fire-flame cooking vessel (ka'en doki) (WS-005),"c. 2500 BCE, Jōmon",Cleveland,1984.68,CC0,Cleveland CC0,"(Gallery Kapitan, Tokyo, ?–1984); Cleveland 1984",fail,First record 1984,No excavation or export record; base from a different vessel,"Case, not exemplar",F1.5,Pottery: walk step 4; case 1,fact-check 3 Oct 2026,
F1.5-O06,object,open,"Flame pot (火焔土器), Umataka site, 3D model","Middle Jōmon, about 5,000 years ago",Nagaoka Municipal Science Museum (Sketchfab model ce7aedf779a741239c664ba3d6c4448a),ce7aedf779a741239c664ba3d6c4448a,CC BY,"Sketchfab: ""CC Attribution"", published 27 March 2024 by the museum; version not shown",Found at Sekihara (Umataka site) in 1936; held in Japan; Important Cultural Property (MLIT),n/a,"Found in Japan, held there",Finder not named; Japan's export-permission rule to verify,New exemplar (3D model with text description),F1.5,Pottery: walk step 4; case 1,fact-check 3 Oct 2026,
F1.5-O07,object,open,"Fragment, block printing on cotton, fish motif (WS-006)",1200s–1300s,Cleveland,1929.845,CC0,"Cleveland CC0; catalogued ""Egypt, Mamluk sultanate (1250–1517)""","(Paul Mallon, Paris, ?–1929); Cleveland 1929",pass,In a museum by 1929,Findspot not recorded; Egypt licensed antiquities sales until 1983 (to verify),Exemplar,F1.5,Cotton and dye: walk step 7,fact-check 3 Oct 2026,
F1.5-O08,object,open,"Tunic, Wari (WS-007)",650–1000 CE,Met,2021.146,Public domain,Met API isPublicDomain: true,"Chain brackets a 1960s New York gallery step; Gift of Claudia Quentin, 2021",pass-caveat,Bracketed 1960s step,Findspot unknown,Exemplar; Cultural and content notes,F1.5,Cotton and dye: walk step 7,fact-check 3 Oct 2026,675980
F1.5-O09,object,open,"One of the ""One Million Pagodas"" (Hyakumantō) and Invocation (WS-008)",ca. 764–770,Met,30.47a–c,Public domain,Met API isPublicDomain: true,"Gift of Benjamin Strong, 1930",pass,In a museum by 1930,"Which temple it left, and how, is not recorded",Exemplar,F1.5,Printing: walk step 8; case 2,fact-check 3 Oct 2026,44955
F1.5-O10,object,open,"Goryeo metal type, character 覆 (금속활자)",Goryeo (918–1392),National Museum of Korea,덕수4462,KOGL Type 1,NMK record: 공공누리 1유형 (출처표시),Said to come from a private tomb near Gaeseong (경기도 개성부근),n/a,Held in Korea,Tomb and digging date not recorded; 덕수 prefix (former Yi Royal Household collection) to verify,New exemplar; content note,F1.5,Printing: walk step 8; case 2,fact-check 3 Oct 2026,
F1.5-O11,object,open,Hyakumantō dharani from Hōryūji (images only),c. 764–770,"National Diet Library, via Library of Congress (World Digital Library)",LoC 2021667586,To check,"LoC: ""unaware of any copyright or other restrictions"" (WDL collection); NDL's own terms not verified",,n/a,,,"Images only, after NDL terms are checked",F1.5,Printing: walk step 8,fact-check 3 Oct 2026,
F1.5-O12,object,excluded,Oracle bone,"""19th century or earlier""",Met,67.55.50,,,,n/a,,,"Excluded on date, not protocol",F1.5,Writing,spec v3,
F1.5-O13,object,excluded,Maya vase,,Cleveland,1990.181,,,,fail,,,Excluded; taught in F1.24,F1.5,Writing,spec v3,
F1.5-O14,object,link-out,"Labels from tomb U-j, Abydos",about 3320 BCE,,,,Grave goods from an elite tomb,,n/a,,,Link-out with content note,F1.5,Writing: walk step 1,spec v3,
F1.5-O15,object,link-out,Cascajal block,early 1st millennium BCE (by style),,,,Cultural note,,n/a,,,Link-out with Cultural note,F1.5,Writing: walk step 1,spec v3,
F1.5-O16,object,link-out,Inka khipu (Fiber Recording Device),c. 1400–1532,Cleveland,1940.469,CC0,Taught in F1.7; AR-001 Cultural note,"Gift of John Wise, 1940",pass,In a museum by 1940,Findspot not recorded,Link-out with AR-001 Cultural note,F1.5,Writing: walk step 3,fact-check 3 Oct 2026,
F1.5-O17,object,link-out,"Jikji (Baegun hwasang chorok buljo jikji simche yojeol, vol. II)",July 1377,,,,"UNESCO Memory of the World, 2001",,n/a,,,Link-out,F1.5,Printing: walk step 8,spec v3,
F1.5-O18,object,link-out,Gutenberg Bible,mid-1450s,Harry Ransom Center,,,,,n/a,,,Link-out,F1.5,Printing: walk step 8,spec v3,
F1.6-O01,object,open,Stone mason's chisel (WS-003),ca. 2051–2000 BCE,Met,27.3.12,Public domain,Met API isPublicDomain: true; filed under Egyptian Art,"MMA excavations 1926–27, Tomb MMA 101; Rogers Fund 1927",pass,Excavated 1926–27,None beyond the division of finds,Exemplar; content note (from a tomb),F1.6,Walk step 1,fact-check 3 Oct 2026,544301
F1.6-O02,object,open,"Oil lamp with bound prisoner, Meroitic",1st c. BCE–2nd c. CE,Walters,54.1549,CC0,"Walters: ""Creative Commons Zero""","Guilhou sale, Hôtel Drouot, Paris, 16–18 March 1905, lot 307 [""said to be found in Egypt""]; Henry Walters 1905; Walters Art Museum 1931",pass,In a documented collection by 1905,Findspot and exit not recorded,Exemplar; content note (the captive named as a person),F1.6,Walk step 3; case 2,fact-check 3 Oct 2026,
F1.6-O03,object,open,Plaque (WS-010),1500s–1600s,Cleveland,1999.1,CC0,"Cleveland CC0; ""members of the Igun Eronmwon (royal brasscasters) guild""","Commissioned from the Igun Eronmwon; by descent to Ọba Ovọnramwẹn; sent to England by Ralph Moor, 1897; British Museum to 1950; Cleveland 1999",pass,In a museum by 1897,None in the chain; taken in 1897,Exemplar; content note (1897; people sold for manillas),F1.6,Opening; walk step 6; case 1,fact-check 3 Oct 2026,
F1.6-O04,object,link-out,Ancestral commemorative head (uhunmwun-elao) (WS-011),possibly mid-1500s or early 1600s,Cleveland,1938.6,CC0,Cleveland CC0; shown by link only (AR-028),Royal palace until 1897; Fosters & Co.; probably Louis Carré and/or Charles Ratton; Cleveland 1938,pass,In a documented collection by 1897,1897 to c. 1929,"Link-out only, no image; content note",F1.6,Case 1,fact-check 3 Oct 2026,
F1.6-O05,object,open,Sea chart of the Bight of Benin (Paskaart van de Golf van Benin),1683–1799,Rijksmuseum,RP-P-1896-A-19368-3110,Public domain,"Rijksmuseum: ""Public domain""; Jan Luyken for Johannes van Keulen (I)",Purchase 1896,n/a,Print,,Exemplar; cartouche figures named as European stereotypes,F1.6,Walk step 6,fact-check 3 Oct 2026,
F1.6-O06,object,open,"Gold weight (abrammuo), geometric form (WS-012)",1800s,Cleveland,1962.244,CC0,Cleveland CC0,"Gift of Mr. and Mrs. Robert M. Hornung, 1962",n/a,,Colonial screen: exit from Ghana not recorded,Link to F1.25,F1.6,Walk step 8,fact-check 3 Oct 2026,
F1.6-O07,object,open,Ceremonial axe (gano) (WS-014),"1900s, by 1928",Cleveland,1929.364,CC0,"Cleveland CC0; ""Shona-style blacksmith-carver""","Collected 1927–28 by Paul B. Travis for the Gilpin Players; Gift of the African Art Sponsors of Karamu House, 1929",n/a,,Colonial screen: collected in Southern Rhodesia; from whom not recorded,Exemplar; content note (ritual use),F1.6,Walk step 8,fact-check 3 Oct 2026,
F1.6-O08,object,open,Throwing knife / prestige sceptre (pingha) (WS-015),1800–mid-1900s,Cleveland,2015.156,CC0,"Cleveland CC0; ""Zande-style maker""","Jacques Hautelet, La Jolla (first record 2004); Gift of Donna L. and Robert H. Jackson, 2015",n/a,,Colonial screen: gap before 2004,"Case, gap shown",F1.6,Walk step 8,fact-check 3 Oct 2026,
F1.6-O09,object,open,"Cup with geometric decoration, Meroitic (WS-016)",1st–3rd century,Met,13.125.37,Public domain,Met API isPublicDomain: true; Egyptian Art,"University of Oxford Excavations in Nubia 1911–12, Faras Cemetery 1, grave 1007; Rogers Fund 1913",pass,Excavated 1911–12,Division of finds not recorded,"Atlas, Q21; content note (burial)",F1.6,Walk step 3 (Atlas),fact-check 3 Oct 2026,552298
F1.6-O10,object,open,"Photograph, ""Drie bronzen beelden uit Benin""",1880–1940,Rijksmuseum,RP-F-00-9666,Public domain,"Rijksmuseum: ""Public domain""",,n/a,Photograph,,Step 7 visual,F1.6,Walk step 7,fact-check 3 Oct 2026,
F1.6-O11,object,held,Katanga cross,19th century,Smithsonian NMAH,1979.1263.00435,To check,"Metadata CC0; image: ""There are restrictions for re-using this image""",Credit line: Chase Manhattan Bank,n/a,,Colonial screen: gap,Reserve; not open,F1.6,Reserve,fact-check 3 Oct 2026,
F1.6-O12,object,excluded,"Head, ""Nok-culture style"" (WS-X04)",thermoluminescence date 20–620 CE,Cleveland,1995.21,CC0,Cleveland CC0,"Deletaille, Brussels (?–1995)",fail,First record before 1995 not published,Findspot destroyed by looting,Excluded; taught in F1.24,F1.6,Protocol screen,fact-check 3 Oct 2026,
F1.6-O13,object,link-out,Brass manilla from the wreck of the Douro (1843),,Amgueddfa Cymru – Museum Wales,,,"""By permission""",,n/a,,,Link-out,F1.6,Walk step 6 (claim 13),spec v3,
F1.6-O14,object,link-out,Katanga cross (NMAfA),,Smithsonian NMAfA,,,"""Usage conditions apply""",,n/a,,,Link-out,F1.6,Walk step 8,spec v3,
F1.6-O15,object,link-out,Dapper's view of Benin City,,KB (National Library of the Netherlands),,,,,n/a,,,Link-out,F1.6,Walk step 6,spec v3,
F1.6-O16,object,link-out,Igbo-Ukwu finds,,,,,Burial context named only (ARC034),,n/a,,,Link-out,F1.6,Walk step 5,spec v3,
F1.7-O01,object,open,"Mantle, Paracas (WS-050)",c. 300 BCE–200 CE,Cleveland,1946.226,CC0,Cleveland CC0,"Emery May and Raymond Henry Norweb, ?–1946; Cleveland 1946",pass,In a museum by 1946,From burial to 1946; findspot not recorded; any export after 13 June 1929 needed a permit (none recorded),Exemplar; content and Cultural notes,F1.7,Walk step 3; case 1,fact-check 3 Oct 2026,
F1.7-O02,object,open,"Tunic, Paracas (WS-051)",c. 300 BCE–200 CE,Cleveland,1946.227,CC0,Cleveland CC0,"Norwebs, ?–1946; Cleveland 1946",pass,In a museum by 1946,As WS-050,Exemplar,F1.7,Walk step 3; case 1,fact-check 3 Oct 2026,
F1.7-O03,object,open,Turban Band (Llauto) (WS-052),c. 300–100 BCE,Cleveland,1946.228,CC0,Cleveland CC0,"Norwebs, ?–1946; Cleveland 1946",pass,In a museum by 1946,As WS-050,Exemplar,F1.7,Walk step 3; case 1,fact-check 3 Oct 2026,
F1.7-O04,object,open,Inka Khipu (Fiber Recording Device) (WS-053),c. 1400–1532,Cleveland,1940.469,CC0,Cleveland CC0,"Gift of John Wise, 1940; provenance field empty",pass,In a museum by 1940,Findspot not recorded,"Exemplar, flagged; AR-001 Cultural note",F1.7,"Walk steps 1, 5; case 2",fact-check 3 Oct 2026,
F1.7-O05,object,open,"Tunic, Wari (WS-007)",650–1000 CE,Met,2021.146,Public domain,Met API isPublicDomain: true,"Gift of Claudia Quentin, 2021; chain brackets a 1960s New York gallery",pass-caveat,Bracketed 1960s step,Probably from a grave; findspot not recorded,Exemplar,F1.7,Walk step 4,fact-check 3 Oct 2026,675980
F1.7-O06,object,link-out,"""Uncu"" (tunic), Inca",1438–1534,Walters,2011.20.14,CC0,"Walters ""Creative Commons Zero""; image held (AR-095)","Purchased by Georgia de Havenon, New York (undated); given to the Walters, 2016",to-check,First dated link 2016,From 1534 to an undated purchase; export not recorded,Record text and link-out; ask the Walters before display,F1.7,Walk step 5,fact-check 3 Oct 2026,
F1.7-O07,object,open,Huexotzinco Codex,1531,Library of Congress,mss47662-2657,Free to use and reuse (LoC),"LoC: ""free to use and reuse"" (not reopened this pass)",Harkness gift; at LoC since 1928; called the Codex Monteleone until 1974,pass,In a library by 1928,How it left Mexico before 1928 not on the pages read,Exemplar; content and Cultural notes (AR-093),F1.7,Walk step 7,spec v3,
F1.7-O08,object,open,"Wearing Blanket, Diné (WS-054)",c. 1875–80,Cleveland,1921.556,CC0,"Cleveland CC0; ""Navajo (Diné), woman artist""","Gift of J. H. Wade, 1921",n/a,Made after 1868 for wear and sale,How it left its weaver not recorded,Exemplar; Cultural note,F1.7,Walk step 8; case 3,fact-check 3 Oct 2026,
F1.7-O09,object,open,"Fourth-Phase Chief Blanket Style Rug, Diné (WS-055)",c. 1900,Cleveland,1937.903,CC0,Cleveland CC0,"Gift of Amelia Elizabeth White, 1937",n/a,Made for the collectors' market,How it left its weaver not recorded,Exemplar; Cultural note,F1.7,Walk step 9; case 3,fact-check 3 Oct 2026,
F1.7-O10,object,link-out,"Loom with Textile (Juanita, Asdzáá Tl'ógí, presumed weaver)",by 1874,Smithsonian NMNH,E16494-0 (nmnhanthropology_8345504),To check,"Metadata CC0; image: ""There are restrictions for re-using this image""",Donor Gov. William F. Arny; accessioned 12 January 1875; came with the 1874 Navajo delegation,n/a,,,"Linked, not open",F1.7,Walk step 8; case 3,fact-check 3 Oct 2026,
F1.7-O11,object,link-out,Huaca Prieta indigo-dyed fabrics,"about 6,200–6,000 years ago",,,CC BY-NC (paper),Splitstoser et al. 2016; no figure reuse,,n/a,,,Link-out,F1.7,Walk step 2,spec v3,
F1.7-O12,object,link-out,Guaman Poma's khipu keeper (drawing),,Royal Danish Library,,To check,Site unreachable; rights not verified,,n/a,,,Link-out,F1.7,Walk step 1,spec v3,
F1.7-O13,object,excluded,Collata khipus,,Collata village authorities,,,"Sacred community patrimony; abstract linked, no image",,n/a,,,Excluded (sacred),F1.7,Walk step 1,spec v3,
F1.8-O01,object,open,Wine vessel (jue) (WS-002),c. 1200 BCE,Cleveland,1960.42,CC0,Cleveland CC0,"L. Wannieck, Paris (by 1937); Bluett & Sons; Cleveland 1960",pass,In a documented collection by 1937,Before 1937; findspot,Exemplar; Q21 note (possible grave good),F1.8,Walk step 2,fact-check 3 Oct 2026,
F1.8-O02,object,open,Tripod cauldron (ding) (WS-060),1200–1100 BCE,Cleveland,1960.288,CC0,Cleveland CC0,"Frank Caro, 1960; Gift of the John Huntington Art and Polytechnic Trust",pass,In a museum by 1960,Before Caro; findspot,Exemplar; Q21 note,F1.8,Walk step 2,fact-check 3 Oct 2026,
F1.8-O03,object,open,"One of the ""One Million Pagodas"" and Invocation (WS-008)",ca. 764–70,Met,30.47a–c,Public domain,Met API isPublicDomain: true,"Hōryūji gave 3,000 away in 1908 (Met label); Gift of Benjamin Strong, 1930",pass,In a museum by 1930,1908–1930,Exemplar,F1.8,Walk step 3,fact-check 3 Oct 2026,44955
F1.8-O04,object,link-out,Yingzao fashi plates (DOC-002),1103,Wikisource (register),,To check,Not verified (could not fetch),,n/a,,Edition,Our own drawing; link out,F1.8,Walk step 4,spec v3,
F1.8-O05,object,open,"Jar with cover, Jun ware (WS-061)",1100s,Cleveland,1957.36,CC0,"Cleveland CC0; Yuxian, Northern Song or Jin","Men-chu Wang, seller's no. 12; Cleveland 1957",pass,In a museum by 1957,All but a seller's number,Exemplar,F1.8,Walk step 5,fact-check 3 Oct 2026,
F1.8-O06,object,open,Celadon concave roof-end tile with scroll design,"Goryeo, 1100s",National Museum of Korea,증2346,KOGL Type 1,NMK record: 공공누리 1유형 (출처표시),Findspot and acquisition not on the record,n/a,Held in Korea,Findspot and acquisition not recorded,New exemplar,F1.8,Walk step 6; case 1,fact-check 3 Oct 2026,
F1.8-O07,object,open,"Vase with inlaid lotus, plum and bamboo design (WS-062)",1300s,Cleveland,1918.471,CC0,Cleveland CC0,Langdon Warner for the Worcester Warner Collection (?–1918?); John L. Severance 1918; Cleveland 1918,pass,In a museum by 1918,Findspot; seller; bought under Japanese rule; Korea's 1916 rules (registration not recorded),Exemplar; content note (probable tomb origin),F1.8,Walk step 6; case 1,fact-check 3 Oct 2026,
F1.8-O08,object,open,"Bowl with inlaid waterfowl, willow and reed design (WS-063)",1300s,Cleveland,1918.458,CC0,Cleveland CC0,Purchased by Langdon Warner in Korea; John L. Severance (?–1918); Cleveland 1918,pass,In a museum by 1918,Findspot; seller; date; bought under Japanese rule,Exemplar; content note,F1.8,Walk step 6; case 1,fact-check 3 Oct 2026,
F1.8-O09,object,open,Jar with lion-head handles (WS-020),"1300s, Yuan",Cleveland,1962.154,CC0,Cleveland CC0,J.T. Tai; Cleveland 1962,pass,In a museum by 1962,Before J.T. Tai; when it left China not recorded,Exemplar,F1.8,Walk step 7; case 2,fact-check 3 Oct 2026,
F1.8-O10,object,open,"Square bottle with flowering plants, Arita, enamelled in the Netherlands",c. 1700–c. 1724,Rijksmuseum,AK-NM-6464-A,Public domain,"Rijksmuseum: ""Public domain""","Jean Theodore Royer (1737–1807); his widow to King William I, 1814; Royal Cabinet of Curiosities 1816; Rijksmuseum 1885",pass,In a documented collection by 1807,c. 1725 to Royer,Exemplar,F1.8,Walk step 8; case 3,fact-check 3 Oct 2026,
F1.8-O11,object,open,Fire-flame cooking vessel (ka'en doki) (WS-005),c. 2500 BCE,Cleveland,1984.68,CC0,Cleveland CC0,"(Gallery Kapitan, Tokyo, ?–1984)",fail,First record 1984,Base from another vessel,Carried as a link; taught in F1.5,F1.8,Link,fact-check 3 Oct 2026,
F1.8-O12,object,held,Kraak dish,c. 1600–1624,Rijksmuseum,AK-RBK-16385,Public domain,As stated in spec; not reopened,,to-check,,,Reserve,F1.8,Reserve,spec v3,
F1.8-O13,object,held,"One of the ""One Million Pagodas"" (second)",ca. 764–70,Met,1975.268.150a–c,Public domain,As stated in spec; not reopened,,to-check,,,Reserve,F1.8,Reserve,spec v3,
F1.8-O14,object,link-out,"Dish, Goryeo (label source)",1100s–1200s,Cleveland,1921.627,CC0,Cleveland CC0; label quoted (claim 10),"Dr. A. I. Ludlow, ?–1921; Cleveland 1921",pass,In a museum by 1921,Findspot not recorded,Label quoted; object not shown,F1.8,Walk step 6 (claim 10),fact-check 3 Oct 2026,
F1.9-O01,object,open,"Fragment, block printing on cotton, fish motif (WS-006)",1200s–1300s,Cleveland,1929.845,CC0,"Cleveland CC0; ""Egypt, Mamluk sultanate (1250–1517)""","(Paul Mallon, Paris, ?–1929); Cleveland 1929",pass,In a museum by 1929,Findspot not recorded; nothing before Mallon,Exemplar; content note (Fustat finds near graves),F1.9,Opening; walk step 1,fact-check 3 Oct 2026,
F1.9-O02,object,open,"Textile fragment, made in Gujarat, found near Fustat",13th–14th century,Met,30.112.32,Public domain,Met API isPublicDomain: true,"Purchase, V. Everit Macy Gift, 1930",pass,In a museum by 1930,"Who dug it, and whether near a grave",Exemplar,F1.9,Opening; walk step 1,fact-check 3 Oct 2026,448526
F1.9-O03,object,open,"Hamzanama folio, ""Misbah the Grocer Brings the Spy Parran to his House""",ca. 1570,Met,24.48.1,Public domain,Met API isPublicDomain: true; attributed to Dasavanta and Mithra,"Rogers Fund, 1924; provenance tab not read",n/a,Painting,Route from Akbar's library to New York not in the record,Exemplar,F1.9,Walk step 4,fact-check 3 Oct 2026,447752
F1.9-O04,object,open,"Nataraja, Shiva as the Lord of Dance (WS-070)",1000s,Cleveland,1930.331,CC0,Cleveland CC0,"C. T. Loo, sold to Cleveland 1930",pass,In a museum by 1930,Temple and removal not recorded; export law in 1930 not verified,Exemplar; content note,F1.9,Walk step 5,fact-check 3 Oct 2026,
F1.9-O05,object,open,Shiva and Parvati (WS-071),c. 1020–40,Cleveland,1961.94,CC0,Cleveland CC0,"(William H. Wolff, New York, ?–1961); Cleveland 1961",pass,In a museum by 1961,Nothing before Wolff,Exemplar; content note,F1.9,Walk step 5,fact-check 3 Oct 2026,
F1.9-O06,object,open,Patolu with Elephant Design (resolves WS-073),late 18th century,Met,2012.164,Public domain,Met API isPublicDomain: true,"Purchase, Friends of Asian Art Gifts, 2012; provenance tab not read",n/a,Trade textile,Chain before 2012 not read,Exemplar; Cultural note,F1.9,Walk step 6,fact-check 3 Oct 2026,77871
F1.9-O07,object,open,Chintz with Garlands and Bouquets,c. 1775,Rijksmuseum,BK-1980-126,Public domain,"Rijksmuseum: ""Public domain""; Coromandel Coast, anonymous",Purchase 1980,n/a,,Nothing before 1980 shown,Exemplar,F1.9,Walk step 7,fact-check 3 Oct 2026,
F1.9-O08,object,open,"Kain panjang (long sarong), batik on cotton",19th century,Cooper Hewitt,1961-115-27,Public domain,"Cooper Hewitt: ""This image is in the public domain""","Gift of Alan L. Wolfe, 1961",n/a,,Colonial screen: made under Dutch rule; town and maker not recorded,Exemplar; Cultural note,F1.9,Walk step 9,fact-check 3 Oct 2026,
F1.9-O09,object,open,"Sari-length textile, jamdani muslin",19th–early 20th century,Met,2019.452.4,Public domain,"Met API isPublicDomain: true; Dacca, Bangladesh","Gift of Yukikazu and Kimiko Iwasa, 2019",n/a,,Colonial screen: Dacca under British rule; yarn source not recorded,Exemplar,F1.9,Walk step 9,fact-check 3 Oct 2026,810838
F1.9-O10,object,held,Act of 1721 (7 Geo. I c. 7) against printed calicoes,1721,Wellcome Collection,,To check,"Page CC BY 4.0 ""except where otherwise noted""; scan in ECCO, reuse not verified",,n/a,Document,,Title set in our own type,F1.9,Walk step 7,spec v3,
F1.9-O11,object,link-out,"Patola, royal heirloom (Sumba or nearby)",18th century,Freer Gallery (NMAA),F2025.1.2,To check,"""Usage Conditions Apply""","Salesman in Bali, 2018; given 2025",to-check,First record 2018,Before 2018,Link-out; a case,F1.9,Walk step 6,spec v3,
F1.9-O12,object,link-out,Bichitr painting,,Freer Gallery (NMAA),F1942.15a,To check,Restricted,Taken to Tehran after Nadir Shah's 1739 invasion (record),n/a,,,Link-out,F1.9,Walk step 4,spec v3,
F1.9-O13,object,excluded,Patola,,Met,2009.174,,isPublicDomain: false,,n/a,,,Checked and not used,F1.9,Walk step 6,spec v3,
F1.9-O14,object,link-out,Indus seal (resolves WS-074),,Met,49.40.1,,Taught on the Indus Valley grouping page,,n/a,,,Link to the Indus page,F1.9,Linked,spec v3,
F1.9-O15,object,excluded,Sripuranthan Nataraja,,"Sripuranthan temple (returned to India, 5 September 2014)",,,Consecrated temple image; no image shown; NGA statement linked,NGA bought 2008 from Art of the Past; handed to India 2014,n/a,,Its place today not verified,"Named, no image; Cultural note",F1.9,Walk step 5,spec v3,
F1.9a-O01,object,open,Cuneiform tablet: barley and emmer account (WS-090),"ca. 3100–2900 BCE, Jemdet Nasr",Met,1988.433.2,Public domain,"Met API isPublicDomain: true; ""probably from Uruk""","Erlenmeyer collection, 1943–early 1960s; Met 1988",pass,In a documented private collection outside Iraq before 1970,How it left Iraq not recorded,Exemplar,F1.9a,Opening; Lab,fact-check 3 Oct 2026,327384
F1.9a-O02,object,open,"Record of temple workers, Umma",ca. 2094–2047 BCE (year 37 of Shulgi),Walters,48.1767,CC0,"Walters ""Creative Commons Zero""",Dikran Kelekian; Henry Walters 1912; Walters Art Museum 1931,pass,In a documented collection by 1912,Before Kelekian; Ottoman law not verified,"Exemplar; ""workers listed for rations""",F1.9a,Lab; walk step 2,fact-check 3 Oct 2026,
F1.9a-O03,object,open,"Protoliterate tablet, land transfer",ca. 3100–2900 BCE,Walters,41.219,CC0,"Walters ""Creative Commons Zero""",Henry Walters by 1909; Sadie Jones 1931; Joseph Brummer 1941; Walters Art Museum 1941 (purchase),pass,In a documented collection by 1909,Findspot not recorded,Exemplar (Lab),F1.9a,Lab,fact-check 3 Oct 2026,
F1.9a-O04,object,open,Cuneiform tablet: private letter concerning consignment of textiles,ca. 20th–19th century BCE,Met,66.245.11,Public domain,"Met API isPublicDomain: true; ""probably from Kültepe (Karum Kanesh)""","Gift of Mr. and Mrs. J. J. Klejman, 1966",pass,In a museum by 1966,Before 1966 not recorded,Exemplar,F1.9a,Lab; walk step 4,fact-check 3 Oct 2026,325852
F1.9a-O05,object,open,Kneeling bull holding a spouted vessel,ca. 3100–2900 BCE,Met,66.173,Public domain,Met API isPublicDomain: true; southwestern Iran,"Purchase, Joseph Pulitzer Bequest, 1966",pass,In a museum by 1966,Everything before 1966 not recorded,Case; content note (AR-054),F1.9a,Walk step 5,fact-check 3 Oct 2026,329074
F1.9a-O06,object,open,"Cuneiform tablet impressed with seals, Achaemenid Elamite",ca. 500 BCE,Met,36.30.62,Public domain,Met API isPublicDomain: true; Qasr-i Abu Nasr,Met excavation 1935; ceded in the division of finds; Rogers Fund 1936,pass,Excavated 1935; partage 1936,Findspot origin; legal export by partage,Exemplar,F1.9a,Lab; case 2,fact-check 3 Oct 2026,323243
F1.9a-O07,object,open,Master of Animals cheekpiece (WS-092),c. 700 BCE,Cleveland,1961.33,CC0,Cleveland CC0; Luristan,"Two owners named, undated; Purchase from the J. H. Wade Fund, 1961",pass,In a museum by 1961,No findspot; findspots destroyed by digging for sale,Exemplar; content note,F1.9a,Walk step 7,fact-check 3 Oct 2026,
F1.9a-O08,object,open,Glass jug signed by Ennion (replaces WS-095),1st half of 1st century CE,Met,17.194.226,Public domain,Met API isPublicDomain: true; artist Ennion,"Gift of J. Pierpont Morgan, 1917",pass,In a museum by 1917,Findspot not recorded,Exemplar,F1.9a,Case 3; walk step 8,fact-check 3 Oct 2026,249470
F1.9a-O09,object,open,"Amphoriskos (small amphora), mould-blown (WS-093)",50–100 CE,Cleveland,1919.12,CC0,Cleveland CC0,"""Whiting; Azeez Khayat(?)""; General Income Fund, 1919",pass,In a museum by 1919,Not recorded,Exemplar,F1.9a,Walk step 8,fact-check 3 Oct 2026,
F1.9a-O10,object,excluded,Glass with two Greek inscriptions (old WS-095),,Met,17.194.225,Public domain,Record names no maker,,n/a,,,Replaced by 17.194.226,F1.9a,Walk step 8,spec v3,
F1.9a-O11,object,held,Object held for F1.31 (Gulf),ca. early 2nd millennium BCE,Met,1987.96.22,Public domain,No published provenance,,to-check,,No published provenance,Held (F1.31),F1.9a,Held,spec v3,
F1.9a-O12,object,held,Object held for F1.31 (Gulf),,Met,1993.503.2,Public domain,No published provenance,,to-check,,No published provenance,Held (F1.31),F1.9a,Held,spec v3,
F1.9a-O13,object,link-out,Letter from Nanni to Ea-nasir,c. 1750 BCE,British Museum,131236 (W_1953-0411-71),To check,Not open under our rule,Excavated by Woolley at Ur; Division of Finds from the Department of Antiquities of Iraq,pass,Excavated; division of finds,,Link-out,F1.9a,Case 1,spec v3,
F1.9a-O14,object,link-out,Ra's al-Jinz bitumen slab,,National Museum of Oman,,To check,"""All Rights Reserved""",,n/a,,,Link-out,F1.9a,Case 1,spec v3,
F1.9a-O15,object,link-out,"""Magan boat"" (reconstruction)",,National Museum of Oman,,To check,"""All Rights Reserved""",,n/a,,,Link-out,F1.9a,Case 1,spec v3,
F1.9a-O16,object,link-out,"Inscribed bronze weight, Dhofar",1st century,Smithsonian NMAA,S2013.2.382,To check,"""Usage conditions apply""",,n/a,,,Link-out,F1.9a,Walk step 9,spec v3,
F1.9a-O17,object,link-out,South Arabian palm-stalk documents (Munich),early 1st millennium BCE–6th century CE,Bayerische Staatsbibliothek,,To check,Rights not stated; ICOM Red List category (AR-053),Most found by local people at Nashshān in the 1970s,n/a,,How each left Yemen not recorded,"Link-out only, no image; content note",F1.9a,Walk step 9,spec v3,
F1.10-O01,object,open,Large cover with four trees of life (WS-043),4th–5th century,The Met,90.5.902,Public domain,"isPublicDomain: true (API, 3 Oct 2026)","Sold by Emil Brugsch of the antiquities service (provenance pass, 28 Sep 2026); gift of George F. Baker, 1890",pass,In the Met by 1890,Findspot not recorded; may come from a burial; export law not verified,Exemplar; content note (AR-057),F1.10,Case 1; walk step 1,fact-check 3 Oct 2026,444375
F1.10-O02,object,open,Fragment of a tiraz,Early 10th century,Walters Art Museum,83.543,CC0,Walters: Creative Commons Zero (3 Oct 2026),"Maurice Nahman, Cairo and Paris (date and mode unknown); Henry Walters, 1928, by purchase; Walters, 1931, by bequest",pass,With Henry Walters by 1928,"Before Nahman; place of discovery recorded only as Iran, site not recorded; export law not verified","Exemplar; content note (AR-057, fact fixed)",F1.10,Case 1; walk step 1,fact-check 3 Oct 2026,
F1.10-O03,object,open,"Book on Logic, with Beshir Agha's waqf seal",918 AH/1512; seal 1130 AH/1717,Walters Art Museum,W.591,CC0,Walters: Creative Commons Zero (3 Oct 2026),"Izzat; 'Abd al-Qadir; Muhammad Amin, inspector of awqaf (bequest entry for Bashir Agha); al-Hajj Bashir Agha, 1717, by bequest (ex libris 1745); Henry Walters (date and mode unknown); Walters, 1931, by bequest",pass,"Manuscript, not excavated; Walters by 1931",How it left the waqf library after 1745 not recorded,Exemplar; content note on Beshir Agha (AR-056),F1.10,Case 2; walk step 4,fact-check 3 Oct 2026,
F1.10-O04,object,open,"""Kairo, Mosquée Sultan Hassan"", photochrom",ca. 1890–1910,Library of Congress,2017657142,No known restrictions on publication,"LoC rights advisory (JSON, 3 Oct 2026)","Photoglob Co., publisher; bought from Marc Walter, 2015",n/a,Commercial print,Printed under British occupation; colonial line (AR-060),Exemplar; colonial line,F1.10,Walk step 3,fact-check 3 Oct 2026,
F1.10-O05,object,open,Footed bowl (WS-021),late 1100s–early 1200s,Cleveland Museum of Art,1915.581,CC0,share_license_status CC0 (3 Oct 2026),"D.G. Kelekian, New York, sold to H.W. Kent for the museum (?–1915); Cleveland 1915",pass,In Cleveland by 1915,Before Kelekian; findspot not recorded; Iranian law not verified,Exemplar,F1.10; F1.13,Walk step 7 (also F1.13 case 1),fact-check 3 Oct 2026,
F1.10-O06,object,open,"Mosque lamp, Iznik (WS-040)",1585–95,Cleveland Museum of Art,1944.236,CC0,share_license_status CC0 (3 Oct 2026),"Heeramaneck Galleries, New York (?–1944); Cleveland 1944",pass,In Cleveland by 1944,"Which building it hung in, and before Heeramaneck, not recorded",Exemplar; content note (AR-058),F1.10,Walk step 5,fact-check 3 Oct 2026,
F1.10-O07,object,open,Large dish with artichokes (WS-041),c. 1535–40,Cleveland Museum of Art,1995.17,CC0,share_license_status CC0 (3 Oct 2026),"Sulzbach; Stora; Scarisbrick (undated); Oliver Hoare Ltd, London (?–1995); Cleveland 1995",enquiry,Earlier owners undated,Owners' dates not recorded,Provisional exemplar,F1.10,Walk step 5,fact-check 3 Oct 2026,
F1.10-O08,object,open,"Mosque lamp, Paris (WS-045)",late 1800s,Cleveland Museum of Art,1981.10,CC0,share_license_status CC0 (3 Oct 2026),"Philippe-Joseph Brocard, Paris; Georges Demotte; Ispenian; Spink & Son (?–1981); Cleveland 1981",n/a,"European work, late 1800s",Chain after Brocard undated,"Exemplar; ""possibly by Brocard""",F1.10,Case 3; walk step 8,fact-check 3 Oct 2026,
F1.10-O09,object,open,Bottle naming Muhammad ibn Qala'un (WS-044),c. 1900,Cleveland Museum of Art,1944.488,CC0,share_license_status CC0 (3 Oct 2026),Hagop Kevorkian (?–1944); Cleveland 1944,n/a,"European work, c. 1900",Before Kevorkian not recorded,Exemplar,F1.10,Case 3; walk step 8,fact-check 3 Oct 2026,
F1.10-O10,object,link-out,Accounts of Avraham Ibn Yiju's workshop (DOC-001),"1132–39, 1145–49",Cambridge University Library,Or.1080 J95,Not open (fair use and fair dealing only),Princeton Geniza page quoting Cambridge's terms (3 Oct 2026); Cambridge's own page not opened,"From the Ben Ezra genizah, Fustat; how it left is not on the page",n/a,Document,How it left the genizah not recorded,Link-out,F1.10,Walk step 6,fact-check 3 Oct 2026,
F1.10-O11,object,held,Ceremonial spittoon or basin,late 1800s,Cleveland Museum of Art,1944.235,CC0,share_license_status CC0 (3 Oct 2026),Not read,n/a,"European work, late 1800s",Not read,Named in claim 20 only,F1.10,Claim 20,fact-check 3 Oct 2026,
F1.10-O12,object,link-out,Mosque lamp tested as Mamluk,13th–14th century (Salvant et al.),Brooklyn Museum,21.484,Not checked,Rights not checked,Not read,n/a,Not checked,Foot a later addition,Link-out only,F1.10,Case 3; walk step 8,spec v3,
F1.10-O13,object,excluded,Mosque lamp (WS-042),—,Cleveland Museum of Art,2004.70,CC0,As spec v3,First record 2004; no building named,fail,First record 2004,All before 2004,Dropped; offered to F1.24 as a case,F1.10,—,spec v3,
F1.10-O14,object,excluded,Qur'an leaf with a waqf note,—,Cleveland Museum of Art,2013.102,CC0,As spec v3,First record a 2006 sale,fail,First record 2006,—,Excluded: sacred text,F1.10,—,spec v3,
F1.11-O01,object,open,"Black-figure amphora, Bateman Group (WS-080)",c. 530–520 BCE,Cleveland Museum of Art,1927.433,CC0,share_license_status CC0 (3 Oct 2026),"Bateman Collection, London; C. Fongoli, Florence; G. Egidi, Florence, sold to Cleveland (?–1927)",pass,In Cleveland by 1927,Findspot not recorded; dealers undated; Italian export law in 1927 not verified,Exemplar; content note (AR-063),F1.11,Walk step 2,fact-check 3 Oct 2026,
F1.11-O02,object,open,"Lekythos, women working wool (Amasis Painter)",ca. 550–530 BCE,The Met,31.11.10,Public domain,"isPublicDomain: true (API, 3 Oct 2026)","Fletcher Fund, 1931",pass,In the Met by 1931,Findspot and chain before 1931 not recorded,Exemplar; content note (AR-063),F1.11,Walk step 2,fact-check 3 Oct 2026,253348
F1.11-O03,object,open,"Neck-amphora, Painter of Berlin 1899 (WS-081)",515–510 BCE,Cleveland Museum of Art,1970.16,CC0,share_license_status CC0 (3 Oct 2026),"Cleveland, 1970– only; accessioned 9 March 1970",pass-caveat,Accessioned 9 March 1970; no earlier owner,No owner before 1970 recorded,Lab case; content note (AR-063),F1.11,Walk step 2; Lab,fact-check 3 Oct 2026,
F1.11-O04,object,open,Terra sigillata bowl stamped VILIS (Utilis of Lyon; resolves WS-082),10 BCE–10 CE,Museum Het Valkhof,PDB.1998.2.KH.295.126,Public domain,"""Rechtenvrij (publiek domein)"" via Europeana; holder's page not reached","Excavated, Kops Plateau, Nijmegen",pass,Excavated in the Netherlands; never exported,Excavation year not given,Exemplar; content note (AR-064),F1.11,Walk step 3,fact-check 3 Oct 2026,
F1.11-O05,object,open,"The Sampling Officials of the Amsterdam Drapers' Guild (""The Syndics"")",1662,Rijksmuseum (City of Amsterdam loan),SK-C-6,Public domain,Rijksmuseum: public domain (3 Oct 2026),Commissioned by the guild; on loan from the City of Amsterdam since 15 August 1808,n/a,Painting,Chain unbroken from the guild,Exemplar,F1.11,Walk steps 1 and 7,fact-check 3 Oct 2026,
F1.11-O06,object,open,"Papiermaker (Het Menselyk Bedryf, no. 60)",1694,Rijksmuseum,RP-P-OB-44.516,Public domain,Rijksmuseum: public domain (3 Oct 2026),Not recorded on the page as fetched,n/a,Print,Acquisition date not recorded,Exemplar,F1.11,Walk step 6,fact-check 3 Oct 2026,
F1.11-O07,object,open,"Boekdrukker (Het Menselyk Bedryf, no. 61)",1694,Rijksmuseum,RP-P-OB-44.517,Public domain,As spec v3; not re-opened,Not read,n/a,Print,Acquisition date not recorded,Exemplar,F1.11,Walk step 6,spec v3,
F1.11-O08,object,open,"Writing cabinet, Johann Philipp Raab's masterpiece",1764,Badisches Landesmuseum Karlsruhe,64/87,CC0 1.0,Deutsche Digitale Bibliothek: CC0 1.0 (3 Oct 2026); holder's own catalogue not reached,"Made as Raab's master's piece, Mainz; route to Karlsruhe not recorded",n/a,"Furniture, not archaeological",Route to Karlsruhe not recorded,Exemplar,F1.11,Walk step 7,fact-check 3 Oct 2026,
F1.11-O09,object,open,Ordynacya Rzemieślnicza lub ułożenie porządkow rzemieślniczych dla Pruss Zachodnich,24 January 1774,Elbląska Biblioteka Cyfrowa,publication 6298,Public domain,"""Domena publiczna"" (3 Oct 2026)",Printed by Johann Jacob Kanter,n/a,Printed ordinance,Annexation context (1772 date unverified at a primary source; AR-065),Exemplar; annexation line held,F1.11,Walk step 8,fact-check 3 Oct 2026,
F1.11-O10,object,open,"Portland Vase, Wedgwood copy (WS-085)",c. 1790,Cleveland Museum of Art,1918.823,CC0,share_license_status CC0 (3 Oct 2026),Not re-read,n/a,Modern manufacture,Before 1918 not recorded,Exemplar,F1.11,Walk step 8,fact-check 3 Oct 2026,
F1.11-O11,object,open,Règlemens sur les arts et métiers de Paris (Depping edition; DOC-004),1837,Internet Archive,rglemenssurles00boiluoft,Public domain,"""NOT_IN_COPYRIGHT"" (spec v3; not re-opened)",—,n/a,Printed edition,—,Text card,F1.11,Walk step 5,spec v3,
F1.11-O12,object,held,Le livre du préfet (Nicole),1894,Internet Archive,lelivreduprfet00nico,To confirm,No rights field; public domain by age to confirm,—,n/a,Printed edition,—,Hold until rights confirmed,F1.11,Walk step 4,spec v3,
F1.11-O13,object,link-out,"Livre des métiers, BnF manuscripts",14th–15th century,Bibliothèque nationale de France,—,No Copyright – Other Known Legal Restrictions,Not open under our rule,—,n/a,Manuscript,—,Link-out,F1.11,Walk step 5,spec v3,
F1.11-O14,object,link-out,"Livre des métiers, Lespinasse and Bonnardot edition (BSB, ÖNB copies)",1879,Bayerische Staatsbibliothek; Österreichische Nationalbibliothek,—,No Copyright – Non-Commercial Use Only,Not open under our rule,—,n/a,Printed edition,—,Link-out,F1.11,Walk step 5,spec v3,
F1.11-O15,object,link-out,"Book of the Eparch, manuscript",14th century,Bibliothèque de Genève,Ms. gr. 23,Not checked,—,—,n/a,Manuscript,—,Link-out,F1.11,Walk step 4,spec v3,
F1.11-O16,object,held,"Carpenter's master certificate, Waldshut",1860,Württembergische Landesbibliothek,Ans.fol.14-2,Public Domain Mark (Europeana),WLB page blocked our fetcher,—,n/a,Document,—,Reserve; Apply example,F1.11,Apply,spec v3,
F1.11-O17,object,held,Delft and related wares carried to F1.14 (WS-083),—,Cleveland Museum of Art,1969.254,CC0,Rechecked in spec v3,—,n/a,—,—,Linked; taught in F1.14,F1.11; F1.14,Link to F1.14,spec v3,
F1.11-O18,object,held,Delft and related wares carried to F1.14 (WS-084),—,Cleveland Museum of Art,1986.31,CC0,Rechecked in spec v3,—,n/a,—,—,Linked; taught in F1.14,F1.11; F1.14,Link to F1.14,spec v3,
F1.12-O01,object,open,"Potsherds, Lapita, Wuatam (Watom) Island (fills WS-032)",c. 2850–1850 years ago (holder),Museums Victoria,X 32087,CC BY 4.0,"Record CC BY 4.0, no image; article image ""Wuatam (Watom) Island Pottery"", Dermot A Casey: Public Domain (3 Oct 2026)","Excavated by Father Otto Meyer, c. 1908 (item) or 1909 (article), near Rakival; War Museum Collection; loan from the Australian War Museum since 1925 (spec v3; not on the item record as fetched)",pass,In Australia by 1925,1909–1925: how the sherds left German New Guinea not recorded; burial origin not recorded; 1909 export law not determined,Exemplar (image content to confirm); cultural note (AR-073),F1.12,Walk step 5; case 2,fact-check 3 Oct 2026,
F1.12-O02,object,open,"H'eaute (aute, paper mulberry) specimen",Collected 2018–2019 (spec v3),Te Papa,SP074689 (number not confirmed on page),CC BY 4.0,"Te Papa page: CC BY 4.0 (3 Oct 2026); number, collector and place not shown as fetched",Collected by Lin-bo Luo (spec v3),n/a,Botanical specimen,—,"Exemplar, credited ""Te Papa""",F1.12,Walk step 6,fact-check 3 Oct 2026,
F1.12-O03,object,link-out,"Canoe splashboard, Trobriand Islands",1800s,Cleveland Museum of Art,1966.130,CC0,share_license_status CC0 (3 Oct 2026),"Sotheby's, 15 November 1965, lot 86; Cleveland 1966",n/a,Not archaeological; first record 1965,1800s to 1965 not recorded; how it left Kiriwina not recorded; export law not verified,"Link-out only, no image (AR-071)",F1.12,Walk step 6,fact-check 3 Oct 2026,
F1.12-O04,object,link-out,"Ground-edge axe fragment, Carpenter's Gap 1 (WS-030)","44,000–49,000 years",Not verified (excavated material),—,None; image rights to request,—,Excavated early 1990s; identified 2014,pass,Excavation record,Holder not verified; never exported,Case; link-out,F1.12,Walk steps 1–2,spec v3,
F1.12-O05,object,held,"Navigation chart, Marshall Islands (WS-031)",19th–early 20th century,The Met,1978.412.826,Not public domain (28 Sep 2026),Not rechecked; Met search returns 410 and no object ID is recorded,—,n/a,—,—,Case; not rechecked,F1.12,Walk step 7,spec v3,
F1.12-O06,object,link-out,"Illustration of stick chart, Marshall Islands (Ethel Richardson)","c1920 (record; but published in JPS vol. IV, p. 237)",Te Papa,MU000049/008/0003,No Known Copyright Restrictions (not in our open list),Te Papa page (3 Oct 2026),—,n/a,Drawing,Date conflict: JPS vol. IV is the 1895 volume,Link-out,F1.12,Walk step 7,fact-check 3 Oct 2026,
F1.12-O07,object,link-out,"Navigational stick chart, Caroline Islands",2016,Te Papa,FE013561,All Rights Reserved,Te Papa page (3 Oct 2026): copyright holder being sought,"Co-collection, 2016",n/a,Living practice,—,Link-out; living practice,F1.12,Walk step 7,fact-check 3 Oct 2026,
F1.12-O08,object,held,Masi (WS-033),late 19th–early 20th century,The Met,1977.395.3,Not public domain (28 Sep 2026),Not rechecked; no object ID recorded,—,n/a,—,—,Case; not rechecked,F1.12,Walk step 6,spec v3,
F1.12-O09,object,link-out,Masi (tapa cloth),Given 1887,Te Papa,FE000280,CC BY-NC-ND 4.0 (not open),Te Papa page (3 Oct 2026),"Gift of Mr R.L. Holmes, 1887",colonial-gap,Given in colonial Fiji,How it left its makers not recorded,Link-out,F1.12,Walk step 6,fact-check 3 Oct 2026,
F1.12-O10,object,excluded,"""Kangaroo"", Western Arnhem Land",1900s,Cleveland Museum of Art,1982.113,CC0,As spec v3,—,n/a,—,No artist named; Country given only as a region,Screened out; needs a Bininj reader,F1.12,—,spec v3,
F1.12-O11,object,link-out,"George Augustus Robinson's 1841 journal drawings (weirs, eel baskets)",1841,State Library of New South Wales (Mitchell Collection),—,Not verified,Catalogue returned HTTP 405,—,n/a,Manuscript,—,"Weirs and baskets linked, not reproduced; drawings of people not shown",F1.12,Walk step 4,spec v3,
F1.12a-O01,object,open,"Horse, gilt bronze (replaces WS-104)",202 BCE–220 CE,Cleveland Museum of Art,1958.79,CC0,share_license_status CC0 (3 Oct 2026),"Leonard C. Hanna Jr., bequest (?–1958); Cleveland 1958",pass,"Bequest, 1958","Before Hanna; findspot not recorded; China's 1930 law and 1935 export rules, exit not recorded",Exemplar; content note (AR-078),F1.12a,Case 1; walk step 5,fact-check 3 Oct 2026,
F1.12a-O02,object,open,Paard van verguld brons (gilt bronze horse),"Late Eastern Zhou (481–222 BC); date field ""-0500""",Rijksmuseum,AK-MAK-285,CC0 1.0,Rijksmuseum: CC0 1.0 (3 Oct 2026),"Dr R. Flaes to the Vereniging van Vrienden der Aziatische Kunst, 1953; on loan from 1972",pass,"Gift, 1953",Before Flaes; findspot not recorded,Exemplar; content note (AR-078),F1.12a,Case 1; walk step 5,fact-check 3 Oct 2026,
F1.12a-O03,object,open,"Plaque, wolf and deer",c. 200–100 BCE (unverified),Rijksmuseum,AK-MAK-1330,CC0 (unverified),The cited URL opens AK-MAK-1329; 1330's own record not found (3 Oct 2026),"Dealer Aalderink, Amsterdam, 1981, with AK-MAK-1329 (from 1329's record)",fail,"Dealer, 1981",All before 1981,Lab case; content note (AR-078),F1.12a,Lab,spec v3,
F1.12a-O04,object,held,Ordos belt applique with two ibex (companion of AK-MAK-1330),200–100 BCE,Rijksmuseum,AK-MAK-1329,CC0 1.0,Rijksmuseum: public domain (3 Oct 2026),"From the dealer Aalderink, Amsterdam, with AK-MAK-1330, to the VVAK, 1981; on loan 1981",fail,"Dealer, 1981",All before 1981,Not used; found through the wrong URL in claim 12,F1.12a,—,fact-check 3 Oct 2026,
F1.12a-O05,object,open,Roundels with hunters (WS-102),800s,Cleveland Museum of Art,1959.124,CC0,share_license_status CC0 (3 Oct 2026),"Mrs. Paul (Marguerite) Mallon, Paris, sold to the Textile Art Alliance for gift (?–1959); Cleveland 1959",pass,By 1959,"Found sewn on a tunic in a grave in Egypt; who opened it, and when, not recorded; Egyptian law not checked",Exemplar; content note (AR-078),F1.12a,Case 2; walk step 7,fact-check 3 Oct 2026,
F1.12a-O06,object,open,Child's coat with ducks in pearl medallions (WS-101),700s,Cleveland Museum of Art,1996.2.1,CC0,share_license_status CC0 (3 Oct 2026),"Sara Tremayne, Ltd., London (?–1996); Cleveland 1996",fail,First record 1996,All before 1996; findspot not recorded,Case; content note (AR-078),F1.12a,Case 2; walk step 7,fact-check 3 Oct 2026,
F1.12a-O07,object,open,Night-Shining White (Han Gan),ca. 750,The Met,1977.78,Public domain,"isPublicDomain: true (API, 3 Oct 2026)","Seal chain on the scroll; Purchase, The Dillon Fund Gift, 1977",n/a,Painting with seal chain,"Owners after the last seal, to 1977",Exemplar,F1.12a,Case 3; walk step 8,fact-check 3 Oct 2026,39901
F1.12a-O08,object,open,"Promysly u kirgiz. Prigotovlenie koshm (felt panels), Turkestan Album",1865–1872,Library of Congress,LC-DIG-ppmsca-15092 (item 2007681438),No known restrictions on publication,"LoC rights advisory (JSON, 3 Oct 2026); US-only question with the rights lead","Turkestan Album, part 3, pl. 44, no. 206",n/a,Photograph,Photographer not named; felt-makers' names and consent not recorded,Exemplar; cultural note (AR-076),F1.12a,Walk step 9,fact-check 3 Oct 2026,
F1.12a-O09,object,link-out,Pazyryk carpet (WS-100),4th–3rd or 5th–4th century BCE (argued),State Hermitage Museum,"— (inventory ""1687-93"" unverified)",Not open,Hermitage record unreachable,"Excavated by Rudenko from barrow 5, 1947–49",pass,Excavated 1947–49,—,Named only; link out,F1.12a,Walk step 6,spec v3,
F1.12a-O10,object,excluded,Sintashta chariot burial (WS-103),c. 2050–1750 BCE,Excavation records,—,Not open,—,—,n/a,Burial,—,Named only; our drawing,F1.12a,Walk step 3,spec v3,
F1.12a-O11,object,excluded,"Wool trousers, Yanghai tombs M21 and M157",13th–10th century BCE,Not recorded,—,Not open,—,From burials,n/a,Burial,—,Named only (burials),F1.12a,Walk step 4,spec v3,
F1.12a-O12,object,held,Wild horses (spare),—,Cleveland Museum of Art,1962.155,CC0,As spec v3,No provenance; 1962,fail,No provenance before 1962,All before 1962,Spare,F1.12a,—,spec v3,
F1.12a-O13,object,held,Pole top (spare),—,Cleveland Museum of Art,1962.46,CC0,As spec v3,Heeramaneck to 1962,enquiry,Dealer to 1962,Before Heeramaneck,Spare,F1.12a,—,spec v3,
F1.13-O01,object,open,Jar with lion-head handles (WS-020),1300s,Cleveland Museum of Art,1962.154,CC0,share_license_status CC0 (3 Oct 2026),"J.T. Tai and Co., New York (?–1962); Cleveland 1962",pass,In Cleveland by 1962,Before J.T. Tai; China's 1930 law and 1935 export rules; exit not recorded,Exemplar,F1.13,Opening; case 1; walk step 1,fact-check 3 Oct 2026,
F1.13-O02,object,open,Dish with two birds in a water landscape (Kraak),c. 1600–1625,Rijksmuseum,AK-RBK-16385,CC0 1.0,Rijksmuseum: CC0 1.0 (3 Oct 2026),Acquisition not shown,n/a,Export ware,Acquisition not shown,Exemplar,F1.13,Case 1 coda; walk step 7,fact-check 3 Oct 2026,
F1.13-O03,object,open,"Basin, ""Master Potter A"" (WS-022)",ca. 1650,The Met,12.3.1,Public domain,"isPublicDomain: true (API, 3 Oct 2026)","Gift of Mrs. Robert W. de Forest, 1912",n/a,Signed modern-era work,1650–1912 not recorded; Mexican law not verified,Exemplar,F1.13,Case 2; walk step 6,fact-check 3 Oct 2026,674
F1.13-O04,object,open,The life of Omar ben Saeed (Omar ibn Said's autobiography),1831,Library of Congress,2018371864,Public domain,"""in the public domain and are free to use and reuse"" (collection rights page, 3 Oct 2026)","Written in North Carolina, 1831; Theodore Dwight (former owner); Henry Cotheal; Lamine Kebe; purchased from Sotheby's London, 30 June 2017",n/a,Manuscript,1831–2017 not shown; UK export for the 2017 sale not verified,Exemplar; content note (AR-081); title page not shown in the walk,F1.13,Case 3; walk step 8,fact-check 3 Oct 2026,
F1.13-O05,object,held,Printed cotton (WS-006),1200s–1300s,Cleveland Museum of Art,1929.845,CC0,As spec v3,—,pass,1929,—,Linked; taught in F1.9,F1.13; F1.9,Link,spec v3,
F1.13-O06,object,held,Benin plaque (WS-010),1500s–1600s,Cleveland Museum of Art,1999.1,CC0,As spec v3,"Taken in the British assault on Benin City, 1897",colonial-gap,Taken 1897,—,Linked; taught in F1.6 and F1.24,F1.13; F1.6; F1.24,Link,spec v3,
F1.13-O07,object,link-out,Catalan Atlas (AS-003),1375,Bibliothèque nationale de France,Espagnol 30,Public-domain work; Gallica charges for commercial reuse,Not open under our rule (SRC055); Gallica terms not read this pass,In the French royal library from the late 14th century,n/a,Manuscript,—,Link out,F1.13,Walk step 5,fact-check 3 Oct 2026,
F1.13-O08,object,excluded,Belitung cargo (WS-X05),9th century,Asian Civilisations Museum,—,Not checked,—,Commercial salvage from 1998; sold 2005,n/a,Commercial salvage,—,Excluded; Indian Ocean page,F1.13,—,spec v3,
F1.13-O09,object,link-out,Manilla,—,Smithsonian NMAH,NU.79.112.OC19,Rights unclear,—,—,n/a,—,—,"Linked, not open",F1.13,Walk step 8,spec v3,
F1.13-O10,object,link-out,Manilla,—,Royal Museums Greenwich,ZBA2961,No open licence,—,—,n/a,—,—,"Linked, not open",F1.13,Walk step 8,spec v3,
F1.17-O01,object,open,Tea caddy (Paul de Lamerie),1741–42,Cleveland Museum of Art,1943.179,CC0,share_license_status CC0 (3 Oct 2026); no inscriptions recorded,Mrs. Thomas S. (Emilie Schmidt) Grasselli (?–1943); Cleveland 1943,n/a,Signed decorative silver,Owners before Grasselli not recorded,"Exemplar; marks read from the image, logged ""read by us""",F1.17,Case 1; chain step 2,fact-check 3 Oct 2026,
F1.17-O02,object,open,Pear-shaped teapot with the arms of the Dutch Republic and the VOC monogram,1728,Rijksmuseum,AK-NM-2611,CC0 1.0,Rijksmuseum: CC0 1.0 (3 Oct 2026),Not read,n/a,Export ware,"Order, payer and acquisition not recorded; lid missing",Exemplar,F1.17,Case 2; chain step 3,fact-check 3 Oct 2026,
F1.17-O03,object,open,"Veranda Post (Òpó Ògògá), Olowe of Ise",1910–14,Art Institute of Chicago,1984.550,Public domain,"is_public_domain: true (API, 3 Oct 2026)","Commissioned by Onijagbo Obasoro Alowolodu, Ogoga of Ikere (r. 1890–1928); in the palace until at least 1964; Marvin Chasin; Gaston T. de Havenon (about 1970–84); AIC 1984",colonial-gap,Made in the Colony and Protectorate of Nigeria; left the palace after 1964,"Who sold it, and on whose authority, not recorded; Nigeria's controls 1964–70 not verified",Exemplar; cultural note (AR-087),F1.17,Chain step 1,fact-check 3 Oct 2026,
F1.17-O04,object,open,"Volunteer civilian defense (Welch), Federal Art Project poster",1941–43,Library of Congress,98518971,No known restrictions on publication,"LoC rights advisory (JSON, 3 Oct 2026)",Work Projects Administration Poster Collection,n/a,Federal print,—,Exemplar,F1.17,Chain step 5,fact-check 3 Oct 2026,
F1.17-O05,object,open,Joseph Marie Jacquard (woven portrait),1839,The Met,31.124,Public domain,"isPublicDomain: true (API, 3 Oct 2026)","Bequest of William G. Jenkins, 1931",n/a,Signed modern manufacture,—,One card; taught in F1.19,F1.17; F1.19,Chain step 4,fact-check 3 Oct 2026,222531
F1.17-O06,object,open,"Tornabuoni contract, Latin text (Davies, Appendix VI)","1 September 1485 (contract); edition 1908, 2nd ed. 1909",Internet Archive; Warburg Institute scan,ghirlandaio00daviuoft,Public domain,"Internet Archive: ""NOT_IN_COPYRIGHT"" (3 Oct 2026)","Rogiti di Ser Jacopo di Martino, filza 1481–1487",n/a,Printed edition of a notarial act,—,Text card with our gloss,F1.17,Opening; form 13,fact-check 3 Oct 2026,
F1.17-O07,object,link-out,Tornabuoni chapel frescoes,1485–1490,"Santa Maria Novella, Florence",—,Not checked,—,In situ,n/a,In situ,—,Link-out,F1.17,Opening,spec v3,
F1.17-O08,object,link-out,Adoration of the Magi (Innocenti altarpiece),1485–1488,"Museo degli Innocenti, Florence",—,Not checked,—,In situ collection,n/a,Painting,—,Link-out,F1.17,Concept,spec v3,
F1.17-O09,object,link-out,Stele of Hammurabi's laws,c. 1754 BCE,Louvre,—,Not checked,—,—,n/a,—,—,Link-out,F1.17,Concept,spec v3,
