id,name,other_names,kind,family,world,sub_regions,start,end,date_note,making_significance,materials_techniques,object_types,functions,defined_by,leaves_out,sensitivity,free_sources,tier,units,confidence,notes
PRA001,Barkcloth making in Uganda,olubugo; lubugo,living-practice,People,F1.6,AF-SWA,,,"Practice ancient among the Baganda; proclaimed 2005, inscribed 2008","Baganda craftspeople strip mutuba (Ficus natalensis) bark and beat it into cloth for royal dress, burial and ceremony.",Ficus natalensis bark; mallets; steaming; beating,barkcloth; shrouds; royal garments,clothing and adornment;ritual and belief,UNESCO ICH list (2008; proclaimed 2005); Baganda barkcloth makers,,living-community;funerary,UNESCO ICH lists (link out; per-item photo licence); Wikimedia Commons; community-published site,R2,F1.18;F1.29,high,
PRA002,Kente weaving,kente; kete; nwentoma,living-practice,People,F1.6,AF-GUI,1700,,Asante tradition dates silk kente to the 17th–18th century; Ewe weaving older by some accounts,Asante and Ewe weavers make narrow strips on the treadle loom and sew them into patterned cloths whose designs carry names and proverbs.,narrow treadle loom; cotton; silk; rayon; strip sewing,kente cloth; stoles,clothing and adornment;rule and display,"Asante (Bonwire) and Ewe (Agotime, Kpetoe) weavers; UNESCO ICH list (2024)",,living-community,Met Open Access (CC0); Wikimedia Commons; community-published site,R1,F1.18;F1.14,high,"Inscribed 2024 as ""Craftsmanship of traditional woven textile Kente"" (Ghana, Representative List). Printed kente copies made abroad are an F1.14 case."
PRA003,Aso oke weaving,aso oke; aṣọ òkè,living-practice,People,F1.6,AF-GUI,,,Documented from the 19th century; older,"Yoruba weavers make narrow-strip cloth (sanyan, alaari, etu) for ceremonies and matching group dress (aso ebi).",narrow treadle loom; cotton; silk; lurex,aso oke wrappers; gele; agbada cloth,clothing and adornment;rule and display,"Yoruba weavers (Iseyin, Oyo, Lagos)",,living-community,Met Open Access (CC0); British Museum collection online (link out); Wikimedia Commons; community-published site,R2,F1.18,high,
PRA004,Bogolanfini making,bogolan; mud cloth,living-practice,People,F1.6,AF-SAH,,,Old practice; revived and recast by artists (Groupe Bogolan Kasobané) from the 1970s,Bamana women dye cotton in leaf decoction and paint fermented iron-rich mud to fix dark patterns that encode protection and status.,handwoven cotton strips; n'gallama leaf dye; fermented mud; soap bleaching,bogolan cloth; hunters' shirts,clothing and adornment;ritual and belief,Bamana women dyers (Mali),,living-community,Met Open Access (CC0); Wikimedia Commons; community-published site,R2,F1.18;F1.20,high,"Industrial ""mud cloth"" prints are a copying case."
PRA005,Adire making,adire eleko; adire oniko,living-practice,People,F1.6,AF-GUI,1850,,Adire on imported shirting from the late 19th century,"Yoruba women resist-dye cotton in indigo using cassava-starch paste, raffia ties and stitches.",indigo; cassava-starch resist; tie and stitch resist; stencils,adire cloth; wrappers,clothing and adornment,"Yoruba women dyers (Abeokuta, Ibadan, Osogbo)",,living-community,Met Open Access (CC0); British Museum collection online (link out); Wikimedia Commons; community-published site,R2,F1.18,high,
PRA006,Kuba raffia textile making,Kuba cloth; Shoowa velvet,living-practice,People,F1.6,AF-CEN,,,Collected from the 17th century; practice older,"Kuba men weave raffia squares and women embroider cut-pile and appliqué patterns that are worn, exchanged and buried with the dead.",raffia palm fibre; ground loom; cut-pile embroidery; appliqué,ntshak skirts; Shoowa pile cloths,clothing and adornment;exchange and value;ritual and belief,"Kuba peoples (Bushoong, Shoowa, Ngeende)",,living-community;funerary,Met Open Access (CC0); Wikimedia Commons; community-published site,R2,F1.18;F1.20,high,Kuba designs influenced European modernists (F1.20).
PRA007,Great Zimbabwe dry-stone masonry,mortarless granite walling,living-practice,People,F1.6,AF-SOU,1100,,Great Zimbabwe walls c. 11th–15th century; living masons maintain the tradition,"Shona masons split granite by heating and lay coursed walls without mortar, a skill still used in conservation.",granite; exfoliation; coursing; mortarless walling,enclosure walls; platforms; chevron and chequer patterns,shelter;rule and display,Shona masons; site conservators,,living-community,British Museum EMKP (CC BY-NC-SA; project 2020SG08 repository); Wikimedia Commons; community-published site,R2,F1.28a;F1.29,medium,"Checked: EMKP funded ""Documenting Knowledge, Skills, and Practices of Dry-Stone Masonry at Great Zimbabwe"" (project 2020SG08, PI Munyaradzi Elton Sagiya, 2021–22, with NMMZ masons)."
PRA008,Ethiopian parchment manuscript making,brana,living-practice,People,F1.6,AF-HRN,,,Ge'ez manuscript culture from the Aksumite period; living scriptoria,"Scribes and parchment makers prepare goatskin, mix plant and mineral inks and bind codices for the Ethiopian Orthodox Church.",goatskin parchment; plant and mineral inks; reed pens; wooden boards,codices; magic scrolls (ketab); gospel books,record and writing;ritual and belief,Ethiopian Orthodox scribes and church schools,,living-community;sacred,Wikimedia Commons; community-published site,R2,F1.28,medium,"Local term ""brana"" needs checking."
PRA009,Zellige tilework,zellij; zellige,living-practice,People,F1.6;F1.10,AF-MAG,1300,,Marinid-period Fez c. 14th century,Craftsmen cut glazed tiles by hand into small pieces and set them face-down into geometric panels.,glazed terracotta; hand chiselling; mortar setting,wall panels; fountains; floors,shelter;rule and display,Fez and Meknes maâlems,,living-community,Wikimedia Commons; community-published site,R2,F1.15,medium,UNESCO status not confirmed; check before citing.
PRA010,Leather tanning in Fez,Chouara tannery,living-practice,People,F1.6;F1.10,AF-MAG,,,Tanneries in continuous use since at least the medieval period,"Fez tanners treat hides in stone vats of lime, pigeon dung and plant dyes for slippers, bags and bookbinding.",lime; pigeon dung; plant dyes; stone vats,babouches; leather bags; bindings,clothing and adornment;tools,Fez tanners,,living-community,Wikimedia Commons,R3,F1.23;F1.22,medium,Hazardous labour and pollution (F1.22–F1.23).
PRA011,"Argan, practices and know-how concerning the argan tree",argan oil making,living-practice,People,F1.6,AF-MAG,,,Long-standing; inscribed 2014,Amazigh women crack argan nuts between stones and grind the kernels to make oil for food and care.,argan kernels; stone cracking; hand-quern grinding,argan oil; amlou,food and storage;care and access,UNESCO ICH list (2014),,living-community,UNESCO ICH lists (link out; per-item photo licence); Wikimedia Commons,R3,F1.18;F1.23,high,Cooperatives and global cosmetics demand.
PRA012,"Knowledge, know-how and practices pertaining to the production and consumption of couscous",couscous,living-practice,People,F1.6;F1.10,AF-MAG,,,"Inscribed 2020 (Algeria, Mauritania, Morocco, Tunisia)","Women roll semolina into grains by hand and steam them in a couscoussier, with tools and vessels made for the purpose.",semolina rolling; sieves; couscoussier steaming,couscous; couscoussier; gasâa bowls,food and storage,UNESCO ICH list (2020),,living-community,UNESCO ICH lists (link out; per-item photo licence); Wikimedia Commons,R3,F1.18,high,"Official title: ""Knowledge, know-how and practices pertaining to the production and consumption of couscous""."
PRA013,Handmade weaving in Upper Egypt (Sa'eed),farka; kilim weaving,living-practice,People,F1.6,AF-EGY,,,"Inscribed 2020, Urgent Safeguarding","Upper Egyptian weavers make cloth on hand looms from cotton, wool and silk for dress and furnishing.",hand looms; cotton; wool; silk,farka cloth; shawls; kilims,clothing and adornment;shelter,"UNESCO ICH list (2020, Urgent Safeguarding)",,living-community,UNESCO ICH lists (link out; per-item photo licence); Wikimedia Commons,R3,F1.18,medium,
PRA014,Tuareg silversmithing,Agadez cross making,living-practice,People,F1.6,AF-SAH,,,Documented from the 19th century; older,"Inaden (smiths) cast and engrave silver jewellery, including regional crosses, and work leather and wood.",lost-wax casting; engraving; silver,Agadez cross (tanaghilt); bracelets; saddle fittings,clothing and adornment;tools,"Tuareg inaden (Agadez, Niger)",,living-community,Wikimedia Commons; community-published site,R2,F1.21,medium,Inaden are a hereditary artisan group; status and caste need careful wording.
PRA015,Zulu beadwork,ucu; beadwork,living-practice,People,F1.6,AF-SOU,1800,,Glass-bead work from the 19th century,Zulu women string glass beads into garments and panels whose colours and patterns send messages of courtship and belonging.,glass seed beads; thread; stringing,love letters (ucu); aprons; headbands,clothing and adornment;record and writing,Zulu beadworkers (KwaZulu-Natal),,living-community,Met Open Access (CC0); Wikimedia Commons; community-published site,R2,F1.18,high,
PRA016,Ndebele wall painting and beadwork,litema; Ndebele painting,living-practice,People,F1.6,AF-SOU,1900,,Wall painting widespread from the 1940s; beadwork older,Ndzundza Ndebele women paint house walls in geometric designs and make beaded aprons and neck rings.,earth pigments; commercial paints; glass beads,painted homesteads; beaded aprons; neck rings,shelter;clothing and adornment,Ndzundza Ndebele women,,living-community,Wikimedia Commons; community-published site,R2,F1.18;F1.20,high,Esther Mahlangu is a named maker.
PRA017,Replastering of the Great Mosque of Djenné,crépissage,living-practice,People,F1.6;F1.10,AF-SAH,1907,,Present building 1907; annual festival practice ongoing,The Djenné community mixes and applies fresh mud plaster to the mosque each year under the masons' guild.,banco mud; rice husk; shea butter; palm-wood scaffolding beams,mosque render,shelter;ritual and belief,Djenné community and barey ton (masons' guild),,living-community,Wikimedia Commons; community-published site,R1,F1.22a;F1.29,high,Djenné is a World Heritage site; the practice itself is not a UNESCO ICH element as far as known.
PRA018,Krobo powder-glass bead making,Krobo beads,living-practice,People,F1.6,AF-GUI,,,Documented from the early 20th century; older,"Krobo bead makers crush recycled glass, fill clay moulds and fire them to make beads worn at dipo and other rites.",recycled glass powder; clay moulds; kiln firing,powder-glass beads,clothing and adornment;ritual and belief,Krobo bead makers (Ghana),,living-community,Wikimedia Commons; community-published site,R2,F1.22a,medium,
PRA019,Benin brass casting,Igun Eronmwon bronze casting,living-practice,People,F1.6,AF-GUI,1300,,Guild tradition from at least the 15th century per Benin history,The Igun Eronmwon guild casts brass by lost wax for the Oba's court and for sale today.,lost-wax casting; leaded brass; clay cores,commemorative heads; plaques; altar figures,rule and display;ritual and belief,"Igun Eronmwon guild, Benin City",,living-community;conflict-looting,Wikimedia Commons; community-published site,R1,F1.24;F1.17,low,"Links to Benin plaques (looted 1897); start date is approximate. Under review 3 Oct 2026: ""at least the 15th century"" against MKR001's oral-history founding in the 13th–14th c.; reconcile."
PRA020,Adinkra cloth printing,adinkra,living-practice,People,F1.6,AF-GUI,1800,,Documented from the early 19th century,Asante printers stamp symbols with carved calabash stamps and bark-based dye onto cloth worn at funerals and occasions.,calabash stamps; badie bark dye; cotton,adinkra cloth,clothing and adornment;ritual and belief;record and writing,Asante printers (Ntonso),,living-community;funerary,Wikimedia Commons; community-published site,R2,F1.18;F1.2,high,Adinkra symbols widely reused in branding (F1.2).
PRA021,Malagasy silk weaving,lamba akotifahana weaving,living-practice,People,F1.6,AF-MAD,,,Documented from the 18th–19th century,"Merina and other weavers spin landibe wild silk and weave lamba cloths, including burial cloths.",landibe wild silk; natural dyes; backstrap and frame looms,lamba akotifahana; lamba mena,clothing and adornment;ritual and belief,Malagasy weavers (Highlands),,living-community;funerary,Met Open Access (CC0); Wikimedia Commons; community-published site,R2,F1.18,medium,
PRA022,Woodcrafting knowledge of the Zafimaniry,Zafimaniry woodcraft,living-practice,People,F1.6,AF-MAD,,,"Proclaimed 2003, inscribed 2008",Zafimaniry carpenters build houses and make furniture with pegged joints and geometric carving that carries meaning.,hardwoods; pegged joinery; geometric carving,houses; doors; stools,shelter;rule and display,UNESCO ICH list (2008; proclaimed 2003),,living-community,UNESCO ICH lists (link out; per-item photo licence); Wikimedia Commons,R3,F1.29,high,
PRA023,Swahili dhow building,jahazi building,living-practice,People,F1.6;F1.13,AF-SWA,,,Lamu and Zanzibar yards active; tradition centuries old,Swahili shipwrights build jahazi and mashua by eye with hand tools from local timber.,mangrove and mninga timber; hand tools; caulking,jahazi; mashua; dau,transport;exchange and value,Lamu and Zanzibar shipwrights,,living-community,Wikimedia Commons; community-published site,R2,F1.13;F1.29,medium,
PRA024,Earthenware pottery-making skills in Botswana's Kgatleng District,Kgatleng pottery,living-practice,People,F1.6,AF-SOU,,,"Inscribed 2012, Urgent Safeguarding","Bakgatla women gather clay, coil, burnish and fire pots used for water, beer and ritual.",coiled clay; burnishing; open firing,water pots; beer pots,food and storage;ritual and belief,"UNESCO ICH list (2012, Urgent Safeguarding)",,living-community,UNESCO ICH lists (link out; per-item photo licence); Wikimedia Commons,R3,F1.18,high,
PRA025,"Bigwala, gourd trumpet music and dance of the Busoga Kingdom in Uganda",bigwala,living-practice,People,F1.6,AF-SWA,,,"Inscribed 2012, Urgent Safeguarding",Basoga makers cut and join gourds into tuned trumpets played at royal occasions.,gourds; joining; tuning,bigwala trumpets,play and music;rule and display,"UNESCO ICH list (2012, Urgent Safeguarding)",,living-community,UNESCO ICH lists (link out; per-item photo licence); Wikimedia Commons,R3,F1.4,high,
PRA026,Chopi Timbila,timbila,living-practice,People,F1.6,AF-SOU,,,"Proclaimed 2005, inscribed 2008",Chopi makers carve and tune wooden keys over gourd resonators for large xylophone orchestras.,mwenje wood keys; gourd resonators; tuning,timbila xylophones,play and music,UNESCO ICH list (2008; proclaimed 2005),,living-community,UNESCO ICH lists (link out; per-item photo licence); Wikimedia Commons,R3,F1.4,high,Mozambique (southern).
PRA027,Balafon practices of the Senufo,Senufo balafon,living-practice,People,F1.6,AF-SAH;AF-GUI,,,Inscribed 2011 for Mali and Burkina Faso (6.COM 13.29); extended to Côte d'Ivoire 2012 (7.COM 11.21); extended 2024 with Indonesia as 'Cultural practices and expressions linked to Balafon and Kolintang',Senufo makers build frame xylophones with gourd resonators for ceremonies and daily life.,wood keys; gourds; spider-silk membranes,balafons,play and music;ritual and belief,UNESCO ICH list (2011; extended 2012 and 2024),,living-community,UNESCO ICH lists (link out; per-item photo licence); Wikimedia Commons,R3,F1.4,high,"Official title: ""Cultural practices and expressions linked to the balafon of the Senufo communities of Mali, Burkina Faso and Côte d'Ivoire""; year to verify."
PRA028,Makishi masquerade,makishi,living-practice,People,F1.6,AF-CEN;AF-SOU,,,"Proclaimed 2005, inscribed 2008",Vaka Chinyama communities make bark-fibre and resin masks and costumes for boys' initiation.,bark fibre; resin; paint; netting,makishi masks and costumes,ritual and belief;play and music,UNESCO ICH list (2008; proclaimed 2005),,living-community;sacred,UNESCO ICH lists (link out; per-item photo licence); Wikimedia Commons,R3,F1.16;F1.4,high,Initiation content is restricted.
PRA029,"Ceebu jën, a culinary art of Senegal",ceebu jën,living-practice,People,F1.6,AF-SAH,,,Inscribed 2021,"Senegalese cooks prepare fish, rice and vegetables in a practice of shared making at home.",fish; broken rice; vegetables; tamarind,ceebu jën,food and storage,UNESCO ICH list (2021),,living-community,UNESCO ICH lists (link out; per-item photo licence); Wikimedia Commons,R3,F1.18,high,
PRA030,Maasai beadwork,Maasai beading,living-practice,People,F1.6,AF-SWA,,,Glass-bead work mostly 20th century,"Maasai women make beaded collars, earrings and belts whose colours signal age, status and occasion.",glass beads; wire; leather,enkarewa collars; earrings,clothing and adornment,"Maasai women (Kenya, Tanzania)",,living-community;Indigenous-community,Wikimedia Commons; community-published site,R2,F1.18;F1.2,high,Appropriation by fashion brands (F1.2).
PRA031,Makonde carving,Makonde sculpture,living-practice,People,F1.6,AF-SWA,,,Masks older; ujamaa and shetani sculpture from the mid-20th century,"Makonde carvers work ebony and softwood into masks and sculpture, including the modern ujamaa ""tree of life"".",African blackwood; carving,lipiko masks; ujamaa sculptures; shetani figures,ritual and belief;exchange and value,"Makonde carvers (Tanzania, Mozambique)",,living-community,Wikimedia Commons; community-published site,R3,F1.20,medium,
PRA032,Batakari smock weaving,fugu; batakari,living-practice,People,F1.6,AF-SAH;AF-GUI,,,Documented from the 19th century,"Weavers in northern Ghana sew narrow cotton strips into smocks worn by chiefs, hunters and, since 1957, as national dress.",narrow-strip cotton; indigo; hand sewing,fugu smocks; batakari,clothing and adornment;rule and display,"Weavers of northern Ghana (Daboya, Tamale)",,living-community,Wikimedia Commons; community-published site,R3,F1.18;F1.20,medium,
PRA033,Kora making by Mande jeli,kora craftsmanship,living-practice,People,F1.6,AF-SAH;AF-GUI,,,Documented from the 18th–19th century,"Jeli families make koras from calabash, cowhide and a hardwood neck and pass them on with the repertoire.",calabash; cowhide; hardwood; strings,koras,play and music,Mande jeli families,,living-community,Wikimedia Commons; community-published site,R3,F1.4;F1.29,medium,
PRA034,"Date palm knowledge, skills, traditions and practices",date palm crafts,living-practice,People,F1.10;F1.6,WA-ARB;AF-EGY;AF-MAG;AF-NUB;WA-MES,,,"Inscribed 2019 (multinational, incl. UAE); extended 2022","Communities tend date palms and make food, baskets, mats, ropes and roofing from their fruit and fronds.",palm fronds; plaiting; date processing,khoos baskets; mats; ropes; roofing,food and storage;shelter;tools,UNESCO ICH list (2019; extended 2022),,living-community,UNESCO ICH lists (link out; per-item photo licence); Wikimedia Commons,R2,F1.22,high,Emirati khoos (frond plaiting) and safeefah belong here.
PRA035,Diné weaving,Navajo weaving,living-practice,People,F1.7,AM-WST,1700,,Diné weaving documented from the 18th century,"Diné weavers spin, dye and weave wool on the upright loom into blankets and rugs, a practice held within family teaching.",churro wool; upright loom; natural and aniline dyes,chief blankets; Two Grey Hills rugs; Ganado rugs,clothing and adornment;shelter;exchange and value,Diné weavers,,Indigenous-community;living-community,Smithsonian Open Access (CC0); Smithsonian NMAI (link out; consult community); Wikimedia Commons; community-published site,R1,F1.18;F1.29,high,Project already holds PR-013 for this practice.
PRA036,Pueblo pottery,Acoma pottery; Santa Clara blackware,living-practice,People,F1.7,AM-WST,,,Ancestral Puebloan pottery c. 200 CE onward; living,"Pueblo potters gather clay, coil, slip, burnish and fire vessels, each Pueblo with its own forms and designs.",coiled clay; slips; yucca brushes; open firing,Acoma ollas; Santa Clara and San Ildefonso blackware; Hopi-Tewa jars,food and storage;ritual and belief;exchange and value,Pueblo potters,,Indigenous-community;living-community,Smithsonian Open Access (CC0); Met Open Access (CC0); Wikimedia Commons; community-published site,R2,F1.26;F1.29,high,Maria and Julian Martinez are named makers (F1.26).
PRA037,Haida carving,argillite and monumental carving,living-practice,People,F1.7,AM-NWC,,,Pre-contact; argillite carving from the 1820s,"Haida carvers make poles, canoes, boxes, masks and argillite sculpture using formline design.",red cedar; argillite; adze and knife; formline,totem poles; argillite panel pipes; bentwood boxes,rule and display;ritual and belief,Haida carvers (Haida Gwaii),,Indigenous-community;sacred,Wikimedia Commons; community-published site,R2,F1.26;F1.24,high,Bill Reid and Robert Davidson are named makers; many poles removed to museums.
PRA038,Inuit carving,soapstone carving,living-practice,People,F1.7,AM-ARC,,,Ivory carving ancient; soapstone art from 1948–49 through co-operatives,"Inuit carvers work stone, ivory and bone into sculpture, sold widely through Arctic co-operatives.",serpentinite; soapstone; ivory; bone,sculpture; prints (Kinngait),ritual and belief;exchange and value,Inuit carvers; West Baffin Eskimo Co-operative,,Indigenous-community;living-community,Wikimedia Commons; community-published site,R2,F1.20;F1.17,high,Co-operative and government promotion shaped the market (F1.17).
PRA039,Amauti sewing,amauti,living-practice,People,F1.7,AM-ARC,,,Ancient,"Inuit women cut and sew the amauti, a parka with a pouch that carries a child against the mother's back.",caribou hide; duffel; sinew; beadwork,amauti parkas,clothing and adornment;care and access,Inuit seamstresses,,Indigenous-community;living-community,Smithsonian Open Access (CC0); community-published site,R2,F1.18;F1.2,high,A fashion-house copy (2015) became an F1.2 case.
PRA040,Chilkat and Ravenstail weaving,naaxein,living-practice,People,F1.7,AM-NWC,,,Documented from the 18th century,Tlingit and other Northwest Coast weavers twine mountain-goat wool and cedar bark into robes with formline designs.,mountain-goat wool; cedar bark; twining,Chilkat robes; aprons; tunics,clothing and adornment;rule and display,"Tlingit, Haida and Tsimshian weavers",,Indigenous-community;sacred,Smithsonian Open Access (CC0); Wikimedia Commons; community-published site,R2,F1.18,high,
PRA041,Birchbark canoe building,wiigwaasi-jiimaan,living-practice,People,F1.7,AM-EWD,,,Pre-contact,"Anishinaabe, Wabanaki and other builders sew birchbark over a cedar frame and seal the seams with pitch.",birchbark; cedar; spruce root; pitch,birchbark canoes,transport,Anishinaabe and Wabanaki canoe builders,,Indigenous-community;living-community,Smithsonian Open Access (CC0); Wikimedia Commons; community-published site,R2,F1.29,high,
PRA042,Porcupine quillwork,quillwork,living-practice,People,F1.7,AM-WST;AM-EWD,,,Pre-contact,"Makers flatten, dye and sew porcupine quills onto hide and birchbark.",porcupine quills; hide; birchbark; plant dyes,quilled boxes; moccasins; bags,clothing and adornment;ritual and belief,Plains and Great Lakes quillworkers,,Indigenous-community;sacred,Smithsonian Open Access (CC0); Smithsonian NMAI (link out; consult community); community-published site,R2,F1.18,high,
PRA043,Métis beadwork,floral beadwork,living-practice,People,F1.7,AM-WST;AM-EWD,1800,,19th century,"Métis women sew glass beads in floral designs on hide and cloth, a style that marked Métis identity.",glass seed beads; hide; velvet,octopus bags; moccasins; jackets,clothing and adornment,Métis beadworkers,,Indigenous-community;living-community,Smithsonian Open Access (CC0); community-published site,R3,F1.18,high,
PRA044,Gullah Geechee sweetgrass basketry,sweetgrass baskets,living-practice,People,F1.7,AM-EWD,1700,,Tradition brought by enslaved West Africans from the 17th–18th century,"Gullah Geechee makers coil sweetgrass, bulrush and pine needle into baskets descended from West African rice-fanner baskets.",sweetgrass; bulrush; palmetto; coiling,fanner baskets; sewing baskets,food and storage;exchange and value,"Gullah Geechee basket makers (Mount Pleasant, SC)",,living-community;human-flow,Smithsonian Open Access (licence varies by record; CC0 only where marked); Wikimedia Commons; community-published site,R2,F1.23;F1.18,high,Origins in enslaved labour on rice plantations: show people with a content note.
PRA045,Seminole patchwork,Seminole patchwork,living-practice,People,F1.7,AM-EWD,1900,,"Early 20th century, after hand-cranked sewing machines arrived",Seminole and Miccosukee women sew strips of cloth into banded patchwork for skirts and jackets.,sewing machine; cotton strips; piecing,patchwork skirts; big shirts,clothing and adornment,Seminole and Miccosukee seamstresses,,Indigenous-community;living-community,Smithsonian Open Access (CC0); community-published site,R3,F1.18;F1.19,high,
PRA046,Artisanal talavera of Puebla and Tlaxcala and ceramics of Talavera de la Reina and El Puente del Arzobispo,talavera,living-practice,People,F1.7;F1.11,AM-LAT;EU-IBE,1550,,Inscribed 2019 (Mexico and Spain); tradition from the 16th century,"Potters throw, tin-glaze and hand-paint earthenware in a tradition carried from Spain to New Spain.",tin glaze; wheel throwing; hand painting; mineral pigments,talavera plates; tiles; albarelos,food and storage;shelter,UNESCO ICH list (2019),,living-community,UNESCO ICH lists (link out; per-item photo licence); Met Open Access (CC0); Wikimedia Commons,R2,F1.13;F1.14,high,
PRA047,Barro negro pottery of San Bartolo Coyotepec,barro negro,living-practice,People,F1.7,AM-MES;AM-LAT,,,Ancient; polished technique developed c. 1950s by Doña Rosa Real,"Zapotec potters shape local clay, burnish it and fire it in a smoke-reducing kiln to make black ware.",local clay; burnishing with quartz; reduction firing,cántaros; decorative vessels,food and storage;exchange and value,Zapotec potters of San Bartolo Coyotepec,,Indigenous-community;living-community,Wikimedia Commons; community-published site,R3,F1.26,high,
PRA048,Zapotec weaving of Teotitlán del Valle,Teotitlán rugs,living-practice,People,F1.7,AM-MES;AM-LAT,,,Wool weaving from the colonial period,Zapotec weavers dye wool with cochineal and indigo and weave tapestry rugs on treadle looms.,treadle loom; wool; cochineal; indigo,tapetes; sarapes,shelter;exchange and value,Zapotec weavers of Teotitlán del Valle,,Indigenous-community;living-community,Wikimedia Commons; community-published site,R3,F1.14,high,"Imported copies sold as ""Zapotec"" (F1.14)."
PRA049,Maya backstrap weaving,tejido de cintura,living-practice,People,F1.7,AM-MES;AM-CAM,,,Pre-Hispanic; living,"Maya women weave huipiles, cortes and tzutes on the backstrap loom with brocaded designs of their town.",backstrap loom; cotton; brocade,huipiles; tzutes; fajas,clothing and adornment,"Maya weavers (Guatemala, Chiapas)",,Indigenous-community;living-community,Smithsonian Open Access (CC0); Met Open Access (CC0); Wikimedia Commons; community-published site,R1,F1.18;F1.2,high,Weavers' movement for collective intellectual-property rights (Guatemala).
PRA050,Mola making,mola,living-practice,People,F1.7,AM-CAM,1900,,Late 19th–early 20th century,Guna women cut and stitch layered cloth in reverse appliqué to make blouse panels.,cotton layers; reverse appliqué; hand sewing,mola blouses,clothing and adornment,"Guna women (Panama, Colombia)",,Indigenous-community;living-community,Smithsonian Open Access (CC0); Wikimedia Commons; community-published site,R2,F1.18;F1.2,high,
PRA051,Taquile and its textile art,Taquile weaving,living-practice,People,F1.7,AM-AND,,,"Proclaimed 2005, inscribed 2008","Taquile men knit and women weave; belts, hats and bags record the calendar and marital status.",alpaca and sheep wool; knitting; backstrap and treadle looms,chumpi calendar belts; chullo hats,clothing and adornment;record and writing,UNESCO ICH list (2008; proclaimed 2005),,Indigenous-community;living-community,UNESCO ICH lists (link out; per-item photo licence); Wikimedia Commons,R2,F1.18;F1.30,high,
PRA052,"Knowledge, skills and rituals related to the annual renewal of the Q'eswachaka bridge",Q'eswachaka,living-practice,People,F1.7,AM-AND,,,Inscribed 2013; Inka-era bridge tradition,Quechua communities twist qoya grass into cords and rebuild a suspension bridge across the Apurímac each year.,qoya grass; twisting; braiding,rope suspension bridge,transport;ritual and belief,UNESCO ICH list (2013),,Indigenous-community;living-community,UNESCO ICH lists (link out; per-item photo licence); Wikimedia Commons,R1,F1.22a;F1.29,high,
PRA053,Andean weaving revival (Cusco),Centro de Textiles Tradicionales del Cusco,living-practice,People,F1.7,AM-AND,1996,,Centre founded 1996; weaving ancient,Quechua weavers of Chinchero and other communities revive natural dyes and warp-faced designs.,alpaca and sheep wool; natural dyes; backstrap loom,lliklla shawls; chumpi belts; ponchos,clothing and adornment,Quechua weaving communities; CTTC,,Indigenous-community;living-community,community-published site; Wikimedia Commons,R2,F1.18,medium,
PRA054,Traditional weaving of the Ecuadorian toquilla straw hat,toquilla hat weaving,living-practice,People,F1.7,AM-AND,1630,,Inscribed 2012; hat weaving from the 17th century,"Weavers in the Ecuadorian coast and Andes plait toquilla palm into fine hats later sold as ""Panama"" hats.",Carludovica palmata fibre; plaiting,toquilla hats,clothing and adornment;exchange and value,UNESCO ICH list (2012),,living-community,UNESCO ICH lists (link out; per-item photo licence); Wikimedia Commons,R2,F1.14,high,
PRA055,"Artisanal processes and plant fibre techniques for talcos, crinejas and pintas weaving of the pinta'o hat",sombrero pintao,living-practice,People,F1.7,AM-CAM,,,Inscribed 2017,Panamanian makers braid plant fibres into the pinta'o hat.,"bellota, junco, pita and chisná fibres; braiding",pinta'o hats,clothing and adornment,UNESCO ICH list (2017),,living-community,UNESCO ICH lists (link out; per-item photo licence); Wikimedia Commons,R3,F1.18,medium,Title wording to verify.
PRA056,Oral and graphic expressions of the Wajapi,Kusiwa body painting,living-practice,People,F1.7,AM-AMZ,,,"Proclaimed 2003, inscribed 2008",Wajãpi people paint bodies and objects with urucum and genipa in kusiwa designs that carry knowledge.,urucum (annatto); genipa; resin,body painting; painted objects,clothing and adornment;ritual and belief;record and writing,UNESCO ICH list (2008; proclaimed 2003),,Indigenous-community;sacred,UNESCO ICH lists (link out; per-item photo licence),R3,F1.29,high,Designs are knowledge held by the Wajãpi; do not reproduce without consent.
PRA057,Traditional knowledge and techniques associated with Pasto Varnish mopa-mopa of Putumayo and Nariño,barniz de Pasto,living-practice,People,F1.7,AM-AND;AM-LAT,,,"Inscribed 2020, Urgent Safeguarding; pre-Hispanic origins",Makers chew and stretch mopa-mopa resin into thin coloured films and apply them to wood.,mopa-mopa resin; stretching; wood,varnished boxes; keros; bowls,food and storage;exchange and value,"UNESCO ICH list (2020, Urgent Safeguarding)",,living-community,UNESCO ICH lists (link out; per-item photo licence); Wikimedia Commons,R3,F1.28a,high,"Official title: ""Traditional knowledge and techniques associated with Pasto Varnish mopa-mopa of Putumayo and Nariño""."
PRA058,Wayuu weaving,susu weaving,living-practice,People,F1.7,AM-CAR;AM-LAT,,,Long-standing; the woven bag (susu) popular in trade from the late 20th century,Wayuu women crochet bags and weave hammocks with designs (kanaas) that carry meaning.,cotton thread; crochet; loom weaving,susu bags; chinchorro hammocks,clothing and adornment;shelter;exchange and value,Wayuu women (La Guajira),,Indigenous-community;living-community,Wikimedia Commons; community-published site,R2,F1.2;F1.23,high,Fair-pay issues in export trade.
PRA059,Sombrero vueltiao making,caña flecha braiding,living-practice,People,F1.7,AM-CAM;AM-LAT,,,Zenú practice; age uncertain,Zenú makers braid caña flecha into strips and sew them into the sombrero vueltiao.,caña flecha; braiding; sewing,sombrero vueltiao,clothing and adornment,"Zenú makers (Córdoba, Sucre)",,Indigenous-community;living-community,Wikimedia Commons; community-published site,R3,F1.20,medium,Colombian cultural symbol by law (2004).
PRA060,Shipibo-Konibo kené,kené,living-practice,People,F1.7,AM-AMZ,,,Declared Peruvian Cultural Heritage of the Nation 2008,"Shipibo-Konibo women paint and embroider kené patterns on cloth, ceramics and bodies.",natural dyes; embroidery; painting,chitonti cloths; ceramics,clothing and adornment;ritual and belief,Shipibo-Konibo women,,Indigenous-community;living-community,Wikimedia Commons; community-published site,R2,F1.2,high,
PRA061,Mapuche silverwork,rütrafe,living-practice,People,F1.7,AM-AND,1700,,Flourished 18th–19th century,Mapuche smiths (rütrafe) hammer silver into chest ornaments and headpieces worn by women.,silver; hammering; chasing,trapelacucha; trarilonko,clothing and adornment;rule and display,Mapuche silversmiths,,Indigenous-community;living-community,Wikimedia Commons; community-published site,R3,F1.18,medium,
PRA062,Traditional knowledge and technologies relating to the growing and processing of the curagua,curagua,living-practice,People,F1.7,AM-AMZ,,,"Inscribed 2015 (Representative List, not Urgent Safeguarding)",Communities in Aguasay grow curagua and process it into fibre for hammocks and crafts.,curagua fibre; stripping; spinning,hammocks; bags,shelter;clothing and adornment,UNESCO ICH list (2015),,living-community,UNESCO ICH lists (link out; per-item photo licence); Wikimedia Commons,R3,F1.29,high,
PRA063,Steelpan making,pan tuning,living-practice,People,F1.7,AM-CAR,1935,,Trinidad c. 1930s–40s,"Pan makers sink, groove, temper and tune oil drums into pitched instruments.",oil drums; hammering; tempering; tuning,"tenor, guitar and bass pans",play and music,Trinidad and Tobago pan makers,,living-community,Wikimedia Commons; community-published site,R2,F1.22a;F1.4,high,
PRA064,Traditional Mexican cuisine,cocina tradicional mexicana,living-practice,People,F1.7,AM-MES;AM-LAT,,,Inscribed 2010 (Michoacán paradigm),Cooks nixtamalise maize and make food with tools such as metates and comales.,nixtamalisation; metates; comales,tortillas; tamales; moles,food and storage,UNESCO ICH list (2010),,living-community,UNESCO ICH lists (link out; per-item photo licence); Wikimedia Commons,R3,F1.18,high,"Official title: ""Traditional Mexican cuisine – ancestral, ongoing community culture, the Michoacán paradigm""."
PRA065,Joumou soup,soup joumou,living-practice,People,F1.7,AM-CAR,1804,,Tradition tied to independence 1804; inscribed 2021,Haitians cook pumpkin soup on 1 January as a making of freedom once denied to the enslaved.,pumpkin; beef; vegetables,joumou soup,food and storage;ritual and belief,UNESCO ICH list (2021),,living-community;human-flow,UNESCO ICH lists (link out; per-item photo licence); Wikimedia Commons,R3,F1.19a,high,
PRA066,Olinalá lacquer,maque,living-practice,People,F1.7,AM-MES;AM-LAT,,,Pre-Hispanic roots; colonial and modern forms,Lacquerers in Guerrero coat linaloe wood with mineral and oil layers and carve or paint through them.,linaloe wood; chia oil; mineral earths; rayado technique,lacquered chests; gourds; boxes,food and storage;exchange and value,Lacquerers of Olinalá,,living-community,Wikimedia Commons; community-published site,R3,F1.13,medium,
PRA067,Ayacucho retablo making,retablo ayacuchano,living-practice,People,F1.7,AM-AND;AM-LAT,1600,,Colonial portable altars (cajón de San Marcos); modern retablo 20th century,"Makers build wooden boxes filled with moulded plaster figures showing saints, daily life and recent history.",wood; plaster of potato and gypsum; paint,retablos,ritual and belief;record and writing,Ayacucho retablistas (e.g. López Antay family),,living-community,Wikimedia Commons; community-published site,R3,F1.19a;F1.29,medium,Retablos record the 1980–2000 conflict.
PRA068,Ofício das Paneleiras de Goiabeiras,Goiabeiras clay pots,living-practice,People,F1.7,AM-LAT,,,Registered as Brazilian national heritage 2002 (IPHAN),"Women potters of Vitória shape clay pots by hand, fire them in the open and coat them with tannin.",clay; open firing; mangrove-bark tannin,panelas de barro,food and storage,IPHAN national registry (2002); Associação das Paneleiras,,living-community,Wikimedia Commons; community-published site,R3,F1.18,medium,"National (IPHAN), not UNESCO."
PRA069,Jingdezhen porcelain making,Jingdezhen handmade porcelain,living-practice,People,F1.8,AS-CHN,1004,,Named Jingdezhen in 1004; porcelain production from the 10th century,"Jingdezhen workshops divide porcelain into many specialist steps from clay to kiln, a model of pre-industrial mass production.",kaolin; petuntse; throwing; underglaze painting; wood-fired kilns,blue-and-white; famille rose; eggshell porcelain,food and storage;exchange and value;rule and display,Chinese national ICH list; Jingdezhen potters,,living-community,Met Open Access (CC0); Cleveland Museum of Art Open Access (CC0); National Palace Museum Taipei Open Data; Wikimedia Commons,R1,F1.19;F1.23;F1.13,high,Project already holds PR-014. On China's national ICH list; not itself a UNESCO element as far as known.
PRA070,Chinese traditional architectural craftsmanship for timber-framed structures,timber-frame craftsmanship,living-practice,People,F1.8,AS-CHN,,,Inscribed 2009,Carpenters join timber frames with mortise-and-tenon and dougong brackets without nails.,timber; mortise and tenon; dougong brackets,halls; temples; houses,shelter;ritual and belief,UNESCO ICH list (2009),,living-community,UNESCO ICH lists (link out; per-item photo licence); Wikimedia Commons,R2,F1.28a,high,
PRA071,Craftsmanship of Nanjing Yunjin brocade,Yunjin,living-practice,People,F1.8,AS-CHN,,,Inscribed 2009; brocade of the Ming–Qing imperial workshops,"Two weavers work a large drawloom, one pulling the pattern harness, to weave silk brocade with gold.",drawloom; silk; gold thread,imperial robes; brocade,clothing and adornment;rule and display,UNESCO ICH list (2009),,living-community,UNESCO ICH lists (link out; per-item photo licence); Wikimedia Commons,R2,F1.18;F1.17,high,
PRA072,Traditional handicrafts of making Xuan paper,Xuan paper,living-practice,People,F1.8,AS-CHN,,,Inscribed 2009; Tang-era origins,Papermakers in Jing County make paper from wingceltis bark and rice straw for calligraphy and painting.,wingceltis bark; rice straw; screen moulds,Xuan paper,record and writing,UNESCO ICH list (2009),,living-community,UNESCO ICH lists (link out; per-item photo licence); Wikimedia Commons,R2,F1.28,high,
PRA073,Traditional firing technology of Longquan celadon,Longquan celadon,living-practice,People,F1.8,AS-CHN,,,Inscribed 2009; Song-era kilns,Potters fire green-glazed stoneware in dragon kilns at Longquan.,stoneware; celadon glaze; dragon kiln,Longquan bowls and vases,food and storage;exchange and value,UNESCO ICH list (2009),,living-community,UNESCO ICH lists (link out; per-item photo licence); Met Open Access (CC0); Wikimedia Commons,R2,F1.13,high,
PRA074,Traditional design and practices for building Chinese wooden arch bridges,woven arch bridges,living-practice,People,F1.8,AS-CHN,,,Inscribed 2009 on the Urgent Safeguarding List; transferred to the Representative List 2024,Carpenters in Fujian and Zhejiang build arch bridges of interwoven timbers.,timber; woven-arch framing,covered arch bridges,transport,UNESCO ICH list (2009 Urgent Safeguarding; Representative List from 2024),,living-community,UNESCO ICH lists (link out; per-item photo licence); Wikimedia Commons,R3,F1.28a,high,
PRA075,Sericulture and silk craftsmanship of China,sericulture,living-practice,People,F1.8,AS-CHN,,,Inscribed 2009,"Families raise silkworms, reel silk and weave, dye and embroider it.",mulberry; silkworms; reeling; weaving,silk cloth,clothing and adornment;exchange and value,UNESCO ICH list (2009),,living-community,UNESCO ICH lists (link out; per-item photo licence); Wikimedia Commons,R2,F1.18;F1.13,high,
PRA076,"Traditional Li textile techniques: spinning, dyeing, weaving and embroidering",Li textiles,living-practice,People,F1.8,AS-CHN,,,Inscribed 2009 on the Urgent Safeguarding List; transferred to the Representative List 2024,"Li women on Hainan spin, dye and weave cotton and hemp with double-sided embroidery.",cotton; hemp; ikat; backstrap loom; embroidery,tube skirts; dragon quilts,clothing and adornment,UNESCO ICH list (2009 Urgent Safeguarding; Representative List from 2024),,Indigenous-community;living-community,UNESCO ICH lists (link out; per-item photo licence); Wikimedia Commons,R3,F1.18,high,
PRA077,Watertight-bulkhead technology of Chinese junks,watertight bulkheads,living-practice,People,F1.8,AS-CHN,,,"Inscribed 2010, Urgent Safeguarding",Fujian shipwrights divide hulls into sealed compartments so a ship survives a breach.,timber; bulkheads; caulking,junks,transport,"UNESCO ICH list (2010, Urgent Safeguarding)",,living-community,UNESCO ICH lists (link out; per-item photo licence); Wikimedia Commons,R3,F1.13,high,
PRA078,Wooden movable-type printing of China,wooden movable type,living-practice,People,F1.8,AS-CHN,,,"Inscribed 2010, Urgent Safeguarding",Printers in Rui'an carve wooden type and print clan genealogies.,carved wooden type; ink; paper,genealogies (zongpu),record and writing,"UNESCO ICH list (2010, Urgent Safeguarding)",,living-community,UNESCO ICH lists (link out; per-item photo licence); Wikimedia Commons,R3,F1.5;F1.28,high,
PRA079,China engraved block printing technique,woodblock printing,living-practice,People,F1.8,AS-CHN,,,Inscribed 2009,Printers carve text and image in reverse on wooden blocks and print by rubbing.,pear or jujube wood blocks; ink; paper,books; prints,record and writing,UNESCO ICH list (2009),,living-community,UNESCO ICH lists (link out; per-item photo licence); Wikimedia Commons,R2,F1.5,high,
PRA080,Chinese paper-cut,jianzhi,living-practice,People,F1.8,AS-CHN,,,Inscribed 2009,Makers cut paper with scissors or knives into decorations for festivals and rites.,paper; scissors; knives,window flowers; festival cuts,ritual and belief;play and music,UNESCO ICH list (2009),,living-community,UNESCO ICH lists (link out; per-item photo licence); Wikimedia Commons,R3,F1.18;F1.29,high,
PRA081,Chinese calligraphy,shufa,living-practice,People,F1.8,AS-CHN,,,Inscribed 2009,Calligraphers write characters with brush and ink as an art of line.,brush; ink stick; inkstone; paper,scrolls; couplets,record and writing,UNESCO ICH list (2009),,living-community,UNESCO ICH lists (link out; per-item photo licence); National Palace Museum Taipei Open Data; Wikimedia Commons,R2,F1.28,high,
PRA082,Art of Chinese seal engraving,zhuanke,living-practice,People,F1.8,AS-CHN,,,Inscribed 2009,Engravers cut characters into stone seals whose red impressions mark works and ownership.,soapstone; knives; seal paste,seals,record and writing;rule and display,UNESCO ICH list (2009),,living-community,UNESCO ICH lists (link out; per-item photo licence); Wikimedia Commons,R3,F1.28,high,
PRA083,Traditional tea processing techniques and associated social practices in China,Chinese tea processing,living-practice,People,F1.8,AS-CHN,,,Inscribed 2022,"Tea makers pick, wither, fix, roll, ferment and dry leaves into distinct tea types.",tea leaves; pan-firing; rolling; fermentation,"green, black, oolong and dark teas",food and storage;ritual and belief,UNESCO ICH list (2022),,living-community,UNESCO ICH lists (link out; per-item photo licence); Wikimedia Commons,R3,F1.13,high,
PRA084,Regong arts,Repgong arts,living-practice,People,F1.8;F1.9,AS-HIM;AS-CHN,,,Inscribed 2009,"Tibetan and Tu artists in Repgong (Qinghai) paint thangkas, make murals and carve and mould sculpture for monasteries.",mineral pigments; cotton ground; clay; wood,thangkas; murals; sculpture; barbola,ritual and belief,UNESCO ICH list (2009),,living-community;sacred,UNESCO ICH lists (link out; per-item photo licence); Wikimedia Commons,R2,F1.16,high,
PRA085,Traditional craftsmanship of the Mongol Ger and its associated customs,Mongol ger making,living-practice,People,F1.12a,AS-CEN,,,Inscribed 2013,"Mongol craftspeople make lattice walls, roof poles, crown and felt covers for the ger.",willow and larch wood; felt; horsehair rope,ger,shelter,UNESCO ICH list (2013),,living-community,UNESCO ICH lists (link out; per-item photo licence); Wikimedia Commons,R1,F1.29;F1.22a,high,Project already holds PR-017.
PRA086,Mongol calligraphy,Mongol script calligraphy,living-practice,People,F1.12a,AS-CEN,,,"Inscribed 2013, Urgent Safeguarding",Calligraphers write the vertical Mongol script with brush and ink.,brush; ink; paper,calligraphic works; seals,record and writing,"UNESCO ICH list (2013, Urgent Safeguarding)",,living-community,UNESCO ICH lists (link out; per-item photo licence); Wikimedia Commons,R3,F1.28,high,
PRA087,Traditional technique of making Airag in Khokhuur and its associated customs,airag making,living-practice,People,F1.12a,AS-CEN,,,Inscribed 2019,Herders ferment mare's milk into airag in a cowhide vessel (khokhuur).,mare's milk; cowhide khokhuur; churning,airag,food and storage,UNESCO ICH list (2019),,living-community,UNESCO ICH lists (link out; per-item photo licence); Wikimedia Commons,R3,F1.29;F1.12a,medium,
PRA088,Weaving of Mosi (fine ramie) in the Hansan region,Hansan mosi,living-practice,People,F1.8,AS-KOR,,,Inscribed 2011,Women in Hansan split ramie with their teeth and weave very fine summer cloth.,ramie; mouth splitting; loom weaving,mosi cloth,clothing and adornment,UNESCO ICH list (2011),,living-community,UNESCO ICH lists (link out; per-item photo licence); e-museum Korea (KOGL Type 1); Wikimedia Commons,R3,F1.18;F1.23,high,
PRA089,"Daemokjang, traditional wooden architecture",daemokjang,living-practice,People,F1.8,AS-KOR,,,Inscribed 2010,"Master carpenters design and build timber palaces, temples and houses.",timber; joinery,hanok; palaces; temples,shelter;ritual and belief,UNESCO ICH list (2010),,living-community,UNESCO ICH lists (link out; per-item photo licence); e-museum Korea (KOGL Type 1); Wikimedia Commons,R2,F1.28a,high,
PRA090,"Kimjang, making and sharing kimchi in the Republic of Korea",kimjang,living-practice,People,F1.8,AS-KOR,,,Inscribed 2013,Households and neighbours make winter kimchi together and store it in onggi jars.,napa cabbage; salting; fermentation; onggi,kimchi,food and storage,UNESCO ICH list (2013),,living-community,UNESCO ICH lists (link out; per-item photo licence); Wikimedia Commons,R3,F1.18,high,
PRA091,"Knowledge, beliefs and practices related to jang making in the Republic of Korea",jang,living-practice,People,F1.8,AS-KOR,,,Inscribed 2024,Households ferment soybean blocks (meju) in onggi jars into soy sauce and pastes.,soybeans; meju; brine; onggi jars,ganjang; doenjang,food and storage,UNESCO ICH list (2024),,living-community,UNESCO ICH lists (link out; per-item photo licence); Wikimedia Commons,R3,F1.18,high,"Official title: ""Knowledge, beliefs and practices related to jang-making in the Republic of Korea""; verify year."
PRA092,Onggi making,onggi,living-practice,People,F1.8,AS-KOR,,,Long-standing; national intangible heritage in Korea,Potters coil and paddle large breathable jars and fire them in climbing kilns for fermented foods.,coiling; paddling; ash glaze; climbing kiln,onggi jars,food and storage,Korean national intangible heritage; onggi potters,,living-community,e-museum Korea (KOGL Type 1); Wikimedia Commons; community-published site,R2,F1.22a,medium,
PRA093,Hanji making,hanji,living-practice,People,F1.8,AS-KOR,,,Long-standing; national heritage,Papermakers form sheets from paper-mulberry bark with a bamboo screen swung in two directions.,paper mulberry (dak); hibiscus mucilage; screen,hanji paper,record and writing;shelter,Korean hanji makers,,living-community,e-museum Korea (KOGL Type 1); Wikimedia Commons; community-published site,R2,F1.28,medium,Nominated to UNESCO; decision due at the 21st Committee (December 2026).
PRA094,"Washi, craftsmanship of traditional Japanese hand-made paper",washi,living-practice,People,F1.8,AS-JPN,,,"Inscribed 2014 (Sekishu-Banshi, Hon-Minoshi, Hosokawa-shi; Sekishu-Banshi alone 2009); UNESCO lists file 02291 as inscribed in 2025 (20.COM); what the 2025 file added is not yet read",Papermakers form sheets from kozo fibre with tororo-aoi mucilage.,kozo; tororo-aoi; nagashizuki screen,washi,record and writing;shelter,UNESCO ICH list (2014; 2025),,living-community,UNESCO ICH lists (link out; per-item photo licence); ColBase (Japan Government Standard Terms); Wikimedia Commons,R2,F1.28,high,
PRA095,"Yuki-tsumugi, silk fabric production technique",Yuki-tsumugi,living-practice,People,F1.8,AS-JPN,,,Inscribed 2010,Weavers spin floss silk by hand and weave kasuri on backstrap looms.,floss silk; hand spinning; kasuri; backstrap loom,kimono cloth,clothing and adornment,UNESCO ICH list (2010),,living-community,UNESCO ICH lists (link out; per-item photo licence); Wikimedia Commons,R3,F1.18,high,
PRA096,"Ojiya-chijimi, Echigo-jofu: techniques of making ramie fabric in Uonuma region",Echigo-jofu,living-practice,People,F1.8,AS-JPN,,,Inscribed 2009,Weavers make ramie cloth and bleach it on snow.,ramie; backstrap loom; snow bleaching,summer kimono cloth,clothing and adornment,UNESCO ICH list (2009),,living-community,UNESCO ICH lists (link out; per-item photo licence); Wikimedia Commons,R3,F1.18,high,
PRA097,"Traditional skills, techniques and knowledge for the conservation and transmission of wooden architecture in Japan",Japanese wooden architecture conservation,living-practice,People,F1.8,AS-JPN,,,Inscribed 2020; extended 2025,"Seventeen crafts, including carpentry, roofing and lacquer, keep historic timber buildings in repair.",timber joinery; cypress-bark roofing; urushi; plaster,temples; shrines,shelter;ritual and belief,UNESCO ICH list (2020),,living-community,UNESCO ICH lists (link out; per-item photo licence); Wikimedia Commons,R2,F1.22a;F1.28a,high,
PRA098,Urushi lacquer,urushi; Wajima-nuri,living-practice,People,F1.8,AS-JPN,,,Lacquer in Japan from the Jōmon period; living centres such as Wajima,"Lacquerers apply many thin layers of urushi sap, polishing between coats and decorating with gold (maki-e).",urushi sap; wood; hemp cloth; maki-e,bowls; boxes; trays,food and storage;rule and display,Japanese lacquerers,,living-community,ColBase (Japan Government Standard Terms); Met Open Access (CC0); Wikimedia Commons; community-published site,R2,F1.13,high,Part of the 2020 UNESCO element; also a separate national tradition.
PRA099,Nishijin weaving,Nishijin-ori,living-practice,People,F1.8,AS-JPN,,,Kyoto weaving district named after the Ōnin War (1467–77),Kyoto workshops weave figured silks and obi on Jacquard and handlooms.,silk; gold thread; Jacquard loom,obi; kimono cloth,clothing and adornment,Kyoto Nishijin weavers,,living-community,ColBase (Japan Government Standard Terms); Wikimedia Commons; community-published site,R3,F1.19,medium,
PRA100,Traditional knowledge and skills of sake-making with koji mold in Japan,sake-making,living-practice,People,F1.8,AS-JPN,,,Inscribed 2024,"Brewers use koji mould to convert rice starch and ferment sake, shochu and mirin.",koji; rice; fermentation,sake; shochu; mirin,food and storage,UNESCO ICH list (2024),,living-community,UNESCO ICH lists (link out; per-item photo licence); Wikimedia Commons,R3,F1.18,medium,Verify year.
PRA101,Ainu embroidery and attus weaving,attus,living-practice,People,F1.8,AS-JPN,,,Documented 18th–19th century; revived,Ainu women weave elm-bark cloth and appliqué and embroider protective designs.,elm inner bark; appliqué; embroidery,attus robes; ruunpe,clothing and adornment;ritual and belief,Ainu makers (Hokkaido),,Indigenous-community;living-community,Wikimedia Commons; community-published site,R2,F1.18,high,
PRA102,Atayal weaving,Atayal ramie weaving,living-practice,People,F1.8,AS-CHN,,,Long-standing; revived,Atayal women grow ramie and weave red-patterned cloth on backstrap looms.,ramie; backstrap loom,garments; bags,clothing and adornment,Atayal weavers (Taiwan),,Indigenous-community;living-community,Wikimedia Commons; community-published site,R3,F1.18,medium,Taiwan filed under AS-CHN; flag if the project prefers another code.
PRA103,Traditional art of Jamdani weaving,Jamdani,living-practice,People,F1.9,AS-SAS,,,Inscribed 2013; Dhaka muslin traditions older,Weavers in Bangladesh inlay patterns into fine cotton on the pit loom.,fine cotton; pit loom; discontinuous supplementary weft,Jamdani saris,clothing and adornment,UNESCO ICH list (2013),,living-community,UNESCO ICH lists (link out; per-item photo licence); Met Open Access (CC0); Wikimedia Commons,R1,F1.18;F1.13;F1.19,high,Project already holds PR-015.
PRA104,Rickshaws and rickshaw painting in Dhaka,rickshaw art,living-practice,People,F1.9,AS-SAS,1940,,Inscribed 2023,"Painters decorate cycle-rickshaws with images of films, landscapes and politics.",enamel paint; tin; cloth,painted rickshaws,transport;exchange and value,UNESCO ICH list (2023),,living-community,UNESCO ICH lists (link out; per-item photo licence); Wikimedia Commons,R2,F1.21;F1.29,high,
PRA105,Traditional brass and copper craft of utensil making among the Thatheras of Jandiala Guru,Thathera craft,living-practice,People,F1.9,AS-SAS,,,Inscribed 2014,Thathera craftsmen beat brass and copper into utensils by hand.,brass; copper; hand beating; heating,utensils,food and storage,UNESCO ICH list (2014),,living-community,UNESCO ICH lists (link out; per-item photo licence); Wikimedia Commons,R3,F1.22a,high,
PRA106,Ajrakh block printing,ajrak,living-practice,People,F1.9,AS-SAS,,,Long-standing,Khatri printers in Sindh and Kutch print cotton with carved blocks and mordant and resist pastes in indigo and madder.,carved blocks; indigo; madder; resist paste,ajrakh cloths,clothing and adornment,"Khatri printers (Sindh, Kutch)",,living-community,Wikimedia Commons; community-published site,R2,F1.18;F1.13,medium,
PRA107,Kani shawl weaving,Kashmir shawl,living-practice,People,F1.9,AS-SAS,1600,,Mughal-era fame; tradition older,Kashmiri weavers make twill-tapestry shawls of pashmina with small bobbins (kani) following coded pattern scripts (talim).,pashmina; twill tapestry; kani bobbins; talim,kani shawls; jamawar,clothing and adornment;exchange and value,Kashmiri weavers,,living-community,Met Open Access (CC0); Wikimedia Commons,R2,F1.14;F1.19,high,Copied as Paisley shawls in Scotland (F1.14).
PRA108,Patola weaving of Patan,double ikat,living-practice,People,F1.9,AS-SAS,,,Tradition centuries old,Salvi weavers tie-dye both warp and weft before weaving double-ikat silk.,silk; double ikat,patola saris,clothing and adornment;exchange and value;ritual and belief,Salvi family weavers (Patan),,living-community,Met Open Access (CC0); Wikimedia Commons,R2,F1.13,high,Patola traded to Indonesia became heirlooms.
PRA109,Swamimalai bronze casting,Swamimalai icons,living-practice,People,F1.9,AS-SAS,,,Chola-era tradition; living,Sthapatis cast deity images by lost wax following iconometric texts.,beeswax; alluvial clay; copper alloy,processional icons,ritual and belief,Sthapatis of Swamimalai,,living-community;sacred,Wikimedia Commons; community-published site,R2,F1.16,medium,
PRA110,Madhubani painting,Mithila painting,living-practice,People,F1.9,AS-SAS,,,Wall painting old; paper painting from the late 1960s,Mithila women paint marriage walls and later paper with dense figurative designs.,natural pigments; paper; walls,kohbar paintings,ritual and belief;exchange and value,Mithila women painters,,living-community,Wikimedia Commons; community-published site,R3,F1.18;F1.20,high,
PRA111,Banarasi brocade weaving,Banarasi silk,living-practice,People,F1.9,AS-SAS,,,Mughal-era fame,Weavers in Varanasi weave silk brocades with zari on handlooms and Jacquards.,silk; zari; Jacquard,Banarasi saris,clothing and adornment,Varanasi weavers,,living-community,Met Open Access (CC0); Wikimedia Commons,R3,F1.18,medium,
PRA112,Bidri ware,bidriware,living-practice,People,F1.9;F1.10,AS-SAS,1400,,Bahmani period c. 14th–15th century,Craftsmen inlay silver into a blackened zinc alloy.,zinc alloy; silver inlay; soil blackening,huqqa bases; boxes,exchange and value;rule and display,Bidar craftsmen,,living-community,Met Open Access (CC0); Wikimedia Commons,R3,F1.13,medium,
PRA113,Newar metal casting,Newar lost-wax casting; repoussé,living-practice,People,F1.9,AS-HIM,,,Tradition from at least the Licchavi period,Newar metalworkers in Patan cast and repoussé deity images for Nepal and Tibet.,lost-wax casting; repoussé; gilding,Buddhist and Hindu images,ritual and belief,Newar metalworkers (Patan),,living-community;sacred,Met Open Access (CC0); Wikimedia Commons,R2,F1.13;F1.16,medium,
PRA114,Bhutanese thagzo weaving,thagzo,living-practice,People,F1.9,AS-HIM,,,Long-standing,Bhutanese women weave supplementary-weft kira and gho on backstrap and frame looms.,backstrap loom; silk; cotton,kira; gho,clothing and adornment,Bhutanese weavers,,living-community,Wikimedia Commons; community-published site,R3,F1.18,medium,
PRA115,Myanmar lacquerware,yun,living-practice,People,F1.9,AS-MSE,,,Bagan tradition centuries old,Lacquerers coat bamboo and horsehair forms with thitsi lacquer and engrave coloured designs.,thitsi lacquer; bamboo; horsehair,betel boxes; bowls,food and storage,Bagan lacquerers,,living-community,Wikimedia Commons,R3,F1.13,medium,
PRA116,Lao silk weaving,sinh weaving,living-practice,People,F1.9,AS-MSE,,,Long-standing,Lao women weave silk sinh skirts and ritual cloths with supplementary weft and ikat (mat mi).,silk; ikat; supplementary weft,sinh; pha biang,clothing and adornment;ritual and belief,Lao weavers,,living-community,Wikimedia Commons; community-published site,R3,F1.18,medium,
PRA117,Cambodian silk weaving,hol; phamuong,living-practice,People,F1.9,AS-MSE,,,Long-standing,Khmer weavers make weft-ikat hol and plain phamuong silks.,silk; weft ikat,sampot hol; pidan,clothing and adornment;ritual and belief,Khmer weavers (Takeo),,living-community,Wikimedia Commons; community-published site,R3,F1.18,medium,Pidan are temple hangings.
PRA118,"Sbek Thom, Khmer shadow theatre",Sbek Thom,living-practice,People,F1.9,AS-MSE,,,"Proclaimed 2005, inscribed 2008",Makers cut large leather puppets and perform the Reamker by firelight.,cowhide; cutting; dyeing,Sbek Thom puppets,play and music;ritual and belief,UNESCO ICH list (2008; proclaimed 2005),,living-community,UNESCO ICH lists (link out; per-item photo licence); Wikimedia Commons,R3,F1.4,high,
PRA119,Art of pottery-making of Chăm people,Bàu Trúc pottery,living-practice,People,F1.9,AS-MSE,,,"Inscribed 2022, Urgent Safeguarding",Chăm women shape pots by walking around them and fire them in the open.,clay; hand building; open firing,pots,food and storage,"UNESCO ICH list (2022, Urgent Safeguarding)",,living-community,UNESCO ICH lists (link out; per-item photo licence); Wikimedia Commons,R3,F1.18,medium,
PRA120,Indonesian Batik,batik tulis; batik cap,living-practice,People,F1.9,AS-ISE,,,Inscribed 2009,Makers draw wax with a canting or stamp it with a cap and dye cloth in stages.,wax; canting; cap; natural and synthetic dyes,kain; sarong; iket,clothing and adornment;ritual and belief,UNESCO ICH list (2009),,living-community,UNESCO ICH lists (link out; per-item photo licence); Rijksmuseum (CC0); Wikimedia Commons,R1,F1.18;F1.14,high,
PRA121,Indonesian Kris,keris making,living-practice,People,F1.9,AS-ISE,,,"Proclaimed 2005, inscribed 2008",Smiths (empu) forge pattern-welded blades and makers carve hilts and sheaths.,iron; nickel; pattern welding; carving,keris,war;ritual and belief;rule and display,UNESCO ICH list (2008; proclaimed 2005),,living-community;sacred,UNESCO ICH lists (link out; per-item photo licence); Rijksmuseum (CC0); Wikimedia Commons,R2,F1.16,high,
PRA122,"Noken multifunctional knotted or woven bag, handcraft of the people of Papua",noken,living-practice,People,F1.9;F1.12,AS-ISE;OC-MEL,,,"Inscribed 2012, Urgent Safeguarding",Papuan makers knot and weave bark and orchid fibres into bags for carrying goods and children.,tree bark; orchid fibre; knotting,noken bags,care and access;transport;food and storage,"UNESCO ICH list (2012, Urgent Safeguarding)",,Indigenous-community;living-community,UNESCO ICH lists (link out; per-item photo licence); Wikimedia Commons,R2,F1.18,high,
PRA123,"Pinisi, art of boatbuilding in South Sulawesi",pinisi,living-practice,People,F1.9,AS-ISE,,,Inscribed 2017,Konjo and Bugis shipwrights build wooden sailing ships without plans.,ironwood; teak; edge-joined planks,pinisi ships,transport;exchange and value,UNESCO ICH list (2017),,living-community,UNESCO ICH lists (link out; per-item photo licence); Wikimedia Commons,R2,F1.13,high,
PRA124,Gamelan,gamelan making,living-practice,People,F1.9,AS-ISE,,,Inscribed 2021,Smiths forge bronze gongs and keys and tune whole sets to one another.,tin bronze; forging; tuning,gamelan sets,play and music;ritual and belief,UNESCO ICH list (2021),,living-community,UNESCO ICH lists (link out; per-item photo licence); Wikimedia Commons,R2,F1.4,high,
PRA125,Songket,songket,living-practice,People,F1.9,AS-ISE;AS-MSE,,,Inscribed 2021 (Malaysia),Weavers insert gold or silver supplementary weft into silk or cotton.,silk; gold thread; supplementary weft,songket cloth,clothing and adornment;rule and display,UNESCO ICH list (2021),,living-community,UNESCO ICH lists (link out; per-item photo licence); Wikimedia Commons,R3,F1.18,high,
PRA126,"Tais, traditional textile",tais,living-practice,People,F1.9,AS-ISE,,,"Inscribed 2021, Urgent Safeguarding (Timor-Leste)",Timorese women weave ikat and supplementary-weft cloths used in exchange and ceremony.,cotton; ikat; backstrap loom,tais,clothing and adornment;exchange and value;ritual and belief,"UNESCO ICH list (2021, Urgent Safeguarding)",,living-community,UNESCO ICH lists (link out; per-item photo licence); Wikimedia Commons,R3,F1.18,high,
PRA127,"Kebaya: knowledge, skills, traditions and practices",kebaya,living-practice,People,F1.9,AS-ISE;AS-MSE,,,"Inscribed 2024 (Brunei, Indonesia, Malaysia, Singapore, Thailand)",Makers cut and embroider the kebaya blouse.,cotton voile; embroidery; lace,kebaya,clothing and adornment,UNESCO ICH list (2024),,living-community,UNESCO ICH lists (link out; per-item photo licence); Wikimedia Commons,R3,F1.13,medium,Verify title and year.
PRA128,T'nalak weaving,t'nalak,living-practice,People,F1.9,AS-ISE,,,Long-standing,T'boli women weave abaca ikat cloth from designs said to come in dreams.,abaca fibre; ikat; backstrap loom,t'nalak cloth,clothing and adornment;ritual and belief,T'boli weavers (Lake Sebu),,Indigenous-community;living-community,Wikimedia Commons; community-published site,R3,F1.18,high,
PRA129,Pua kumbu weaving,pua kumbu,living-practice,People,F1.9,AS-ISE,,,Long-standing,Iban women weave warp-ikat cloths used in rites.,cotton; warp ikat; backstrap loom,pua kumbu,ritual and belief;clothing and adornment,Iban weavers (Sarawak),,Indigenous-community;living-community;sacred,Wikimedia Commons; community-published site,R3,F1.18,high,
PRA130,"Arabic calligraphy: knowledge, skills and practices",khatt,living-practice,People,F1.10,WA-ARB;WA-LEV;WA-MES;AF-EGY;AF-MAG,,,Inscribed 2021 (16 Arab states),Calligraphers write Arabic script with reed pens in proportioned hands.,qalam; ink; paper,Qur'ans; inscriptions; panels,record and writing;ritual and belief,UNESCO ICH list (2021),,living-community,UNESCO ICH lists (link out; per-item photo licence); Met Open Access (CC0); Qatar Digital Library (open licence); Wikimedia Commons,R1,F1.28,high,Project already holds PR-012.
PRA131,"Al Sadu, traditional weaving skills in the United Arab Emirates",Al Sadu,living-practice,People,F1.10,WA-ARB,,,"Inscribed 2011 on the Urgent Safeguarding List; transferred to the Representative List 2025, when its safeguarding programme was also selected for the Register of Good Safeguarding Practices","Bedouin women spin sheep, goat and camel hair and weave warp-faced cloth on ground looms for tents and camel gear.","sheep, goat and camel hair; ground loom; warp-faced weaving",tent dividers; camel bags; rugs,shelter;transport,UNESCO ICH list (2011 Urgent Safeguarding; Representative List 2025),,living-community,UNESCO ICH lists (link out; per-item photo licence); Wikimedia Commons,R1,F1.18;F1.29,high,Project already includes Al Sadu (UAE).
PRA132,"Al Talli, traditional embroidery skills in the United Arab Emirates",Al Talli,living-practice,People,F1.10,WA-ARB,,,"Inscribed 2022 (Representative List, not Urgent Safeguarding)",Emirati women braid cotton and metallic threads on a cushion (kajoojah) into bands for dress.,cotton and metallic threads; braiding cushion,decorative bands,clothing and adornment,UNESCO ICH list (2022),,living-community,UNESCO ICH lists (link out; per-item photo licence); Wikimedia Commons,R2,F1.18,high,
PRA133,"Arabic coffee, a symbol of generosity",qahwa,living-practice,People,F1.10,WA-ARB,,,"Inscribed 2015 (UAE, Saudi Arabia, Oman, Qatar)","Hosts roast, grind and brew coffee in the dallah and serve it in a set order.",coffee beans; roasting; mortar; dallah,dallah; finjan,food and storage;ritual and belief,UNESCO ICH list (2015),,living-community,UNESCO ICH lists (link out; per-item photo licence); Wikimedia Commons,R3,F1.13,high,
PRA134,"Al-Qatt Al-Asiri, female traditional interior wall decoration in Asir",Al-Qatt Al-Asiri,living-practice,People,F1.10,WA-ARB,,,Inscribed 2017,Asiri women paint interior walls with geometric designs.,pigments; plaster; brushes,painted majlis walls,shelter;rule and display,UNESCO ICH list (2017),,living-community,UNESCO ICH lists (link out; per-item photo licence); Wikimedia Commons,R2,F1.18;F1.15,high,
PRA135,Bisht making,bisht weaving and embroidery,living-practice,People,F1.10,WA-ARB;WA-MES;WA-LEV,,,Long-standing,Weavers and embroiderers make the bisht cloak of camel or goat wool with gold zari edging.,wool; handloom; zari embroidery,bisht,clothing and adornment;rule and display,Bisht makers (al-Ahsa and elsewhere),,living-community,Wikimedia Commons,R3,F1.17,low,A UNESCO nomination has been reported; status unverified—do not cite UNESCO.
PRA136,Omani silversmithing,khanjar making,living-practice,People,F1.10,WA-ARB,,,Long-standing,Omani smiths make khanjar daggers and silver jewellery worn as dress and emblem.,silver; horn; filigree; granulation,khanjar; jewellery,war;rule and display;clothing and adornment,Omani silversmiths,,living-community,Wikimedia Commons,R3,F1.17,medium,UNESCO status unverified—do not cite UNESCO.
PRA137,"The art of embroidery in Palestine, practices, skills, knowledge and rituals",tatreez,living-practice,People,F1.10,WA-LEV,,,Inscribed 2021,Palestinian women cross-stitch dresses (thobes) whose patterns mark village and occasion.,cotton and silk thread; cross-stitch; couching,thobes; cushions,clothing and adornment,UNESCO ICH list (2021),,living-community,UNESCO ICH lists (link out; per-item photo licence); Wikimedia Commons,R2,F1.18;F1.19a,high,
PRA138,Craftsmanship of Aleppo Ghar soap,Ghar soap,living-practice,People,F1.10,WA-LEV,,,"Inscribed 2024 (Syria, Representative List); tradition centuries old",Soap makers cook olive oil and laurel oil with lye and cure bars for months.,olive oil; laurel oil; lye; curing,Ghar soap bars,care and access,UNESCO ICH list (2024),,living-community,UNESCO ICH lists (link out; per-item photo licence); Wikimedia Commons,R3,F1.22a,high,Verify UNESCO inscription and year.
PRA139,Crafting and playing the Oud,oud making,living-practice,People,F1.10,WA-LEV;WA-IRN,,,"Inscribed 2022 (Iran, Syria)",Makers build bowl-backed lutes from thin wood staves.,wood staves; bending; carving,oud,play and music,UNESCO ICH list (2022),,living-community,UNESCO ICH lists (link out; per-item photo licence); Wikimedia Commons,R3,F1.4,high,Verify title and year.
PRA140,Harees dish,harees,living-practice,People,F1.10,WA-ARB,,,"Inscribed 2023 (UAE, Oman, Saudi Arabia)",Cooks beat wheat and meat over long cooking into harees for Ramadan and feasts.,wheat; meat; long cooking; beating,harees,food and storage;ritual and belief,UNESCO ICH list (2023),,living-community,UNESCO ICH lists (link out; per-item photo licence); Wikimedia Commons,R3,F1.18,medium,Verify title and year.
PRA141,Traditional skills of carpet weaving in Fars,Fars carpets,living-practice,People,F1.10,WA-IRN,,,Inscribed 2010,Qashqai and other weavers make wool carpets and flatweaves on horizontal looms.,wool; natural dyes; horizontal loom,Qashqai carpets; gabbeh,shelter;exchange and value,UNESCO ICH list (2010),,living-community,UNESCO ICH lists (link out; per-item photo licence); Wikimedia Commons,R2,F1.18,high,
PRA142,Traditional skills of carpet weaving in Kashan,Kashan carpets,living-practice,People,F1.10,WA-IRN,,,Inscribed 2010,Weavers make fine knotted carpets in Kashan on vertical looms.,wool; silk; asymmetric knots,Kashan carpets,shelter;exchange and value,UNESCO ICH list (2010),,living-community,UNESCO ICH lists (link out; per-item photo licence); Wikimedia Commons,R2,F1.18,high,
PRA143,Traditional skills of building and sailing Iranian Lenj boats in the Persian Gulf,lenj,living-practice,People,F1.10;F1.13,WA-IRN;WA-ARB,,,"Inscribed 2011 (6.COM 8.10), Urgent Safeguarding",Shipwrights on the Iranian Gulf coast build wooden lenj and sailors navigate by stars and winds.,teak; hand tools; celestial navigation,lenj; dhows,transport;exchange and value,"UNESCO ICH list (2011, Urgent Safeguarding)",,living-community,UNESCO ICH lists (link out; per-item photo licence); Wikimedia Commons,R1,F1.13;F1.29,high,"Project already holds PR-011; ""lenj"" is the Persian Gulf wooden vessel (dhow family)."
PRA144,Art of crafting and playing with Kamantcheh/Kamancha,kamancheh,living-practice,People,F1.10,WA-IRN;WA-CAU,,,"Inscribed 2017 (Azerbaijan, Iran)",Makers build spike fiddles with gourd or wooden bowls.,wood; skin; strings,kamancheh,play and music,UNESCO ICH list (2017),,living-community,UNESCO ICH lists (link out; per-item photo licence); Wikimedia Commons,R3,F1.4,high,
PRA145,Art of miniature,miniature painting,living-practice,People,F1.10,WA-IRN;WA-ANA;WA-CAU;AS-CEN,,,"Inscribed 2020 (Azerbaijan, Iran, Turkey, Uzbekistan)","Painters make small, detailed paintings for books and albums.",mineral pigments; paper; fine brushes,manuscript paintings; album pages,record and writing,UNESCO ICH list (2020),,living-community,UNESCO ICH lists (link out; per-item photo licence); Met Open Access (CC0); Wikimedia Commons,R2,F1.28,high,
PRA146,"Flatbread making and sharing culture: Lavash, Katyrma, Jupka, Yufka",flatbread culture,living-practice,People,F1.10;F1.12a,WA-IRN;WA-ANA;WA-CAU;AS-CEN,,,"Inscribed 2016 (Azerbaijan, Iran, Kazakhstan, Kyrgyzstan, Turkey)",Groups of women roll and bake thin flatbread in clay ovens or on griddles.,dough; rolling; tandir; saj griddle,lavash; yufka; katyrma,food and storage,UNESCO ICH list (2016),,living-community,UNESCO ICH lists (link out; per-item photo licence); Wikimedia Commons,R3,F1.18,high,
PRA147,"Lavash, the preparation, meaning and appearance of traditional bread as an expression of culture in Armenia",Armenian lavash,living-practice,People,F1.9a;F1.11,WA-CAU,,,Inscribed 2014,Armenian women stretch dough and bake lavash on the walls of a tonir.,dough; tonir oven,lavash,food and storage;ritual and belief,UNESCO ICH list (2014),,living-community,UNESCO ICH lists (link out; per-item photo licence); Wikimedia Commons,R3,F1.18,high,
PRA148,Armenian cross-stones art. Symbolism and craftsmanship of Khachkars,khachkar carving,living-practice,People,F1.9a;F1.11,WA-CAU,,,Inscribed 2010,Carvers cut tuff stelae with crosses and interlace.,tuff; chisels,khachkars,ritual and belief,UNESCO ICH list (2010),,living-community;sacred,UNESCO ICH lists (link out; per-item photo licence); Wikimedia Commons,R2,F1.16,high,
PRA149,Ancient Georgian traditional Qvevri wine-making method,qvevri wine-making,living-practice,People,F1.9a;F1.11,WA-CAU,,,Inscribed 2013,Potters make qvevri and winemakers ferment grapes in them underground.,coiled clay; beeswax; burial,qvevri; wine,food and storage;ritual and belief,UNESCO ICH list (2013),,living-community,UNESCO ICH lists (link out; per-item photo licence); Wikimedia Commons,R1,F1.29,high,
PRA150,Traditional art of Azerbaijani carpet weaving in the Republic of Azerbaijan,Azerbaijani carpet,living-practice,People,F1.10,WA-CAU,,,Inscribed 2010,Weavers make pile and flatwoven carpets in regional schools.,wool; knotting; natural dyes,carpets; kilims,shelter;exchange and value,UNESCO ICH list (2010),,living-community,UNESCO ICH lists (link out; per-item photo licence); Wikimedia Commons,R2,F1.18,high,
PRA151,Craftsmanship and performance art of the Tar,tar making,living-practice,People,F1.10,WA-CAU,,,Inscribed 2012,Makers carve a double-bowled lute from mulberry and stretch it with membrane.,mulberry wood; membrane,tar,play and music,UNESCO ICH list (2012),,living-community,UNESCO ICH lists (link out; per-item photo licence); Wikimedia Commons,R3,F1.4,high,
PRA152,Copper craftsmanship of Lahij,Lahij copper,living-practice,People,F1.10,WA-CAU,,,Inscribed 2015,Coppersmiths in Lahij hammer and engrave copper vessels.,copper; hammering; engraving,vessels,food and storage,UNESCO ICH list (2015),,living-community,UNESCO ICH lists (link out; per-item photo licence); Wikimedia Commons,R3,F1.22a,high,
PRA153,"Traditional art and symbolism of Kelaghayi, making and wearing women's silk headscarves",kelaghayi,living-practice,People,F1.10,WA-CAU,,,Inscribed 2014,Makers print silk headscarves with carved blocks.,silk; block printing; natural dyes,kelaghayi scarves,clothing and adornment,UNESCO ICH list (2014),,living-community,UNESCO ICH lists (link out; per-item photo licence); Wikimedia Commons,R3,F1.18,high,
PRA154,"Ebru, Turkish art of marbling",ebru,living-practice,People,F1.10,WA-ANA,,,Inscribed 2014,Marblers float pigments on thickened water and lift the pattern onto paper.,pigments; gum tragacanth size; ox gall; paper,marbled paper,record and writing,UNESCO ICH list (2014),,living-community,UNESCO ICH lists (link out; per-item photo licence); Wikimedia Commons,R3,F1.28;F1.13,high,
PRA155,Traditional craftsmanship of Çini-making,çini,living-practice,People,F1.10,WA-ANA,,,Inscribed 2016,Potters and painters make glazed tiles and wares in the Iznik tradition.,quartz-frit body; underglaze painting; glaze,tiles; plates,shelter;food and storage,UNESCO ICH list (2016),,living-community,UNESCO ICH lists (link out; per-item photo licence); Wikimedia Commons,R2,F1.15,medium,Verify year.
PRA156,Turkish coffee culture and tradition,Türk kahvesi,living-practice,People,F1.10,WA-ANA,,,Inscribed 2013,Makers roast and grind coffee finely and brew it in a cezve.,coffee; cezve; grinding,Turkish coffee,food and storage;ritual and belief,UNESCO ICH list (2013),,living-community,UNESCO ICH lists (link out; per-item photo licence); Wikimedia Commons,R3,F1.13,high,
PRA157,Karagöz,Karagöz shadow theatre,living-practice,People,F1.10,WA-ANA,,,Inscribed 2009,Makers cut coloured leather figures for shadow plays.,camel or cow hide; dyes; cutting,Karagöz figures,play and music,UNESCO ICH list (2009),,living-community,UNESCO ICH lists (link out; per-item photo licence); Wikimedia Commons,R3,F1.4,high,
PRA158,"Hüsn-i Hat, traditional calligraphy in Islamic art in Turkey",hüsn-i hat,living-practice,People,F1.10,WA-ANA,,,Inscribed 2021,Calligraphers write Arabic scripts in the Ottoman tradition with reed pens.,qalam; ink; burnished paper,levhas; murakkaa albums,record and writing;ritual and belief,UNESCO ICH list (2021),,living-community,UNESCO ICH lists (link out; per-item photo licence); Met Open Access (CC0); Wikimedia Commons,R2,F1.28,high,
PRA159,"Traditional knowledge and skills in making Kyrgyz, Kazakh and Karakalpak yurts (Turkic nomadic dwellings)",boz üy; kiiz üy,living-practice,People,F1.12a,AS-CEN,,,"Inscribed 2014 (9.COM; Kazakhstan, Kyrgyzstan; file 998); extended 2025 (20.COM 7.B.53) with Uzbekistan as 'Kyrgyz, Kazakh and Karakalpak yurts', file 02284","Kyrgyz and Kazakh makers build yurt frames and felt covers, men making the wood and women the felt and textiles.",willow; birch; felt; reed screens,yurts,shelter,UNESCO ICH list (2014; 2025),,living-community,UNESCO ICH lists (link out; per-item photo licence); Wikimedia Commons,R2,F1.18;F1.29,high,
PRA160,"Ala-kiyiz and Shyrdak, art of Kyrgyz traditional felt carpets",shyrdak,living-practice,People,F1.12a,AS-CEN,,,"Inscribed 2012, Urgent Safeguarding",Kyrgyz women make felt carpets by pressing coloured wool (ala-kiyiz) or cutting and sewing mosaic felt (shyrdak); UNESCO credits men with preparing the wool and pressing the felt.,sheep wool; felting; mosaic cutting,ala-kiyiz; shyrdak,shelter,"UNESCO ICH list (2012, Urgent Safeguarding)",,living-community,UNESCO ICH lists (link out; per-item photo licence); Wikimedia Commons,R2,F1.18,high,
PRA161,Turkmen carpet weaving,Turkmen gul carpets,living-practice,People,F1.12a,AS-CEN,,,Long-standing,Turkmen women knot carpets and tent bands with gul medallions associated with particular Turkmen groups.,wool; asymmetric knots; madder,main carpets; tent bands; bags,shelter;exchange and value,Turkmen weavers,,living-community,Met Open Access (CC0); Wikimedia Commons,R2,F1.18,medium,UNESCO status unverified.
PRA162,Suzani embroidery,suzani,living-practice,People,F1.12a,AS-CEN,,,Surviving from the 18th century,Women embroider large cotton hangings for dowries in chain and couched stitches.,cotton; silk thread; basma couching,suzani hangings,shelter;ritual and belief,Uzbek and Tajik embroiderers,,living-community,Met Open Access (CC0); Wikimedia Commons,R2,F1.18,high,
PRA163,"Chakan, embroidery art in the Republic of Tajikistan",chakan,living-practice,People,F1.12a,AS-CEN,,,Inscribed 2018,Tajik women embroider dresses and hangings with colourful motifs.,cotton; silk thread; embroidery,dresses; hangings,clothing and adornment,UNESCO ICH list (2018),,living-community,UNESCO ICH lists (link out; per-item photo licence); Wikimedia Commons,R3,F1.18,high,
PRA164,Central Asian ikat weaving,abr; atlas; adras,living-practice,People,F1.12a,AS-CEN,,,Long-standing; revived at Margilan,Dyers bind and dye warps and weavers make silk and half-silk ikat cloth.,silk; cotton; warp ikat,khan-atlas; adras,clothing and adornment,Uzbek dyers and weavers (Margilan),,living-community,Met Open Access (CC0); Wikimedia Commons,R2,F1.18,medium,
PRA165,"Compagnonnage, network for on-the-job transmission of knowledge and identities",compagnonnage,living-practice,People,F1.11,EU-WCE,,,Inscribed 2010; roots in medieval guild journeys,"Journeymen in building, wood and metal trades travel between workshops to learn a craft and produce a masterpiece.",travelling apprenticeship; masterpiece,masterpieces; buildings,tools;shelter,UNESCO ICH list (2010),,living-community,UNESCO ICH lists (link out; per-item photo licence); Wikimedia Commons,R1,F1.17,high,Project already holds PR-016.
PRA166,Craftsmanship of mechanical watchmaking and art mechanics,watchmaking,living-practice,People,F1.11,EU-WCE,,,"Inscribed 2020 (France, Switzerland)",Watchmakers in the Jura make mechanical movements and automata.,steel; brass; hand finishing,watches; automata; clocks,record and writing;tools,UNESCO ICH list (2020),,living-community,UNESCO ICH lists (link out; per-item photo licence); Wikimedia Commons,R2,F1.19,high,
PRA167,Art of glass beads,perle di vetro; perles de verre,living-practice,People,F1.11,EU-WCE,,,"Inscribed 2020 (France, Italy)",Bead makers in Venice and France make glass beads at the flame and from drawn canes.,glass; lampworking; drawn canes,beads,clothing and adornment;exchange and value,UNESCO ICH list (2020),,living-community,UNESCO ICH lists (link out; per-item photo licence); Wikimedia Commons,R2,F1.13,high,
PRA168,"Craft techniques and customary practices of cathedral workshops, or Bauhütten",Bauhütten,living-practice,People,F1.11,EU-WCE;EU-SCA,,,"Selected 2020 for the Register of Good Safeguarding Practices (Austria, France, Germany, Norway, Switzerland); not a Representative List element",Cathedral workshops keep masons and other trades working together on repair across generations.,stone carving; glazing; carpentry,cathedral repairs,shelter;ritual and belief,UNESCO Register of Good Safeguarding Practices (2020),,living-community,UNESCO ICH lists (link out; per-item photo licence); Wikimedia Commons,R2,F1.22a;F1.17,high,
PRA169,"Blaudruck/Modrotisk/Kékfestés/Modrotlač, resist block printing and indigo dyeing in Europe",Blaudruck,living-practice,People,F1.11,EU-WCE;EU-EER,,,"Inscribed 2018 (Austria, Czechia, Germany, Hungary, Slovakia)",Printers block-print a resist paste on cloth and dye it in indigo.,carved blocks; resist paste; indigo,blue-print cloth,clothing and adornment,UNESCO ICH list (2018),,living-community,UNESCO ICH lists (link out; per-item photo licence); Wikimedia Commons,R3,F1.18,high,
PRA170,Nordic clinker boat traditions,clinker boats,living-practice,People,F1.11,EU-SCA,,,"Inscribed 2021 (Denmark, Finland, Iceland, Norway, Sweden)",Boatbuilders overlap planks and rivet them into light hulls.,overlapping planks; rivets; timber,clinker boats,transport,UNESCO ICH list (2021),,living-community,UNESCO ICH lists (link out; per-item photo licence); Wikimedia Commons,R2,F1.28a,high,
PRA171,Traditional violin craftsmanship in Cremona,Cremonese liuteria,living-practice,People,F1.11,EU-WCE,,,Inscribed 2012,"Luthiers in Cremona make violins, violas, cellos and basses by hand.",spruce; maple; varnish,violins,play and music,UNESCO ICH list (2012),,living-community,UNESCO ICH lists (link out; per-item photo licence); Wikimedia Commons,R2,F1.4,high,
PRA172,"Art of dry stone construction, knowledge and techniques",dry stone walling,living-practice,People,F1.11,EU-WCE;EU-GRR;EU-IBE;EU-BLC,,,"Inscribed 2018 as 'Art of dry stone walling, knowledge and techniques'; extended and renamed 2024","Wallers build terraces, walls and shelters without mortar.",stone; mortarless coursing,terraces; walls; huts,shelter;food and storage,UNESCO ICH list (2018; extended 2024),,living-community,UNESCO ICH lists (link out; per-item photo licence); Wikimedia Commons,R2,F1.22,high,Multinational; check extension states.
PRA173,Craftsmanship of Alençon needle lace-making,point d'Alençon,living-practice,People,F1.11,EU-WCE,,,Inscribed 2010,Lacemakers make needle lace in many specialist stages.,linen thread; needle lace,lace,clothing and adornment,UNESCO ICH list (2010),,living-community,UNESCO ICH lists (link out; per-item photo licence); Wikimedia Commons,R3,F1.18,high,
PRA174,Aubusson tapestry,Aubusson,living-practice,People,F1.11,EU-WCE,,,Inscribed 2009,Weavers make tapestries on low-warp looms from painted cartoons.,wool; low-warp loom; cartoons,tapestries,shelter;rule and display,UNESCO ICH list (2009),,living-community,UNESCO ICH lists (link out; per-item photo licence); Wikimedia Commons,R2,F1.20,high,
PRA175,Lacemaking in Croatia,"Pag, Hvar and Lepoglava lace",living-practice,People,F1.11,EU-BYZ,,,Inscribed 2009,"Women make needle, bobbin and agave lace in three Croatian centres.",linen; agave fibre; bobbins,lace,clothing and adornment,UNESCO ICH list (2009),,living-community,UNESCO ICH lists (link out; per-item photo licence); Wikimedia Commons,R3,F1.18,high,
PRA176,Gingerbread craft from Northern Croatia,licitar,living-practice,People,F1.11,EU-BYZ,,,Inscribed 2010,"Makers mould, bake and paint gingerbread hearts.",dough; moulds; food colouring,licitar hearts,food and storage;ritual and belief,UNESCO ICH list (2010),,living-community,UNESCO ICH lists (link out; per-item photo licence); Wikimedia Commons,R3,F1.18,high,
PRA177,Craftmanship of Estremoz clay figures,bonecos de Estremoz,living-practice,People,F1.11,EU-IBE,,,Inscribed 2017,Makers model and paint clay figures of saints and daily life.,clay; modelling; painting,figures,ritual and belief;play and music,UNESCO ICH list (2017),,living-community,UNESCO ICH lists (link out; per-item photo licence); Wikimedia Commons,R3,F1.29,high,
PRA178,Bisalhães black pottery manufacturing process,Bisalhães pottery,living-practice,People,F1.11,EU-IBE,,,"Inscribed 2016, Urgent Safeguarding",Potters fire wares in pits sealed with earth to turn them black.,clay; wheel; pit reduction firing,black pots,food and storage,"UNESCO ICH list (2016, Urgent Safeguarding)",,living-community,UNESCO ICH lists (link out; per-item photo licence); Wikimedia Commons,R3,F1.18,high,
PRA179,Manufacture of cowbells,chocalhos,living-practice,People,F1.11,EU-IBE,,,"Inscribed 2015, Urgent Safeguarding","Smiths cut, shape, braze and tune iron cowbells.",iron sheet; copper brazing; tuning,cowbells,tools;play and music,"UNESCO ICH list (2015, Urgent Safeguarding)",,living-community,UNESCO ICH lists (link out; per-item photo licence); Wikimedia Commons,R3,F1.22a,high,
PRA180,Craftsmanship of Horezu ceramics,Horezu,living-practice,People,F1.11,EU-BYZ,,,Inscribed 2012,"Potters throw and slip-trail red clay wares with brown, green and blue designs.",red clay; slip trailing; horn tools,plates; jugs,food and storage,UNESCO ICH list (2012),,living-community,UNESCO ICH lists (link out; per-item photo licence); Wikimedia Commons,R3,F1.18,high,
PRA181,Art of the traditional blouse with embroidery on the shoulder (altiţă),ie; altiţă,living-practice,People,F1.11,EU-BYZ;EU-EER,,,"Inscribed 2022 (Romania, Moldova)",Women sew and embroider the ie blouse with a shoulder band.,linen; cotton; embroidery,ie blouses,clothing and adornment,UNESCO ICH list (2022),,living-community,UNESCO ICH lists (link out; per-item photo licence); Wikimedia Commons,R3,F1.18;F1.2,high,Fashion-house copying case (F1.2).
PRA182,Tradition of carpet-making in Chiprovtsi,Chiprovtsi kilims,living-practice,People,F1.11,EU-BYZ,,,Inscribed 2014,Women weave tapestry kilims on vertical looms.,wool; vertical loom; natural dyes,kilims,shelter,UNESCO ICH list (2014),,living-community,UNESCO ICH lists (link out; per-item photo licence); Wikimedia Commons,R3,F1.18,high,
PRA183,Tinian marble craftsmanship,Tinos marble carving,living-practice,People,F1.11,EU-GRR,,,Inscribed 2015,"Carvers on Tinos work marble for churches, houses and graves.",marble; chisels,fanlights; icon screens; grave markers,shelter;ritual and belief,UNESCO ICH list (2015),,living-community,UNESCO ICH lists (link out; per-item photo licence); Wikimedia Commons,R3,F1.15,high,
PRA184,Lefkara laces or Lefkaritika,Lefkaritika,living-practice,People,F1.11,EU-GRR,,,Inscribed 2009,Women in Lefkara make embroidered and drawn-thread lace.,linen; drawn thread; embroidery,lace,clothing and adornment;shelter,UNESCO ICH list (2009),,living-community,UNESCO ICH lists (link out; per-item photo licence); Wikimedia Commons,R3,F1.18,high,
PRA185,Petrykivka decorative painting as a phenomenon of the Ukrainian ornamental folk art,Petrykivka,living-practice,People,F1.11,EU-EER,,,Inscribed 2013,Painters decorate houses and objects with floral brushwork.,paint; cat-hair brushes; fingertips,painted panels; walls,shelter;ritual and belief,UNESCO ICH list (2013),,living-community,UNESCO ICH lists (link out; per-item photo licence); Wikimedia Commons,R3,F1.15,high,
PRA186,Tradition of Kosiv painted ceramics,Kosiv ceramics,living-practice,People,F1.11,EU-EER,,,"Inscribed 2019 (Representative List, not Urgent Safeguarding)",Potters paint slip designs on wheel-thrown wares.,clay; slip painting,plates; jugs,food and storage,UNESCO ICH list (2019),,living-community,UNESCO ICH lists (link out; per-item photo licence); Wikimedia Commons,R3,F1.18,high,
PRA187,Handmade production of Christmas tree decorations from blown glass beads,Poděbrady glass decorations,living-practice,People,F1.11,EU-WCE,,,Inscribed 2020 (Czechia),"Makers blow, silver, colour and string glass beads into decorations.",glass tubing; blowing; silvering,ornaments,ritual and belief;play and music,UNESCO ICH list (2020),,living-community,UNESCO ICH lists (link out; per-item photo licence); Wikimedia Commons,R3,F1.21,high,
PRA188,Cross-crafting and its symbolism in Lithuania,kryždirbystė,living-practice,People,F1.11,EU-SCA,,,"Proclaimed 2001, inscribed 2008",Carvers make wooden crosses and shrines with carved ornament.,oak; carving,crosses; roofed pillars,ritual and belief,UNESCO ICH list (2008; proclaimed 2001),,living-community;sacred,UNESCO ICH lists (link out; per-item photo licence); Wikimedia Commons,R3,F1.16,high,Lithuania filed under EU-SCA (Baltic).
PRA189,Organ craftsmanship and music,Orgelbau,living-practice,People,F1.11,EU-WCE,,,Inscribed 2017 (Germany),"Organ builders make pipes, wind systems and cases in specialist workshops.",metal pipes; wood; voicing,pipe organs,play and music;ritual and belief,UNESCO ICH list (2017),,living-community,UNESCO ICH lists (link out; per-item photo licence); Wikimedia Commons,R2,F1.4,high,
PRA190,Craft of the miller operating windmills and watermills,molenaar,living-practice,People,F1.11,EU-BLC,,,Inscribed 2017 (Netherlands),Millers maintain and run windmills and watermills to grind grain.,wind and water power; millstones,flour,food and storage;tools,UNESCO ICH list (2017),,living-community,UNESCO ICH lists (link out; per-item photo licence); Wikimedia Commons,R3,F1.22,high,
PRA191,Skills related to perfume in Pays de Grasse,Grasse perfumery,living-practice,People,F1.11,EU-WCE,,,Inscribed 2018,"Growers and perfumers cultivate flowers, extract essences and compose scents.",flowers; distillation; extraction,perfumes,care and access;exchange and value,UNESCO ICH list (2018),,living-community,UNESCO ICH lists (link out; per-item photo licence); Wikimedia Commons,R3,F1.21,high,"Official title includes ""the cultivation of perfume plants, the knowledge and processing of natural raw materials, and the art of perfume composition""."
PRA192,Beer culture in Belgium,Belgian brewing,living-practice,People,F1.11,EU-BLC,,,Inscribed 2016,"Brewers make many styles of beer, including monastic and spontaneous-fermentation beers.",malt; hops; fermentation,beers,food and storage,UNESCO ICH list (2016),,living-community,UNESCO ICH lists (link out; per-item photo licence); Wikimedia Commons,R3,F1.18,high,
PRA193,Art of Neapolitan 'Pizzaiuolo',pizzaiuolo,living-practice,People,F1.11,EU-WCE,,,Inscribed 2017,"Pizza makers knead, shape and bake in wood-fired ovens.",dough; wood-fired oven,pizza,food and storage,UNESCO ICH list (2017),,living-community,UNESCO ICH lists (link out; per-item photo licence); Wikimedia Commons,R3,F1.21,high,
PRA194,Harris Tweed weaving,Clò Mòr,living-practice,People,F1.11,EU-BLC,,,Protected by the Harris Tweed Act 1993,Islanders of the Outer Hebrides handweave wool tweed at home.,wool; handloom; dyeing,tweed cloth,clothing and adornment,Harris Tweed Authority; Hebridean weavers,,living-community,Wikimedia Commons; community-published site,R3,F1.19;F1.23,high,Protected by statute rather than UNESCO.
PRA195,Sámi duodji,duodji,living-practice,People,F1.11,EU-SCA,,,Long-standing,"Sámi makers work reindeer hide, antler, wood and pewter thread into clothing, tools and containers.",reindeer hide; antler; birch burl; pewter thread,gákti; knives; guksi cups,clothing and adornment;tools;food and storage,Sámi duojárat,,Indigenous-community;living-community,Wikimedia Commons; community-published site,R2,F1.18;F1.2,high,Fake Sámi dress and souvenirs are an F1.2 issue.
PRA196,Kraków nativity scene (szopka) tradition,szopka krakowska,living-practice,People,F1.11,EU-WCE,,,Inscribed 2018,Makers build ornate nativity scenes modelled on Kraków buildings.,cardboard; foil; wood,szopki,ritual and belief;play and music,UNESCO ICH list (2018),,living-community,UNESCO ICH lists (link out; per-item photo licence); Wikimedia Commons,R3,F1.29,high,
PRA197,Pacific wayfinding,traditional navigation,living-practice,People,F1.12,OC-POL;OC-MIC;OC-MEL,,,Ancient; revived since the 1970s (Hōkūleʻa 1976 voyage),"Navigators read stars, swells, birds and clouds to voyage without instruments, and build the canoes that carry them.",star compass; swell reading; canoe building,voyaging canoes; stick charts,transport;record and writing,Pacific navigators; Polynesian Voyaging Society,,Indigenous-community;living-community,Wikimedia Commons; community-published site,R1,F1.13;F1.29,high,Project already holds PR-010.
PRA198,Carolinian wayfinding and canoe making,Carolinian navigation,living-practice,People,F1.12,OC-MIC,,,"Inscribed 2021, Urgent Safeguarding (Federated States of Micronesia)",Carolinian navigators and builders make outrigger canoes and teach navigation.,breadfruit wood; sennit; star compass,outrigger canoes,transport,"UNESCO ICH list (2021, Urgent Safeguarding)",,Indigenous-community;living-community,UNESCO ICH lists (link out; per-item photo licence); Wikimedia Commons,R2,F1.13;F1.29,medium,Verify title.
PRA199,Tongan ngatu making,ngatu,living-practice,People,F1.12,OC-POL,,,Long-standing,"Tongan women beat hiapo bark into sheets, paste them and rub designs from kupesi tablets.",hiapo bark; beaters; kupesi; tongan dyes,ngatu; kupesi,clothing and adornment;exchange and value;ritual and belief,Tongan women's kautaha (work groups),,Indigenous-community;living-community,Te Papa Collections Online (per-item; link out where restricted); Auckland Museum Collections Online (per-item); Wikimedia Commons,R2,F1.18,high,
PRA200,Fijian masi making,masi,living-practice,People,F1.12,OC-MEL,,,Long-standing,Fijian women beat masi and print it with stencils.,paper mulberry bark; stencils; natural dyes,masi kesa,clothing and adornment;ritual and belief,"Fijian masi makers (Moce, Vatulele)",,Indigenous-community;living-community,Te Papa Collections Online (per-item; link out where restricted); Wikimedia Commons,R2,F1.18,high,
PRA201,Hawaiian kapa making,kapa,living-practice,People,F1.12,OC-POL,,,Pre-contact; revived from the 1970s,Kapa makers ferment and beat wauke bark and print designs with bamboo stamps.,wauke bark; beaters; ʻohe kāpala stamps,kapa,clothing and adornment;ritual and belief,Kanaka Maoli kapa makers,,Indigenous-community;living-community,Wikimedia Commons; community-published site,R2,F1.18;F1.27,high,
PRA202,Samoan fine-mat weaving,ʻie tōga weaving,living-practice,People,F1.12,OC-POL,,,Long-standing,Samoan women plait fine pandanus mats for exchange at life events.,pandanus; fine plaiting,ʻie tōga,exchange and value;ritual and belief,Samoan women weavers,,Indigenous-community;living-community,Te Papa Collections Online (per-item; link out where restricted); Wikimedia Commons,R2,F1.18,high,
PRA203,Marshallese jaki-ed weaving,jaki-ed,living-practice,People,F1.12,OC-MIC,,,Long-standing; revived,Marshallese women plait pandanus into clothing mats with fine borders.,pandanus; hibiscus fibre; plaiting,jaki-ed mats,clothing and adornment;shelter,Marshallese weavers,,Indigenous-community;living-community,Wikimedia Commons; community-published site,R2,F1.18,medium,
PRA204,Whakairo (Māori carving),whakairo,living-practice,People,F1.12,OC-POL,,,Pre-contact; living,"Māori carvers work wood, bone and pounamu into meeting houses, canoes and taonga.",tōtara; pounamu; bone; adzes and chisels,wharenui carvings; waka prows; hei tiki,ritual and belief;rule and display,Māori carvers,,Indigenous-community;ancestral;sacred,Te Papa Collections Online (per-item; link out where restricted); Auckland Museum Collections Online (per-item); community-published site,R2,F1.24,high,NZ Māori Arts and Crafts Institute (Te Puia).
PRA205,Raranga and whatu (Māori weaving),raranga; whatu; tukutuku,living-practice,People,F1.12,OC-POL,,,Pre-contact; living,"Māori weavers plait harakeke and twine muka into cloaks, baskets and panels.",harakeke; muka; feathers; twining,kākahu cloaks; kete; tukutuku panels,clothing and adornment;food and storage;shelter,Māori weavers,,Indigenous-community;sacred,Te Papa Collections Online (per-item; link out where restricted); Auckland Museum Collections Online (per-item); community-published site,R2,F1.18,high,
PRA206,Tā moko,tā moko,living-practice,People,F1.12,OC-POL,,,Pre-contact; revived,Tohunga tā moko carve and ink designs into skin that carry genealogy.,uhi chisels; needles; pigment,moko,clothing and adornment;ritual and belief,Māori tā moko practitioners,,Indigenous-community;sacred,community-published site,R3,F1.2;F1.24,high,Toi moko (preserved heads) are ancestral remains—never display; repatriation.
PRA207,Samoan tatau,pe'a; malu,living-practice,People,F1.12,OC-POL,,,Pre-contact; unbroken,Tufuga ta tatau tap bone combs to mark the pe'a and malu.,au combs; mallet; soot pigment,pe'a; malu,clothing and adornment;ritual and belief,Samoan tufuga ta tatau,,Indigenous-community;sacred,community-published site,R3,F1.2,high,
PRA208,Aboriginal fibre work,fibre weaving,living-practice,People,F1.12,OC-AUS,,,Ancient; living,"Aboriginal women gather, dye and coil or twine fibres into baskets, mats, nets and sculptures.",pandanus; sedge; natural dyes; coiling; twining,dilly bags; mats; fish traps; fibre sculptures,food and storage;tools;clothing and adornment,"Aboriginal weavers (e.g. Yolŋu, Ngarrindjeri, Tjanpi Desert Weavers)",,Indigenous-community;sacred,community-published site; Wikimedia Commons,R2,F1.18,high,Some designs and forms are restricted.
PRA209,Bark painting,Arnhem Land bark painting,living-practice,People,F1.12,OC-AUS,,,Ancient; bark painting for exchange from the 20th century,"Artists paint ochre on stringybark with fine brushes, including clan designs.",stringybark; ochre; rarrk crosshatching,bark paintings; larrakitj poles,ritual and belief;record and writing,Yolŋu and other Arnhem Land artists; art centres,,Indigenous-community;sacred,community-published site,R2,F1.24;F1.26,high,Yirrkala Bark Petitions (1963) are primary sources; designs may be restricted.
PRA210,Western Desert acrylic painting,Papunya Tula,living-practice,People,F1.12,OC-AUS,1971,,"Papunya, 1971","Artists paint Tjukurrpa in acrylic on board and canvas, first at Papunya.",acrylic; dotting; canvas,paintings,ritual and belief;exchange and value,Papunya Tula Artists and desert art centres,,Indigenous-community;sacred,community-published site,R2,F1.20;F1.24,high,Some early works showed restricted content and were withdrawn.
PRA211,Budj Bim aquaculture,kooyang aquaculture,living-practice,People,F1.12,OC-AUS,-4600,,"Channels c. 6,600 years old; living","Gunditjmara people build and maintain stone channels, weirs and woven traps to farm kooyang (eels).",basalt channels; weirs; woven eel baskets,eel traps; channels; stone huts,food and storage;tools,Gunditjmara people,,Indigenous-community;living-community,Wikimedia Commons; community-published site,R1,F1.22;F1.3,high,"Project already holds PR-018. Budj Bim is a World Heritage cultural landscape (2019), not a UNESCO ICH element."
PRA212,Vanuatu sand drawings,sandroing,living-practice,People,F1.12,OC-MEL,,,"Proclaimed 2003, inscribed 2008","Drawers trace continuous lines in sand to record rituals, stories and messages.",finger drawing in sand,sand drawings,record and writing;ritual and belief,UNESCO ICH list (2008; proclaimed 2003),,Indigenous-community;living-community,UNESCO ICH lists (link out; per-item photo licence); Wikimedia Commons,R3,F1.29,high,
PRA213,Bilum making,bilum,living-practice,People,F1.12,OC-MEL,,,Long-standing,Women in Papua New Guinea loop plant and synthetic fibre into net bags for carrying food and infants.,plant fibre; synthetic yarn; looping,bilums,food and storage;care and access;transport,PNG women bilum makers,,Indigenous-community;living-community,Wikimedia Commons; community-published site,R2,F1.18,high,
PRA214,Langa Langa shell money making,tafuliʻae,living-practice,People,F1.12,OC-MEL,,,Long-standing,"Langa Langa makers grind, drill and string shell discs into currency used in bride price.",shell; drilling; grinding; stringing,tafuliʻae strings,exchange and value;ritual and belief,Langa Langa Lagoon makers (Malaita),,Indigenous-community;living-community,Wikimedia Commons; community-published site,R3,F1.29,medium,
