id,name,other_names,kind,family,world,sub_regions,start,end,date_note,making_significance,materials_techniques,object_types,functions,defined_by,leaves_out,sensitivity,free_sources,tier,units,confidence,notes
COM001,Copts,Coptic Christians; Aigyptios/Qibt (origin of the name),community,People,F1.6,AF-EGY;AF-NUB,300,,c. 300 CE (Christian Egypt) to present; community continuity longer,"Coptic weavers, scribes, icon painters and builders are credited with late antique tapestry textiles, bookbinding and icon painting, and the community still makes icons and church textiles.",tapestry weave;linen and wool;parchment;icon painting;bookbinding,textile;manuscript;icon;liturgical object,clothing and adornment; ritual and belief; record and writing,the community; ethnographic and museum usage,'Coptic' in museums often labels all late antique Egyptian textiles regardless of the maker's faith; it also covers Egyptian Coptic Catholic and Protestant communities,living-community,Met Open Access (CC0); Cleveland Museum of Art Open Access (CC0); British Museum collection online (view; licence per image); Wikimedia Commons; Coptic Museum Cairo (view),R2,F1.16;F1.18,high,"links: BEL008; MKR012; STY083. Museum 'Coptic textile' label is a period label, not a community attribution; say so."
COM002,Nubians,Nobiin- and Kenzi/Mattokki-speakers; Fadicca; Dongolawi; Barabra (dated exonym),community,People,F1.6,AF-EGY;AF-NUB,-2500,,ancestral Nubian cultures from c. 2500 BCE; present communities displaced by Aswan dams 1902–1971,"Nubian communities are known for painted and decorated house façades, basketry and beadwork, and many were resettled when the Aswan dams flooded their villages.",mud-brick building;painted plaster;basketry;beadwork;palm fibre,house façade;basket;plate cover;jewellery,shelter; clothing and adornment; food and storage; ritual and belief,the community; ethnographic and museum usage,"Nobiin, Kenzi and Dongolawi speakers and Sudanese and Egyptian Nubians; ancient 'Nubia' labels in museums merge Kerma, Kush and medieval kingdoms with the living people",living-community; Indigenous-community; human-flow,Wikimedia Commons; Met Open Access (CC0); British Museum collection online (view; licence per image); Nubian Museum Aswan (view),R2,F1.22;F1.24,medium,links: CIV002; OCC230; POL004. Dam resettlement is forced displacement; human-flow applied. Indigenous self-identification varies; verify.
COM003,Siwi,Isiwan; Siwans (exonym),community,People,F1.6,AF-EGY;AF-MAG,1200,,oasis town Shali founded c. 1203 by tradition; oasis older,"The Amazigh community of Siwa oasis is known for kershef salt-mud building, silver jewellery and dense embroidery on wedding dresses and shawls.",kershef (salt-mud) building;silver;embroidery;palm fibre basketry,wedding dress;shawl;necklace (aghraw);basket,shelter; clothing and adornment; rule and display,the community; ethnographic and museum usage,Siwi households and clans; tourist 'Siwa embroidery' markets merge commercial copies with community work,living-community; Indigenous-community,Wikimedia Commons; British Museum collection online (view; licence per image),R3,F1.18,medium,Shali date traditional; endonym Isiwan verified.
COM004,Sinai Bedouin,"Bedu of Sinai; Tarabin, Muzeina, Jebeliya and other tribes",community,People,F1.6;F1.10,AF-EGY;WA-LEV,1500,,tribal presence attested in Ottoman period; earlier roots,"Sinai Bedouin women embroider cross-stitch dresses, face veils and bags whose colours signal tribe and marital status.",cross-stitch embroidery;goat-hair weaving;beadwork;coins,dress;face veil;camel bag;tent,shelter; clothing and adornment; transport; exchange and value,the community; ethnographic and museum usage,"separate tribes (Tarabin, Muzeina, Jebeliya and others) with distinct styles; 'Bedouin' as a museum label joins Sinai with Naqab, Jordanian and Arabian groups",living-community,Wikimedia Commons; British Museum collection online (view; licence per image); Met Open Access (CC0),R3,F1.18,medium,Start date is a placeholder; verify.
COM005,Beja,"Bidhaawyeet-speakers; Bishari, Hadendowa, Amarar, Beni-Amer",community,People,F1.6,AF-NUB;AF-EGY;AF-HRN,-500,,Blemmyes of classical sources are often identified as ancestors; approximate,"Beja communities are known for silver and leather work, carved wooden combs and camel-herding equipment.",leatherwork;silver;wood carving;mat weaving,comb;shield;sword sheath;mat tent,shelter; clothing and adornment; transport; war,the community; ethnographic and museum usage,"Hadendowa, Bishari, Amarar and Beni-Amer (the last speaking Tigre) under one name; the colonial 'Fuzzy-Wuzzy' caricature",living-community; Indigenous-community,British Museum collection online (view; licence per image); Pitt Rivers Museum collections online (view); Wikimedia Commons,R3,F1.19a,medium,Blemmyes link is contested; endonym to verify. Rejected exonym 'Fuzzy-Wuzzy' deliberately not in other_names as a name.
COM006,Jieng,Dinka (exonym),community,People,F1.6,AF-NUB,1000,,approximate; cattle-herding ancestors older,"Jieng communities make beaded corsets, carved headrests and cattle-related objects whose colours mark age and status.",glass beadwork;wood carving;ash and hide work,beaded corset;headrest;pipe;cattle bell,clothing and adornment; rule and display; food and storage,the community; ethnographic and museum usage,"many sections (Rek, Agar, Bor and others); museum 'Nilotic' labels merge them with Naath and others",living-community; Indigenous-community,British Museum collection online (view; licence per image); Pitt Rivers Museum collections online (view); Wikimedia Commons,R3,F1.18,medium,Beaded corset dating and sectional variation to verify.
COM007,Naath,Nuer (exonym),community,People,F1.6,AF-NUB;AF-HRN,1000,,approximate,"Naath communities make carved headrests, beadwork and cattle-horn objects, and body scarification marks initiation.",horn shaping;wood carving;beadwork,headrest;bracelet;cattle-horn training,clothing and adornment; ritual and belief; food and storage,the community; ethnographic and museum usage,eastern and western Naath; Evans-Pritchard's 1940 ethnography shaped the outside picture,living-community; Indigenous-community,Pitt Rivers Museum collections online (view); British Museum collection online (view; licence per image); Internet Archive (public-domain ethnographies; read critically),R3,F1.3,medium,links: none. Pitt Rivers holds Evans-Pritchard photographs (view).
COM008,Nuba peoples,Nuba (collective name for many Kordofan hill communities),community,People,F1.6,AF-NUB,1000,,approximate,"The many Nuba Mountains communities are known for body painting, pottery and wrestling regalia; outside photography made some groups famous without consent.",body painting;ochre;pottery;basketry,body painting;wrestling bracelet;pot,clothing and adornment; play and music; ritual and belief,the community; ethnographic and museum usage,"over fifty language communities (Moro, Otoro, Kao, Nyaro and others) flattened by one name; the Riefenstahl photographs",living-community; Indigenous-community,Pitt Rivers Museum collections online (view); Wikimedia Commons,R3,F1.26;F1.2,medium,"Name is a collective, not one endonym; say so."
COM009,Fur,For; Fora,community,People,F1.6,AF-NUB;AF-SAH,1600,,Keira sultanate c. 1650–1916; community older,"Fur communities are known for pottery, leather and basketry, and the Darfur sultanate's court used imported cloth and armour.",pottery;leatherwork;basketry,pot;saddle;basket,food and storage; transport; rule and display,the community; ethnographic and museum usage,Darfur's many other peoples; the sultanate label,living-community; Indigenous-community; conflict-looting,Wikimedia Commons; British Museum collection online (view; licence per image),R3,F1.19a,low,Sultanate dates to verify; conflict since 2003 affects heritage.
COM010,Imazighen,Amazigh (sing.); Berber (rejected exonym for many),community,People,F1.6;F1.10,AF-MAG;AF-SAH;AF-EGY,-1000,,Libyco-Berber inscriptions from 1st millennium BCE; approximate,"Amazigh communities across North Africa make flat-woven and knotted rugs, silver jewellery, painted pottery and Tifinagh-inscribed objects, much of it by women.",flat-weaving;pile knotting;silver casting and enamel;handmade pottery;Tifinagh,rug;fibula;necklace;pot;wedding textile,shelter; clothing and adornment; rule and display; record and writing,the community; ethnographic and museum usage,"Kabyle, Rifian, Shilha, Mozabite, Chaoui, Siwi and Kel Tamasheq among others; 'Berber rug' markets that erase named weavers",living-community; Indigenous-community,Met Open Access (CC0); British Museum collection online (view; licence per image); musée du quai Branly collections online (view); Wikimedia Commons; Europeana,R1,F1.18;F1.2;F1.26,high,'Berber' is widely used but rejected by many; recorded as contested. links: PRA011; PRA012; MKR014.
COM011,Iqbayliyen,Kabyles (exonym form); Leqbayel,community,People,F1.6,AF-MAG,1000,,approximate,Kabyle women make hand-built painted pottery and men and women make enamelled silver jewellery associated with Ath Yenni.,hand-built pottery;cloisonné enamel on silver;weaving,pot;lamp;fibula;brooch,clothing and adornment; food and storage; rule and display,the community; ethnographic and museum usage,village confederations; French colonial ethnography that made 'Kabyle art' a category,living-community; Indigenous-community,musée du quai Branly collections online (view); British Museum collection online (view; licence per image); Wikimedia Commons,R2,F1.18;F1.3,high,links: Imazighen row.
COM012,Ishelḥiyen,Chleuh (French rendering of the self-name); Shilha-speakers; Soussi,community,People,F1.6,AF-MAG,1000,,approximate,Shilha-speaking communities of the Souss and Anti-Atlas are associated with silver jewellery centres such as Tiznit and with granary (agadir) building.,silver;enamel;rammed earth;stone,necklace;fibula;agadir granary,shelter; clothing and adornment; food and storage,the community; ethnographic and museum usage,Jewish silversmiths who made much 'Berber' silver before emigration; tribal diversity,living-community; Indigenous-community,Met Open Access (CC0); British Museum collection online (view; licence per image); Wikimedia Commons,R3,F1.23,medium,Endonym išelḥiyen verified (also written Ishelhien); links: Moroccan Jewish communities row.
COM013,Ait Mzab,Mozabites (exonym),community,People,F1.6;F1.10,AF-MAG,1000,,M'zab towns founded 11th c.; approximate,The Ibadi community of the M'zab valley built the five walled towns of Ghardaïa and weaves rugs with distinctive geometric designs.,plaster and stone building;wool weaving,town;mosque;rug,shelter; ritual and belief,the community; ethnographic and museum usage,women weavers; the Ibadi religious framing,living-community; Indigenous-community,Wikimedia Commons; UNESCO ICH pages (text; status to verify),R3,F1.16,medium,links: BEL019. UNESCO status of M'zab valley to verify.
COM014,Sahrawi,Saharawi; Ahl as-Sahel,community,People,F1.6,AF-MAG;AF-SAH,1600,,Hassaniya-speaking tribal formation from c. 16th c.; approximate,"Sahrawi women make leather cushions and bags and the large woven khaima tent, and refugee camps sustain these crafts.",leatherwork;goat-hair tent weaving;dyed cloth (melhfa),tent;leather bag;cushion,shelter; clothing and adornment; transport,the community; ethnographic and museum usage,tribes and refugee and non-refugee populations; disputed territory,living-community; Indigenous-community; human-flow,Wikimedia Commons,R3,F1.19a,medium,Displacement since 1975 is central to the community's present; human-flow applied.
COM015,Moroccan Jewish communities,Maghrebi Jews; Toshavim and Megorashim,community,People,F1.6;F1.10,AF-MAG,-100,,presence from antiquity; most emigrated 1948–1970s,"Jewish silversmiths, embroiderers and bookmakers were central to Moroccan jewellery and textile production until emigration, and a community of about 1,000 remains in Morocco.",silversmithing;gold embroidery;enamel,jewellery;wedding dress (keswa kbira);Torah case,clothing and adornment; ritual and belief; rule and display,the community; ethnographic and museum usage,Indigenous (toshavim) and Iberian-origin (megorashim) Jews; Amazigh clients whose 'Berber' jewellery Jews made,living-community,Met Open Access (CC0); Wikimedia Commons; Israel Museum (view),R3,F1.23;F1.2,medium,links: OCC051. Start date approximate.
COM016,Kel Tamasheq,Tuareg (exonym); Kel Tamajaq; Kel Tamahaq,community,People,F1.6,AF-SAH;AF-MAG,500,,approximate; Tifinagh script older,"Kel Tamasheq smiths (inaden) make silver crosses, leather bags, saddles and locks, and women make tents and leatherwork.",silver casting;lost-wax;leather dyeing;Tifinagh,cross pendant;camel saddle;leather bag;tent,shelter; clothing and adornment; transport; record and writing,the community; ethnographic and museum usage,"confederations (Kel Aïr, Kel Ahaggar, Kel Adagh and others) and the inaden caste of smiths",living-community; Indigenous-community; conflict-looting,Met Open Access (CC0); British Museum collection online (view; licence per image); musée du quai Branly collections online (view); Wikimedia Commons,R2,F1.23;F1.19a,high,links: MKR009; PRA014. Endonym varies by dialect.
COM017,Bamanan,Bamana; Bambara (exonym),community,People,F1.6,AF-SAH,1600,,Ségou state c. 1712–1861; community older,"Bamanan communities make bogolan mud cloth, ci wara headcrests and Jo and Kore society figures, and bogolan is now also a design industry.",mud-dye;wood carving;iron forging,bogolan cloth;ci wara headcrest;figure,clothing and adornment; ritual and belief; play and music,the community; ethnographic and museum usage,blacksmith (numu) and other nyamakala castes; Mande neighbours merged in museum labels,living-community,Met Open Access (CC0); Cleveland Museum of Art Open Access (CC0); Art Institute of Chicago (CC0 images); British Museum collection online (view; licence per image); Wikimedia Commons,R1,F1.18;F1.2;F1.16,high,links: MKR007; MKR008; PRA004. Many society objects are sacred.
COM018,Dogon,Dogon (self-used),community,People,F1.6,AF-SAH,1400,,arrival on Bandiagara escarpment c. 15th c. by tradition,"Dogon communities are known for carved granary doors, masks for dama rites and cliff villages, and museums often mislabel Tellem objects as Dogon.",wood carving;iron;mud building;indigo,mask;granary door;figure;toguna,shelter; ritual and belief; food and storage,the community; ethnographic and museum usage,the Tellem and other earlier escarpment peoples; many language varieties; Griaule's contested ethnography,living-community; sacred; conflict-looting,Met Open Access (CC0); Art Institute of Chicago (CC0 images); musée du quai Branly collections online (view); British Museum collection online (view; licence per image); Wikimedia Commons,R2,F1.3;F1.24,high,Griaule-era claims (Sirius) contested; theft from escarpment sites documented; conflict-looting applied.
COM019,Senufo,Siena; Syénambélé (Senambele); Senoufo (French); Senara (one subgroup),community,People,F1.6,AF-SAH;AF-GUI,1600,,approximate,"Senufo communities are known for Poro society masks and figures, carved by specialist sculptor groups, and for Korhogo painted cloth.",wood carving;brass casting;mud painting on cloth,mask;rhythm pounder;bird figure;Korhogo cloth,ritual and belief; play and music; clothing and adornment,the community; ethnographic and museum usage,Kulebele carvers and Fonombele smiths; Supyire and other language groups,living-community; sacred,Met Open Access (CC0); Art Institute of Chicago (CC0 images); Cleveland Museum of Art Open Access (CC0); Wikimedia Commons,R2,F1.16;F1.23,high,"links: PRA027. The name Senufo is of external origin and subgroups use their own names; no single endonym, so the widely used name is kept (endonym to verify)."
COM020,Bwa,Bwaba,community,People,F1.6,AF-SAH,1600,,approximate,Bwa communities make large painted plank masks and leaf masks for the Do cult; their neighbours are often credited with them.,wood carving;earth pigment;leaf,plank mask;leaf mask,ritual and belief; play and music,the community; ethnographic and museum usage,"Nuna, Winiama and Mossi neighbours whose masks are merged with Bwa ones",living-community; sacred,Met Open Access (CC0); Art Institute of Chicago (CC0 images); Wikimedia Commons,R3,F1.16,medium,
COM021,Moose,Mossi (exonym form),community,People,F1.6,AF-SAH,1400,,kingdoms from c. 15th c.,"Moose communities make carved wooden masks and dolls, weave strip cloth and cast brass, some in Ouagadougou workshops.",wood carving;narrow-strip weaving;brass casting,mask;doll (biiga);strip cloth,ritual and belief; play and music; clothing and adornment,the community; ethnographic and museum usage,Nyonyose (earlier peoples) who carry the masks; Nakomse rulers,living-community,Met Open Access (CC0); Art Institute of Chicago (CC0 images); Wikimedia Commons,R3,,medium,links: POL038.
COM022,Fulɓe,Fulani (Hausa-derived exonym); Peul (French); Fula,community,People,F1.6,AF-SAH;AF-GUI,1000,,approximate,"Fulɓe herders and women artisans make engraved calabashes, gold and amber jewellery and khasa wool blankets woven by specialists.",calabash engraving;gold hammering;wool weaving,calabash;earring;khasa blanket;hat,clothing and adornment; food and storage; exchange and value,the community; ethnographic and museum usage,Wodaabe and settled Fulɓe; weaver castes (maabuɓe) in Mali,living-community,Met Open Access (CC0); British Museum collection online (view; licence per image); Wikimedia Commons,R3,F1.18,high,
COM023,Wolof,Wolof,community,People,F1.6,AF-SAH,1300,,Jolof state from c. 14th c.,"Wolof communities are associated with gold filigree jewellery, fabric wrapping, sous-verre glass painting and dress fashion in Dakar.",gold filigree;reverse glass painting;dyed cloth,jewellery;glass painting;boubou,clothing and adornment; rule and display,the community; ethnographic and museum usage,caste groups of smiths (tëgg) and griots,living-community,Wikimedia Commons; British Museum collection online (view; licence per image),R3,F1.21,medium,links: STY092 Souwere.
COM024,Hausawa,Hausa,community,People,F1.6,AF-SAH,1000,,Hausa city-states from c. 11th c.,"Hausa dyers, embroiderers and builders are known for indigo pits, embroidered robes and plastered relief architecture.",indigo dyeing;hand embroidery;mud plaster relief,riga robe;dyed cloth;decorated house,shelter; clothing and adornment; rule and display,the community; ethnographic and museum usage,Fulɓe ruling class after 1804; Kano dyers' guilds,living-community,British Museum collection online (view; licence per image); Wikimedia Commons; Met Open Access (CC0),R2,F1.18,high,links: POL032; MKR006.
COM025,Bozo,Sorogo; Bozo,community,People,F1.6,AF-SAH,1000,,approximate,Bozo fisher communities build boats and are associated with masonry guilds (barey ton) at Djenné.,boat-building;earth masonry;net making,pirogue;mosque plaster;net,shelter; transport; food and storage,the community; ethnographic and museum usage,Marka and Songhay masons merged in the Djenné story,living-community,Wikimedia Commons; UNESCO ICH pages (text; status to verify),R3,F1.28a,medium,links: PRA017. Mason-guild attribution to verify.
COM026,Kassena,Kasena; Gurunsi (collective exonym),community,People,F1.6,AF-SAH;AF-GUI,1500,,approximate,Kassena women paint geometric designs on the walls of compounds such as those at Tiébélé.,earth plaster;mineral pigment;burnishing,painted house,shelter; ritual and belief,the community; ethnographic and museum usage,Nankani and other Gurunsi groups,living-community,Wikimedia Commons,R3,F1.18,medium,
COM027,Yorùbá,"Yoruba; Anago; Lucumí (Cuba, diaspora); Nagô (Brazil, diaspora)",community,People,F1.6,AF-GUI;AM-CAR;AM-LAT,1000,,Ife from c. 1000 CE; the collective name spread in the 19th c.,"Yorùbá carvers, casters, weavers and dyers make ère ìbejì figures, Gẹ̀lẹ̀dẹ́ masks, beaded crowns, aṣọ òkè and adìrẹ cloth, and named masters such as Olowe of Ise are credited.",wood carving;beadwork;indigo resist dye;strip weaving;brass casting,twin figure;mask;beaded crown;veranda post;adire cloth,ritual and belief; rule and display; clothing and adornment; play and music,the community; ethnographic and museum usage,"Ekiti, Ọ̀yọ́, Ìjẹ̀bú, Ẹ̀gbá and other sub-groups; diaspora communities; named carvers credited only as 'Yoruba'",living-community; sacred,Met Open Access (CC0); Cleveland Museum of Art Open Access (CC0); Art Institute of Chicago (CC0 images); British Museum collection online (view; licence per image); Wikimedia Commons,R1,F1.26;F1.16;F1.18,high,links: BEL042; STY085; PRA003; PRA005; SCH014.
COM028,Edo,Bini; Benin (exonym for the kingdom),community,People,F1.6,AF-GUI,1200,,kingdom from c. 13th c.,"Edo guilds in Benin City cast brass heads and plaques and carve ivory for the Oba's court, and the Igun Eronmwon guild still casts.",lost-wax brass casting;ivory carving;coral beadwork,commemorative head;plaque;tusk;altar,rule and display; ritual and belief,the community; ethnographic and museum usage,"guild members (Igun Eronmwon, Igbesanmwan) credited only as 'Benin'; Esan and other peoples of the kingdom",living-community; sacred; conflict-looting,Digital Benin (digitalbenin.org); Met Open Access (CC0); British Museum collection online (view; licence per image); Art Institute of Chicago (CC0 images); Wikimedia Commons,R1,F1.24;F1.26,high,links: CIV012; DYN038; MKR001; MKR002; OCC175; STY086; PRA019.
COM029,Ndi Igbo,Igbo,community,People,F1.6,AF-GUI,850,,Igbo-Ukwu c. 9th–10th c.; approximate,"Igbo communities make ikenga shrine figures, mbari clay houses, uli body and wall painting and masks, and Nsukka artists drew on uli.",wood carving;clay modelling;uli painting;bronze casting,ikenga;mbari house;mask;uli drawing,ritual and belief; rule and display; clothing and adornment,the community; ethnographic and museum usage,many autonomous towns; Igbo-Ukwu as a separate archaeological site; Biafra war losses,living-community; sacred; conflict-looting,Met Open Access (CC0); British Museum collection online (view; licence per image); Art Institute of Chicago (CC0 images); Wikimedia Commons,R2,F1.16;F1.20,high,links: ARC034; STY084; SCH015.
COM030,Asantefoɔ,Asante; Ashanti (older exonym form),community,People,F1.6,AF-GUI,1680,,Asante state c. 1680s–1901; community ongoing,"Asante weavers, goldsmiths and carvers make kente, gold regalia, goldweights and stools, and regalia looted in 1874 are now partly on loan back.",strip weaving;lost-wax gold casting;wood carving;adinkra stamping,kente;stool;gold ornament;goldweight,rule and display; exchange and value; clothing and adornment,the community; ethnographic and museum usage,"other Akan peoples (Fante, Akuapem, Bono) whose work is labelled Asante; Ewe kente weavers",living-community; sacred; conflict-looting,Manhyia Palace Museum (view); Met Open Access (CC0); British Museum collection online (view; licence per image); Wikimedia Commons,R2,F1.24;F1.18,high,links: POL029; DYN039; MKR003; PRA002; PRA020; STY088; OCC155; OCC292.
COM031,Fon,Fɔngbe-speakers,community,People,F1.6,AF-GUI,1600,,Dahomey c. 1600–1894,"Fon artists make appliqué hangings and iron and brass sculpture, forms developed in the Dahomey court workshops, and the Yemadje family workshops in Abomey continue.",appliqué;iron forging;brass casting,appliqué hanging;asen altar;bocio figure;throne,rule and display; ritual and belief,the community; ethnographic and museum usage,Yoruba and other captive artisans at Abomey; enslaved people sold through Ouidah,living-community; sacred; human-flow; conflict-looting,musée du quai Branly collections online (view); Met Open Access (CC0); Wikimedia Commons,R2,F1.24;F1.23,high,links: POL030; BEL043; MKR005; OCC171. Dahomey's slave trade is central: human-flow.
COM032,Ewe,Eʋe,community,People,F1.6,AF-GUI,1600,,approximate,"Ewe weavers make strip-woven kete cloth, and Ewe communities make Vodun shrine objects.",strip weaving;wood carving,kete cloth;shrine figure,clothing and adornment; ritual and belief,the community; ethnographic and museum usage,Ewe in Ghana and Togo; kente attributed only to Asante,living-community; sacred,British Museum collection online (view; licence per image); Wikimedia Commons,R3,F1.18,high,links: BEL043; PRA002.
COM033,Ga,Ga-Dangme (with Dangme),community,People,F1.6,AF-GUI,1500,,approximate,"Ga carpenters in Teshie make figurative coffins (abebuu adekai) for funerals, now also for galleries.",wood carving;paint,figurative coffin,ritual and belief,the community; ethnographic and museum usage,named workshops such as Kane Kwei's; Dangme,living-community; funerary,Wikimedia Commons,R3,F1.16,high,links: STY179.
COM034,Fante,Mfantse,community,People,F1.6,AF-GUI,1600,,approximate,Fante asafo military companies commission appliqué and patchwork flags from specialist flag-makers and build cement posuban shrines.,appliqué;cement sculpture,flag;posuban shrine,rule and display; war,the community; ethnographic and museum usage,individual companies and named flag-makers credited only as 'Fante'; other Akan coastal groups,living-community,British Museum collection online (view; licence per image); Wikimedia Commons,R3,,high,links: STY180.
COM035,Krobo,Klo,community,People,F1.6,AF-GUI,1600,,approximate,Krobo bead makers recycle glass into powder-glass beads for dipo initiation and trade.,powder-glass bead firing,bead,clothing and adornment; ritual and belief; exchange and value,the community; ethnographic and museum usage,Dangme neighbours; imported beads,living-community,Wikimedia Commons,R3,,high,links: PRA018.
COM036,Baule,Baoulé,community,People,F1.6,AF-GUI,1700,,migration from Asante area c. 18th c. by tradition,"Baule carvers make portrait masks, spirit-spouse figures and gold ornaments, and some figures are named to individual sculptors in recent research.",wood carving;gold casting;weaving,portrait mask;spirit-spouse figure;gold pendant,ritual and belief; rule and display,the community; ethnographic and museum usage,Guro and Yohure neighbours; named carvers such as Owie Kimou,living-community; sacred,Met Open Access (CC0); Art Institute of Chicago (CC0 images); Cleveland Museum of Art Open Access (CC0); British Museum collection online (view; licence per image); Wikimedia Commons,R2,F1.26,high,
COM037,Dan,Dan (self-used); Gio (exonym in Liberia),community,People,F1.6,AF-GUI,1600,,approximate,"Dan carvers make face masks and large spoons for honoured hosts, and named carvers such as Zlan are credited.",wood carving,mask;feast ladle (wakemia),ritual and belief; rule and display,the community; ethnographic and museum usage,We (Guéré) and Mano neighbours; named carvers,living-community; sacred,Met Open Access (CC0); Art Institute of Chicago (CC0 images); Cleveland Museum of Art Open Access (CC0); British Museum collection online (view; licence per image); Wikimedia Commons,R2,F1.26,high,
COM038,Mende,Mɛnde,community,People,F1.6,AF-GUI,1500,,approximate,"Mende carvers make helmet masks worn by women of the Sande society, one of the few masks African women wear.",wood carving;blackened finish,sowei helmet mask,ritual and belief; clothing and adornment,the community; ethnographic and museum usage,"Temne, Gola and Vai Sande/Bondo societies; male carvers of female masks",living-community; sacred,Met Open Access (CC0); British Museum collection online (view; licence per image); Wikimedia Commons,R2,F1.16;F1.18,high,links: GAP sowei row in blindmap.
COM039,Ijaw,Izon; Ijo; Kalabari (subgroup),community,People,F1.6,AF-GUI,1400,,approximate,"Kalabari women cut threads from imported cloth to make pelete bite, and Ijaw carvers make water-spirit masks and ancestral screens.",cut-thread cloth;wood carving,pelete bite cloth;mask;ancestral screen,clothing and adornment; ritual and belief,the community; ethnographic and museum usage,"Kalabari, Nembe, Okrika and other Ijaw polities",living-community; sacred; ancestral,British Museum collection online (view; licence per image); Met Open Access (CC0); Wikimedia Commons,R3,F1.18,high,
COM040,Ejagham,Ekoi (exonym),community,People,F1.6,AF-GUI;AF-CEN,1600,,approximate,"Ejagham carvers make skin-covered headdresses and use nsibidi signs, a graphic system shared across the Cross River.",skin-covered carving;nsibidi,skin-covered headdress;cloth,ritual and belief; record and writing,the community; ethnographic and museum usage,Efik and Ekpe society members across groups,living-community; sacred,Met Open Access (CC0); British Museum collection online (view; licence per image); Wikimedia Commons,R3,F1.5,medium,nsibidi as writing is debated; F1.5 link.
COM041,Sapi,Sapes (Portuguese usage); ancestors of Temne and Bullom,community,People,F1.6,AF-GUI,1450,1600,historical; c. 1490–1550 ivory production,Sapi carvers are credited with ivory saltcellars and oliphants carved for Portuguese buyers.,ivory carving,saltcellar;oliphant;spoon,exchange and value; rule and display,the community; ethnographic and museum usage,Temne and Bullom descendants,none,Met Open Access (CC0); British Museum collection online (view; licence per image); Wikimedia Commons,R3,F1.2;F1.13,medium,links: STY087. Historical grouping; descendants living.
COM042,Kuba peoples,Bakuba (Luba-derived exonym); Bushoong and some 18 subgroups,community,People,F1.6,AF-CEN,1600,,kingdom from c. 17th c.,"Kuba men weave raffia and women embroider cut-pile and appliqué panels, and carvers make ndop portrait figures and masks.",raffia weaving;cut-pile embroidery;appliqué;wood carving,raffia skirt;cut-pile panel;ndop figure;mask;cup,clothing and adornment; rule and display; ritual and belief,the community; ethnographic and museum usage,"Bushoong, Kete, Ngeende and other subgroups; women embroiderers",living-community; sacred,Met Open Access (CC0); British Museum collection online (view; licence per image); Art Institute of Chicago (CC0 images); Wikimedia Commons,R1,F1.18;F1.15,high,links: POL022; STY089; PRA006; TEC125.
COM043,Baluba,Luba,community,People,F1.6,AF-CEN,1500,,kingdom c. 1585–1889,Luba sculptors make stools and staffs with female figures and lukasa memory boards used by the Mbudye society.,wood carving;beadwork;iron,caryatid stool;lukasa memory board;staff,rule and display; record and writing; ritual and belief,the community; ethnographic and museum usage,"Shankadi, Hemba and other Luba-related groups; Buli-style carvers",living-community; sacred,Met Open Access (CC0); British Museum collection online (view; licence per image); Art Institute of Chicago (CC0 images); Wikimedia Commons,R2,F1.5;F1.16,high,links: POL023.
COM044,Chokwe,Tshokwe; Kioko (older form),community,People,F1.6,AF-CEN;AF-SOU,1600,,approximate,"Chokwe carvers make chief's chairs, mwana pwo masks and the Chibinda Ilunga hunter figure, and Chokwe sand drawings (sona) are studied by mathematicians.",wood carving;brass tacks;sand drawing,chair;mwana pwo mask;figure;sona,rule and display; ritual and belief; play and music,the community; ethnographic and museum usage,Lunda and Luvale neighbours; Makishi shared across groups,living-community; sacred,Met Open Access (CC0); Art Institute of Chicago (CC0 images); British Museum collection online (view; licence per image); Wikimedia Commons,R2,F1.26;F1.15,high,links: PRA028; AP 173.
COM045,Bakongo,Kongo,community,People,F1.6,AF-CEN;AM-CAR;AM-LAT,1390,,kingdom from c. 1390; diaspora via Atlantic slave trade,"Kongo communities make minkisi power figures, prestige textiles and Christian crucifixes, and Kongo ideas shaped making in the Americas.",wood carving;iron nails;raffia weaving;brass casting,nkisi;crucifix;raffia cloth;grave marker,ritual and belief; rule and display; clothing and adornment,the community; ethnographic and museum usage,"Vili, Yombe, Woyo and other Kongo subgroups; enslaved Kongo people in the Americas",living-community; sacred; human-flow,Met Open Access (CC0); British Museum collection online (view; licence per image); Art Institute of Chicago (CC0 images); Wikimedia Commons; Wereldmuseum / NMVW collections online (view; licence per item),R1,F1.16;F1.24,high,links: CIV013; POL020; BEL045; PLC054.
COM046,Fang,Ekang; Pahouin (exonym),community,People,F1.6,AF-CEN,1700,,approximate,"Fang communities in Gabon, Cameroon and Equatorial Guinea keep carving and masking traditions, while most byeri guardian figures made for ancestor reliquaries left the region in the colonial era.",wood carving;oil patina,byeri figure;ngil mask,ritual and belief,the community; ethnographic and museum usage,"Ntumu, Okak, Betsi and other subgroups; Kota and Punu neighbours",living-community; sacred; ancestral,Met Open Access (CC0); musée du quai Branly collections online (view); Wikimedia Commons,R2,F1.24;F1.2,high,links: STY062.
COM047,Basongye,Songye,community,People,F1.6,AF-CEN,1500,,approximate,Songye carvers make mankishi power figures and kifwebe striated masks.,wood carving;iron;animal materials,nkishi figure;kifwebe mask,ritual and belief,the community; ethnographic and museum usage,Luba neighbours; nganga specialists,living-community; sacred,Met Open Access (CC0); Art Institute of Chicago (CC0 images); Wikimedia Commons,R2,F1.16,high,
COM048,Mangbetu,Mangbetu,community,People,F1.6,AF-CEN,1800,,kingdom 19th c.,"Mangbetu makers are known for anthropomorphic pottery, harps and ivory, much of it made in the early 20th c. for Belgian and other collectors, and this work shaped outside ideas of Congo art.",pottery;wood carving;ivory,anthropomorphic jar;harp;knife,rule and display; play and music,the community; ethnographic and museum usage,Zande and other makers; objects made for the colonial market,living-community,Art Institute of Chicago (CC0 images); Wikimedia Commons,R3,F1.2,medium,links: POL024.
COM049,Grassfields peoples,Bamiléké (exonym for a group of chiefdoms); Bamum; Bafut; Kom,community,People,F1.6,AF-CEN,1400,,approximate,"Grassfields chiefdoms make beaded thrones, masks, carved house posts and ndop cloth.",beadwork;wood carving;resist dye,beaded throne;elephant mask;house post;ndop cloth,rule and display; ritual and belief; clothing and adornment,the community; ethnographic and museum usage,over 100 chiefdoms each named for itself; 'Bamileke' is a colonial collective,living-community; sacred; conflict-looting,Met Open Access (CC0); British Museum collection online (view; licence per image); musée du quai Branly collections online (view); Wikimedia Commons,R2,F1.26,high,links: MKR004; POL025; AP 178. Afo-A-Kom return (1973) link: OCC row to verify.
COM050,Balega,Lega,community,People,F1.6,AF-CEN,1600,,approximate,Lega members of the Bwami society own small ivory and wooden figures and masks tied to rank.,ivory carving;wood carving,figure;mask;spoon,ritual and belief; rule and display,the community; ethnographic and museum usage,Bembe and other neighbours,living-community; sacred,Met Open Access (CC0); Wikimedia Commons,R3,F1.16,high,
COM051,Bapende,Pende,community,People,F1.6,AF-CEN,1600,,approximate,"Pende carvers make mbuya village masks and small ivory ikhoko pendants, and Pende masquerades continue.",wood carving;ivory,mask;pendant,ritual and belief; play and music,the community; ethnographic and museum usage,Kwilu and Kasai Pende; Chokwe and Yaka neighbours,living-community; sacred,Met Open Access (CC0); Art Institute of Chicago (CC0 images); Wikimedia Commons,R3,,medium,
COM052,Mbuti,BaMbuti; 'Pygmy' (rejected exonym),community,People,F1.6,AF-CEN,1000,,approximate,"Mbuti women paint barkcloth with freehand patterns in the Ituri forest, work now shown as painting.",barkcloth beating;gardenia and charcoal painting,painted barkcloth,clothing and adornment; play and music,the community; ethnographic and museum usage,"Efe, Asua and other forest peoples; Lese and Bila farmer neighbours who trade the cloth",living-community; Indigenous-community,Met Open Access (CC0); Wikimedia Commons,R3,F1.18;F1.26,high,'Pygmy' marked as rejected exonym.
COM053,Amhara,Amara,community,People,F1.6,AF-HRN,1270,,Solomonic dynasty from 1270; community older,"Amhara communities are associated with Orthodox church painting, parchment manuscripts, processional crosses and handwoven cotton (shemma).",parchment;egg-tempera painting;brass casting;cotton weaving,manuscript;icon;processional cross;netela shawl,ritual and belief; record and writing; clothing and adornment,the community; ethnographic and museum usage,Tigrayans and Agaw who share the church tradition; weavers (often low-status) and smiths,living-community; sacred; conflict-looting,Met Open Access (CC0); British Museum collection online (view; licence per image); Wellcome Collection (CC BY); Wikimedia Commons,R2,F1.16;F1.24,high,links: BEL009; MKR011; PRA008; OCC Maqdala 1868 (see OCC register); PLC069.
COM054,Tigrinya-speaking peoples,Tegaru (Tigray); Bihera Tigrinya (Eritrea),community,People,F1.6,AF-HRN,-800,,Aksumite and earlier roots; approximate,"Tigrinya-speakers in Tigray and Eritrea maintain rock-hewn churches, church painting, basketry and weaving.",rock-cutting;basketry;weaving;painting,church;basket;icon,ritual and belief; shelter; food and storage,the community; ethnographic and museum usage,Tigray and Eritrean communities as separate political identities; Tigre speakers,living-community; sacred; conflict-looting,Wikimedia Commons; British Museum collection online (view; licence per image),R3,F1.16;F1.19a,medium,links: PLC064; PLC065. Endonyms to verify; war damage since 2020.
COM055,Soomaali,Somali,community,People,F1.6;F1.10,AF-HRN;AF-SWA,900,,approximate,"Somali communities make portable aqal houses, carved headrests and wooden vessels, woven mats and silver jewellery.",mat weaving;wood carving;leather;silver,aqal house;headrest;milk vessel;mat,shelter; food and storage; clothing and adornment,the community; ethnographic and museum usage,"clan families; Somali Bantu (Jareer), once enslaved; Benadir weavers",living-community; human-flow,British Museum collection online (view; licence per image); Wikimedia Commons; Pitt Rivers Museum collections online (view),R3,F1.29,high,human-flow for Somali Bantu history.
COM056,Oromo,Oromo; 'Galla' (rejected exonym),community,People,F1.6,AF-HRN,1500,,expansion 16th c.; approximate,"Oromo communities make carved headrests, milk containers, gourds and the gadaa-related staff and regalia.",wood carving;leather;gourd;beadwork,headrest;milk container;gourd;staff,food and storage; rule and display; ritual and belief,the community; ethnographic and museum usage,"Borana, Tulama, Arsi and other branches",living-community; Indigenous-community,British Museum collection online (view; licence per image); Wikimedia Commons,R3,,high,'Galla' marked rejected.
COM057,'Afar,Afar; Danakil (exonym),community,People,F1.6,AF-HRN,1000,,approximate,Afar pastoralists build portable mat houses (ari) and make daggers (jile) and leatherwork.,mat weaving;leather;iron,ari house;jile dagger,shelter; war,the community; ethnographic and museum usage,sultanates and clans,living-community; Indigenous-community,Wikimedia Commons,R3,,medium,
COM058,Harari,"Gēy Usuach (Gey Usu, ""people of the city"")",community,People,F1.6;F1.10,AF-HRN,1000,,Harar walled city 16th c.; approximate,Harari women make coiled baskets hung on the walls of the gey gar house and embroider dress.,coiled basketry;embroidery;bookbinding,basket;wall display;manuscript,food and storage; rule and display; record and writing,the community; ethnographic and museum usage,Oromo and Somali makers in Harar,living-community,Wikimedia Commons,R3,F1.18,medium,Endonym verified: Gēy Usuach.
COM059,Konso,Xonsita (self-name); language Afaa Xonso,community,People,F1.6,AF-HRN,1500,,approximate,"Konso communities build walled terraced towns and carve waka memorial figures, many of which have been stolen for the art market; Ethiopian customs impounded more than 200 from 1996.",dry-stone terracing;wood carving,waka figure;terrace;town wall,shelter; ritual and belief,the community; ethnographic and museum usage,clans and towns,living-community; Indigenous-community; funerary; conflict-looting,Wikimedia Commons,R3,F1.24,medium,Endonym Xonsita verified (single t). Seized waka are kept at the Konso Museum; individual returns from abroad still to verify.
COM060,Beta Israel,'Falasha' (rejected exonym),community,People,F1.6,AF-HRN,1300,,approximate,"Beta Israel potters and smiths make clay figures and ironwork, forms that shifted towards sale, and most of the community has lived in Israel since the 1980s–1990s.",pottery;ironwork;weaving,clay figure;pot;tool,ritual and belief; tools,the community; ethnographic and museum usage,relocated community; Falash Mura,living-community,Wikimedia Commons,R3,F1.2,medium,Pottery for tourists shifted forms; verify.
COM061,Waswahili,Swahili,community,People,F1.6;F1.10,AF-SWA;AF-MAD,800,,coast towns from c. 8th c.,"Swahili craftspeople build coral-stone houses and dhows and carve doors, chairs and Lamu furniture.",coral stone;lime;wood carving;dhow building,carved door;chair;dhow;siwa horn,shelter; transport; rule and display,the community; ethnographic and museum usage,"Bajuni, Mijikenda and enslaved workers on the coast; Arab and Indian-labelled makers",living-community; human-flow,Met Open Access (CC0); British Museum collection online (view; licence per image); Wikimedia Commons,R2,F1.13,high,links: CIV004; POL010; MKR015; STY091; NET012; PRA023.
COM062,Maasai,Il-Maa-speakers; Maasai,community,People,F1.6,AF-SWA,1500,,approximate,"Maasai women make glass-bead collars and ornaments whose colours mark age and status, and Maasai names are used on non-Maasai products.",glass beadwork;hide;iron,beaded collar;earring;shield,clothing and adornment; rule and display,the community; ethnographic and museum usage,"Samburu, Il Chamus and other Maa speakers; brands that use the Maasai name (Maasai IP Initiative)",living-community; Indigenous-community,British Museum collection online (view; licence per image); Met Open Access (CC0); Wikimedia Commons,R2,F1.2;F1.21,high,links: PRA030. Maasai Intellectual Property Initiative is real; verify its status.
COM063,Mijikenda,nine Mijikenda peoples (Giriama and others),community,People,F1.6,AF-SWA,1600,,approximate,"Mijikenda communities carve vigango memorial posts for Gohu society elders, and stolen posts have been returned from US museums.",wood carving,kigango post,ritual and belief,the community; ethnographic and museum usage,nine separate peoples; carvers,living-community; sacred; funerary; conflict-looting,Wikimedia Commons,R3,F1.24,high,Returns from US museums (2014–) to verify dates.
COM064,Agĩkũyũ,Kikuyu,community,People,F1.6,AF-SWA,1500,,approximate,"Kikuyu women weave sisal kiondo bags, a form now mass-produced for export.",sisal twining;dyeing,kiondo bag,food and storage; transport,the community; ethnographic and museum usage,weavers of other groups (Kamba) also make kiondo,living-community,Wikimedia Commons,R3,F1.21,medium,
COM065,Akamba,Kamba,community,People,F1.6,AF-SWA,1700,,approximate,Kamba carvers have run a large export carving industry since the early 20th c. and remain known for woodcarving.,wood carving,figure;bowl,exchange and value,the community; ethnographic and museum usage,workshop labour,living-community,Wikimedia Commons,R3,F1.2,high,links: STY178.
COM066,Wamakonde,Makonde,community,People,F1.6,AF-SWA;AF-SOU,1800,,approximate,"Makonde carvers make lipiko masks and blackwood sculpture, including the shetani style made for sale.",wood carving;blackwood,lipiko mask;ujamaa sculpture,ritual and belief; exchange and value,the community; ethnographic and museum usage,Mozambican and Tanzanian Makonde; Mwera neighbours,living-community; sacred,Met Open Access (CC0); British Museum collection online (view; licence per image); Wikimedia Commons,R2,F1.2,high,links: STY177; PRA031.
COM067,Baganda,Ganda,community,People,F1.6,AF-SWA,1300,,Buganda kingdom c. 14th c.,"Baganda barkcloth makers beat Ficus bark into lubugo cloth for mourning, royal and ceremonial use.",barkcloth beating,barkcloth;basket;drum,clothing and adornment; ritual and belief; rule and display,the community; ethnographic and museum usage,barkcloth makers of other kingdoms,living-community,British Museum collection online (view; licence per image); Wikimedia Commons; UNESCO ICH pages (text; status to verify),R2,F1.18,high,links: POL012; PRA001; PLC081.
COM068,Bahaya,Haya,community,People,F1.6,AF-SWA,-500,,"Early Iron Age smelting in Buhaya (Kagera) dated to the mid to later 1st millennium BCE (steel-making c. 2,300–2,000 years ago); precise dates debated","Haya elders in Kagera, north-west Tanzania, rebuilt and fired bloomery furnaces for archaeologist Peter Schmidt in the 1970s, a case of living knowledge meeting archaeology, and Haya communities hold this smelting history in oral tradition.",bloomery smelting;barkcloth,furnace;iron bloom,tools,the community; ethnographic and museum usage,the smelters themselves named only as 'informants',living-community,Wikimedia Commons; Internet Archive (public-domain ethnographies; read critically),R3,F1.28a;F1.5,medium,Dates contested; the Atlas logic names the Haya as an example.
COM069,Hadzabe,Hadza,community,People,F1.6,AF-SWA,-10000,,deep regional presence; approximate,"Hadzabe hunter-gatherers make bows, poisoned arrows and beadwork, and are much studied.",bow making;arrow poison;beadwork,bow;arrow;necklace,tools; food and storage,the community; ethnographic and museum usage,their own framing over researchers',living-community; Indigenous-community,Wikimedia Commons,R3,F1.26,medium,Start date approximate only.
COM070,amaZulu,Zulu,community,People,F1.6,AF-SOU,1816,,kingdom 1816–1879; community older,"Zulu women make beadwork with colour codes and communal ceramics (ukhamba), and men carve headrests and weave.",glass beadwork;hand-built pottery;wood carving;wire weaving,bead panel;beer pot;headrest;telephone-wire basket,clothing and adornment; food and storage; rule and display,the community; ethnographic and museum usage,Nguni neighbours; kingdom as polity versus people,living-community,British Museum collection online (view; licence per image); Wikimedia Commons; Met Open Access (CC0),R2,F1.18,high,links: POL017; PRA015.
COM071,amaNdebele,Ndebele (South African),community,People,F1.6,AF-SOU,1600,,approximate,"Ndebele women paint homesteads and make beaded aprons and neck rings, and Esther Mahlangu took the painting to cars and canvases.",wall painting;beadwork,painted house;beaded apron;neck ring,shelter; clothing and adornment; rule and display,the community; ethnographic and museum usage,Zimbabwean Ndebele (a different people); individual painters,living-community,Wikimedia Commons; British Museum collection online (view; licence per image),R2,F1.18;F1.21,high,links: STY090; PRA016.
COM072,Vatsonga,Tsonga; Shangaan,community,People,F1.6,AF-SOU,1600,,approximate,"Tsonga carvers make headrests and staffs, and women make beadwork and xibelani skirts.",wood carving;beadwork;cloth gathering,headrest;staff;xibelani skirt,clothing and adornment; rule and display,the community; ethnographic and museum usage,Shangaan and Ronga distinctions,living-community,British Museum collection online (view; licence per image); Wikimedia Commons,R3,,medium,
COM073,Basotho,Sotho,community,People,F1.6,AF-SOU,1820,,nation formed under Moshoeshoe I from c. 1820s,"Basotho weave the conical mokorotlo hat and wear the Basotho blanket, a woollen blanket made in England and South Africa.",grass weaving;wool blanket design,mokorotlo hat;Basotho blanket,clothing and adornment; rule and display,the community; ethnographic and museum usage,English mills that made the blankets; litema wall painting by women,living-community,Wikimedia Commons; British Museum collection online (view; licence per image),R3,F1.2;F1.21,high,
COM074,amaXhosa,Xhosa,community,People,F1.6,AF-SOU,1600,,approximate,"Xhosa women make beadwork and ochre-dyed dress, and tobacco pipes are a noted form.",beadwork;ochre dye;wood carving,beadwork;pipe;dress,clothing and adornment; rule and display,the community; ethnographic and museum usage,"Mfengu, Thembu and Mpondo",living-community,British Museum collection online (view; licence per image); Wikimedia Commons,R3,,medium,
COM075,San,"Ju|'hoan, !Xun, ǂKhomani and others; Basarwa (Botswana usage); 'Bushmen' (rejected exonym for many; some use it)",community,People,F1.6,AF-SOU,-20000,,ancestral rock art over many millennia; approximate,"San ancestors made rock paintings and ostrich-eggshell beads, and present San artists work in collectives such as Kuru.",rock painting;ostrich-eggshell beads;printmaking,rock art;bead;print,ritual and belief; clothing and adornment,the community; ethnographic and museum usage,many separate peoples and languages; Khoekhoe; rock art as 'ancestral' not 'prehistoric',living-community; Indigenous-community; ancestral,Wikimedia Commons; British Museum collection online (view; licence per image),R2,F1.26;F1.3,high,Rock art may be ancestral; handle with community.
COM076,Khoekhoen,Nama; Damara (neighbours); 'Hottentot' (rejected exonym),community,People,F1.6,AF-SOU,-2000,,herding from c. 2000 years ago; approximate,Nama women make patchwork dresses and the portable matjieshuis mat house.,mat weaving;patchwork,mat house;dress,shelter; clothing and adornment,the community; ethnographic and museum usage,"Nama, Korana, Griqua",living-community; Indigenous-community; human-flow,Wikimedia Commons,R3,F1.18,medium,Genocide of 1904–1908 (Nama); human-flow.
COM077,Ovaherero,Herero,community,People,F1.6,AF-SOU,1600,,approximate,"Herero women make and wear long dresses adopted from late-19th-century German missionary fashion, now in bright prints, with the otjikaiva headdress shaped like cattle horns.",sewing;cloth,dress;otjikaiva headdress,clothing and adornment; rule and display,the community; ethnographic and museum usage,Mbanderu; genocide survivors,living-community; human-flow,Wikimedia Commons,R3,F1.2;F1.19a,high,Genocide 1904–1908; objects and remains in German collections.
COM078,Merina,Merina,community,People,F1.6,AF-MAD,1500,,kingdom c. 16th–1897,"Merina weavers make lamba akotifahana silk cloths, including burial shrouds (lamba mena).",silk weaving;natural dye,lamba;burial shroud,clothing and adornment; ritual and belief; rule and display,the community; ethnographic and museum usage,enslaved andevo weavers; Betsileo weavers,living-community; funerary; human-flow,Met Open Access (CC0); British Museum collection online (view; licence per image); Wikimedia Commons,R2,F1.18,high,links: POL018; MKR016; PRA021; BEL049.
COM079,Zafimaniry,Zafimaniry,community,People,F1.6,AF-MAD,1800,,approximate,Zafimaniry carvers join wooden houses without nails and carve geometric patterns into them.,wood joinery;carving,house;door;shutter,shelter,the community; ethnographic and museum usage,Betsileo neighbours,living-community; Indigenous-community,UNESCO ICH pages (text; status to verify); Wikimedia Commons,R2,,high,links: STY174; PLC097; PRA022.
COM080,Sakalava,Sakalava,community,People,F1.6,AF-MAD,1600,,kingdoms from c. 17th c.,"Sakalava carvers make figures for royal tombs, and Sakalava communities keep royal relic (dady) rites.",wood carving,tomb figure,ritual and belief,the community; ethnographic and museum usage,Boina and Menabe kingdoms; Vezo and Mahafaly neighbours,living-community; sacred; funerary,musée du quai Branly collections online (view); Wikimedia Commons,R3,,medium,links: POL019; STY175.
COM081,Mahafaly,Mahafaly,community,People,F1.6,AF-MAD,1600,,approximate,"Mahafaly carvers make aloalo posts for tombs, now also painted with scenes.",wood carving;tomb building,aloalo post;tomb,ritual and belief,the community; ethnographic and museum usage,Antandroy tomb makers,living-community; funerary,Wikimedia Commons,R3,,medium,links: STY175.
COM082,Antemoro,Antaimoro,community,People,F1.6;F1.10,AF-MAD,1500,,approximate,"Antemoro scribes wrote sorabe manuscripts in Arabic script, and Antemoro paper with pressed flowers is sold today.",bark paper;Arabic-script Malagasy,sorabe manuscript;paper,record and writing; exchange and value,the community; ethnographic and museum usage,scribes (katibo),living-community,Wikimedia Commons,R3,F1.5,medium,
COM083,Chagossians,Ilois (older self-name),community,People,F1.6,AF-MAD,1780,,plantation settlement c. 1780s; removed 1968–1973,"Chagossians, descended from enslaved and indentured workers, keep making and music traditions (sega) after forced removal.",woven palm;drum making,basket;drum,play and music,the community; ethnographic and museum usage,"their dispersal to Mauritius, Seychelles and Britain",living-community; human-flow,Wikimedia Commons,R3,F1.23,medium,Forced removal central; human-flow.
COM084,Inuit,Inuk (sing.); 'Eskimo' (rejected exonym in Canada and Greenland),community,People,F1.7,AM-ARC,1200,,Thule ancestors from c. 1200 CE,"Inuit make sewn skin clothing, carve stone and ivory, and make prints through co-operatives such as Kinngait.",skin sewing;stone carving;printmaking;ivory,amauti;parka;carving;print;kayak,clothing and adornment; transport; food and storage; play and music,the community; ethnographic and museum usage,"Inuvialuit, Kalaallit, Nunavummiut, Nunavimmiut and Nunatsiavummiut; named carvers",living-community; Indigenous-community,Inuit Art Foundation; Smithsonian Open Access (CC0 where flagged; check per item); Wikimedia Commons,R1,F1.18;F1.21,high,links: ARC169; STY173; PRA038; PRA039; MKR029; POL079.
COM085,Kalaallit,"Greenlanders; Kalaallit, Inughuit and Tunumiit",community,People,F1.7,AM-ARC;EU-SCA,1200,,Thule ancestors; Danish colony from 1721,"Kalaallit women make beaded collars and sealskin clothing, and carvers make tupilaq figures now also sold.",beadwork;skin sewing;bone carving,beaded collar;kamik boot;tupilaq,clothing and adornment; ritual and belief,the community; ethnographic and museum usage,Inughuit and Tunumiit; Danish-made trade goods,living-community; Indigenous-community,Wikimedia Commons; National Museum of Greenland (view),R3,F1.2,high,
COM086,Yup'ik,Yupiit; Cup'ik,community,People,F1.7,AM-ARC,1000,,approximate,"Yup'ik carvers make dance masks and women make parkas and grass baskets, and masks are again made for dances.",wood carving;gut and skin sewing;grass basketry,dance mask;gut parka;basket,clothing and adornment; ritual and belief; play and music,the community; ethnographic and museum usage,Cup'ik and Siberian Yupik,living-community; Indigenous-community; sacred,Smithsonian Open Access (CC0 where flagged; check per item); Anchorage Museum (view); Wikimedia Commons,R2,F1.16,high,
COM087,Iñupiat,Iñupiaq (sing.),community,People,F1.7,AM-ARC,1000,,approximate,"Iñupiat build umiaq skin boats, weave baleen baskets (a form begun for sale in the early 20th c.) and carve ivory.",skin boat building;baleen weaving;ivory carving,umiaq;baleen basket;parka,transport; clothing and adornment; food and storage,the community; ethnographic and museum usage,"North Slope, Northwest Arctic and Bering Strait communities; Siberian Yupik neighbours",living-community; Indigenous-community,Iñupiat Heritage Center (view); Smithsonian Open Access (CC0 where flagged; check per item); Wikimedia Commons,R3,,high,Baleen basketry began c. 1910s for sale; verify.
COM088,Unangax̂,Aleut (exonym),community,People,F1.7,AM-ARC,-7000,,deep occupation; approximate,Unangax̂ weavers make fine rye-grass baskets and bentwood hunting hats.,grass basketry;bentwood;gut sewing,basket;hunting hat;iqyax kayak,clothing and adornment; transport,the community; ethnographic and museum usage,Russian-era forced labour and WWII internment,living-community; Indigenous-community; human-flow,Smithsonian Open Access (CC0 where flagged; check per item); Wikimedia Commons,R3,F1.23,high,Forced labour and internment: human-flow.
COM089,Sugpiaq,Alutiiq,community,People,F1.7,AM-ARC,1000,,approximate,"Sugpiat make masks, spruce-root hats and kayaks, and the Alutiiq Museum works with collections.",spruce-root weaving;wood carving;skin sewing,mask;hat;kayak,ritual and belief; transport,the community; ethnographic and museum usage,Kodiak and Chugach groups,living-community; Indigenous-community,Alutiiq Museum (view); Wikimedia Commons,R3,F1.24,medium,
COM090,Gwich'in,Gwich'in,community,People,F1.7,AM-ARC;AM-WST,1000,,approximate,"Gwich'in women make beadwork, caribou-skin clothing and birchbark baskets.",beadwork;tanning;birchbark,mitts;dress;basket,clothing and adornment; food and storage,the community; ethnographic and museum usage,Alaska and Canada groups,living-community; Indigenous-community,Wikimedia Commons,R3,,medium,
COM091,Haida,X̱aayda; Xaadas,community,People,F1.7,AM-NWC,1000,,approximate,"Haida carvers and weavers make monumental poles, canoes, argillite carving and spruce-root hats, and Bill Reid and others led a revival.",red cedar carving;argillite;spruce-root weaving;formline,pole;canoe;bentwood box;argillite carving;hat,rule and display; ritual and belief; transport,the community; ethnographic and museum usage,Kaigani Haida; named carvers and women weavers,living-community; Indigenous-community; sacred,Haida Gwaii Museum (view); Smithsonian Open Access (CC0 where flagged; check per item); Wikimedia Commons; Reciprocal Research Network (protocols),R1,F1.24;F1.26,high,links: PLC107; PRA037; STY076.
COM092,Lingít,Tlingit,community,People,F1.7,AM-NWC,1000,,approximate,"Tlingit weavers make Chilkat and Ravenstail robes and spruce-root baskets, and carvers make clan crest objects (at.óow).",Chilkat weaving;spruce-root basketry;wood carving,Chilkat robe;clan hat;basket,rule and display; ritual and belief; clothing and adornment,the community; ethnographic and museum usage,clans and houses; at.óow as clan-owned property,living-community; Indigenous-community; sacred,Sealaska Heritage Institute (view); Smithsonian Open Access (CC0 where flagged; check per item); Wikimedia Commons,R2,F1.24;F1.18,high,links: PRA040; STY076.
COM093,Kwakwaka'wakw,"Kwakiutl (from Kwagu'ł, one community at Fort Rupert, formerly applied to all)",community,People,F1.7,AM-NWC,1000,,approximate,"Kwakwaka'wakw carvers make transformation masks for potlatch, and regalia seized under the potlatch ban returned to the U'mista and Nuyumbalees centres.",red cedar carving;paint;cedar bark,transformation mask;pole;button blanket,ritual and belief; rule and display; play and music,the community; ethnographic and museum usage,'Namgis and other nations; Boas-Hunt ethnography,living-community; Indigenous-community; sacred; conflict-looting,U'mista Cultural Centre (view); Reciprocal Research Network (protocols); Wikimedia Commons,R1,F1.24;F1.26,high,Potlatch ban 1885–1951 seizure 1921; OCC register links to verify. AP 164.
COM094,Nuu-chah-nulth,Nootka (exonym),community,People,F1.7,AM-NWC,1000,,approximate,"Nuu-chah-nulth make whaling equipment, cedar-bark hats and canoes, and the Yuquot Whalers' Shrine is in a US museum.",cedar carving;basketry,canoe;whaling hat;mask,transport; ritual and belief,the community; ethnographic and museum usage,fourteen nations; Makah relatives,living-community; Indigenous-community; sacred,Reciprocal Research Network (protocols); Wikimedia Commons,R2,F1.24,high,Whalers' Shrine at AMNH; verify.
COM095,Ts'msyen,Tsimshian,community,People,F1.7,AM-NWC,1000,,approximate,"Tsimshian carvers make masks, frontlets and poles, and Chilkat weaving is linked to Tsimshian origins.",wood carving;weaving,frontlet;mask;pole,rule and display; ritual and belief,the community; ethnographic and museum usage,Nisga'a and Gitxsan,living-community; Indigenous-community; sacred,Wikimedia Commons; Reciprocal Research Network (protocols),R3,,medium,
COM096,Coast Salish peoples,Salish,community,People,F1.7,AM-NWC,1000,,approximate,"Coast Salish weavers make mountain-goat and dog-wool blankets, a practice revived since the 1960s.",wool weaving;spindle whorl carving,blanket;spindle whorl,clothing and adornment; rule and display,the community; ethnographic and museum usage,"many nations (Musqueam, Squamish, Stó:lō and others)",living-community; Indigenous-community,Wikimedia Commons; Reciprocal Research Network (protocols),R3,F1.18,high,Woolly dog history.
COM097,Diné,Navajo (exonym),community,People,F1.7,AM-WST,1500,,approximate,"Diné weavers make wool rugs and blankets and silversmiths make jewellery, both shaped by trading posts.",upright-loom weaving;silversmithing;sandpainting,rug;chief blanket;concho belt;squash-blossom necklace,clothing and adornment; rule and display; exchange and value,the community; ethnographic and museum usage,named weavers credited only as 'Navajo'; trader-defined regional styles,living-community; Indigenous-community; sacred; human-flow,Navajo Nation Museum (view); Smithsonian Open Access (CC0 where flagged; check per item); Wikimedia Commons,R1,F1.18;F1.23;F1.2,high,links: PRA035; TEC131; STY078; INS013; OCC141 (Long Walk: human-flow).
COM098,Hopi,Hopituh Shi-nu-mu,community,People,F1.7,AM-WST,1300,,villages from c. 1100–1300,Hopi carvers make katsina friends (tihu) and potters such as Nampeyo revived Sikyatki forms.,cottonwood carving;pottery;coiled basketry;overlay silver,tihu;pot;plaque;silver,ritual and belief; food and storage,the community; ethnographic and museum usage,villages on three mesas; Tewa of Hano,living-community; Indigenous-community; sacred,Hopi Cultural Preservation Office (protocols); Wikimedia Commons,R2,F1.16;F1.24,high,links: BEL039; MKR028. Katsina masks are sacred; not displayed.
COM099,A:shiwi,Zuni,community,People,F1.7,AM-WST,1300,,approximate,Zuni jewellers make inlaid and needlepoint silver and fetish carvers make stone animals.,inlay;silver;stone carving;pottery,needlepoint jewellery;fetish;pot,clothing and adornment; ritual and belief,the community; ethnographic and museum usage,named jewellers,living-community; Indigenous-community; sacred,A:shiwi A:wan Museum (view); Wikimedia Commons,R2,F1.24,high,Ahayu:da returns (1978–) to verify.
COM100,Tewa Pueblos,"Tewa; San Ildefonso (P'ohwhóge Owingeh), Santa Clara and others",community,People,F1.7,AM-WST,1300,,approximate,"Tewa potters make polished blackware, as Maria and Julian Martinez of San Ildefonso did.",coil pottery;burnishing;reduction firing,blackware pot,food and storage; exchange and value,the community; ethnographic and museum usage,six Tewa pueblos; family workshops,living-community; Indigenous-community,Poeh Cultural Center (view); Wikimedia Commons,R2,F1.26,high,links: PER108; PER109; STY077; PRA036. AP 166.
COM101,Lakota,Lakȟóta; Sioux (exonym),community,People,F1.7,AM-WST,1700,,approximate,"Lakota women make quilled and beaded hide garments and star quilts, and men painted ledger drawings and winter counts.",quillwork;beadwork;hide painting;quilting,winter count;cradleboard;star quilt;dress,clothing and adornment; record and writing; ritual and belief,the community; ethnographic and museum usage,Dakota and Nakota; the seven council fires,living-community; Indigenous-community; sacred; conflict-looting,Smithsonian Open Access (CC0 where flagged; check per item); Wikimedia Commons,R2,F1.18;F1.24,high,links: PRA042; BEL040. Wounded Knee items; returns to verify.
COM102,Newe,Shoshone,community,People,F1.7,AM-WST,1500,,approximate,"Eastern Shoshone artists painted elk hides with Sun Dance and hunt scenes, and Newe women make beadwork today.",hide painting;beadwork,painted hide;cradleboard,ritual and belief; clothing and adornment,the community; ethnographic and museum usage,"Eastern, Western and Northern Newe; Cadzi Cody and other named hide painters",living-community; Indigenous-community,Wikimedia Commons,R3,,medium,AP 165.
COM103,Ndé,Apache (exonym),community,People,F1.7,AM-WST,1400,,approximate,"Apache women make coiled baskets and burden baskets, and men make the Apache fiddle.",coiled basketry,olla basket;burden basket;fiddle,food and storage; play and music,the community; ethnographic and museum usage,"Chiricahua, Mescalero, Western Apache and others",living-community; Indigenous-community; human-flow,Wikimedia Commons,R3,,medium,
COM104,Kiowa,"Gáuigú (Kiowa Tribe spelling; also Ǥáuigú, Cáuigú)",community,People,F1.7,AM-WST,1700,,approximate,"Kiowa artists kept pictographic calendars and ledger drawings, the Kiowa Six painters worked in Oklahoma in the 1920s, and Kiowa artists continue to paint today.",ledger drawing;painting,calendar;ledger drawing,record and writing,the community; ethnographic and museum usage,Kiowa-Apache relatives; unnamed ledger artists imprisoned at Fort Marion,living-community; Indigenous-community; human-flow,Wikimedia Commons,R3,,medium,links: SCH009. Fort Marion imprisonment: human-flow. Endonym Gáuigú verified with the Kiowa Tribe Language Department.
COM105,Niitsitapi,Blackfoot Confederacy,community,People,F1.7,AM-WST,1600,,approximate,"Niitsitapi makers paint tipi covers with family-owned designs and make quilled and beaded regalia, and sacred bundles have returned from museums.",tipi painting;beadwork;quillwork,tipi;bundle;shirt,shelter; ritual and belief,the community; ethnographic and museum usage,"Siksika, Kainai, Piikani and Blackfeet Nation; bundle keepers' authority",living-community; Indigenous-community; sacred,Wikimedia Commons,R3,F1.24,medium,Bundles returned from museums since 1990s.
COM106,Nimiipuu,Nez Perce (exonym),community,People,F1.7,AM-WST,1500,,approximate,"Nimiipuu women twine cornhusk flat bags and basket hats, a Plateau practice that continues.",twined cornhusk,flat bag;hat,food and storage; clothing and adornment,the community; ethnographic and museum usage,other Plateau peoples who share the bags; the 1877 exiles,living-community; Indigenous-community; human-flow,Plateau Peoples' Web Portal (protocols); Wikimedia Commons,R3,,high,1877 exile: human-flow.
COM107,Rarámuri,Tarahumara (exonym),community,People,F1.7,AM-WST;AM-LAT,1500,,approximate,"Rarámuri make double-weave pine-needle and sotol baskets, violins and wooden spoons in the Sierra Tarahumara.",twill basketry;violin making;pottery,basket;violin;pot,food and storage; play and music,the community; ethnographic and museum usage,Ódami and Warijó neighbours; migrants in Chihuahua city,living-community; Indigenous-community,Wikimedia Commons,R3,,medium,
COM108,Anishinaabe,"Anishinaabeg (pl.); Ojibwe, Odawa, Potawatomi; Chippewa (exonym form)",community,People,F1.7,AM-EWD;AM-WST,1500,,approximate,"Anishinaabe makers make birchbark canoes and baskets, floral beadwork, bandolier bags and jingle dresses.",birchbark;beadwork;quillwork;ribbonwork,canoe;bandolier bag;jingle dress;birchbark biting,transport; clothing and adornment; ritual and belief,the community; ethnographic and museum usage,"Ojibwe, Odawa, Potawatomi and other nations",living-community; Indigenous-community,Ziibiwing Center (view); Smithsonian Open Access (CC0 where flagged; check per item); Wikimedia Commons,R2,F1.18,high,links: PRA041.
COM109,Tsalagi,"Cherokee; Aniyvwiya (""Principal People""); Anigiduwagi (""people of Kituwah"")",community,People,F1.7,AM-EWD,1500,,approximate,"Cherokee makers weave rivercane baskets and make pottery, and Sequoyah's syllabary (1821) is written and cast in type.",rivercane basketry;pottery;syllabary,double-weave basket;pot;printed syllabary,food and storage; record and writing,the community; ethnographic and museum usage,"Eastern Band, Cherokee Nation and United Keetoowah Band",living-community; Indigenous-community; human-flow,Museum of the Cherokee People (name to verify); Wikimedia Commons,R2,F1.5;F1.23,high,links: POL065. Trail of Tears: human-flow. Tsalagi (ᏣᎳᎩ) is the standard endonym; Aniyvwiya (ᎠᏂᏴᏫᏯ) and Anigiduwagi also used.
COM110,Haudenosaunee,Iroquois (exonym); Six Nations,community,People,F1.7,AM-EWD,1450,,Confederacy c. 1450 by many estimates (contested),"Haudenosaunee makers make wampum belts, beadwork sold at Niagara, and cornhusk and False Face (sacred) objects.",wampum;beadwork;cornhusk;wood carving,wampum belt;beaded bag;cornhusk doll,record and writing; rule and display; ritual and belief,the community; ethnographic and museum usage,six nations; Tuscarora; sacred medicine masks the Confederacy asks not to show,living-community; Indigenous-community; sacred,Seneca-Iroquois National Museum (view); Wikimedia Commons,R2,F1.24;F1.5,high,links: POL064. Grand Council statement on masks: do not display.
COM111,Lenape,Lenni Lenape; Delaware (exonym),community,People,F1.7,AM-EWD;AM-WST,1500,,approximate,"Lenape beadworkers make bandolier bags and other regalia, and Lenape nations today are based mainly in Oklahoma, Wisconsin and Ontario.",beadwork,bandolier bag,clothing and adornment,the community; ethnographic and museum usage,Munsee and Unami; removal,living-community; Indigenous-community; human-flow,Lenape Center (view); Wikimedia Commons,R3,F1.18,medium,AP 163. Removals: human-flow.
COM112,Mi'kmaq,L'nu,community,People,F1.7,AM-EWD,1500,,approximate,"Mi'kmaw makers decorate birchbark boxes with porcupine quills and make ash-splint baskets, much of it for sale since the 19th c.",quillwork on birchbark;splint basketry,box;basket,food and storage; exchange and value,the community; ethnographic and museum usage,L'nu of different districts; Wabanaki neighbours,living-community; Indigenous-community,Wikimedia Commons,R3,,high,
COM113,Wendat,Huron (exonym),community,People,F1.7,AM-EWD,1500,,approximate,"Wendat women embroider moosehair on hide and birchbark, much of it for the souvenir trade.",moosehair embroidery,moccasins;box,clothing and adornment; exchange and value,the community; ethnographic and museum usage,Ursuline-nun attribution,living-community; Indigenous-community,Wikimedia Commons,R3,F1.2,medium,
COM114,Seminole,Seminole; Miccosukee,community,People,F1.7,AM-EWD,1700,,approximate,"Seminole and Miccosukee women sew patchwork clothing on hand-cranked sewing machines, a practice from c. 1900.",patchwork,patchwork shirt;skirt,clothing and adornment,the community; ethnographic and museum usage,Miccosukee and Oklahoma Seminole; Black Seminoles,living-community; Indigenous-community,Ah-Tah-Thi-Ki Museum (view); Wikimedia Commons,R3,F1.18,high,links: PRA045.
COM115,Gullah Geechee,Gullah; Geechee,community,People,F1.7,AM-EWD;AM-CAR,1700,,approximate,"Gullah Geechee women and men coil sweetgrass baskets, a practice from enslaved West African rice growers.",coiled sweetgrass basketry,fanner basket,food and storage,the community; ethnographic and museum usage,enslaved ancestors named only as labour,living-community; human-flow,Gullah Geechee Cultural Heritage Corridor (view); Wikimedia Commons,R2,F1.23,high,links: PRA044; DIA008.
COM116,Métis,Michif,community,People,F1.7,AM-WST;AM-EWD,1700,,approximate,"Métis women make floral beadwork and silk embroidery on hide, and the Métis are called 'the flower beadwork people'.",beadwork;embroidery,bag;jacket,clothing and adornment,the community; ethnographic and museum usage,Red River and other communities; First Nations beadworkers,living-community; Indigenous-community,Gabriel Dumont Institute (view); Wikimedia Commons,R3,,high,links: PRA043.
COM117,K'iche',Quiché (older form),community,People,F1.7,AM-MES;AM-LAT,1200,,approximate,"K'iche' weavers make backstrap huipiles, and the Popol Wuj was written in K'iche' in the 16th c.",backstrap weaving;brocade,huipil;tzute,clothing and adornment; record and writing,the community; ethnographic and museum usage,townships with distinct designs,living-community; Indigenous-community,Wikimedia Commons; Met Open Access (CC0),R2,F1.18;F1.28,high,links: PRA049; CIV018.
COM118,Maaya,Yucatec Maya; Maya (as a people),community,People,F1.7,AM-MES,-1000,,Maya continuity long; approximate,"Yucatec Maya embroider huipiles, make hammocks and build palm-thatched houses.",cross-stitch embroidery;hammock weaving;thatch,huipil;hammock;naj house,clothing and adornment; shelter,the community; ethnographic and museum usage,the Classic Maya label merges many languages,living-community; Indigenous-community,Wikimedia Commons,R3,F1.18,medium,links: CIV018. 'Maaya' form to verify.
COM119,Nahua,Nahuatl-speakers; Macehualmeh,community,People,F1.7,AM-MES;AM-LAT,1200,,approximate,"Nahua artists in Guerrero paint amate bark paper and ceramics, and Nahua weavers work across central Mexico.",amate paper;painting;weaving,amate painting;textile,clothing and adornment; record and writing,the community; ethnographic and museum usage,"Mexica as one historical Nahua group; Nahua of Puebla, Veracruz and El Salvador (Pipil)",living-community; Indigenous-community,Wikimedia Commons; Met Open Access (CC0),R2,F1.2,medium,links: MKR019; MKR020; CIV020.
COM120,Ben'zaa and Binnizá,Zapotec peoples,community,People,F1.7,AM-MES;AM-LAT,-500,,Monte Albán c. 500 BCE; approximate,Zapotec weavers in Teotitlán and embroiderers of the Isthmus make wool rugs and velvet huipiles.,wool weaving;cochineal;embroidery,rug;huipil,clothing and adornment; exchange and value,the community; ethnographic and museum usage,many Zapotec languages,living-community; Indigenous-community,Wikimedia Commons,R2,F1.18,medium,"Endonyms Ben'zaa (Valley, also Bën Za, ""cloud people"") and Binnizá (Isthmus) as listed by native-land.ca and Wikipedia. links: CIV028; PRA048."
COM121,Ñuu Savi,Mixtec,community,People,F1.7,AM-MES;AM-LAT,-500,,approximate,"Ñuu Savi communities weave palm hats and cotton textiles, and their ancestors painted the Mixtec screenfold codices.",palm weaving;backstrap weaving,hat;huipil;codex,record and writing; clothing and adornment,the community; ethnographic and museum usage,"Mixteca Alta, Baja and Costa communities; migrants in the US",living-community; Indigenous-community,Wikimedia Commons,R3,F1.5,medium,links: CIV029; STY067.
COM122,Wixárika,Huichol (exonym),community,People,F1.7,AM-MES;AM-LAT,1500,,approximate,"Wixárika artists make yarn paintings (nierika) and glass-bead covered objects, a practice largely developed for sale since the mid 20th c.",yarn painting;beadwork,nierika;beaded bowl,ritual and belief; exchange and value,the community; ethnographic and museum usage,ceremonial objects made for pilgrimage versus those made for sale; communities in Jalisco and Nayarit,living-community; Indigenous-community; sacred,Wikimedia Commons,R2,F1.2;F1.16,high,
COM123,Hñähñu,Otomí,community,People,F1.7,AM-MES;AM-LAT,1500,,approximate,"Hñähñu embroiderers make tenango designs and San Pablito makers cut amate paper figures, and brands have copied their designs.",embroidery;amate,tenango embroidery;paper cutout,clothing and adornment; ritual and belief,the community; ethnographic and museum usage,"Otomí of the Mezquital, Hidalgo and the State of Mexico",living-community; Indigenous-community,Wikimedia Commons,R3,F1.2,high,
COM124,Ayuujk,Mixe,community,People,F1.7,AM-MES,1500,,approximate,Ayuujk embroiderers of Santa María Tlahuitoltepec make blouses whose design was copied by a French label in 2015.,embroidery,blouse,clothing and adornment,the community; ethnographic and museum usage,other Ayuujk towns,living-community; Indigenous-community,Wikimedia Commons,R3,F1.2;F1.14,high,Marant 2015 case to verify.
COM125,P'urhépecha,Purépecha; Tarascan (exonym),community,People,F1.7,AM-MES,1300,,approximate,"P'urhépecha towns in Michoacán specialise in lacquer, hammered copper, guitars and pottery.",lacquer;copper;pottery,batea;copper pot,food and storage,the community; ethnographic and museum usage,Tarascan state as a historical polity; the craft-town system promoted by Vasco de Quiroga,living-community; Indigenous-community,Wikimedia Commons,R3,,medium,links: CIV041.
COM126,Comcaac,Seri (exonym),community,People,F1.7,AM-LAT;AM-WST,1500,,approximate,Comcaac women coil haat torote baskets and carvers make ironwood figures for sale.,coiled basketry;ironwood carving,basket;figure,food and storage,the community; ethnographic and museum usage,the ironwood carving trade copied by non-Seri carvers,living-community; Indigenous-community,Wikimedia Commons,R3,,high,
COM127,Dule,Guna; Kuna (older form),community,People,F1.7,AM-CAM,1500,,approximate,"Guna women sew molas in reverse appliqué for their blouses, and molas are sold worldwide.",reverse appliqué,mola,clothing and adornment,the community; ethnographic and museum usage,"Guna of Gunayala, Madungandí, Wargandí and Colombia; named mola makers",living-community; Indigenous-community,Congreso General Guna; Wikimedia Commons,R2,F1.18,high,links: PRA050; TEC116.
COM128,Emberá,Embera,community,People,F1.7,AM-CAM;AM-AND,1500,,approximate,"Emberá women coil fine palm baskets and carvers make tagua figures, and body painting with jagua marks ceremonies.",palm basketry;tagua carving,basket;figure,food and storage,the community; ethnographic and museum usage,Emberá of Panama and Colombia; Wounaan neighbours,living-community; Indigenous-community,Wikimedia Commons,R3,,medium,
COM129,Wounaan,Wounaan,community,People,F1.7,AM-CAM,1500,,approximate,Wounaan women weave fine chunga-palm baskets and men carve cocobolo wood.,palm basketry;wood carving,basket;figure,food and storage,the community; ethnographic and museum usage,Wounaan of Panama and Colombia; Emberá neighbours,living-community; Indigenous-community,Wikimedia Commons,R3,,medium,
COM130,Ngäbe,Ngöbe,community,People,F1.7,AM-CAM,1500,,approximate,Ngäbe women crochet chácara bags from plant fibre and make chaquira bead collars.,netting;beadwork,chácara;chaquira,clothing and adornment,the community; ethnographic and museum usage,Buglé neighbours; Ngäbe in Costa Rica,living-community; Indigenous-community,Wikimedia Commons,R3,,medium,
COM131,Boruca,Brunca,community,People,F1.7,AM-CAM,1500,,approximate,Boruca carvers make balsa masks for the Juego de los Diablitos and women weave with natural dyes.,wood carving;paint,diablito mask,ritual and belief; play and music,the community; ethnographic and museum usage,Térraba neighbours; mask trade,living-community; Indigenous-community,Wikimedia Commons,R3,,medium,
COM132,Garinagu,Garifuna,community,People,F1.7,AM-CAR;AM-CAM,1635,,exile from St Vincent 1797,"Garifuna communities make drums, baskets and cassava graters and keep dugu rites.",drum making;basketry,drum;cassava grater;basket,food and storage; play and music; ritual and belief,the community; ethnographic and museum usage,exile from St Vincent,living-community; Indigenous-community; human-flow,National Garifuna Council; Wikimedia Commons,R3,F1.4,high,Exile 1797: human-flow.
COM133,Taíno descendants,"Taíno; Boricua (name for Puerto Ricans generally, from Borikén)",community,People,F1.7,AM-CAR,1200,,approximate,"People who identify as Taíno in Puerto Rico, the Dominican Republic, Cuba and the diaspora carve cemís and duhos as part of a heritage resurgence; many see unbroken descent, citing Indigenous ancestry in present Caribbean DNA and survivals in crops, food and vocabulary, while others hold that the Taíno did not survive as a distinct people after the 16th century.",stone and wood carving,cemí;duho,ritual and belief,the community; ethnographic and museum usage,DNA and heritage debates,living-community; Indigenous-community,Wikimedia Commons,R3,F1.3,medium,"links: CIV030; POL055. Continuity is debated: both views stated (Smithsonian NMAI ""Taíno: Native Heritage and Identity in the Caribbean"" takes the continuity view)."
COM134,Kalinago,Island Carib (exonym),community,People,F1.7,AM-CAR,1400,,approximate,Kalinago weave larouma-reed baskets and build dugout canoes in the Kalinago Territory of Dominica.,larouma basketry;canoe,basket;canoe,food and storage; transport,the community; ethnographic and museum usage,other Carib-descended communities in St Vincent and Trinidad,living-community; Indigenous-community,Wikimedia Commons,R3,,medium,
COM135,Jamaican Maroons,Windward and Leeward Maroons,community,People,F1.7,AM-CAR,1655,,from 1655,Maroon communities make abeng cow-horn signalling instruments and drums used in Kromanti ceremonies.,horn;drum making,abeng;drum,play and music; war; ritual and belief,the community; ethnographic and museum usage,Windward and Leeward communities; Maroons elsewhere in the Americas,living-community; human-flow,Wikimedia Commons,R3,F1.23,medium,links: POL074.
COM136,Wayuu,Wayuu,community,People,F1.7,AM-CAR;AM-LAT,1500,,approximate,"Wayuu women crochet susu mochila bags and weave hammocks, and the mochila is now a global fashion item.",crochet;hammock weaving,mochila;hammock,clothing and adornment; food and storage,the community; ethnographic and museum usage,Wayuu of Colombia and Venezuela; clan (e'irukuu) designs; industrial copies,living-community; Indigenous-community,Wikimedia Commons,R2,F1.18;F1.2,high,links: PRA058.
COM137,Runakuna,Quechua-speaking peoples; Quechua (language name used for people),community,People,F1.7,AM-AND;AM-LAT,1400,,Inca-era spread; approximate,"Quechua weavers make warp-faced textiles, and weaving centres such as the Center for Traditional Textiles of Cusco support revival.",warp-faced weaving;natural dye;knitting,lliklla;chullo;poncho,clothing and adornment; rule and display; exchange and value,the community; ethnographic and museum usage,"Q'ero, Taquileños and many regions; Inca as a state label",living-community; Indigenous-community,Center for Traditional Textiles of Cusco (view); Wikimedia Commons; Met Open Access (CC0),R1,F1.18,high,"links: PRA051; PRA053; CIV022. Runa (""person""), plural runakuna, verified as the Quechua self-designation."
COM138,Aymara,"Aymara; Jaqi (""human beings"", historical self-designation); Colla",community,People,F1.7,AM-AND,1000,,approximate,"Aymara weavers make awayu carrying cloths and communal ceremonial textiles, such as those of Coroma returned to Bolivia.",warp-faced weaving,awayu;ceremonial textile,clothing and adornment; ritual and belief,the community; ethnographic and museum usage,"Aymara of Bolivia, Peru and Chile; Tiwanaku as a separate grouping",living-community; Indigenous-community; sacred,Wikimedia Commons,R2,F1.24,high,Coroma return 1990s to verify.
COM139,Mapuche,Mapuche; Araucanian (colonial exonym; considered pejorative by some),community,People,F1.7,AM-AND;AM-LAT,1500,,approximate,Mapuche silversmiths (rütrafe) make trapelacucha pectorals and weavers make ponchos.,silversmithing;weaving,trapelacucha;poncho,clothing and adornment; rule and display,the community; ethnographic and museum usage,Huilliche and Pehuenche,living-community; Indigenous-community,Wikimedia Commons,R2,F1.18,high,links: PRA061.
COM140,Kichwa Otavalo,Otavaleños,community,People,F1.7,AM-AND,1500,,approximate,Otavalo weavers and merchants produce and sell textiles worldwide from the Otavalo market.,weaving,textile,clothing and adornment; exchange and value,the community; ethnographic and museum usage,other Kichwa peoples of Ecuador; hired weavers,living-community; Indigenous-community,Wikimedia Commons,R3,F1.13,medium,
COM141,Iku,Arhuaco (exonym),community,People,F1.7,AM-AND;AM-CAR,1500,,approximate,"Iku women crochet tutu mochila bags from wool and cotton, and the bags carry thought and teaching.",crochet,mochila,clothing and adornment; ritual and belief,the community; ethnographic and museum usage,"Kogi, Wiwa and Kankuamo neighbours of the Sierra Nevada",living-community; Indigenous-community,Wikimedia Commons,R3,,medium,
COM142,Kággaba,Kogi (exonym),community,People,F1.7,AM-AND;AM-CAR,1500,,approximate,"Kogi weave cotton clothing and use poporo lime gourds, and their ancestors' Tairona goldwork is in museums.",weaving;gourd,poporo,ritual and belief,the community; ethnographic and museum usage,Iku and Wiwa neighbours; Tairona as an archaeological label,living-community; Indigenous-community; sacred,Wikimedia Commons,R3,,medium,
COM143,Uru,Uru-Chipaya; Uros,community,People,F1.7,AM-AND,1000,,approximate,Uru communities build totora-reed boats and floating islands on Lake Titicaca.,totora reed,reed boat;island,transport; shelter,the community; ethnographic and museum usage,Uru-Chipaya and Uros of Lake Titicaca; Aymara-speaking Uros,living-community; Indigenous-community,Wikimedia Commons,R3,,medium,
COM144,Mẽbêngôkre,Kayapó (exonym),community,People,F1.7,AM-AMZ,1500,,approximate,Mẽbêngôkre make featherwork headdresses and genipap body painting and use video in their politics.,featherwork;genipap body painting;beadwork,headdress;body painting,clothing and adornment; rule and display,the community; ethnographic and museum usage,villages,living-community; Indigenous-community,Wikimedia Commons,R2,F1.21,high,
COM145,Wajãpi,Wayãpi,community,People,F1.7,AM-AMZ,1500,,approximate,Wajãpi paint kusiwa designs on bodies and objects with genipap and urucum.,genipap and urucum painting,kusiwa design,clothing and adornment; ritual and belief,the community; ethnographic and museum usage,Wajãpi of Brazil and French Guiana,living-community; Indigenous-community,UNESCO ICH pages (text; status to verify); Wikimedia Commons,R3,,high,links: STY176; PRA056.
COM146,Yanomami,Yanomami,community,People,F1.7,AM-AMZ,1000,,approximate,"Yanomami weave baskets, and the Yanomami worked with Claudia Andujar and on drawing projects.",basketry;body painting,basket;shabono house,shelter; food and storage,the community; ethnographic and museum usage,"Ninam, Sanumá and others",living-community; Indigenous-community,Wikimedia Commons,R3,F1.26,high,
COM147,Asháninka,Asháninka,community,People,F1.7,AM-AMZ,1500,,approximate,Asháninka weave cotton cushma robes and make beadwork and bows.,cotton weaving,cushma,clothing and adornment,the community; ethnographic and museum usage,Asháninka of Peru and Brazil; Nomatsiguenga neighbours,living-community; Indigenous-community; human-flow,Wikimedia Commons,R3,,medium,Rubber-boom enslavement and 1980s–90s conflict: human-flow.
COM148,Shipibo-Konibo,Shipibo-Konibo,community,People,F1.7,AM-AMZ,1500,,approximate,"Shipibo-Konibo women paint and embroider kené designs on cloth and ceramics, and kené is also sold.",painting;embroidery;pottery,kené cloth;pot,clothing and adornment; food and storage; ritual and belief,the community; ethnographic and museum usage,Shipibo and Konibo as formerly separate groups; urban artists in Cantagallo,living-community; Indigenous-community,Wikimedia Commons,R2,F1.15;F1.2,high,links: STY071; PRA060.
COM149,Kuikuro,Kuikuro,community,People,F1.7,AM-AMZ,1500,,approximate,"Kuikuro make hammocks, painted objects and masks, and their ancestors built large settlements in the Upper Xingu.",weaving;painting,basket;mask,ritual and belief,the community; ethnographic and museum usage,other Upper Xingu peoples who share the system,living-community; Indigenous-community,Wikimedia Commons,R3,F1.3,medium,links: ARC217; CIV039.
COM150,Iny,Karajá (exonym),community,People,F1.7,AM-AMZ,1500,,approximate,"Iny women model ritxòkò clay figures, dolls that show Karajá life.",clay modelling,ritxòkò doll,play and music; ritual and belief,the community; ethnographic and museum usage,"Karajá, Javaé and Xambioá",living-community; Indigenous-community,UNESCO ICH pages (text; status to verify); Wikimedia Commons,R3,,medium,
COM151,Ye'kwana,Yekuana; Makiritare (exonym),community,People,F1.7,AM-AMZ,1500,,approximate,Ye'kwana weave waja trays and other baskets in patterned designs.,basketry,waja basket,food and storage,the community; ethnographic and museum usage,Ye'kwana of Venezuela and Brazil; Sanumá neighbours,living-community; Indigenous-community,Wikimedia Commons,R3,,medium,
COM152,Wichí,Wichí,community,People,F1.7,AM-AMZ;AM-LAT,1500,,approximate,Wichí women weave chaguar-fibre yica bags with knotted netting.,chaguar fibre,yica bag,food and storage,the community; ethnographic and museum usage,"Wichí of Argentina, Bolivia and Paraguay; Qom and Chorote neighbours",living-community; Indigenous-community,Wikimedia Commons,R3,,medium,
COM153,Saamaka,Saramaka,community,People,F1.7,AM-AMZ;AM-CAR,1700,,approximate,"Saamaka men carve paddles, combs and trays and women sew patchwork and embroidered capes.",wood carving;patchwork,paddle;comb;cape,tools; clothing and adornment,the community; ethnographic and museum usage,Ndyuka and other Maroon peoples of Suriname,living-community; human-flow,Wikimedia Commons,R3,F1.23,medium,Descendants of self-freed enslaved people: human-flow.
COM154,Uyghur,Uyƣur; Uyghurlar,community,People,F1.8;F1.12a,AS-CHN;AS-CEN,1921,,modern ethnonym adopted at a 1921 Tashkent meeting of Turkic intellectuals from the Tarim Basin and made official in Xinjiang in 1934 (Sheng Shicai); the people and their oasis identities are older; the Uyghur Khaganate (8th–9th c.) is a separate grouping,"Uyghur makers weave atlas ikat silk, make doppa caps, mulberry paper, pottery and musical instruments, under severe state pressure.",ikat silk;mulberry-bark paper;pottery;instrument making,atlas cloth;doppa;dutar,clothing and adornment; play and music; record and writing,the community; ethnographic and museum usage,"oasis identities (Kashgarliq, Turpanliq); the medieval Uyghur Khaganate is a different grouping",living-community; human-flow,Wikimedia Commons; Met Open Access (CC0),R2,F1.23;F1.18,high,links: POL230; POL231; OCC288. Forced labour reported: human-flow.
COM155,Hmub,"Miao (state category, which also includes Hmong, Xong and A-Hmao)",community,People,F1.8,AS-CHN,1500,,approximate,"Hmub women in Guizhou make batik, embroidery and silver headdresses, and silversmiths make the regalia for festivals.",wax resist;embroidery;silver,headdress;jacket;baby carrier,clothing and adornment; rule and display,the community; ethnographic and museum usage,Miao is a state category covering many self-named peoples,living-community; Indigenous-community,Met Open Access (CC0); Wikimedia Commons,R2,F1.18,medium,Endonym by region; verify.
COM156,Kam,Dong (state name),community,People,F1.8,AS-CHN,1500,,approximate,"Kam carpenters build drum towers and wind-and-rain bridges without nails, and women make glazed indigo cloth.",timber joinery;indigo glazing,drum tower;bridge;cloth,shelter; clothing and adornment,the community; ethnographic and museum usage,northern and southern Kam,living-community; Indigenous-community,Wikimedia Commons,R3,F1.28a,high,
COM157,Tai Lue,Dai (state category); Lue,community,People,F1.8;F1.9,AS-CHN;AS-MSE,1200,,approximate,Tai Lue weavers make supplementary-weft tube skirts and temple banners (tung) offered at Buddhist temples.,supplementary weft;temple building,banner (tung);sarong,clothing and adornment; ritual and belief,the community; ethnographic and museum usage,"Tai Lue of Yunnan, Laos, Thailand and Myanmar; the Dai category merges them with Tai Nuea",living-community,Wikimedia Commons,R3,,medium,
COM158,Nuosu,Yi (state category),community,People,F1.8,AS-CHN,1500,,approximate,Nuosu make black-red-yellow lacquerware and keep bimo priests' manuscripts.,lacquer;manuscript,lacquer bowl;manuscript,food and storage; record and writing; ritual and belief,the community; ethnographic and museum usage,Yi category merges many peoples,living-community; Indigenous-community,Wikimedia Commons,R3,F1.5,medium,
COM159,Naxi,Naxi; Nakhi,community,People,F1.8,AS-CHN;AS-HIM,1200,,approximate,"Naxi dongba priests write and paint pictographic manuscripts, and scrolls are now also made for sale.",pictographic writing;paper,dongba manuscript,record and writing; ritual and belief,the community; ethnographic and museum usage,"Mosuo, classed as Naxi by the state; ordinary Naxi who are not dongba",living-community,Wikimedia Commons,R3,F1.5,high,
COM160,Hlai,Li (state name),community,People,F1.8,AS-CHN,1000,,approximate,"Hlai women spin, dye, weave and embroider cotton tube skirts on Hainan, including ikat.",cotton weaving;ikat,skirt,clothing and adornment,the community; ethnographic and museum usage,five Hlai dialect groups with different textiles,living-community; Indigenous-community,UNESCO ICH pages (text; status to verify); Wikimedia Commons,R3,F1.18,high,links: PRA076.
COM161,Atayal,Tayal,community,People,F1.8,AS-CHN,1000,,approximate,"Atayal women weave ramie on backstrap looms with red wool patterns, and weavers revive older patterns.",ramie weaving,textile,clothing and adornment,the community; ethnographic and museum usage,"Seediq and Truku, now separately recognised",living-community; Indigenous-community,Wikimedia Commons,R3,F1.18,high,links: PRA102.
COM162,Bod-pa,Tibetans; Böpa,community,People,F1.9;F1.8,AS-HIM;AS-CHN,600,,Tibetan Empire c. 600–842; community older,"Tibetan painters, casters and weavers make thangka, gilt-copper images and pile carpets, and exile workshops in Nepal and India continue them.",mineral-pigment painting;lost-wax casting;pile weaving;woodblock printing,thangka;statue;carpet;printed text,ritual and belief; record and writing; clothing and adornment,the community; ethnographic and museum usage,Amdo and Kham regions; Newar artists who made much 'Tibetan' metalwork,living-community; sacred; human-flow,Himalayan Art Resources (view); BDRC (Buddhist Digital Resource Center); Tibetan Library of Works and Archives (view); Met Open Access (CC0); Wikimedia Commons,R1,F1.16;F1.23,high,links: CIV047; BEL023; SCH030; SCH031; OCC229; POL163. Exile after 1959: human-flow.
COM163,Sherpa,Sharwa,community,People,F1.9,AS-HIM,1500,,migration from Kham c. 16th c. by tradition,"Sherpa communities build monasteries and houses, weave, and are associated with mountaineering labour and equipment.",stone building;weaving,monastery;house;apron,shelter; ritual and belief,the community; ethnographic and museum usage,porters of other groups credited as 'Sherpas',living-community; Indigenous-community,Wikimedia Commons; Himalayan Art Resources (view),R3,F1.23,medium,Endonym Sharwa verified.
COM164,Newar,Newa,community,People,F1.9,AS-HIM,400,,Licchavi period on; approximate,"Newar metal casters, carvers and painters make images for Nepali, Tibetan and Chinese patrons.",lost-wax casting;repoussé;wood carving;painting,image;torana;window,ritual and belief; shelter,the community; ethnographic and museum usage,Shakya and other caste groups,living-community,Himalayan Art Resources (view); Met Open Access (CC0); Wikimedia Commons,R2,F1.23;F1.13,high,links: SCH032; PRA113.
COM165,Rongkup,Lepcha (exonym); Mútuncí Róngkup Rumkup; Rongpa (Sikkimese form),community,People,F1.9,AS-HIM,1500,,approximate,Lepcha communities in Sikkim and Darjeeling weave cloth on backstrap looms and make bamboo hats and baskets.,weaving;bamboo,textile;hat,clothing and adornment,the community; ethnographic and museum usage,Lepcha in Nepal and Bhutan; Bhutia neighbours,living-community; Indigenous-community,Wikimedia Commons,R3,,medium,Endonym Rongkup verified.
COM166,Ladakhi,Ladakhpa,community,People,F1.9,AS-HIM,900,,approximate,Ladakhi communities build mud-brick monasteries and houses and make turquoise perak headdresses.,turquoise;earth building,perak;monastery,clothing and adornment; ritual and belief,the community; ethnographic and museum usage,Balti and Changpa nomads,living-community,Wikimedia Commons; Himalayan Art Resources (view),R3,,medium,links: DYN060.
COM167,Hmong,Hmoob,community,People,F1.9;F1.8,AS-MSE;AS-CHN;AM-EWD,1800,,migration to mainland SE Asia 18th–19th c.; diaspora after 1975,"Hmong women make paj ntaub needlework and batik, and story cloths were created in Thai refugee camps.",reverse appliqué;cross-stitch;batik;silver,paj ntaub;story cloth;baby carrier,clothing and adornment; rule and display; record and writing,the community; ethnographic and museum usage,"White, Green and other Hmong; Miao category; US diaspora",living-community; Indigenous-community; human-flow,Hmong Cultural Center (view); Wikimedia Commons,R2,F1.18;F1.19a,high,Refugee story cloth: human-flow.
COM168,Kayin,Karen; Pwo and Sgaw,community,People,F1.9,AS-MSE,1500,,approximate,Karen women weave backstrap textiles and bronze frog drums are heirlooms.,backstrap weaving;bronze,tunic;frog drum,clothing and adornment; play and music,the community; ethnographic and museum usage,"Pwo, Sgaw and others; refugee camps",living-community; Indigenous-community; human-flow,Wikimedia Commons,R3,F1.19a,medium,
COM169,Akha,Akha,community,People,F1.9,AS-MSE;AS-CHN,1500,,approximate,Akha women make silver-studded headdresses and indigo jackets with appliqué.,silver;embroidery;indigo,headdress;jacket,clothing and adornment,the community; ethnographic and museum usage,"Akha of Thailand, Laos, Myanmar and China (Hani category)",living-community; Indigenous-community,Wikimedia Commons,R3,,medium,
COM170,Cham,Chăm,community,People,F1.9,AS-MSE,200,,Champa c. 2nd–19th c.; community ongoing,"Cham women at Bàu Trúc make coil pottery fired without a kiln, and Cham weave brocade.",hand-built pottery;weaving,pot;textile,food and storage,the community; ethnographic and museum usage,Hindu Cham and Muslim Cham; Cham of Cambodia; Champa as a historical polity,living-community; Indigenous-community,UNESCO ICH pages (text; status to verify); Wikimedia Commons,R3,,high,links: CIV051; POL208; PRA119.
COM171,Bahnar,Ba Na,community,People,F1.9,AS-MSE,1500,,approximate,Bahnar build rông communal houses with tall thatched roofs in Vietnam's Central Highlands.,timber;thatch,rông,shelter,the community; ethnographic and museum usage,"Jarai, Ede and other highland peoples",living-community; Indigenous-community,Wikimedia Commons,R3,,medium,
COM172,Toraja,Toraja,community,People,F1.9,AS-ISE,1500,,approximate,Toraja build tongkonan houses with carved and painted panels and carve tau tau effigies of the dead.,wood carving;painting,tongkonan;tau tau,shelter; ritual and belief,the community; ethnographic and museum usage,Sa'dan Toraja and others; tau tau stolen for the art market,living-community; Indigenous-community; funerary; conflict-looting,Wikimedia Commons; Rijksmuseum (CC0),R2,F1.24,high,Tau tau theft cases.
COM173,Dayak peoples,Dayak (collective),community,People,F1.9,AS-ISE,1000,,approximate,"Dayak peoples carve shields and house panels, weave rattan mats and make beaded baby carriers.",carving;beadwork;rattan,shield;baby carrier,war; clothing and adornment,the community; ethnographic and museum usage,"Kenyah, Kayan, Ngaju, Iban and many more under one collective",living-community; Indigenous-community,Rijksmuseum (CC0); Wikimedia Commons,R2,F1.26,high,
COM174,Iban,Iban,community,People,F1.9,AS-ISE,1500,,approximate,Iban women weave pua kumbu warp-ikat cloths used in ritual.,warp ikat,pua kumbu,ritual and belief; clothing and adornment,the community; ethnographic and museum usage,Iban of Sarawak and Kalimantan; master weavers ranked by skill,living-community; Indigenous-community; sacred,Wikimedia Commons,R2,F1.18,high,links: PRA129.
COM175,Toba Batak,Batak Toba,community,People,F1.9,AS-ISE,1500,,approximate,"Toba Batak weave ulos cloths for gift exchange, and priests wrote pustaha bark books.",weaving;bark book,ulos;pustaha,record and writing; clothing and adornment,the community; ethnographic and museum usage,"Karo, Simalungun, Pakpak, Angkola and Mandailing Batak",living-community,Rijksmuseum (CC0); Wikimedia Commons,R2,F1.5,high,
COM176,Ifugao,Ifugao,community,People,F1.9,AS-ISE,1600,,terraces debated,Ifugao carve bulul rice-granary figures and maintain the terraces.,wood carving;terracing,bulul,ritual and belief; food and storage,the community; ethnographic and museum usage,Ifugao ethnolinguistic groups; bulul made for tourists,living-community; Indigenous-community; sacred,Wikimedia Commons,R2,F1.24,high,
COM177,T'boli,Tboli,community,People,F1.9,AS-ISE,1500,,approximate,"T'boli women weave t'nalak abaca ikat from dream designs, and men cast brass.",ikat abaca;brass casting,t'nalak,clothing and adornment,the community; ethnographic and museum usage,named dream weavers such as Lang Dulay,living-community; Indigenous-community,Wikimedia Commons,R3,F1.18,high,links: PRA128.
COM178,Minangkabau,Urang Minang,community,People,F1.9,AS-ISE,1300,,approximate,Minangkabau build rumah gadang houses with curved roofs and weave songket.,timber;songket,rumah gadang;songket,shelter; clothing and adornment,the community; ethnographic and museum usage,matrilineal clans; merantau diaspora,living-community,Wikimedia Commons,R3,,high,
COM179,Sūrāyē,Assyrians; Suryoye; Chaldeans; Syriacs,community,People,F1.9a;F1.10,WA-MES;WA-ANA;WA-IRN,1,,Syriac Christianity from 1st–3rd c. CE; claimed continuity with ancient Assyria,"Assyrian and Syriac communities keep Syriac manuscript copying, church embroidery and silverwork, and many live in diaspora after 20th-century massacres and wars.",Syriac script;embroidery;silverwork,manuscript;church textile;jewellery,ritual and belief; record and writing; clothing and adornment,the community; ethnographic and museum usage,"Church of the East, Chaldean and Syriac Orthodox groups who name themselves differently; ancient Assyria as a separate grouping",living-community; Indigenous-community; human-flow; conflict-looting,Wikimedia Commons; British Library digitised Syriac manuscripts (view),R3,F1.24;F1.19a,high,links: CIV058; BEL015; BEL016. Seyfo 1914–1920 and later displacement: human-flow.
COM180,Mandaiia,Mandaeans; Sabians (Arabic usage),community,People,F1.9a;F1.10,WA-MES;WA-IRN,100,,origins debated; approximate,"Mandaean goldsmiths and silversmiths in southern Iraq and Iran are known for niello silver, and priests copy scrolls.",niello silver;scroll copying,silver object;scroll,ritual and belief; record and writing; exchange and value,the community; ethnographic and museum usage,Iraqi and Iranian communities; diaspora since 2003,living-community; human-flow,Wikimedia Commons,R3,F1.23,medium,Origins debated; displacement after 2003.
COM181,Êzîdî,Yazidis,community,People,F1.9a;F1.10,WA-MES;WA-ANA;WA-CAU,1100,,faith consolidated c. 12th c. around Sheikh Adi,"Ezidi communities build conical-roofed shrines at Lalish and weave textiles, and the 2014 genocide destroyed many shrines.",stone building;weaving,shrine;textile,ritual and belief; shelter,the community; ethnographic and museum usage,Armenian and Georgian Ezidi communities,living-community; sacred; human-flow; conflict-looting,Wikimedia Commons,R3,F1.19a,high,2014 genocide: human-flow and conflict-looting.
COM182,ʿArab al-Ahwār,"Marsh Arabs; Ahwaris; Ma'dan (rejected exonym: used disparagingly by desert tribes, often considered derogatory today)",community,People,F1.10,WA-MES,1000,,approximate; reed building attested much earlier,"Marsh Arab communities build mudhif reed guesthouses and reed boats (mashuf) in the southern Iraqi marshes, which were drained in the 1990s.",reed building;bitumen,mudhif;mashuf,shelter; transport,the community; ethnographic and museum usage,tribes; marsh drainage refugees,living-community; Indigenous-community; human-flow,Wikimedia Commons,R3,F1.22,high,"Drainage and displacement: human-flow. Name changed from Ma'dan, often considered derogatory."
COM183,Kurd,Kurds,community,People,F1.10,WA-MES;WA-IRN;WA-ANA;WA-CAU,1000,,approximate,"Kurdish weavers make kilims, pile rugs and saddlebags, and Kurdish women produce much village weaving.",pile weaving;kilim;felt,rug;saddlebag;kilim,shelter; transport; clothing and adornment,the community; ethnographic and museum usage,"Kurmanji, Sorani and other speakers; Kurdish weavings labelled 'Persian' or 'Turkish'",living-community; human-flow,Met Open Access (CC0); Wikimedia Commons,R2,F1.18,high,
COM184,Muwaḥḥidūn,"Druze (from ad-Darazī, whom the faith regards as a heretic; widely used, including by the community)",community,People,F1.10,WA-LEV,1017,,faith from 1017,"Druze communities in Lebanon, Syria, Israel and Jordan keep distinctive religious dress and build stone village houses and khalwa prayer houses.",embroidery;stone building,dress;house,clothing and adornment; shelter,the community; ethnographic and museum usage,"Lebanese, Syrian, Israeli and diaspora communities; religious and lay members",living-community,Wikimedia Commons,R3,,medium,"Endonym al-Muwaḥḥidūn (""the monotheists"") verified; da'wa opened 30 May 1017. Making significance is modest."
COM185,Shamerim,Samaritans,community,People,F1.9a,WA-LEV,-500,,approximate,Samaritans copy Torah scrolls in Samaritan script and cast metal scroll cases.,scroll copying;metal casting,Torah scroll;scroll case,ritual and belief; record and writing,the community; ethnographic and museum usage,Mount Gerizim and Holon communities,living-community; sacred,Wikimedia Commons,R3,F1.5,medium,
COM186,Filastiniyyun,Palestinians,community,People,F1.10,WA-LEV,1900,,national identity from c. early 20th c.; making traditions older,"Palestinian women embroider tatreez dresses whose patterns vary by village, and the Palestinian Museum archives them.",cross-stitch embroidery;glassblowing;pottery;olive-wood carving,thobe;Hebron glass;pottery,clothing and adornment; rule and display,the community; ethnographic and museum usage,village and regional styles; refugees,living-community; human-flow; conflict-looting,Palestinian Museum Digital Archive (view); Wikimedia Commons,R2,F1.18;F1.19a,high,links: PRA137. Displacement of 1948 (Nakba): human-flow.
COM187,Adyghe,Circassians,community,People,F1.10,WA-CAU;WA-LEV;WA-ANA,1500,,approximate; deported 1864,"Adyghe women make gold embroidery and smiths make silver belt work, crafts carried to Ottoman lands after the 1864 expulsion.",gold embroidery;silver,belt;dress,clothing and adornment; rule and display,the community; ethnographic and museum usage,"Kabardians and diaspora in Jordan, Turkey",living-community; Indigenous-community; human-flow,Wikimedia Commons,R3,F1.18,medium,
COM188,Bedu,Bedouin,community,People,F1.10,WA-ARB;WA-LEV,1000,,approximate,Bedu women weave sadu tent textiles and bags on ground looms.,sadu weaving,tent;saddlebag,shelter; transport,the community; ethnographic and museum usage,tribes; settled Bedu,living-community,Wikimedia Commons,R2,F1.18,high,links: PRA131; MKR058.
COM189,Haenyeo,Jamnyeo (older local term); Jeju women divers,community,People,F1.8,AS-KOR,1600,,documented from 17th c.; approximate,"Haenyeo, women breath-hold divers of Jeju, make and maintain their own floats, nets and hand tools and pass on the knowledge in divers' collectives.",gourd and foam floats;net making;rubber suits (from 1970s),tewak float;mangsari net;bitchang pry,food and storage; tools,the community,divers in other coastal Korean and Japanese (ama) communities; older divers' own accounts,living-community,UNESCO ICH pages (text; status to verify); Wikimedia Commons; Haenyeo Museum Jeju (view),R3,F1.23;F1.22a,medium,UNESCO listing to verify.
COM190,Koryo-saram,Soviet and post-Soviet Koreans,community,People,F1.8;F1.12a,AS-CEN;AS-KOR;AS-NTH,1860,,settled in Russian Far East from 1860s; deported to Central Asia 1937,"Koryo-saram, deported to Kazakhstan and Uzbekistan in 1937, adapted Korean food, dress and farming tools to Central Asia, and dishes such as morkovcha are now part of post-Soviet cooking.",food preparation;sewing,kimchi (morkovcha);hanbok variants,food and storage; clothing and adornment,the community,"Sakhalin Koreans, a separate history",living-community; human-flow,Wikimedia Commons,R3,F1.23;F1.19a,medium,1937 deportation: human-flow.
COM191,Baekjeong,"Paekchŏng (McCune–Reischauer); a status label imposed by the state, with no self-chosen name",community,People,F1.8,AS-KOR,1400,1894,"Joseon status category formed under Sejong (r. 1418–1450), who grouped outcaste groups under this name; legally abolished 1894 (Kabo Reform); discrimination continued into the 20th c.","People classed as baekjeong, a hereditary outcaste status in Joseon Korea, worked as butchers, tanners and willow-basket makers, and in 1923 they founded the Hyeongpyeongsa in Jinju to end the status and its contemptuous names.",leather tanning;willow basketry,shoe;basket;drum,tools; food and storage,the Joseon state (legal status category); historians,"their own voices, absent from court records; descendants",none,Wikimedia Commons,R3,F1.23,medium,"Kind note: a hereditary status imposed by the state and enforced by discrimination, not a people or ethnic group; write ""people classed as baekjeong""."
COM192,Ainu,"Aynu; Utari (""friend""; used by the Hokkaido Utari Association 1961–2009, now the Ainu Association of Hokkaido)",community,People,F1.8,AS-JPN;AS-NTH,1200,,Ainu culture period from c. 13th c.,"Ainu women make attus bark-fibre and appliqué robes, and men carve ikupasuy prayer sticks, trays and knife sheaths.",attus bark weaving;cotton appliqué;wood carving,robe;ikupasuy;tray;makiri sheath,clothing and adornment; ritual and belief; food and storage,the community; ethnographic and museum usage,"Hokkaido, Sakhalin and Kuril Ainu; Japanese traders who made 'Ainu' souvenirs",living-community; Indigenous-community; sacred,Upopoy National Ainu Museum (view); British Museum collection online (view; licence per image); Wikimedia Commons,R1,F1.18;F1.24,high,links: PRD131; OCC153; OCC283; PRA101.
COM193,Uchinanchu,Okinawans; Ryukyuans,community,People,F1.8,AS-JPN,1429,,Ryukyu Kingdom 1429–1879; community older,"Okinawan makers weave bashōfu banana-fibre cloth, stencil-dye bingata and fire tsuboya pottery.",bashōfu;bingata stencil dye;lacquer;pottery,textile;lacquer box;pot,clothing and adornment; rule and display; food and storage,the community; ethnographic and museum usage,"Miyako, Yaeyama and Amami islanders with their own textiles",living-community; Indigenous-community,Wikimedia Commons; Met Open Access (CC0),R2,F1.18,high,links: POL184.
COM194,Buraku communities,"buraku; hisabetsu buraku (""discriminated-against communities""); Burakumin (rejected term: carries strong discriminatory connotations)",community,People,F1.8,AS-JPN,1600,,outcaste status formalised in Edo period; abolished legally by the Liberation Edict of 28 August 1871; discrimination persists,"Buraku communities, descended from people assigned to hide, leather and other stigmatised work under Edo-period status rules, include makers of taiko drums and leather goods, and the Buraku Liberation League campaigns against the discrimination that persists.",leather tanning;drum making,taiko;leather goods;sandal,tools; play and music,the Edo-period status system (imposed); the Buraku Liberation League and community organisations (self-description),individual makers; the stigma of the label itself,living-community,Wikimedia Commons,R3,F1.23,medium,"Kind note: a status group created by discrimination, not an ethnic group or people; members are ethnically Japanese. Use ""buraku"" or ""hisabetsu buraku"". Handle with care."
COM195,Nivkh,Nivkhgu,community,People,F1.12a,AS-NTH,1500,,approximate,"Nivkh communities of the Amur and Sakhalin make fish-skin clothing, carved ritual objects and birchbark containers.",fish-skin sewing;birchbark;wood carving,robe;container;bear-festival ladle,clothing and adornment; ritual and belief; food and storage,the community; ethnographic and museum usage,Amur and Sakhalin groups; Ainu and Nanai neighbours,living-community; Indigenous-community; sacred,Wikimedia Commons,R3,F1.18,medium,
COM196,Warli,Warli,community,People,F1.9,AS-SAS,1500,,approximate; wall painting documented from 1970s outside the community,"Warli women paint rice-paste figures on mud walls for marriage rites, and painters such as Jivya Soma Mashe took the style to paper and canvas.",rice-paste painting;cow-dung and mud plaster,chauk wall painting;painting on paper,ritual and belief; shelter,the community; ethnographic and museum usage,women who made the wall paintings before male artists became known; imitation in commercial prints,living-community; Indigenous-community,Wikimedia Commons,R2,F1.2;F1.21,high,links: STY125. GI status to verify.
COM197,Koitur,Gond (exonym),community,People,F1.9,AS-SAS,1500,,approximate,"Gond communities paint walls and floors, and Pardhan Gond artists following Jangarh Singh Shyam paint on paper and canvas.",wall painting;acrylic on canvas;dotted line,painting;wall painting,ritual and belief; shelter,the community; ethnographic and museum usage,Pardhan Gond bards who are distinct from other Gond; many Gond language communities,living-community; Indigenous-community,Wikimedia Commons,R2,F1.20,medium,"links: SCH027. Endonym Kōītōr (Koitur, Koi) verified; Gond is the name used by outsiders."
COM198,Santal,"Hor Hopon (""child of human""); Hor",community,People,F1.9,AS-SAS,1500,,approximate,Santal communities paint and relief-model their house walls and make scroll paintings and musical instruments.,mud relief;wall painting;scroll painting;wood carving,house wall;jadu patua scroll;banam fiddle,shelter; ritual and belief; play and music,the community; ethnographic and museum usage,"Santal in Jharkhand, Bengal, Odisha, Bangladesh and Nepal; Patua painters who paint Santal scrolls",living-community; Indigenous-community,Wikimedia Commons,R3,F1.29,medium,Endonym Hor Hopon verified.
COM199,Rabari,Raika; Rebari,community,People,F1.9,AS-SAS,1200,,approximate,"Rabari women embroider mirrorwork on garments and dowry textiles, and in some groups a ban on dowry embroidery led to appliqué 'readymade' trims.",mirror embroidery;appliqué;wool weaving,kanchali blouse;dowry bag;shawl,clothing and adornment; rule and display,the community; ethnographic and museum usage,"Kutchi, Dhebaria and Vagadia Rabari; weavers of other castes",living-community,Wikimedia Commons,R3,F1.18,high,Embroidery ban (1990s) details to verify.
COM200,Naga peoples,"Naga (collective for Angami, Ao, Konyak, Sumi and some 30 others)",community,People,F1.9,AS-SAS;AS-MSE,1500,,approximate,"Naga communities weave loin-loom shawls whose designs record rank and deeds, carve log drums and house posts, and make beadwork.",loin-loom weaving;wood carving;beadwork;brass,warrior shawl;log drum;necklace;morung post,clothing and adornment; rule and display; ritual and belief,the community; ethnographic and museum usage,over 30 separate peoples; ancestral remains in UK museums under return,living-community; Indigenous-community; ancestral; conflict-looting,Pitt Rivers Museum collections online (view); British Museum collection online (view; licence per image); Wikimedia Commons,R2,F1.24,high,Pitt Rivers ancestral remains returns (2020s) to verify.
COM201,Meitei,Manipuri,community,People,F1.9,AS-SAS,33,,royal chronicle begins 33 CE by tradition,"Meitei weavers make phanek wrap skirts and moirang phee cloth, and costume makers create Ras Lila dance dress.",handloom weaving;embroidery,phanek;dance costume,clothing and adornment; play and music,the community; ethnographic and museum usage,hill peoples of Manipur,living-community,Wikimedia Commons,R3,F1.18,medium,Chronicle date traditional.
COM202,Khasi,"Ki Hynñiewtrep (""the seven huts""; collective self-designation of Khasi-Jaintia peoples)",community,People,F1.9,AS-SAS,1500,,approximate,Khasi and Jaintia communities train living root bridges from rubber figs and raise memorial monoliths.,rubber-fig root training;stone,living root bridge;monolith,transport; ritual and belief,the community; ethnographic and museum usage,"War, Pnar and Jaintia groups",living-community; Indigenous-community,Wikimedia Commons,R3,F1.22,medium,Hynñiewtrep verified; living root bridges are credited to War Khasi and War-Jaintia communities.
COM203,Siddi,Sidi; Habshi,community,People,F1.9,AS-SAS,1500,,arrivals from 16th c. onward,Siddi women in Karnataka stitch kawandi patchwork quilts from worn cloth.,patchwork quilting,kawandi quilt,clothing and adornment; shelter,the community; ethnographic and museum usage,Siddi in Gujarat and Pakistan (Sheedi); enslaved and free East African ancestors,living-community; human-flow,Wikimedia Commons,R3,F1.23;F1.18,medium,African descent via Indian Ocean slave trade: human-flow.
COM204,Toda,Toda,community,People,F1.9,AS-SAS,1500,,approximate,"Toda women embroider red and black pukhoor shawls, and Toda build barrel-vaulted houses.",darning embroidery;bamboo and thatch,pukhoor shawl;house,clothing and adornment; shelter,the community; ethnographic and museum usage,Kota and Badaga neighbours,living-community; Indigenous-community,Wikimedia Commons,R3,F1.18,medium,
COM205,Kalasha,Kalash,community,People,F1.9,AS-SAS,1500,,approximate,"Kalasha women make cowrie headdresses and embroidered dresses, and carvers make wooden effigies (gandau) for the dead.",cowrie sewing;embroidery;wood carving,kupas headdress;dress;gandau effigy,clothing and adornment; ritual and belief,the community; ethnographic and museum usage,converted Kalasha (sheikh); Nuristani neighbours,living-community; Indigenous-community; funerary,Wikimedia Commons,R3,F1.16,medium,
COM206,Pashtana,Pashtun; Pathan (older exonym),community,People,F1.9;F1.12a,AS-SAS;AS-CEN,1000,,approximate,"Pashtun communities make embroidered dress, and Peshawar and Swat, in the Pashtun north-west, are among the centres of Pakistani truck decoration alongside Karachi, Rawalpindi, Quetta and Lahore.",embroidery;truck decoration,dress;truck,clothing and adornment; transport,the community; ethnographic and museum usage,many tribes; truck painters of other backgrounds,living-community,Wikimedia Commons,R3,F1.21,medium,"Endonym Pax̌tānə (Pashtana, pl.) standard. Truck art is regional and multi-ethnic; not attributed to Pashtuns as a whole."
COM207,Chakma,Changma,community,People,F1.9,AS-SAS;AS-MSE,1500,,approximate,Chakma women weave pinon-hadi on back-strap looms and keep an alam pattern book of designs.,backstrap weaving,pinon;hadi;alam sample,clothing and adornment; record and writing,the community; ethnographic and museum usage,other Jumma peoples of the Chittagong Hill Tracts,living-community; Indigenous-community; human-flow,Wikimedia Commons,R3,F1.18,medium,Kaptai dam displacement: human-flow.
COM208,Qazaq,Kazakh,community,People,F1.12a,AS-CEN,1456,,Kazakh Khanate from c. 1456; community ongoing,"Kazakh makers build and furnish the kiyiz uy yurt with felts, woven bands and embroidered tus kiiz hangings, and silversmiths make jewellery.",felt making;band weaving;embroidery;silver,yurt;tus kiiz;syrmak felt;jewellery,shelter; clothing and adornment; rule and display,the community; ethnographic and museum usage,three zhuz (hordes); victims of forced sedentarisation 1930–1933,living-community; human-flow,UNESCO ICH pages (text; status to verify); Wikimedia Commons,R2,F1.18;F1.22a,high,links: PRA159; OCC202.
COM209,Kyrgyz,Kyrgyz,community,People,F1.12a,AS-CEN,1500,,approximate,Kyrgyz women make ala-kiyiz and shyrdak felt carpets and the yurt's fittings.,felt mosaic;pressed felt;embroidery,shyrdak;ala-kiyiz;yurt;tush kiyiz,shelter; clothing and adornment,the community; ethnographic and museum usage,Kyrgyz in China and Afghanistan (Pamir),living-community,UNESCO ICH pages (text; status to verify); Wikimedia Commons,R2,F1.18,high,links: PRA159; PRA160.
COM210,Türkmen,Turkmen,community,People,F1.12a;F1.10,AS-CEN;WA-IRN,1000,,Oghuz ancestors; approximate,"Turkmen women weave pile carpets and bags whose göl emblems identify tribes such as Tekke, Yomut and Ersari.",pile weaving;silver;embroidery,carpet;tent band;bag;jewellery,shelter; rule and display; clothing and adornment,the community; ethnographic and museum usage,"tribes; Turkmen of Iran, Afghanistan and Iraq; dealer attributions",living-community,Met Open Access (CC0); Wikimedia Commons,R2,F1.18,high,links: STY166; PRA161.
COM211,Hazara,Hazaragi-speakers,community,People,F1.12a,AS-CEN;AS-SAS,1500,,approximate,"Hazara women embroider and weave, and Hazara communities have faced repeated persecution and displacement.",embroidery;weaving;felt,dress;prayer cloth;rug,clothing and adornment; ritual and belief,the community; ethnographic and museum usage,refugees in Quetta and Iran,living-community; human-flow,Wikimedia Commons,R3,F1.18,medium,Persecution and displacement: human-flow.
COM212,Karakalpak,Qaraqalpaq,community,People,F1.12a,AS-CEN,1600,,approximate,Karakalpak women embroider kiymeshek headdresses and make yurts on the lower Amu Darya.,embroidery;felt;silver,kiymeshek;yurt,clothing and adornment; shelter,the community; ethnographic and museum usage,Aral Sea crisis,living-community,Wikimedia Commons,R3,F1.22,medium,
COM213,Mongols,"Mongol; Khalkha, Oirat, Buryat and others",community,People,F1.12a,AS-CEN;AS-NTH;AS-CHN,1200,,Mongol identity from c. 12th c.,"Mongol makers build gers, make appliqué thangka and saddles, and follow the Zanabazar school of casting.",felt;wood lattice;appliqué;metal casting,ger;appliqué thangka;saddle;snuff bottle,shelter; transport; ritual and belief,the community; ethnographic and museum usage,"Inner Mongolian, Buryat and Kalmyk Mongols; Zanabazar school",living-community; sacred,UNESCO ICH pages (text; status to verify); Himalayan Art Resources (view); Wikimedia Commons,R2,F1.22a,high,links: POL233; SCH045; PRA085; PRA086; OCC214.
COM214,Bukharim,Bukharan Jews,community,People,F1.12a,AS-CEN,1300,,approximate,"Bukharan Jewish dyers and embroiderers were central to ikat and suzani trades in Bukhara, and most of the community now lives in Israel and the United States.",ikat dyeing;embroidery;gold thread,ikat robe;suzani,clothing and adornment; exchange and value,the community; ethnographic and museum usage,most emigrated to Israel and the US,living-community,Wikimedia Commons,R3,F1.18;F1.23,medium,Role in ikat dyeing to verify.
COM215,Evenki,Evenki; Tungus (older exonym),community,People,F1.12a,AS-NTH,1500,,approximate,"Evenki make birchbark containers, beaded reindeer-skin clothing and reindeer saddles.",birchbark;beadwork;reindeer hide,container;coat;saddle,clothing and adornment; transport; food and storage,the community; ethnographic and museum usage,Evenki in China (Ewenki) and Mongolia,living-community; Indigenous-community,Wikimedia Commons,R3,F1.18,medium,links: BEL036.
COM216,Nenets,Nenets,community,People,F1.12a,AS-NTH,1500,,approximate,Nenets women sew reindeer-fur clothing and mya chum tent covers.,reindeer fur;sewing,chum;malitsa;boot,shelter; clothing and adornment,the community; ethnographic and museum usage,Forest and Tundra Nenets; industrial pressure on Yamal pastures,living-community; Indigenous-community,Wikimedia Commons,R3,F1.22,medium,
COM217,Sakha,Yakuts (exonym),community,People,F1.12a,AS-NTH,1300,,approximate,Sakha smiths make silver jewellery and carvers make choron cups for kumis.,silver;wood carving;horsehair,choron;jewellery,clothing and adornment; food and storage; rule and display,the community; ethnographic and museum usage,Sakha of northern and central Yakutia; Evenki and Dolgan neighbours,living-community; Indigenous-community,Wikimedia Commons,R3,,medium,
COM218,Luoravetlan,Chukchi (exonym); Ləgʼoravetlʼat,community,People,F1.12a,AS-NTH,1500,,approximate,Chukchi and Yupik carvers engrave walrus ivory at the Uelen workshop.,ivory engraving,engraved tusk,rule and display,the community; ethnographic and museum usage,coastal and reindeer Chukchi; Siberian Yupik carvers at Uelen,living-community; Indigenous-community,Wikimedia Commons,R3,,medium,Endonym to verify.
COM219,Nanai,Hezhe (China),community,People,F1.12a,AS-NTH;AS-CHN,1500,,approximate,Nanai women make fish-skin clothing and birchbark cutwork.,fish-skin tanning;birchbark,robe;box,clothing and adornment; food and storage,the community; ethnographic and museum usage,Nanai of Russia and Hezhe of China; Ulch neighbours,living-community; Indigenous-community,Wikimedia Commons,R3,F1.18,medium,
COM220,Mahra,Mehri-speakers; al-Mahra,community,People,F1.10,WA-ARB,1000,,approximate; Modern South Arabian languages much older,"Mahra communities of eastern Yemen and Dhofar live from camel herding and Arabian Sea fishing, harvested and carried frankincense into the 20th c., and include noted navigators of Indian Ocean trade.",camel herding;fishing;frankincense harvesting;navigation,boat;camel gear;frankincense,transport; exchange and value,the community; ethnographic and museum usage,Mahra in Oman and Yemen; Jibbali-speaking neighbours,living-community; Indigenous-community,Wikimedia Commons,R3,,medium,"Earlier claims of sewn boats and silverwork unverified and removed. Also Mahris (al-Mahra tribe), found also on Socotra and in Oman."
COM221,Soqotri,Socotrans,community,People,F1.10,WA-ARB,1000,,approximate,"Soqotri women hand-build pottery and weave wool, and herders tap dragon's-blood resin.",hand-built pottery;wool weaving;resin harvesting,pot;incense burner;cloth,food and storage; exchange and value,the community; ethnographic and museum usage,coastal and highland communities,living-community; Indigenous-community,Wikimedia Commons,R3,F1.22,medium,Pottery made only by women; weaving by women on a horizontal ground loom; dragon's-blood resin applied to pots after firing (Soqotra Heritage Project).
COM222,Qashqa'i,Qashqai,community,People,F1.10,WA-IRN,1700,,confederation from c. 18th c.,"Qashqai women weave gabbeh, kilims and saddlebags on horizontal looms during migration.",pile and flat weaving;natural dyes,gabbeh;kilim;saddlebag,shelter; transport,the community; ethnographic and museum usage,"Turkic-, Luri- and Persian-speaking tribes in the confederation",living-community; Indigenous-community,Met Open Access (CC0); Wikimedia Commons,R2,F1.18,high,
COM223,Bakhtiari,Bakhtiari,community,People,F1.10,WA-IRN,1500,,approximate,"Bakhtiari women weave rugs and saddlebags, and many 'Bakhtiari' rugs are made by settled villagers.",pile weaving,rug;saddlebag,shelter; transport,the community; ethnographic and museum usage,settled village weavers,living-community; Indigenous-community,Wikimedia Commons,R3,F1.18,medium,
COM224,Baloch,Baluch,community,People,F1.10,WA-IRN;AS-SAS;AS-CEN,1000,,approximate,Baloch women embroider dress panels and weave rugs.,embroidery;pile weaving,dress panel;rug,clothing and adornment; shelter,the community; ethnographic and museum usage,"Baloch of Pakistan, Iran and Afghanistan; Brahui",living-community,Wikimedia Commons,R3,F1.18,medium,
COM225,Shahsevan,Ilsevan,community,People,F1.10,WA-IRN;WA-CAU,1700,,approximate,Shahsevan women weave sumakh mafrash bedding bags.,sumakh;flat weaving,mafrash;bag,shelter; transport,the community; ethnographic and museum usage,tribes of Moghan and Ardabil,living-community; Indigenous-community,Wikimedia Commons,R3,F1.18,medium,
COM226,Zartoshti,Iranian Zoroastrians,community,People,F1.10;F1.9a,WA-IRN,-500,,religion ancient; community in Yazd and Kerman,"Zoroastrian women of Yazd embroider dress and weave cloth, and the community builds fire temples.",embroidery;weaving,dress;fire temple,ritual and belief; clothing and adornment,the community; ethnographic and museum usage,Parsis of India,living-community; sacred,Wikimedia Commons,R3,F1.16,medium,links: BEL005.
COM227,Hayer,Armenians; Hay (sing.),community,People,F1.9a;F1.10,WA-CAU;WA-ANA;WA-LEV;WA-IRN,-500,,approximate,"Armenian makers carve khachkar stones, weave carpets, illuminate manuscripts and paint ceramics, including in Kütahya and Jerusalem.",stone carving;manuscript illumination;carpet weaving;ceramics,khachkar;manuscript;carpet;tile,ritual and belief; record and writing; shelter,the community; ethnographic and museum usage,"Cilician, Julfa and diaspora communities; genocide survivors whose works entered museums",living-community; human-flow; conflict-looting,Matenadaran (view); Wikimedia Commons; Met Open Access (CC0),R1,F1.19a;F1.24,high,links: BEL014; SCH046; DIA002; OCC073; OCC188; PRA148.
COM228,Kartvelebi,Georgians,community,People,F1.9a,WA-CAU,-500,,approximate,"Georgians make qvevri wine vessels, cloisonné enamel and goldsmith icons.",clay qvevri;cloisonné,qvevri;icon;enamel,food and storage; ritual and belief,the community; ethnographic and museum usage,"Svans, Megrelians and other regional groups",living-community,Wikimedia Commons,R2,,high,links: PRA149.
COM229,Kubachi,Kubachintsy; Dargin,community,People,F1.10,WA-CAU,1000,,approximate,Kubachi smiths make engraved silver vessels and weapons.,silver engraving;niello,dagger;vessel,war; rule and display,the community; ethnographic and museum usage,Dargin neighbours,living-community,Wikimedia Commons,R2,,high,links: PLC312.
COM230,Sámi,Saami; Sápmelaččat; 'Lapps' (rejected exonym),community,People,F1.11,EU-SCA;EU-EER,-1000,,ancestral presence long; approximate,"Sámi makers practise duodji: reindeer-antler and birch carving, pewter-thread embroidery, bands and gákti dress, and many drums were taken by missionaries.",antler carving;birch burl;pewter thread;band weaving,gákti;knife;guksi cup;drum,clothing and adornment; tools; ritual and belief,the community; ethnographic and museum usage,"North, Lule, South, Skolt and other Sámi; drums as sacred objects",living-community; Indigenous-community; sacred; conflict-looting,Ájtte Swedish Mountain and Sámi Museum (view); Europeana; Wikimedia Commons,R1,F1.24;F1.18,high,links: BEL053; PRA195; MOV105. Drum returns (e.g. Freavnantjahke gievrie 2023) to verify.
COM231,Seto,Setos,community,People,F1.11,EU-SCA;EU-EER,1500,,approximate,Seto women make large silver breast brooches (sõlg) and lace and sing leelo.,silver;lace,sõlg;lace,clothing and adornment; rule and display,the community; ethnographic and museum usage,Russian-side Setos,living-community,UNESCO ICH pages (text; status to verify); Europeana; Wikimedia Commons,R3,,medium,
COM232,Karjalaižet,Karelians,community,People,F1.11,EU-EER;EU-SCA,1000,,approximate,"Karelians embroider ritual towels and build log houses, and the Kalevala drew on Karelian singers.",embroidery;log building,towel;house,shelter; ritual and belief,the community; ethnographic and museum usage,Karelians of Russia and Finland; Veps,living-community,Europeana; Wikimedia Commons,R3,F1.29,medium,
COM233,Rroma,Roma; Romani people; 'Gypsy' (rejected exonym for many; some reclaim it),community,People,F1.11;F1.13,GL;EU-BYZ;EU-WCE;EU-EER;EU-BLC,1000,,left northern India c. 1000; in Europe from c. 14th c.,"Roma craftspeople are coppersmiths, metalworkers, basket-makers, woodworkers and musicians, and were enslaved in Wallachia and Moldavia until 1856.",coppersmithing;basketry;woodwork;instrument making,copper cauldron;basket;violin,tools; play and music; food and storage,the community; ethnographic and museum usage,"Kalderash, Lovari, Sinti, Romanichal, Calé, Kaale and many others",living-community; human-flow,RomArchive (licences vary); ERIAC (view); Europeana; Wikimedia Commons,R1,F1.23;F1.19a,high,Enslavement in Wallachia and Moldavia and the Porajmos: human-flow.
COM234,Rudari,Băieși; Boyash,community,People,F1.11,EU-BYZ;EU-EER,1500,,approximate,"Rudari woodworkers carve spoons, troughs and spindles from soft wood in Romania and the Balkans.",wood carving,spoon;trough,tools; food and storage,the community; ethnographic and museum usage,Boyash of Hungary and Croatia; other Roma groups,living-community; human-flow,Europeana; Wikimedia Commons,R3,F1.23,medium,
COM235,Sinti,Sinte; Manouches,community,People,F1.11,EU-WCE,1400,,approximate,Sinti communities in German-speaking lands and France (Manouches) are associated with instrument work and jazz manouche guitar.,instrument making;travelling trades,guitar;violin,play and music,the community; ethnographic and museum usage,Sinti and Manouches; victims of Nazi persecution,living-community; human-flow,RomArchive (licences vary); Wikimedia Commons,R3,,medium,
COM236,Serbja,Sorbs; Wends,community,People,F1.11,EU-WCE,600,,approximate,Sorbs decorate Easter eggs with wax and scratch techniques and make festival costume.,wax resist;etching,Easter egg;costume,ritual and belief; clothing and adornment,the community; ethnographic and museum usage,Upper and Lower Sorbs,living-community,Europeana; Wikimedia Commons,R3,,high,
COM237,Ladins,Ladini,community,People,F1.11,EU-WCE,1000,,approximate,Ladins of Val Gardena carve wooden figures and toys that were exported across Europe.,wood carving,figure;toy,play and music; ritual and belief,the community; ethnographic and museum usage,Ladins of other Dolomite valleys,living-community,Europeana; Wikimedia Commons,R3,F1.21,medium,
COM238,Jenische,Yenish,community,People,F1.11,EU-WCE,1700,,approximate,"Yenish families work as basket-makers, knife grinders and traders, trades pursued while travelling.",basketry;knife grinding,basket;knife,tools,the community; ethnographic and museum usage,"Yenish of Switzerland, Germany, Austria and France",living-community; human-flow,Wikimedia Commons,R3,F1.23,medium,Swiss child-removal programme (1926–1973): human-flow.
COM239,Breizhiz,Bretons,community,People,F1.11,EU-WCE,500,,approximate,"Breton embroiderers and lacemakers make regional coiffes and embroidered costume worn at festivals, a practice kept up by Breton cultural circles.",embroidery;lace,coiffe;costume,clothing and adornment,the community; ethnographic and museum usage,Upper and Lower Brittany,living-community,Europeana; Wikimedia Commons,R3,F1.18,medium,
COM240,Mincéirí,Irish Travellers,community,People,F1.11,EU-BLC,1500,,approximate,"Mincéirí practise tinsmithing and horse dealing and built barrel-top wagons, trades now kept as heritage and livelihood.",tinsmithing;wagon building,tin can;wagon,tools; transport,the community; ethnographic and museum usage,Scottish Travellers,living-community,Wikimedia Commons,R3,F1.23,medium,
COM241,Romanichal,English Romany,community,People,F1.11,EU-BLC,1500,,approximate,Romanichal makers build and decorate vardo wagons and carve wooden flowers and pegs.,wagon building;carving,vardo;wooden flower,transport; shelter,the community; ethnographic and museum usage,Welsh Kale; Irish Travellers,living-community; human-flow,Wikimedia Commons,R3,,medium,
COM242,Gàidheil,Scottish Gaels,community,People,F1.11,EU-BLC,500,,approximate,Gaelic communities in the Outer Hebrides weave Harris Tweed and built blackhouses.,wool weaving;dry-stone building,Harris Tweed;blackhouse,clothing and adornment; shelter,the community; ethnographic and museum usage,Gaels of Nova Scotia; the Clearances,living-community; human-flow,Europeana; Wikimedia Commons,R3,F1.18,medium,links: PRA194. Clearances: human-flow.
COM243,Friezen,"Frisians; Friezen, Frasche, Seelter",community,People,F1.11,EU-BLC;EU-WCE,-500,,terp settlement from c. 500 BCE; approximate,"Frisian communities built terp dwelling mounds against the sea and are associated with regional silver, painted furniture (Hindeloopen) and sailing craft.",terp mounding;painted woodwork;silver,terp;painted cabinet;brooch,shelter; rule and display,the community; ethnographic and museum usage,"West, North and East Frisians in three states",living-community,Europeana; Rijksmuseum (CC0); Wikimedia Commons,R3,F1.22,medium,Hindeloopen painting attribution to verify.
COM244,Cymry,Welsh,community,People,F1.11,EU-BLC,500,,approximate,"Welsh makers carve lovespoons, weave double-cloth wool blankets and quarried and split slate.",wood carving;double-cloth weaving;slate splitting,lovespoon;carthen blanket;slate,clothing and adornment; shelter,the community; ethnographic and museum usage,slate quarry labour; regional mills,living-community,Europeana; Wikimedia Commons; People's Collection Wales (licences vary),R3,F1.19,medium,
COM245,Euskaldunak,Basques; Euskal herritarrak,community,People,F1.11,EU-IBE;EU-WCE,-500,,language pre-Indo-European; approximate,"Basque makers are associated with whaling ships, ironworking forges (ferrerías), the txalaparta and makila staffs.",shipbuilding;iron forging;wood carving,ship;makila staff;txalaparta;beret,transport; tools; play and music,the community; ethnographic and museum usage,Iparralde and Hegoalde; non-Basque-speaking Basques,living-community,Euskal Museoa Bayonne (view); Europeana; Wikimedia Commons,R2,F1.13,high,'Euskaldun' means Basque-speaker; verify preferred collective endonym.
COM246,Calé,Gitanos; Kale,community,People,F1.11,EU-IBE,1425,,in Iberia from c. 1425,"Calé smiths, basket-makers and horse dealers were restricted by royal decrees, and Calé are central to flamenco and its instruments.",iron forging;basketry,horseshoe;basket;guitar (players),tools; play and music,the community; ethnographic and museum usage,Andalusian and Catalan Calé; Portuguese Ciganos,living-community; human-flow,RomArchive (licences vary); Wikimedia Commons,R3,F1.23,medium,Great Round-up of 1749: human-flow.
COM247,Moriscos,Moriscos (Christian name for converted Muslims),community,People,F1.11;F1.10,EU-IBE;AF-MAG,1500,1614,forced conversion from 1501; expulsion 1609–1614,"Morisco artisans worked in silk, ceramics, carpentry and building until their expulsion to North Africa.",silk weaving;lustreware;carpentry;plaster,textile;tile;ceiling,shelter; clothing and adornment,the community; ethnographic and museum usage,Mudéjar builders before them; descendants in Morocco and Tunisia,human-flow,Europeana; Wikimedia Commons,R3,F1.23,medium,links: STY015. Expulsion: human-flow.
COM248,Sefaradim,Sephardic Jews; Sephardim,community,People,F1.11;F1.10,EU-IBE;EU-BYZ;AF-MAG;WA-LEV,1000,,in Iberia before 1492; expelled 1492 (Spain) and 1497 (Portugal),"Sephardic communities made illuminated Hebrew manuscripts in Iberia and later ritual silver and textiles across the Ottoman world, and Sephardic communities live today chiefly in Israel, France and the Americas.",manuscript illumination;silverwork;embroidery,haggadah;Torah case;wedding dress,ritual and belief; record and writing; clothing and adornment,the community; ethnographic and museum usage,"Romaniote, Ashkenazi and Maghrebi Jews; Conversos",living-community; human-flow; conflict-looting,Europeana; Wikimedia Commons; British Library digitised manuscripts (view),R3,F1.24,medium,links: OCC051. Expulsion and Holocaust: human-flow; looting: conflict-looting.
COM249,Guanches,"Indigenous Canary Islanders; Bimbaches, Majos and others",community,People,F1.6;F1.11,EU-IBE;AF-MAG,-500,1500,"settlement date debated: 1st millennium BCE (older dates, e.g. Cueva de los Guanches) or 1st–4th c. CE (Santana et al., PNAS 2024); Castilian conquest 1402–1496","The Indigenous islanders made hand-built pottery, pintadera stamps and goatskin clothing, and during the Castilian conquest many were killed, enslaved and deported.",hand-built pottery;clay stamps;hide,pot;pintadera;mummy wrapping,food and storage; clothing and adornment; ritual and belief,the community; ethnographic and museum usage,separate island peoples; descendants in present Canarian population,ancestral; funerary; human-flow,Wikimedia Commons,R3,F1.24,medium,"Amazigh-related; ""Guanche"" first meant the people of Tenerife and is now used for the whole archipelago; mummies in museums; enslavement: human-flow; Guanche ancestry survives in present Canarians."
COM250,Arbëreshë,Italo-Albanians,community,People,F1.11,EU-GRR,1450,,migration 15th–18th c.,Arbëreshë communities in southern Italy keep gold-embroidered festival dress and Byzantine-rite icons.,gold embroidery;icon painting,dress;icon,clothing and adornment; ritual and belief,the community; ethnographic and museum usage,separate villages in several regions,living-community,Europeana; Wikimedia Commons,R3,F1.18,medium,
COM251,Sarakatsani,Karakachans (Bulgaria),community,People,F1.11,EU-GRR;EU-BYZ,1500,,approximate,Sarakatsani transhumant shepherds weave wool textiles and build thatched huts.,wool weaving;thatch,blanket;hut,shelter; clothing and adornment,the community; ethnographic and museum usage,Greek and Bulgarian groups,living-community,Europeana; Wikimedia Commons,R3,F1.18,medium,
COM252,Armãnji,Aromanians; Vlachs,community,People,F1.11,EU-GRR;EU-BYZ,1000,,approximate,"Aromanian herders and merchants make wool textiles and silver, and 18th-c. Aromanian merchant towns such as Moscopole were craft and printing centres.",wool weaving;silver,textile;jewellery,clothing and adornment; exchange and value,the community; ethnographic and museum usage,Megleno-Romanians; state-assigned names,living-community,Europeana; Wikimedia Commons,R3,,medium,
COM253,Hutsuly,Hutsuls,community,People,F1.11,EU-EER,1500,,approximate,"Hutsul makers of the Carpathians carve and inlay wood, paint Kosiv ceramics and write pysanky eggs.",wood inlay;ceramics;wax resist,trembita;plate;pysanka,play and music; ritual and belief; food and storage,the community; ethnographic and museum usage,Boykos and Lemkos,living-community,Europeana; Wikimedia Commons,R3,,high,links: PRA186.
COM254,Qırımtatarlar,Crimean Tatars,community,People,F1.11;F1.12a,EU-EER,1400,,Crimean Khanate 1441–1783; deported 1944,"Crimean Tatar women embroider ornamental towels and dress, and jewellers make filigree, crafts rebuilt after the 1944 deportation.",gold embroidery;filigree,towel;dress;jewellery,clothing and adornment; rule and display,the community; ethnographic and museum usage,Nogai and coastal groups; exiles in Uzbekistan,living-community; Indigenous-community; human-flow,Europeana; Wikimedia Commons,R3,F1.19a,medium,Deportation 1944: human-flow.
COM255,Khalmgud,Kalmyks; Хальмгуд; Xaľmg (sing./adj.),community,People,F1.11;F1.12a,EU-EER,1630,,arrival on the lower Volga c. 1630; deported 1943,"Kalmyk makers produce Buddhist thangka and silver, and felt, and rebuilt temples after the 1943 deportation.",silver;felt;appliqué,thangka;jewellery,ritual and belief; clothing and adornment,the community; ethnographic and museum usage,Oirat relatives in Mongolia and Xinjiang,living-community; human-flow,Wikimedia Commons,R3,F1.19a,medium,Deportation 28 December 1943: human-flow. Endonym Хальмгуд (Khalmgud) verified.
COM256,Ashkenazim,Ashkenazi Jews,community,People,F1.11,EU-WCE;EU-EER;GL,1000,,approximate,"Ashkenazi makers produce ritual silver, papercuts and embroidered Torah textiles, and most wooden synagogues and communal treasures of eastern Europe were destroyed in the Holocaust.",silver;papercut;embroidery;timber building,Torah shield;mizrah papercut;synagogue,ritual and belief; record and writing,the community; ethnographic and museum usage,regional communities; looted collections,living-community; human-flow; conflict-looting,Europeana; Wikimedia Commons,R3,F1.24;F1.19a,medium,Holocaust looting: conflict-looting; deportation: human-flow.
COM257,Yolŋu,Yolngu,community,People,F1.12,OC-AUS,-5000,,ancestral presence in Arnhem Land for tens of thousands of years; approximate,Yolŋu artists paint bark and larrakitj memorial poles with clan designs and petitioned Parliament with bark in 1963.,ochre bark painting;larrakitj;pandanus weaving,bark painting;larrakitj;mat,ritual and belief; record and writing; rule and display,the community; ethnographic and museum usage,clans and moieties; Buku-Larrnggay Mulka,living-community; Indigenous-community; sacred,Buku-Larrnggay Mulka (view); AIATSIS collections and ethics code (protocol); Wikimedia Commons,R1,F1.24;F1.26,high,links: STY156; MKR084; OCC234.
COM258,Anangu,Pitjantjatjara and Yankunytjatjara peoples,community,People,F1.12,OC-AUS,-20000,,ancestral presence in the Western Desert for tens of thousands of years; approximate,"Anangu makers carve and poker-burn punu wooden objects, weave tjanpi grass sculpture and paint through art centres such as Ernabella and Maruku.",wood carving;pokerwork;grass coiling;painting;batik,punu;piti bowl;tjanpi sculpture;painting,ritual and belief; food and storage; tools,the community; ethnographic and museum usage,Ngaanyatjarra and other Western Desert peoples; restricted men's and women's knowledge,living-community; Indigenous-community; sacred,Ara Irititja (protocols); AIATSIS collections and ethics code (protocol); Wikimedia Commons,R2,F1.26;F1.18,high,links: MKR081; MKR087; BEL050.
COM259,Warlpiri,Warlpiri,community,People,F1.12,OC-AUS,-20000,,deep presence; approximate,"Warlpiri artists at Yuendumu paint Jukurrpa stories in acrylic through Warlukurlangu Artists, and painted the Yuendumu Doors (1983).",acrylic painting;ground and body design,painting;painted door,ritual and belief; record and writing,the community; ethnographic and museum usage,Anmatyerr and Pintupi neighbours; restricted designs,living-community; Indigenous-community; sacred,Warlukurlangu Artists (view); AIATSIS collections and ethics code (protocol); Wikimedia Commons,R2,F1.20;F1.26,high,links: MOV100; PRA210.
COM260,Pintupi,Pintupi,community,People,F1.12,OC-AUS,-20000,,deep presence; last families came in 1984,Pintupi men and women painters are central to Papunya Tula Artists and the Western Desert acrylic movement.,acrylic painting,painting,ritual and belief,the community; ethnographic and museum usage,Luritja and Warlpiri painters at Papunya,living-community; Indigenous-community; sacred,AIATSIS collections and ethics code (protocol); Wikimedia Commons,R2,F1.20,high,links: MKR080; MOV100.
COM261,Arrernte,Aranda (older spelling),community,People,F1.12,OC-AUS,-20000,,deep presence; approximate,"Western Arrernte painters work in the Hermannsburg watercolour tradition begun by Albert Namatjira, and Hermannsburg Potters make painted pots.",watercolour;hand-built pottery,landscape painting;pot,ritual and belief; food and storage,the community; ethnographic and museum usage,Eastern and Western Arrernte; sacred tjurunga held under restricted access,living-community; Indigenous-community; sacred,Strehlow Research Centre (restricted; protocols); AIATSIS collections and ethics code (protocol); Wikimedia Commons,R2,F1.26,high,links: SCH042; MKR082.
COM262,Gunditjmara,Gunditjmara,community,People,F1.12,OC-AUS,-4600,,"eel-trap channels dated c. 6,600 years ago","Gunditjmara ancestors built stone channels, weirs and traps to farm eels at Budj Bim, and the community manages the site.",basalt channel building;eel basketry,eel trap;weir;stone house,food and storage; shelter,the community; ethnographic and museum usage,neighbouring Dhauwurd Wurrung groups,living-community; Indigenous-community; ancestral,Gunditj Mirring Traditional Owners Aboriginal Corporation (view); Wikimedia Commons,R2,F1.22;F1.28a,high,links: PLC391; PRA211.
COM263,Bininj,Kunwinjku and neighbouring peoples; Mirarr (clan),community,People,F1.12,OC-AUS,-20000,,rock painting over many millennia,"Bininj artists paint rarrk crosshatching on bark and paper at Injalak Arts, and the Mirarr opposed the Jabiluka uranium mine.",bark painting;rarrk;fibre weaving;rock painting,bark painting;mimih figure;pandanus basket,ritual and belief; food and storage,the community; ethnographic and museum usage,clans; Gundjeihmi Aboriginal Corporation for Mirarr,living-community; Indigenous-community; sacred,Injalak Arts (view); AIATSIS collections and ethics code (protocol); Wikimedia Commons,R2,F1.22,high,links: STY155; PRA209.
COM264,Tiwi,Tiwi,community,People,F1.12,OC-AUS,-5000,,islands isolated for millennia; approximate,Tiwi artists carve and paint tutini pukumani poles and make screen-printed textiles through Tiwi Design.,ochre painting;wood carving;screen printing,tutini pole;tunga bark basket;fabric,ritual and belief; clothing and adornment,the community; ethnographic and museum usage,Munupi and Jilamara centres,living-community; Indigenous-community; funerary,Tiwi Design (view); AIATSIS collections and ethics code (protocol); Wikimedia Commons,R2,F1.16,high,links: MKR083.
COM265,Zenadth Kes Islanders,Torres Strait Islanders; Meriam and Kala Lagaw Ya peoples,community,People,F1.12,OC-AUS;OC-MEL,-500,,approximate,"Torres Strait Islanders make turtle-shell and wood masks, dhoeri headdresses and linocut prints.",turtle-shell working;feather;linocut,mask;dhoeri;print,ritual and belief; play and music; rule and display,the community; ethnographic and museum usage,Eastern and Western islands; Islanders on the mainland,living-community; Indigenous-community; sacred,Gab Titui Cultural Centre (view); Wikimedia Commons,R2,F1.24,high,"links: CIV093; MOV106. Zenadth Kes is the Torres Strait Islander name for the region, used by Islanders who reject the colonial name."
COM266,Martu,Martu,community,People,F1.12,OC-AUS,-20000,,deep presence; approximate,Martu artists paint Country through Martumili Artists and make wooden tools and fibre work.,acrylic painting;wood carving,painting;wana digging stick,ritual and belief; tools,the community; ethnographic and museum usage,several language groups,living-community; Indigenous-community,Martumili Artists (view); Wikimedia Commons,R3,,medium,
COM267,Noongar,Nyungar,community,People,F1.12,OC-AUS,-20000,,deep presence; approximate,"Noongar makers of south-west Australia make bokadja kangaroo-skin cloaks and ochre work, and the Carrolup children's drawings (1940s) came from a Noongar settlement.",kangaroo-skin sewing;ochre;drawing,booka cloak;drawing,clothing and adornment; record and writing,the community; ethnographic and museum usage,fourteen language groups; Stolen Generations,living-community; Indigenous-community; human-flow,AIATSIS collections and ethics code (protocol); Wikimedia Commons,R3,F1.23,medium,Carrolup child removal: human-flow.
COM268,Palawa,Tasmanian Aboriginal people,community,People,F1.12,OC-AUS,-35000,,"presence over 35,000 years; approximate","Palawa women string maireener shell necklaces and weave kelp water carriers, practices kept through colonial violence.",shell stringing;kelp vessel;basketry,shell necklace;kelp carrier;basket,clothing and adornment; food and storage,the community; ethnographic and museum usage,separate nations; the false 'extinction' story,living-community; Indigenous-community; human-flow,AIATSIS collections and ethics code (protocol); Wikimedia Commons,R3,F1.3,high,Forced removal to Flinders Island: human-flow.
COM269,Asmat,Asmat,community,People,F1.12;F1.9,OC-MEL;AS-ISE,1500,,approximate,"Asmat carvers make bisj ancestor poles, shields and canoes, and many bisj left for museums after rites.",wood carving;lime and ochre paint,bisj pole;shield;canoe,ritual and belief; war; transport,the community; ethnographic and museum usage,regional carving styles; Kamoro neighbours,living-community; Indigenous-community; ancestral,Met Open Access (CC0); Wikimedia Commons; Asmat Museum of Culture and Progress (view),R2,F1.24,high,links: STY163. Met Rockefeller wing holds many bisj.
COM270,Abelam,Ambulas (name of their language),community,People,F1.12,OC-MEL,1500,,approximate,Abelam men build korambo spirit houses with painted façades and grow long yams decorated with masks.,sago-spathe painting;wood carving;cane,korambo façade;yam mask;figure,ritual and belief; rule and display,the community; ethnographic and museum usage,Boiken and other neighbours,living-community; Indigenous-community; sacred,Wikimedia Commons,R3,F1.16,medium,"Endonym to verify: Ambulas is the language name, not attested as a self-name for the people."
COM271,Iatmul,Iatmul,community,People,F1.12,OC-MEL,1500,,approximate,"Iatmul carvers make men's-house figures, flutes and overmodelled skulls, and Bateson's Naven was written here.",wood carving;clay overmodelling;shell,figure;flute stopper;men's house,ritual and belief; play and music,the community; ethnographic and museum usage,villages; Sawos and Chambri neighbours,living-community; Indigenous-community; sacred; ancestral,Met Open Access (CC0); Wikimedia Commons,R2,F1.16;F1.3,high,links: STY162; NET049.
COM272,Kiriwina islanders,Trobriand Islanders (exonym for the group),community,People,F1.12,OC-MEL,1500,,approximate,"Kiriwina carvers make kula canoe prowboards and yam houses, and women make banana-leaf skirt bundles (doba).",wood carving;banana-leaf bundles,prowboard;yam house;doba,exchange and value; transport; rule and display,the community; ethnographic and museum usage,islands of the group; Malinowski's framing,living-community; Indigenous-community,Wikimedia Commons; British Museum collection online (view; licence per image),R2,F1.13;F1.3,high,links: PLC404; NET047; OBT172.
COM273,Kanak,Kanak,community,People,F1.12,OC-MEL,-1000,,Lapita ancestors; approximate,"Kanak carvers make flèche faîtière roof finials, door jambs and jade axes, and the Centre culturel Tjibaou shows them.",wood carving;jade polishing,roof finial;door jamb;ceremonial axe,shelter; rule and display,the community; ethnographic and museum usage,many language areas,living-community; Indigenous-community; sacred,Centre culturel Tjibaou (view); musée du quai Branly collections online (view); Wikimedia Commons,R2,F1.24,high,
COM274,Tolai,Tolai (Kuanua-speakers),community,People,F1.12,OC-MEL,1500,,approximate,"Tolai communities of East New Britain make tabu shell money, still used in exchange and mortuary rites, and tubuan and dukduk society masks.",shell-disc threading;cane and leaf mask making,tabu coil;tubuan mask,exchange and value; ritual and belief,the community; ethnographic and museum usage,Duke of York islanders who share the dukduk; restricted society knowledge,living-community; Indigenous-community; sacred,Wikimedia Commons; British Museum collection online (view; licence per image),R3,F1.13,medium,
COM275,Baining,Baining,community,People,F1.12,OC-MEL,1500,,approximate,Baining men make large barkcloth masks on cane frames for night fire dances.,barkcloth on cane frame;painting,fire-dance mask,ritual and belief; play and music,the community; ethnographic and museum usage,Chachet and other Baining groups,living-community; Indigenous-community; sacred,Wikimedia Commons,R3,F1.4,medium,
COM276,Motu,Motu and Koita,community,People,F1.12,OC-MEL,1500,,approximate,Motu women make clay pots that men traded on hiri voyages in lakatoi sailing rafts for sago.,hand-built pottery;lakatoi building,pot;lakatoi,exchange and value; transport; food and storage,the community; ethnographic and museum usage,Koita neighbours; Gulf peoples who received the pots,living-community; Indigenous-community,Wikimedia Commons; British Museum collection online (view; licence per image),R3,F1.13,medium,Hiri festival revival; verify.
COM277,iTaukei,Indigenous Fijians,community,People,F1.12,OC-MEL;OC-POL,-1000,,Lapita settlement c. 1000 BCE; approximate,"iTaukei make masi barkcloth, present tabua whale teeth, and built drua double canoes.",barkcloth beating and stencilling;whale-tooth polishing;canoe building,masi;tabua;drua,exchange and value; rule and display; transport,the community; ethnographic and museum usage,Lauan and other regional traditions with Tongan links,living-community; Indigenous-community,Fiji Museum (view); Te Papa Collections Online (some CC BY); Wikimedia Commons,R2,F1.13,high,links: PRA200.
COM278,Ni-Vanuatu,Ni-Vanuatu (national self-name),community,People,F1.12,OC-MEL,-1000,,Lapita settlement c. 1000 BCE; approximate,"Ni-Vanuatu communities carve slit gongs, make sand drawings and grade-society objects, and the Vanuatu Cultural Centre records them.",wood carving;fern-tree carving;sand drawing,slit gong;grade figure;sand drawing,play and music; rule and display; ritual and belief,the community; ethnographic and museum usage,over 100 language communities under one national name,living-community; Indigenous-community; sacred,Vanuatu Cultural Centre (view); Wikimedia Commons,R2,F1.4,high,links: PRA212; PLC403.
COM279,Nendö islanders,Santa Cruz islanders,community,People,F1.12,OC-MEL,1500,,approximate,Santa Cruz makers bind red honeyeater feathers into tevau feather-money coils.,feather binding,tevau coil,exchange and value,the community; ethnographic and museum usage,Reef Islands and Taumako makers,living-community; Indigenous-community,British Museum collection online (view; licence per image); Wikimedia Commons,R3,F1.13,medium,
COM280,Ri-M̧ajeļ,Marshallese; ri-Majol (popular spelling),community,People,F1.12,OC-MIC,-500,,"settlement c. 2,000 years ago; approximate","Marshallese navigators make stick charts of ocean swells and women weave jaki-ed mats, while nuclear tests (1946–1958) displaced Bikini and Enewetak people.",stick-chart binding;pandanus weaving,stick chart;jaki-ed mat;canoe,transport; clothing and adornment,the community; ethnographic and museum usage,Ralik and Ratak chains; displaced Bikinians,living-community; Indigenous-community; human-flow,Alele Museum (view); Wikimedia Commons,R2,F1.22;F1.12,high,links: INV115; PRA203; PLC409. Test displacement: human-flow. M̧ajeļ is the Marshallese name of the islands (standard orthography); ri- = person of.
COM281,CHamoru,Chamorro (older spelling),community,People,F1.12,OC-MIC,-1500,,settlement c. 1500 BCE; approximate,"CHamoru ancestors quarried latte stone house pillars, and CHamoru makers today weave and have revived sakman sailing canoes.",stone quarrying;weaving;canoe building,latte stone;basket;sakman,shelter; transport,the community; ethnographic and museum usage,Guam and Northern Marianas communities; Carolinians,living-community; Indigenous-community,Guampedia (view); Guam Museum (view); Wikimedia Commons,R2,F1.28a,high,
COM282,Refaluwasch,Carolinians,community,People,F1.12,OC-MIC,1000,,approximate,"Carolinian navigators and canoe builders keep wayfinding and outrigger canoe making, as Mau Piailug taught.",canoe building;wayfinding;loom weaving,canoe;lavalava,transport; clothing and adornment,the community; ethnographic and museum usage,"Satawal, Polowat and other atolls",living-community; Indigenous-community,Wikimedia Commons,R2,F1.13,medium,links: PRA197; PRA198.
COM283,Belauans,Palauans,community,People,F1.12,OC-MIC,-1000,,approximate,"Palauan carpenters build bai men's houses with painted gables, now echoed in carved storyboards.",timber joinery;gable painting;wood carving,bai;storyboard;udoud money,shelter; record and writing; exchange and value,the community; ethnographic and museum usage,clans; Japanese-era storyboard teaching,living-community; Indigenous-community,Wikimedia Commons,R3,F1.2,medium,
COM284,Yapese,Yap islanders,community,People,F1.12,OC-MIC,1000,,approximate,"Yapese voyagers quarried rai stone disks on Palau and brought them home as valuables, and rai are still exchanged in marriages, inheritance and other important transactions.",stone quarrying;canoe transport,rai stone;canoe,exchange and value; transport,the community; ethnographic and museum usage,Palauan quarry land; outer islands,living-community; Indigenous-community,Wikimedia Commons,R3,F1.13,high,links: PLC407.
COM285,Nukuoro,Nukuoro islanders,community,People,F1.12,OC-MIC;OC-POL,1300,,Polynesian outlier; approximate,"Nukuoro islanders carve and weave today, and the stylised tino figures of their ancestors are now mostly in museums.",wood carving,tino figure,ritual and belief,the community; ethnographic and museum usage,Kapingamarangi relatives,living-community; Indigenous-community; sacred,Wikimedia Commons,R3,F1.16,medium,AP 217.
COM286,I-Kiribati,Kiribati people,community,People,F1.12,OC-MIC,-500,,approximate,"I-Kiribati make coconut-fibre armour with shark-tooth weapons, pandanus mats and canoes.",coconut-fibre knotting;shark-tooth hafting;pandanus weaving,armour;sword;mat,war; clothing and adornment; transport,the community; ethnographic and museum usage,Banaba (Ocean Island) people displaced by phosphate mining,living-community; Indigenous-community; human-flow,British Museum collection online (view; licence per image); Wikimedia Commons,R3,F1.22,high,Banaban relocation to Rabi: human-flow.
COM287,Pohnpeians,Mehn Pohnpei,community,People,F1.12,OC-MIC,1000,,Nan Madol built c. 1180–1628 CE,"Pohnpeian ancestors built Nan Madol from basalt columns, and makers today weave and brew sakau.",basalt stacking;weaving,Nan Madol;mat,shelter; ritual and belief,the community; ethnographic and museum usage,Saudeleur rulers versus labourers,living-community; Indigenous-community,Wikimedia Commons,R3,F1.28a,medium,links: PLC405; POL088. Endonym to verify.
COM288,Māori,Tangata whenua; iwi and hapū,community,People,F1.12,OC-POL,1250,,settlement c. 1250–1300 CE,"Māori makers carve whakairo, weave kākahu cloaks and practise tā moko, and iwi govern taonga held in museums.",wood and pounamu carving;harakeke weaving;tā moko,wharenui;kākahu;hei tiki;waka,ritual and belief; rule and display; clothing and adornment,the community; ethnographic and museum usage,iwi and hapū as the owning groups; Moriori,living-community; Indigenous-community; sacred; ancestral,Te Papa Collections Online (some CC BY); Auckland Museum Collections Online (many CC BY); Wikimedia Commons,R1,F1.24;F1.26,high,links: BEL051; PRA204; PRA205; PRA206; SCH044; INS085; EVT025; MOV103.
COM289,Kānaka Maoli,Native Hawaiians; Kanaka ʻŌiwi,community,People,F1.12,OC-POL,1000,,settlement c. 1000–1200 CE,"Kānaka Maoli make kapa, feather cloaks (ʻahu ʻula) and wood images, and revived voyaging with Hōkūleʻa (1976).",kapa beating;featherwork;wood carving,kapa;ʻahu ʻula;kiʻi;waʻa,clothing and adornment; rule and display; ritual and belief; transport,the community; ethnographic and museum usage,island and aliʻi distinctions; diaspora,living-community; Indigenous-community; sacred,Bishop Museum (view); Wikimedia Commons,R1,F1.24;F1.13,high,links: BEL052; POL083; PRA201; MOV102; PLC415.
COM290,Tagata Sāmoa,Samoans,community,People,F1.12,OC-POL,-800,,settlement c. 800 BCE,"Samoans weave ʻie tōga fine mats, practise tatau with hand tools, and build fale.",pandanus weaving;tatau;timber fale building,ʻie tōga;pe'a;fale,exchange and value; clothing and adornment; shelter,the community; ethnographic and museum usage,American Samoa; tufuga families,living-community; Indigenous-community,Te Papa Collections Online (some CC BY); Auckland Museum Collections Online (many CC BY); Wikimedia Commons,R2,F1.18,high,links: POL086; MKR089; PRA202; PRA207.
COM291,Kakai Tonga,Tongans,community,People,F1.12,OC-POL,-800,,settlement c. 800 BCE,Tongan women make ngatu barkcloth in kautaha groups and weave kie mats.,barkcloth;pandanus weaving,ngatu;kie,exchange and value; rule and display; clothing and adornment,the community; ethnographic and museum usage,diaspora in Aotearoa and USA,living-community; Indigenous-community,Te Papa Collections Online (some CC BY); Auckland Museum Collections Online (many CC BY); Wikimedia Commons,R2,F1.18,high,"links: POL084; POL085; MKR088; PRA199. Kakai Tonga (""Tongan people"") in use, e.g. Waikato thesis title ""Kakai Tonga 'i Okalani""."
COM292,Rapanui,Rapa Nui people,community,People,F1.12,OC-POL,1200,,settlement c. 1200 CE; approximate,"Rapanui ancestors carved moai at Rano Raraku and kohau rongorongo tablets, and the community seeks return of Hoa Hakananai'a.",volcanic tuff carving;wood carving;rongorongo,moai;moai kavakava;rongorongo tablet,ritual and belief; record and writing,the community; ethnographic and museum usage,population collapse from 1860s slave raids; Chilean state,living-community; Indigenous-community; sacred; ancestral; human-flow,Museo Antropológico P. Sebastián Englert (view); British Museum collection online (view; licence per image); Wikimedia Commons,R2,F1.24,high,links: CIV092; OCC148; PLC412; PLC413. 1862 slave raids: human-flow.
COM293,Mā'ohi,Tahitians; Mā'ohi of French Polynesia,community,People,F1.12,OC-POL,1000,,approximate,"Mā'ohi make tapa, featherwork and tattoo, revived after mission-era bans.",barkcloth;featherwork;tattoo,tapa;to'o figure;mourner's costume,ritual and belief; clothing and adornment,the community; ethnographic and museum usage,"Society, Austral and Tuamotu islanders",living-community; Indigenous-community; sacred,Te Fare Iamanaha Musée de Tahiti et des Îles (view); British Museum collection online (view; licence per image); Wikimedia Commons,R2,F1.24,high,links: POL087; OCC120.
COM294,Kūki 'Āirani,Cook Islands Māori,community,People,F1.12,OC-POL,1000,,approximate,"Cook Islands makers sew tivaevae quilts and carved staff gods, many destroyed or taken by missionaries.",appliqué quilting;wood carving,tivaevae;staff god,ritual and belief; clothing and adornment,the community; ethnographic and museum usage,"Rarotongan, Aitutaki and other islands",living-community; Indigenous-community; sacred,British Museum collection online (view; licence per image); Auckland Museum Collections Online (many CC BY); Wikimedia Commons,R2,F1.18;F1.24,high,AP 216.
COM295,Niuē,Niueans,community,People,F1.12,OC-POL,1000,,approximate,Niuean makers produced painted hiapo barkcloth in the 19th c. and weave today.,barkcloth painting;weaving,hiapo;hat,clothing and adornment,the community; ethnographic and museum usage,diaspora majority in Aotearoa,living-community; Indigenous-community,Te Papa Collections Online (some CC BY); Auckland Museum Collections Online (many CC BY); Wikimedia Commons,R3,F1.18,medium,AP 219.
COM296,Mangarevans,Mangareva islanders,community,People,F1.12,OC-POL,1000,,approximate,"Mangarevans make carving and pearl-shell work today, and most older god figures were destroyed in the 1830s mission era.",wood carving,figure,ritual and belief,the community; ethnographic and museum usage,Gambier islanders,living-community; Indigenous-community; sacred,Met Open Access (CC0); Wikimedia Commons,R3,F1.24,medium,
COM297,ʻEnana,Marquesans; ʻEnata (South Marquesan),community,People,F1.12,OC-POL,1000,,approximate,"Marquesan carvers make tiki, u'u clubs and bowls, and tattoo is revived.",wood and stone carving;tattoo,tiki;u'u club;bowl,ritual and belief; war,the community; ethnographic and museum usage,northern (Enana) and southern (Enata) groups,living-community; Indigenous-community; sacred,Met Open Access (CC0); Wikimedia Commons,R2,F1.24,medium,
COM298,Yörük,Yuruk; Türkmen of Anatolia,community,People,F1.10,WA-ANA,1100,,Oghuz arrival in Anatolia from 11th c.,"Yörük women weave kilims, goat-hair tent panels and storage bags, and some families still migrate seasonally.",flat weaving;goat-hair weaving;natural dye,kilim;tent;çuval bag,shelter; transport; food and storage,the community; ethnographic and museum usage,settled descendants; village weavers labelled 'Yörük' by dealers,living-community,Met Open Access (CC0); Wikimedia Commons,R3,F1.18,medium,
COM299,Pontic Greeks,Pontians; Rum of the Pontus,community,People,F1.11,WA-ANA;EU-GRR,-700,,Greek presence from c. 7th c. BCE; exchange of populations 1923,"Pontic Greek makers are associated with silver church work and the kemenche lyre, carried to Greece after the 1923 population exchange.",silverwork;instrument making,kemenche;church silver,play and music; ritual and belief,the community; ethnographic and museum usage,Turkish-speaking Greek Orthodox (Karamanlides); deaths of 1916–1923,living-community; human-flow,Europeana; Wikimedia Commons,R3,F1.19a,medium,Population exchange and deportations: human-flow.
COM300,Buryaad,Buryats,community,People,F1.12a,AS-NTH;AS-CEN,1600,,approximate,"Buryat silversmiths make jewellery and saddle fittings, and monastery artists paint and cast Buddhist images.",silver;appliqué;casting,jewellery;thangka;saddle,clothing and adornment; ritual and belief; transport,the community; ethnographic and museum usage,Western (shamanic) and Eastern (Buddhist) Buryats,living-community; Indigenous-community; sacred,Himalayan Art Resources (view); Wikimedia Commons,R3,,medium,
