id,name,other_names,kind,family,world,sub_regions,start,end,date_note,making_significance,materials_techniques,object_types,functions,defined_by,leaves_out,sensitivity,free_sources,tier,units,confidence,notes
ARC231,Ordos bronzes,Ordos bronze culture,archaeological-culture,People,F1.8,AS-CHN;AS-CEN,-500,9,objects 5th c. BCE–9 CE in museum records,"A museum grouping of steppe-style bronze and gold fittings, buckles and plaques from the Ordos region; most records give no findspot.",bronze casting;gilding,belt plaque;buckle;horse figure,clothing and adornment;rule and display,collectors and museums,the steppe makers and the findspots lost to the market,conflict-looting,Cleveland Museum of Art Open Access (CC0),R3,F1.12a;F1.25,medium,"Source: Cleveland 1952.115 and search https://openaccess-api.clevelandart.org/api/artworks/?q=Ordos&cc0=1; Liu et al. 2021 (https://www.nature.com/articles/s40494-021-00520-5); F1.25 spec claims 5, 7, 19. Proposed by F1.12a and F1.25. links: STY098"
ARC232,Xianbei,,archaeological-culture,People,F1.8,AS-CHN;AS-CEN,,,Met plaque 1st century,"A nomadic people whose belt plaques, like the Met's gilded pair, ""once adorned a leather belt""; also a polity (F1.25).",bronze casting;gilding,belt plaque,clothing and adornment,the Met; archaeologists,,none,Met Open Access (public domain),R3,F1.25,medium,Source: Met 24.174.7 (https://www.metmuseum.org/art/collection/search/52109); F1.25 spec claim 9. Proposed as archaeological culture and polity; one row. links: POL161
BEL056,Kongo Christianity,,belief-tradition,People,F1.6,AF-CEN,1491,,ruler baptised 1491,"Kongo elites shaped a Christianity of their own; Kongo artists varied crucifix figures ""far beyond any European precedent"".",brass casting,crucifix,ritual and belief,Kongo elites; Fromont; the Met,the Kongo objects the Portuguese demanded destroyed,sacred,"Met (essay, link-out)",R3,F1.16,high,Source: https://www.metmuseum.org/exhibitions/listings/2015/kongo/blog/posts/kongo-christian-art; https://news.yale.edu/2019/03/05/art-historian-cecile-fromont-uncovers-kongos-christian-visual-culture; F1.16 spec claims 8–11. Two readings: imposition or local reinvention. links: GAP054; BEL011
COM301,Jingpiao,Jingdezhen drifters,community,People,F1.8,AS-CHN,2000,,after major factories closed around 2000,"Newcomers to Jingdezhen's porcelain workshops; People's Daily counts ""60,000 Jingpiaos"".",porcelain making,porcelain,exchange and value,People's Daily (the 2025 source's term),,living-community,link-out (People's Daily),R3,F1.8,medium,Source: https://en.people.cn/n3/2025/0719/c90000-20342418.html; F1.8 spec claim 22. The source's term; makers' own words via AFP 2023 (F1.8). links: PRA069
COM302,Rakival People,,community,People,F1.12,OC-MEL,,,statement 2020,The Rakival People committed in 2020 to work with Melbourne Museum and the PNG Museum on the Lapita finds from their island.,,potsherd,rule and display,the Rakival People (collective author),,Indigenous-community;living-community,Museums Victoria (CC BY 4.0 records),R3,F1.12,high,Source: https://collections.museumsvictoria.com.au/api/articles/16774; F1.12 spec claim 13.
COM303,Bunuba,Bunuba people,community,People,F1.12,OC-AUS,,,,"Traditional Owners of Bandiln͟gan (Windjana Gorge), where Carpenter's Gap yielded an early ground-edge hatchet flake.",,hatchet head,tools,Bunuba Aboriginal Corporation; Parks WA,,Indigenous-community;living-community,community-published site,R3,F1.12,high,Source: https://exploreparks.dbca.wa.gov.au/park/bandilngan-windjana-gorge-national-park; https://rockartaustralia.org.au/wp-content/uploads/2020/10/Occupation_at_Carpenters_Gap_Oconnor_et_al_2014.pdf; F1.12 spec claim 6. The Bunuba attribution is held for a reader (F1.12 spec §9).
COM304,Japanese prisoners of war in Uzbekistan,,community,People,F1.12a,AS-CEN;AS-JPN,1945,,from 1945,"Japanese prisoners of war held in Uzbekistan after 1945 ""assisted"" in the final phase of building the Navoi Theatre.",building,building,shelter,Kun.uz,"their names, numbers and conditions",human-flow,link-out (Kun.uz),R3,F1.20,medium,Source: https://kun.uz/en/20430948; F1.20 spec claim 6. Number and conditions unverified (F1.20 spec §10).
COM305,Gweagal,,community,People,F1.12,OC-AUS,,,,"A clan of Kamay (Botany Bay); spears taken there in 1770 were returned in 2024 to La Perouse representatives ""including direct descendants of the Gweagal people"".",spear making,spear;shield,tools;ritual and belief,the community,,Indigenous-community;living-community,community-published site; AIATSIS (link-out),R3,F1.24,high,Source: https://www.trin.cam.ac.uk/news/return-of-the-gweagal-spears-to-the-la-perouse-aboriginal-community/; https://aiatsis.gov.au/whats-new/news/return-gweagal-spears-la-perouse-aboriginal-community; F1.24 spec claim 17. Endonym check open (F1.24 spec §10). links: COM306; PLC482
COM306,La Perouse Aboriginal Community,,community,People,F1.12,OC-AUS,,,received the spears 23 April 2024,The Aboriginal community at La Perouse received the four Gweagal spears from Trinity College in 2024.,,spear,ritual and belief,the community,,Indigenous-community;living-community,AIATSIS (link-out),R3,F1.24,high,Source: https://aiatsis.gov.au/whats-new/news/return-gweagal-spears-la-perouse-aboriginal-community; F1.24 spec claim 17.
COM307,Ngāti Toa Rangatira,Ngati Toa Rangatira (statute spelling),community,People,F1.12,OC-POL,,,,The iwi whose deed of settlement the Haka Ka Mate Attribution Act 2014 puts into effect.,,,ritual and belief;rule and display,the iwi,,Indigenous-community;living-community,New Zealand Legislation (public),R3,F1.26,high,Source: https://www.legislation.govt.nz/act/public/2014/0018/latest/whole.html; F1.26 spec claim 11. links: COM288; PRA223
COM308,Peskotomuhkati,Passamaquoddy,community,People,F1.7,AM-EWD,,,,The Passamaquoddy (Peskotomuhkati) adapted Traditional Knowledge labels for 1890 cylinder recordings of their songs.,basketry;song,basket;sound recording,play and music;record and writing,the tribe,,Indigenous-community;living-community,community-published site,R3,F1.26,high,Source: https://www.passamaquoddy.com; https://www.loc.gov/collections/ancestral-voices/about-this-collection/; F1.26 spec claim 16 and §10.
DIA013,Chinos of New Spain,,diaspora,Connections,F1.7,AM-LAT;AS-ISE;AS-SAS,1565,,Manila Galleon era; treated as Indians in law from 1672,Enslaved people from South and Southeast Asia brought to Mexico on the Manila Galleon were grouped as chinos; from 1672 the law treated them as Indians.,,,exchange and value,Spanish colonial law; Seijas,the many communities the label merged,human-flow,link-out (publisher abstract),R3,F1.13,high,"Source: Seijas, https://pure.psu.edu/en/publications/asian-slaves-in-colonial-mexico-from-chinos-to-indians/; F1.13 spec claim 17. A colonial category, not a community's own name. links: NET036"
EVT033,Meisterwerke muhammedanischer Kunst (Munich 1910),Munich 1910 exhibition of Islamic art,event,Time,F1.11,EU-WCE,1910,1910,1910,"The Munich exhibition showed more than 3,600 works from about 250 collections in eighty halls, shaping ""Islamic art"" as a collectors' category.",,carpet;manuscript;ceramics;metalwork,rule and display,the organisers,the makers and the places the works left,none,Journal of Art Historiography (open access),R3,F1.3,high,"Source: Troelenberg 2012, https://arthistoriography.wordpress.com/wp-content/uploads/2012/05/troelenberg.pdf; F1.3 spec claim 17."
EVT034,"""The Persistence of Geometry"" (Cleveland, 2006)",,event,Time,F1.7,AM-EWD,2006,2006,2006,A Cleveland Museum of Art show at MOCA Cleveland grouped a Mamluk bowl and a Kuba cloth as geometry.,,bowl;cloth,rule and display,the curators,the makers' own categories,none,Cleveland Museum of Art Open Access (CC0),R3,F1.15,high,Source: https://openaccess-api.clevelandart.org/api/artworks/1991.224; F1.15 spec claim 18.
EVT035,"""The Venetian Tradition"" (Cleveland, 1956–57)",,event,Time,F1.7,AM-EWD,1956,1957,8 November 1956–1 January 1957,"A Cleveland show that hung a Mamluk inlaid bowl from Damascus as ""Venetian"".",,bowl,rule and display,the curators,the Mamluk inlayers,none,Cleveland Museum of Art Open Access (CC0),R3,F1.15,high,Source: https://openaccess-api.clevelandart.org/api/artworks/1945.133; F1.15 spec claim 17.
INS094,Heeramaneck Galleries,,institution,People,THEME,AM-EWD,,,sold Cleveland's İznik lamp in 1944,The New York dealers sold Cleveland the İznik mosque lamp (1944.236) in 1944; the building it hung in is not recorded.,dealing,mosque lamp,exchange and value,Cleveland's provenance,the lamp's earlier owners and the mosque it hung in,none,Cleveland Museum of Art Open Access (CC0),R3,F1.1,high,Source: https://openaccess-api.clevelandart.org/api/artworks/1944.236; F1.1 spec claim 10.
INS095,Maasai Intellectual Property Initiative,MIPI,institution,People,F1.6,AF-SWA,2010,,"began 2010, after Maasai leaders approached Light Years IP in 2009","A Maasai-led body set out to license the Maasai name and brand, reporting ""over 1,000 companies"" using it.",licensing,beadwork;clothing,exchange and value,Maasai leaders,Maasai makers outside the initiative,Indigenous-community;living-community,community-published site,R3,F1.2,medium,Source: https://maasaiintellectualpropertyinitiative.org/faqs; F1.2 spec claim (Concept). links: COM062; PRA030
INS096,Karamu House and the Gilpin Players,Gilpin Players,institution,People,F1.7,AM-EWD,,,collected through Paul Travis 1927–28; gifts to Cleveland 1929,The Cleveland settlement house's theatre company acquired African carvings through Paul Travis and gave them to the Cleveland Museum of Art.,collecting,carving;figure,exchange and value,Cleveland's records,the carvers and the communities the works left,none,Cleveland Museum of Art Open Access (CC0),R3,F1.2;F1.6,high,Source: Cleveland 1929.342 and 1929.364 (https://openaccess-api.clevelandart.org/api/artworks/1929.364); F1.2 spec claim 7; F1.6 spec claim on 1929.364. links: PLC423
INS097,Edison Manufacturing Company,,institution,People,F1.7,AM-EWD,1893,,Blacksmith Scene filmed April 1893,"Edison's film company made Blacksmith Scene (1893) in the Black Maria with employees acting as smiths; Edison's name stood over Dickson, Heise and the actors.",film,film,record and writing;play and music,the firm,"W. K. L. Dickson, William Heise, Charles Kayser and John Ott",none,National Film Preservation Foundation (link-out),R3,F1.4,high,Source: https://www.filmpreservation.org/preserved-films/screening-room/blacksmithing-scene-1893; F1.4 spec claim 1.
INS098,Victor Talking Machine Company,Victor,institution,People,F1.7,AM-EWD,,,records cited 1904–1917,"The record company issued descriptive scenes, dance music and the Original Dixieland Jazz Band's 1917 disc.",sound recording;disc pressing,disc record,play and music,the firm,the session musicians and earlier Black musicians,none,Library of Congress National Jukebox; DAHR (link-out),R3,F1.4,high,Source: https://www.loc.gov/item/jukebox-186254/; https://adp.library.ucsb.edu/index.php/objects/detail/33030/Victor_4106; F1.4 spec claims 5–7.
INS099,Keur Moussa Abbey,,institution,People,F1.6,AF-SAH,1963,,wooden pegs from 1963,Monks at the Senegalese abbey introduced wooden tuning pegs on the kora from 1963.,instrument making,kora,play and music;ritual and belief,the abbey,the griot makers whose instrument it is,none,AMIS (link-out),R3,F1.4,medium,Source: https://www.amis.org/post/on-the-organology-of-the-kora; F1.4 spec claim 14.
INS100,Crosby Brown Collection,Mary Elizabeth Adams Brown,institution,People,F1.7,AM-EWD,1889,,gift to the Met 1889,A collection of world musical instruments given to the Met in 1889; how many left their places of origin is not recorded.,collecting,musical instrument,play and music,the collector,"the makers, rarely named",none,Met Open Access (public domain),R3,F1.4,high,Source: https://www.metmuseum.org/art/collection/search/501374; https://www.metmuseum.org/art/collection/search/501115; F1.4 spec §5.
INS101,Nagaoka Municipal Science Museum,長岡市立科学博物館,institution,People,F1.8,AS-JPN,,,,The museum holds the flame pot from Umataka that gave the type its name and published its 3D scan under CC BY.,,pot,food and storage,the museum,,none,Sketchfab (CC BY 4.0),R3,F1.5,high,Source: https://api.sketchfab.com/v3/models/ce7aedf779a741239c664ba3d6c4448a; F1.5 spec claim 10.
INS102,National Diet Library,,institution,People,F1.8,AS-JPN,,,,"Japan's national library holds Hyakumantō dharani and calls them ""the oldest traceable publication in the world whose production date is clearly identified"".",,dharani print,record and writing,the library,,none,"Library of Congress (item 2021667586, link-out)",R3,F1.5,high,Source: https://www.loc.gov/item/2021667586/; F1.5 spec claim 20.
INS103,Walters Art Museum,Walters,institution,People,THEME,AM-EWD,1931,,"Henry Walters's bequest to Baltimore, 1931","The Baltimore museum built on Henry Walters's collection; many records say ""date and mode of acquisition unknown"".",,manuscript;textile;tablet,rule and display,the museum,the routes by which objects reached Walters,none,Walters Art Museum (CC0),R3,F1.6,high,"Source: Walters records, e.g. https://art.thewalters.org/object/W.591/ and https://art.thewalters.org/object/2011.20.14/; F1.10 spec claim 9; F1.7 spec claim 12."
INS104,Diné be' Iiná,Navajo Lifeway,institution,People,F1.7,AM-WST,,,,A Diné organisation that runs Sheep Is Life around Navajo-Churro sheep and weaving.,weaving;sheep herding,,clothing and adornment,the organisation,,Indigenous-community;living-community,community-published site,R3,F1.7,high,Source: https://navajotimes.com/entertainment/2011/0611/063011sheep2.php; F1.7 spec claim 25. links: PRA035; OCC303
INS105,Guan da min shao,guan da min shao,institution,People,F1.8,AS-CHN,1522,1620,"""generally practised"" 1522–1620 (Lü Chenglong)","""Moulded by the imperial kiln, fired by the civil kilns"": court orders for porcelain were placed with private kilns at Jingdezhen.",porcelain firing,porcelain,rule and display;exchange and value,Lü Chenglong,,none,link-out,R3,F1.8,medium,Source: https://www.sohu.com/a/442968959_100012543; F1.8 spec claim 14. Probable. links: MKR036; PLC192
INS106,National Gallery of Australia,NGA,institution,People,F1.12,OC-AUS,,,,Australia's national gallery bought the stolen Sripuranthan Nataraja and returned it to India in 2014.,,processional bronze image,rule and display,the gallery,,none,link-out (NGA statement),R3,F1.9,high,Source: https://nga.gov.au/media/dd/documents/qa_update_shiva_nataraja.pdf; F1.9 spec claim 13. links: OCC307
INS107,Cooper Hewitt,"Cooper Hewitt, Smithsonian Design Museum",institution,People,THEME,AM-EWD,,,,"The New York design museum publishes open records and public-domain images, among them a 19th-century kain panjang.",,textile,rule and display,the museum,,none,Cooper Hewitt Open Access (CC0 metadata; images where PD),R3,F1.9,high,Source: https://collection.cooperhewitt.org/objects/18437553/; F1.9 spec §5.
INS108,Partage,division of finds,institution,People,F1.9a,WA-IRN;GL,1930,,in Iran after the French monopoly ended in 1930,A rule that divided excavated finds between the foreign sponsor and the host country; many museum objects came this way.,,,rule and display,states and museums,local people's claims to the finds,none,"Met (essay, link-out)",R3,F1.9a,high,"Source: https://www.metmuseum.org/essays/the-metropolitan-museums-excavations-at-qasr-i-abu-nasr; F1.9a spec claim 17. Kind chosen: institution (a legal arrangement); the spec says ""practice""."
INS109,IRCICA,"Research Centre for Islamic History, Art and Culture",institution,People,F1.10,WA-ANA,,,,The Istanbul research centre invited Yushaa Abdullah to study calligraphy with Hasan Çelebi from December 2007.,calligraphy,,record and writing,the centre,,none,link-out (interview),R3,F1.10,medium,Source: https://www.scriptsnscribes.com/blogs/2021/8/13/a-conversation-with-master-calligrapher-yushaa-abdullah; F1.10 spec claim 23.
INS110,Amsterdam drapers' guild,Amsterdam drapers' guild (sampling officials),institution,People,F1.11,EU-BLC,1662,,"Rembrandt's Syndics, 1662","The guild's sampling officials controlled the quality of wool cloth and commissioned Rembrandt's ""The Syndics"" for their hall.",wool cloth;sampling,sample book;cloth,exchange and value;rule and display,the guild; the Rijksmuseum,"Amsterdam's weavers and dyers, whose cloth they judged",none,Rijksmuseum (public domain images),R3,F1.11,high,Source: Rijksmuseum SK-C-6 (https://www.rijksmuseum.nl/en/collection/SK-C-6); F1.11 spec claim 16. links: PLC448; POL129
INS111,Compagnons du Devoir,Association ouvrière des Compagnons du Devoir et du Tour de France,institution,People,F1.11,EU-WCE,,,UNESCO: compagnonnage inscribed (file 00441),The association trains young men and women through a Tour de France of workshops ending in a masterwork examined by the compagnons.,trade training,masterwork,tools;shelter,the association,,living-community,community-published site; UNESCO ICH lists (link out),R3,F1.11,high,Source: https://compagnons-du-devoir.com/se-former/devenir-compagnon-du-devoir/; https://ich.unesco.org/en/RL/compagnonnage-network-for-on-the-job-transmission-of-knowledge-and-identities-00441; F1.11 spec claims 21–22. links: PRA165
INS112,Museum Het Valkhof,,institution,People,F1.11,EU-BLC,,,,The Nijmegen museum holds the bowl stamped by Utilis of Lyon from the Kops Plateau.,,bowl,rule and display,the museum,,none,Europeana (public domain mark),R3,F1.11,high,Source: Europeana record as for Utilis; F1.11 spec §5.
INS113,Badisches Landesmuseum,Badisches Landesmuseum Karlsruhe,institution,People,F1.11,EU-WCE,,,,"The Karlsruhe museum holds Raab's 1764 masterpiece cabinet, its image released CC0.",,cabinet,rule and display,the museum,,none,Deutsche Digitale Bibliothek (CC0 image),R3,F1.11,high,Source: https://www.deutsche-digitale-bibliothek.de/item/IMT25HT6PFDQSUBD3VPQNY2L6UDIFISJ; F1.11 spec §5.
INS114,Elbląska Biblioteka Cyfrowa,Elbląg Digital Library,institution,People,F1.11,EU-EER,,,,The Elbląg digital library publishes the 1774 West Prussian craft ordinance as public domain.,,,record and writing,the library,,none,Elbląska Biblioteka Cyfrowa (public domain),R3,F1.11,high,Source: https://dlibra.bibliotekaelblaska.pl/dlibra/publication/6298/edition/6072/ordynacya-rzemieslnicza-lub-ulozenie-porzadkow-rzemieslniczych-dla-pruss-zachodnich; F1.11 spec §5.
INS115,Gundjeihmi Aboriginal Corporation,,institution,People,F1.12,OC-AUS,,,,"The Mirarr's corporation gave permission for the Madjedbebe research and speaks of ""the 65,000-year-old Madjedbebe"" site.",,,rule and display,the Mirarr,,Indigenous-community;living-community,community-published site,R3,F1.12,high,Source: https://www.mirarr.net/news_items/mining-report-flags-sacred-site-destruction; F1.12 spec claim 3. links: COM263
INS116,Gunditj Mirring Traditional Owners Aboriginal Corporation,,institution,People,F1.12,OC-AUS,,,,"The Gunditjmara Traditional Owners' corporation, the consent route for teaching Budj Bim aquaculture.",aquaculture,eel trap,food and storage,Gunditjmara,,Indigenous-community;living-community,community-published site,R3,F1.12,medium,Source: https://www.frdc.com.au/fish-vol-27-3/aquacultures-ancient-roots-recognised; F1.12 spec claims 9–10 and §2. links: COM262; PLC391; PRA211
INS117,Polynesian Voyaging Society,PVS,institution,People,F1.12,OC-POL,1976,,Hōkūleʻa voyage 1976,The Hawaiʻi society sails Hōkūleʻa and teaches wayfinding; F1.12 and F1.28a teach only what PVS and Native Hawaiian sources publish.,wayfinding;canoe building,voyaging canoe,transport,the society,,Indigenous-community;living-community,community-published site,R3,F1.12;F1.28a,high,Source: https://hokulea.com/history/; F1.12 spec claim 19. links: PRA197; OBT294
INS118,Museum of Primitive Art,Goldwater collection,institution,People,F1.7,AM-EWD,1954,1974,chartered 1954; opened 1957; closed December 1974,"The New York museum (its own name, quoted) showed a khipu in its 1963–64 Exhibition of Peruvian Art; its collection and library went to the Met.",,khipu;sculpture,rule and display,its founders,"the makers and communities, named only by region",none,Met (link-out),R3,F1.15,high,"Source: https://www.metmuseum.org/en/perspectives/goldwater-library; F1.15 spec §4 and §10. The name is the museum's own, quoted; not our word."
INS119,Society of Jesus,Jesuits,institution,People,THEME,EU-WCE;AM-LAT;AS-JPN;GL,,,expelled from Spanish lands 1767–68,"The Catholic order ran mission workshops, as in the Guaraní reducciones, until its expulsion from Spanish lands (1767–68).",,,ritual and belief,the order,the Guaraní and other workers in its missions,none,UNESCO World Heritage (link-out),R3,F1.16,medium,Source: https://whc.unesco.org/en/list/275/; F1.16 spec claim 13. links: MKR027
INS120,LINE Creators Market,,institution,People,THEME,AS-JPN;GL,,,guidelines read 2 October 2026,The platform sells creators' stickers only after approval against its review guidelines: the platform as commissioner.,,sticker set,exchange and value,the company,,none,LINE Creators Market guidelines (link-out),R3,F1.17,high,Source: https://creator.line.me/en/review_guideline/; F1.17 spec claim 17. links: NET063
INS121,"Didier, Petit et Cie",,institution,People,F1.11,EU-WCE,1839,,"credited as ""Manufactory"" on the 1839 portrait","The Lyon firm ordered the woven silk portrait of Jacquard from Michel-Marie Carquillat, after Bonnefond's painting.",Jacquard weaving,woven portrait,rule and display,the Met,the card cutters and weavers,none,Met Open Access (public domain),R3,F1.17;F1.19,high,Source: Met 31.124 (https://www.metmuseum.org/art/collection/search/222531); F1.17 spec claim 16; F1.19 spec claim 13. Proposed by F1.17 and F1.19. links: PER543; MKR075
INS122,Abuja Pottery Training Centre,Ladi Kwali Pottery (later name),institution,People,F1.6,AF-GUI,1952,,founded 1952 (1951 is Cardew's appointment); renamed early 1980s or after 1984,Michael Cardew's Pottery Training Centre at Abuja trained potters in glazed stoneware; Ladi Kwali joined in December 1954 as its earliest woman trainee.,stoneware;wheel throwing;glazing,jar;bowl,food and storage,Cardew; the Nigerian state,the Gbari women potters whose methods it drew on,none,link-out (MoMA; AWARE),R3,F1.18,high,Source: https://post.moma.org/pots-mastery-and-the-enduring-legacy-of-ladi-dosei-kwali/; https://awarewomenartists.com/en/artiste/ladi-kwali/; F1.18 spec claim 17 and §10. links: PER032; PER033
INS123,"Fox, Henderson and Co.",,institution,People,F1.11,EU-BLC,1851,,,The contractors who built the 1851 exhibition hall; Downes published 28 plates from their working drawings in 1852.,iron and glass building,building,shelter,Downes (1852),the workmen and glaziers,none,Internet Archive (public domain),R3,F1.19,high,Source: https://archive.org/details/McGillLibrary-rbsc_building-erected-hyde-park_folioNA6750L6D71852-21979; F1.19 spec claim 4. links: EVT001
INS124,Haarlemsche Katoen Maatschappij,HKM,institution,People,F1.11,EU-BLC,1875,1917,HKM name from 1875; liquidated about 1917,The Haarlem firm kept making roller-printed imitation batik after 1867; Ebenezer Brown Fleming took its prints to the Gold Coast.,roller printing;resin resist,wax print,clothing and adornment;exchange and value,Grosfilley; Elands,the Gold Coast women traders who chose the designs,none,open-access chapter (Taylor & Francis),R3,F1.19,high,Source: https://api.taylorfrancis.com/content/chapters/oa-edit/download?identifierName=doi&identifierValue=10.4324%2F9780429295607-6&type=chapterpdf; F1.19 spec claim 20. links: OBT043; TEC129
INS125,Naval Camouflage Unit,Dazzle section,institution,People,F1.11,EU-BLC,1917,1919,1917–19,"Wilkinson's naval unit, with 11 women art students as assistants, drew dazzle schemes ship by ship.",painting,ship,war,the Admiralty,the women assistants,none,link-out (JSTOR Daily; NARA),R3,F1.19a,high,Source: https://daily.jstor.org/the-camouflage-that-dazzled; https://nmmc.co.uk/2022/04/dazzling-displays/; F1.19a spec claim 11. links: OCC189; PER553
INS126,Evans Products,,institution,People,F1.7,AM-WST,,,Second World War,The firm manufactured the Eameses' moulded plywood leg splints for the US Navy.,moulded plywood,leg splint,care and access;war,RISD Museum,its workers,none,link-out (RISD Museum),R3,F1.19a,high,Source: https://risdmuseum.org/issue-17-variance/files-eames-leg-splint; F1.19a spec claim 13. links: OBT346
INS127,Sir J.J. School of Art,"Sir J.J. School of Art, Bombay",institution,People,F1.9,AS-SAS,1857,,founded 1857; South Kensington staff from 1865,The Bombay art school hired Lockwood Kipling and John Griffiths from South Kensington in 1865.,,,record and writing,the school; DAG,,none,link-out (DAG),R3,F1.19b,high,Source: https://dagworld.com/the-school-and-the-city-the-j-j-school-of-art-in-bombay.html; F1.19b spec claim 6. Split from INS031. links: INS031
INS128,Mayo School of Industrial Art (National College of Arts),"National College of Arts, Lahore",institution,People,F1.9,AS-SAS,1875,,opened 1875,"Opened in Lahore with Kipling as its founding principal ""to document the arts and crafts of the Punjab"" and train craftsmen.",,,record and writing,the college,,none,link-out (NCA),R3,F1.19b,high,Source: https://m.nca.edu.pk/introduction.php; F1.19b spec claim 8. Split from INS031. links: INS031; PER554
INS129,"Egyptian School of Fine Arts, Cairo",,institution,People,F1.10,AF-EGY,1908,,opened 13 May 1908 (REM) or 12 May (the faculty),Prince Youssef Kamal paid for a free school with drawing at its core; it trained Mahmoud Mokhtar.,,,record and writing,the faculty; REM,,none,link-out (REM; faculty history),R3,F1.19b,high,Source: https://www.rem.routledge.com/articles/the-egyptian-school-of-fine-arts; https://finearts.capu.edu.eg/en/about-en/history-of-the-faculty; F1.19b spec claim 18. GAP083 is a different school.
INS130,"""Hand and Eye Work"" curriculum (Gold Coast)",,institution,People,F1.6,AF-GUI,1909,,introduced around 1909,"A colonial school curriculum of handwork and drawing on the Gold Coast, from which the Achimota art department and later the Kumasi art school grew.",drawing;handwork,,record and writing,colonial education officials,"the pupils, unnamed",none,link-out (Contemporary And),R3,F1.19b,medium,Source: https://contemporaryand.com/magazines/past-present-and-future-about-art-in-kumasi/; F1.19b spec claim 19. Interview source. Kind chosen: institution (a curriculum). links: INS003; INS004
INS131,KNUST architecture department,,institution,People,F1.6,AF-GUI,,,,"The architecture school at KNUST, Kumasi, where John Owusu-Addo returned to teach.",,,shelter,the V&A,,none,V&A (link-out),R3,F1.20,medium,Source: https://www.vam.ac.uk/articles/about-the-tropical-modernism-exhibition; F1.20 spec claim 14. links: INS004
INS132,"Manufacture Sénégalaise des Arts Décoratifs, Thiès",Manufactures Sénégalaises des Arts Décoratifs,institution,People,F1.6,AF-SAH,1966,,opened 4 December 1966,"Senegal's national tapestry works; opening it, Senghor called for ""un art nouveau pour une nation nouvelle""; four weavers trained in France.",tapestry weaving,tapestry,rule and display,the Senegalese state,"the weavers Mamadou Wade, Mar Fall, Doudou Diagne and Alioune Badara Diakhaté, named only in the source",none,Senegal culture ministry (link-out),R3,F1.20,high,Source: https://mjsc.gouv.sn/manufacture-senegalaise-des-arts-decoratifs-depuis-1966; F1.20 spec claim 16. Thiès as location comes from canon POL240. links: POL240; SCH016
INS133,Echigoya (Mitsukoshi),Mitsukoshi,institution,People,F1.8,AS-JPN,1673,,Echigoya opened 1673; Mitsukoshi incorporated 1904,Mitsui Takatoshi's Edo drapery sold for cash at fixed prices from 1683; it became the Mitsukoshi department store.,textile selling,kimono cloth,exchange and value,the company,"the clerks, dyers and weavers",none,link-out (company history),R3,F1.21,high,Source: https://www.imhds.co.jp/corporate/business/department/history/history-mitsukoshi.html; F1.21 spec claim 1. links: GAP073
INS134,Le Bon Marché,Au Bon Marché,institution,People,F1.11,EU-WCE,1838,,founded 1838 by Paul and Justin Videau; Boucicaut from 1852,"The Paris store brought in fixed prices, exchanges and refunds under Aristide Boucicaut; staff reached 1,888 by 1879.",display;retail,,exchange and value,the European Fashion Heritage Association; LVMH,"its 1,888 staff",none,link-out (Fashion Heritage),R3,F1.21,high,Source: https://fashionheritage.eu/le-bon-marche; F1.21 spec claim 3. LVMH gives 1852 as the creation date. links: GAP073
INS135,Abir Congo Company,,institution,People,F1.6,AF-CEN,,1906,system broken down by 1906,A concession company in the Congo Free State that enforced rubber collection by violence; Harms argues the system failed because the rubber ran out.,rubber tapping,,exchange and value,Harms (1975),the people forced to collect,human-flow,link-out (Cambridge abstract),R3,F1.22,medium,Source: https://www.cambridge.org/core/journals/journal-of-african-history/article/abs/end-of-red-rubber-a-reassessment1/FD6F01D4842CE513F9F496319FAA2AB9; F1.22 spec claim 6. links: OCC183
INS136,Creative Growth Art Center,,institution,People,F1.7,AM-WST,,,Judith Scott there from 1987,"An Oakland studio for artists with disabilities, where Judith Scott made her fibre sculptures.",fibre art,sculpture,care and access,Brooklyn Museum,,living-community,Brooklyn Museum (link-out),R3,F1.23,medium,Source: https://www.brooklynmuseum.org/exhibitions/judith_scott; F1.23 spec claim 19.
INS137,"Trinity College, Cambridge",,institution,People,F1.11,EU-BLC,1771,,held the spears 1771–2024,"The Cambridge college held four Gweagal spears from 1771, agreed their return in March 2023 and handed them over on 23 April 2024.",,spear,rule and display,the college,,none,link-out (college news),R3,F1.24,high,Source: https://www.trin.cam.ac.uk/news/return-of-the-gweagal-spears-to-the-la-perouse-aboriginal-community/; F1.24 spec claim 17.
INS138,Allard Pierson Museum,,institution,People,F1.11,EU-BLC,2014,,Crimea exhibition 2014,The Amsterdam museum's 2014 Crimea exhibition held 565 objects from four Crimean museums; after the annexation Dutch courts sent them to Ukraine.,,jewellery;lacquer casket;helmet,rule and display,the museum,,conflict-looting,link-out (museum news),R3,F1.24,high,Source: https://allardpierson.nl/nieuws/alle-objecten-uit-de-krim-terug-in-oekraine/; F1.24 spec claims 8–9. links: OCC333
INS139,National Museum of the History of Ukraine,,institution,People,F1.11,EU-EER,2023,,received the Crimean objects 26 November 2023,The Kyiv museum received the Crimean objects from Amsterdam in November 2023.,,jewellery,rule and display,the Dutch Supreme Court decision,,conflict-looting,link-out (court release),R3,F1.24,high,Source: https://www.hogeraad.nl/actueel/nieuwsoverzicht/2023/juni/beslissing-hof-allard-pierson-museum-krimschatten-afgeven-staat/; F1.24 spec claim 9.
INS140,"Museum of World Culture, Gothenburg",Världskulturmuseet,institution,People,F1.11,EU-SCA,2014,2021,"returns 2014, 2017, 2021","The Gothenburg museum returned Paracas textiles removed by Sven Karell to Peru in three groups (4, 79 and 57).",,textile,rule and display,Peruvian press,,funerary,link-out (El Peruano),R3,F1.24,medium,Source: https://www.elperuano.pe/noticia/124707-peru-recibe-los-ultimos-textiles-de-la-cultura-paracas-que-se-encontraban-en-suecia; F1.24 spec claim 14. Counts differ by source. links: PER503
INS141,National Commission for Museums and Monuments (Nigeria),NCMM,institution,People,F1.6,AF-GUI,,,,Nigeria's heritage body received 29 Benin objects from the Smithsonian on 11 October 2022.,,brass plaque;commemorative head,rule and display,the Nigerian state,,conflict-looting,Smithsonian (link-out),R3,F1.24,high,Source: https://www.si.edu/newsdesk/releases/smithsonian-returns-29-benin-bronzes-national-commission-museums-and-monuments; F1.24 spec claim 4. links: OCC175
INS142,Harris Tweed Authority,,institution,People,F1.11,EU-BLC,1993,,Harris Tweed Act 1993,"The body certifies Harris Tweed, which must be ""Handwoven by the islanders at their homes in the Outer Hebrides"", with the Orb mark.",hand weaving,tweed,clothing and adornment,the Authority; the 1993 Act,,living-community,community-published site,R3,F1.24,high,Source: https://www.harristweed.org/our-role/; F1.24 spec claim 20. links: PRA194
INS143,LIDCOM,Sant Rohidas Leather Industries and Charmakar Development Corporation,institution,People,F1.9,AS-SAS,,,,A Maharashtra state corporation that holds the Kolhapuri chappal's GI with LIDKAR; it signed with Prada on 10 December 2025.,,sandal,exchange and value,the state,,none,link-out (press),R3,F1.26,high,Source: https://www.deccanherald.com/amp/story/india%2Fmaharashtra%2Fprada-kolhapuri-chappal-row-two-govt-agencies-officially-hold-gi-tag-for-sandals-3661799; F1.26 spec claim 17. Not the makers' own voice.
INS144,LIDKAR,Dr Babu Jagjivanram Leather Industries Development Corporation,institution,People,F1.9,AS-SAS,,,,A state corporation that holds the Kolhapuri chappal's GI with LIDCOM.,,sandal,exchange and value,the state,,none,link-out (press),R3,F1.26,high,Source: https://www.deccanherald.com/amp/story/india%2Fmaharashtra%2Fprada-kolhapuri-chappal-row-two-govt-agencies-officially-hold-gi-tag-for-sandals-3661799; F1.26 spec claim 17.
INS145,Te Rūnanga o Toa Rangatira,Te Runanga o Toa Rangatira Incorporated,institution,People,F1.12,OC-POL,,,,The iwi body that enforces the Ka Mate attribution right by declaratory judgment.,,,rule and display,the 2014 Act,,Indigenous-community;living-community,New Zealand Legislation (public),R3,F1.26,high,Source: https://www.legislation.govt.nz/act/public/2014/0018/latest/whole.html; F1.26 spec claim 11 and §10.
INS146,Saami Council,,institution,People,F1.11,EU-SCA,2019,,agreement 30 September 2019,With the Sámi Parliaments it agreed with Disney on a North Sámi Frozen 2 and the Verddet advisory group.,,,rule and display,the council,,Indigenous-community;living-community,Sámediggi (link-out),R3,F1.26,high,Source: https://samediggi.fi/en/news/unique-collaboration-gives-impacts-to-sapmi/; F1.26 spec claim 12. links: COM230
INS147,Sámi Parliaments,Sámediggi,institution,People,F1.11,EU-SCA,2019,,,"The Sámi Parliaments of Finland, Norway and Sweden, parties to the 2019 Frozen 2 agreement.",,,rule and display,the parliaments,,Indigenous-community;living-community,Sámediggi (link-out),R3,F1.26,high,Source: https://samediggi.fi/en/news/unique-collaboration-gives-impacts-to-sapmi/; F1.26 spec claim 12. links: COM230
INS148,"Ájtte, Swedish Mountain and Sámi Museum",,institution,People,F1.11,EU-SCA,2023,,transfers 2023 and 2025,The Jokkmokk museum received 541 Sámi objects from Sweden's National Museums of World Culture in 2023 and 2025.,,knife;duodji,rule and display,the museum,,Indigenous-community;living-community,link-out (museum),R3,F1.26,high,Source: https://www.varldskulturmuseerna.se/en/collections/return-of-objects-from-the-collections/return-of-sami-objects/; F1.26 spec claim 14. links: COM230; PRA195
INS149,South African San Council,,institution,People,F1.6,AF-SOU,2017,,code launched 2 March 2017,"The council of the Khomani, !Xun and Khwe launched a research code requiring council approval, real consent, benefit sharing and results returned.",,,rule and display,the council,,Indigenous-community;living-community,link-out (Mail & Guardian; TRUST project),R3,F1.26,high,Source: https://mg.co.za/news/south-africa/2017-03-06-san-council-launches-code-of-ethics-for-researchers/; F1.26 spec claim 15. links: COM075
INS150,Making and Knowing Project,,institution,People,THEME,AM-EWD,,,edition 2020,The Columbia project edited Ms. Fr. 640 (2020) and reconstructs its recipes in the lab; its edition is CC BY-NC-SA 4.0.,reconstruction,manuscript,record and writing,the project,,none,"link-out (edition; CC BY-NC-SA 4.0, not open under our rule)",R3,F1.28a,high,Source: https://edition640.makingandknowing.org/content/about; https://edition640.makingandknowing.org/content/about/credits; F1.28a spec claims 2–3. links: PER597; TEC239
INS151,Sealaska Corporation,Sealaska Corporation,institution,People,F1.7,AM-NWC,1990,,gift about 1990,"The Tlingit, Haida and Tsimshian corporation gave two Sitka spruce logs for the canoe Hawaiʻiloa when Hawaiʻi's koa forests could not supply one.",,voyaging canoe,transport,PVS archive,,Indigenous-community;living-community,community-published site,R3,F1.28a,high,Source: https://archive.hokulea.com/ike/kalai_waa/hawaiiloa.html; F1.28a spec claim 15. links: COM092; INS117
INS152,Te Kohinga Harakeke o Aotearoa,,institution,People,F1.12,OC-POL,,,,"The national harakeke collection of 50 varieties, donated by Rene Orchiston, used by weavers for leaf pliability, colour and fibre.",harakeke weaving,,clothing and adornment,Manaaki Whenua,,Indigenous-community;living-community,Manaaki Whenua (link-out),R3,F1.29,high,"Source: https://www.landcareresearch.co.nz/resources/collections/harakeke/rene-orchiston-collection-catalogue; F1.29 spec claim 15. Cultivar names linked, not quoted (AR-041). links: TEC132"
INS153,Oral History Association,OHA,institution,People,THEME,AM-EWD,,,Statement on Ethics October 2018,"The association's ethics call the narrator ""the original recording's copyright holder"" and give review, restriction and deletion rights.",oral history,,record and writing,the association,,none,link-out (OHA),R3,F1.29,high,Source: https://oralhistory.org/wp-content/uploads/2025/12/2025-OHA-PrinciplesBP_Statement-on-Ethics.pdf; https://oralhistory.org/best-practices/; F1.29 spec claims 2–3.
INS154,Archives of American Art Oral History Program,,institution,People,THEME,AM-EWD,,,,The Archives of American Art records craft makers' oral histories; narrators review and correct transcripts.,oral history,transcript,record and writing,the Smithsonian,,none,Archives of American Art (link-out),R3,F1.29,high,Source: https://www.aaa.si.edu/collections/interviews/oral-history-interview-billie-ruth-sudduth-13623; F1.29 spec claim 19.
INS155,Repartimiento de comercio,,institution,People,F1.7,AM-LAT,,,late colonial,"Officials advanced goods and credit to Indigenous producers in Oaxaca for cochineal and cloth: forced production in one reading, voluntary but costly credit in Baskes's.",,cloth,exchange and value,historians (Baskes 1996),the producers' own accounts,human-flow,link-out (Cambridge abstract),R3,F1.30a,medium,Source: https://www.cambridge.org/core/journals/journal-of-latin-american-studies/article/abs/coerced-or-voluntary-the-repartimiento-and-market-participation-of-peasants-in-late-colonial-oaxaca/5111EDBF242AA2B08938DE028E4FD27F; F1.30a spec claim 13. Two readings; held for a reader (F1.30a spec §9).
INS156,A:shiwi A:wan Museum and Heritage Center,,institution,People,F1.7,AM-WST,,,,The Zuni community museum commissioned map paintings by Zuni artists from 2006.,,map painting,record and writing,the A:shiwi community,,Indigenous-community;living-community,community-published site,R3,F1.31,high,Source: http://www.ashiwi-museum.org/exhibitions/; F1.31 spec claim 14. Link-out only. links: COM099
MAT129,Barley,,material,Things,F1.9a,WA-MES;GL,-3100,,"as counted on Uruk tablets, c. 3100–2900 BCE","Barley was grown, rationed and counted; on proto-cuneiform tablets it served as crop, ration and unit of account.",farming;measuring,tablet;storage jar,food and storage;exchange and value,Assyriologists,"the farmers and ration receivers, who are not named",none,Met Open Access (public domain records),R3,F1.1,medium,"Source: Met 1988.433.1 and 1988.433.2 ""barley and emmer"" (https://www.metmuseum.org/art/collection/search/327384); F1.1 spec claims 1–4. The Met says the tablet ""most likely"" records grain distributed by a large temple."
MAT130,Beech,,material,Things,F1.11,EU-WCE,,,,Thonet's chairs were bent from beech; the Koryčany factory stood in Moravian beech forests.,steam bending,chair,shelter,makers,the forest workers who felled it,none,Art Institute of Chicago (CC0 images),R3,F1.1,high,"Source: AIC 1999.556 (https://api.artic.edu/api/v1/artworks/154051); Koryčany town library (https://www.korycany.knihovna.cz/osobnosti/michael-thonet/); F1.1 spec claims 15, 17. links: TEC137; INS062"
MAT131,Churro sheep wool,Navajo-Churro sheep,material,Things,F1.7,AM-WST;AM-LAT,1598,,came with the Spanish in 1598,"Spanish colonists brought churro sheep in 1598; Diné weavers spun their wool, and Sheep Is Life keeps the breed today.",spinning;weaving,blanket;rug,clothing and adornment,weavers; historians,,living-community,community-published site,R3,F1.7;F1.25,high,Source: https://joebenwheat.org/resources/glossary-of-southwest-weaving/; https://dinelanduse.org/hweeldi/; F1.7 spec claim 22; F1.25 spec claim 11.
MAT132,Bayeta,baize,material,Things,F1.7,AM-WST;AM-LAT,1800,,unravelled and rewoven shortly after 1800,"Trade cloth, often red, that Diné weavers unravelled and rewove as weft.",unravelling;weaving,wearing blanket,clothing and adornment;exchange and value,weavers; collectors,,none,Cleveland Museum of Art Open Access (CC0),R3,F1.7;F1.25,high,Source: https://joebenwheat.org/resources/glossary-of-southwest-weaving/; Cleveland 1921.556 (https://openaccess-api.clevelandart.org/api/artworks/1921.556); F1.25 spec claims 10–12.
MAT133,Germantown yarn,,material,Things,F1.7,AM-EWD;AM-WST,1860,1890,"1860s–1890s in Diné weaving (to date, F1.25)","Commercial American yarn dyed with aniline, originally made in Germantown, Pennsylvania, used by Diné weavers in eye-dazzler blankets.",aniline dyeing;weaving,wearing blanket;rug,clothing and adornment;exchange and value,weavers; collectors,,none,Cleveland Museum of Art Open Access (CC0),R3,F1.7;F1.25,medium,"Source: https://joebenwheat.org/resources/glossary-of-southwest-weaving/; Cleveland 1929.922; F1.25 spec claims 11, 14. Cleveland 1929.922's title says Germantown; its technique field does not."
MAT134,Rag paper,,material,Things,F1.10,WA-MES;AF-EGY;EU-IBE;GL,794,,Baghdad mill 794–95,"Paper made from reused cloth rags; F1.10 reads it as reuse, and the rag collectors are among those its records leave out.",papermaking,paper,record and writing,historians (Bloom),the rag collectors,none,"link-out (Bloom, Silk Road journal, open access)",R3,F1.10,medium,"Source: Bloom, https://edspace.american.edu/silkroadjournal/wp-content/uploads/sites/984/2017/09/Silk-Road-or-Paper-Road.pdf; F1.10 spec claims 6–8 and §6. links: MAT105; TEC185"
MAT135,Böttger stoneware,Meissen red stoneware,material,Things,F1.11,EU-WCE,1710,1715,Cleveland vase c. 1710–15,"A hard red stoneware made at Meissen in Böttger's period, before and beside its porcelain.",stoneware,vase,rule and display,Cleveland,,none,Cleveland Museum of Art Open Access (CC0),R3,F1.14,high,Source: Cleveland 1947.285 (https://clevelandart.org/art/1947.285); F1.14 spec §5. links: PER402
MAT136,Fustian,,material,Things,F1.11,EU-BLC,1736,,allowed for printing by the 1736 Act,Cloth with a linen warp and cotton weft; the 1736 Act let British printers work it while printed calicoes were banned.,weaving;printing,printed cloth,clothing and adornment,Parliament,,none,Wikisource (public domain text); Met Open Access,R3,F1.14,high,Source: https://en.wikisource.org/wiki/Page:Ruffhead_-_The_Statutes_at_Large_-_vol_6.djvu/268; Met 1970.237.3; F1.14 spec claims 14–15. links: OCC092; MKR097
MAT137,Rare-earth elements,rare earths,material,Things,THEME,AS-CHN;GL,,,2024 output (USGS 2026),"China mined 270,000 of about 380,000 tonnes of rare earths in 2024; processing leaves acid, wastewater and radioactive residue.",mining;chemical separation,magnet;electronics,tools,USGS,,none,USGS (public domain),R3,F1.22,high,Source: https://pubs.usgs.gov/periodicals/mcs2026/mcs2026-rare-earths.pdf; F1.22 spec claim 18.
MAT138,Kermes,,material,Things,F1.11,EU-GRR;WA-ANA;EU-WCE,,,used before cochineal,An insect red used in Europe and West Asia before cochineal replaced it.,insect dye;mordant dyeing,textile,clothing and adornment,Phipps (2010),,none,Internet Archive (Phipps 2010),R3,F1.30a,medium,Source: Phipps 2010 (https://ia800509.us.archive.org/19/items/CochinealRedthearthistoryofacolor/CochinealRedthearthistoryofacolor_djvu.txt); F1.30a spec claim 10. links: MAT043; MAT042
MKR094,Original Dixieland Jazz Band,ODJB,maker-community,People,F1.7,AM-EWD,1917,,"""Livery stable blues"" recorded 26 February 1917",A white New Orleans band's 1917 Victor disc is often cited as the earliest jazz record issued; earlier Black musicians had recorded.,sound recording,disc record,play and music,the record label; critics,the Black musicians who made the music before them,none,Library of Congress National Jukebox (link-out),R3,F1.4,medium,Source: https://www.loc.gov/item/jukebox-186254/; F1.4 spec claims 6–7. Contested claim: Reading A earliest known commercially issued jazz record; Reading B a white band recording a Black music.
MKR095,Mainz joiners' guild,Mainzer Schreinerzunft,maker-community,People,F1.11,EU-WCE,1764,,masterpiece examination recorded 1764,"The joiners' guild of Mainz admitted masters on a masterpiece, its drawing and a written description.",joinery,cabinet,shelter;rule and display,the guild,journeymen and apprentices who never became masters,none,Deutsche Digitale Bibliothek (CC0 image),R3,F1.11,high,Source: https://www.deutsche-digitale-bibliothek.de/item/IMT25HT6PFDQSUBD3VPQNY2L6UDIFISJ; F1.11 spec claim 17. links: PER514
MKR096,Ri-metos,ri-metos,maker-community,People,F1.12,OC-MIC,,,,"Marshallese navigators who memorised stick charts (mattang, meddo) that were ""not even brought along on journeys"".",wayfinding,stick chart,transport;record and writing,Smithsonian Ocean,,Indigenous-community;living-community,link-out (Smithsonian Ocean),R3,F1.12,high,Source: https://ocean.si.edu/human-connections/history-cultures/navigating-waters-micronesian-stick-charts; F1.12 spec claim 16. links: OBT141; TEC214
MKR097,Bromley Hall Printworks,,maker-community,People,F1.11,EU-BLC,1694,1823,1694–1823,"The London printworks copperplate-printed fustians whose foliage ""recalls"" Indian palampores.",copperplate printing,printed cloth,clothing and adornment,the Met,the block cutters and printers,none,Met Open Access (public domain),R3,F1.14,high,Source: Met 1970.237.3 (https://www.metmuseum.org/art/collection/search/229298); F1.14 spec claim 15. links: MAT136
MKR098,De Grieksche A,De Grieksche A; Adrianus Kocx,maker-community,People,F1.11,EU-BLC,1686,1701,Kocx's factory 1686–1701,"Adrianus Kocx's Delft factory, whose ""AK"" mark Chinese potters copied on porcelain about 1700.",tin glaze,dish,exchange and value,a dealer's account,,none,link-out (dealer),R3,F1.14,low,Source: https://www.aronson.com/east-meets-west/ (dealer); F1.14 spec claim 11. Probable only.
MKR099,"Decorative Arts Society, Chicago",,maker-community,People,F1.7,AM-EWD,1877,,founded 1877 (AIC),The Chicago society embroidered May Morris's Lotus door curtain in 1888 for Frances Glessner's parlour.,embroidery,door curtain,shelter,the AIC,"the embroiderers, unnamed",none,Art Institute of Chicago (public domain),R3,F1.18,high,Source: AIC 1918.298 (https://www.artic.edu/artworks/74514); F1.18 spec claim 11. links: MKR076
MKR100,"Chance Brothers, Smethwick",,maker-community,People,F1.11,EU-BLC,1851,,Crystal Palace order 1850–51,"The Smethwick glassworks supplied 293,655 panes for the 1851 hall, blown as cylinders and flattened, recruiting French glassworkers for the order.",cylinder glass blowing,glass pane,shelter,the V&A; historians,the glassworkers and glaziers,none,V&A (link-out),R3,F1.19,high,Source: https://www.vam.ac.uk/articles/the-great-exhibition-of-1851; http://tomchance.org/wp-content/uploads/2018/03/Glazing_the_Crystal_Palace.pdf; F1.19 spec claims 2–3. links: EVT001
MKR101,Oner Art Combine,Öner Art Combine,maker-community,People,F1.12a,AS-CEN,,,Soviet period,"The Almaty art combine whose brigades made dozens of monumental works, such as the mosaic Qyz Zhibek (1971) by Nikolai Tsivchinsky and Moldakhmet Kenbaev.",mosaic,mosaic panel,rule and display,the source interview,the brigade members not named,none,link-out (New East Archive),R3,F1.20,medium,Source: https://www.new-east-archive.org/features/show/11093/almaty-monumental-art-dennis-keen; F1.20 spec claim 12. Single interview source.
MKR102,Ngonge clan,,maker-community,People,F1.6,AF-SWA,,,UNESCO 2005/2008,"Craftsmen of the Ngonge clan, headed by a hereditary kaboggoza, made barkcloth for the Buganda royal family.",barkcloth beating,barkcloth,clothing and adornment;ritual and belief,UNESCO,,living-community,UNESCO ICH lists (link out),R3,F1.27,high,Source: https://ich.unesco.org/en/RL/barkcloth-making-in-uganda-00139; F1.27 spec claim 16. links: OBT047; TEC108
MKR103,Nahua authors of the Florentine Codex,,maker-community,People,F1.7,AM-MES,1577,1577,Florentine Codex 1577,"The Getty names seven Nahua authors and artists of the Florentine Codex: Antonio Valeriano, Alonso Vegerano, Martín Jacobita, Pedro de San Buenaventura, Diego de Grado, Bonifacio Maximiliano, Mateo Severino.",painting;writing in Nahuatl,codex,record and writing,the Getty edition,the illustrators not named,Indigenous-community,Getty Digital Florentine Codex (link-out),R3,F1.28,high,"Source: https://florentinecodex.getty.edu/book/10/folio/123r; https://www.loc.gov/item/2021667837/; F1.28 spec claims 14, 16. The LoC record lists one creator, Sahagún. links: PER076; MKR020"
MKR104,Khambhat bead makers,Cambay bead makers,maker-community,People,F1.9,AS-SAS,,,,"Khambhat craftspeople took part in experiments by Kenoyer and Vidale on drilling Indus beads, ""at least two to ten hours"" per centimetre of agate.",stone bead drilling,bead,clothing and adornment,Kenoyer; IIT Gandhinagar,,living-community,link-out (IITGN),R3,F1.28a,medium,Source: https://asc.iitgn.ac.in/assets/research/completed_projects/Overview_of_Stone_Bead_Drilling_Technology_from_earliest_to_Harappan_times_VN_Prabhakar_2016.pdf; F1.28a spec claim 18. links: MAT006
MKR105,Leidsche Katoenmaatschappij,LKM,maker-community,People,F1.11,EU-BLC,,1932,until 1932,"The Leiden cotton firm made imitation batik for Asia, Africa and Suriname; it ""never really caught on"" in Indonesia but found a market in West Africa.",roller printing;resin resist,wax print,clothing and adornment;exchange and value,TextielMuseum,the workers,none,TextielMuseum (link-out),R3,F1.30a,high,Source: https://textielmuseum.nl/en/news/Hidden-stories-LKM; F1.30a spec claim 14. links: OBT043; TEC129
MOV107,Design fiction,,movement,Ideas,THEME,GL,2009,,"Bleecker, 9 March 2009","Julian Bleecker defined design fiction as ""making things that tell stories"".",prototyping;narrative,prototype,record and writing,Julian Bleecker,design traditions outside the Euro-American studio,none,link-out (Near Future Laboratory),R3,F1.30a,high,Source: https://nearfuturelaboratory.com/blog/2009/03/design-fiction-a-short-essay-on-design-science-fact-and-fiction/; F1.30a spec claim 17. links: MOV031; MOV032
NET064,British gun trade on the West African coast (to 1807),,network,Connections,F1.11,EU-BLC;AF-GUI,,1807,to 1807,"British guns were traded on the West African coast; Satia argues state demand shaped British gun-making, with output rising to millions by 1815.",gunmaking,gun,war;exchange and value,Satia,the people the trade bought and sold,human-flow,link-out (Stanford),R3,F1.19a,medium,Source: https://southasia.stanford.edu/news/how-british-gun-manufacturers-changed-industrial-world-lock-stock-and-barrel-lorraine; F1.19a spec claim 17. People and goods are never drawn as one flow (F1.19a spec). links: NET035
NET065,Chinese contract labour in Peru (1849–1874),,network,Connections,F1.7,AM-AND;AS-CHN,1849,1874,1849–1874,"Nearly 100,000 Chinese men, many ""kidnapped or lured"", were brought to Peru to work guano fields, railways and plantations 14 to 16 hours a day.",guano digging,,exchange and value,historians,,human-flow,link-out (encyclopedia),R3,F1.22,high,"Source: https://www.encyclopedia.com/humanities/encyclopedias-almanacs-transcripts-and-maps/chinese-labor-peru; F1.22 spec claim 8. People drawn as people, never as goods (F1.22 spec). links: NET061; PLC474"
NET066,Salaula,,network,Connections,F1.6,AF-CEN;AF-SOU,1985,,since the mid-1980s,"Second-hand clothing in Zambia, Bemba for ""selecting from a pile by rummaging""; tailors refit clothes ""to fit their new wearers"".",tailoring,clothing,clothing and adornment;exchange and value,Hansen,,living-community,link-out (KCI),R3,F1.22a,high,Source: https://www.kci.or.jp/articles/files/K_D64_HANSEN_The_Secondhand_Clothing_ENG.pdf; F1.22a spec claim 17.
OBT324,Chinese export porcelain,porcelain for export,object-type,Things,F1.8,AS-CHN;GL,1750,,the Cleveland dish c. 1750,"Chinese porcelain factories decorated wares for European buyers, at times copying European prints, as on a dish after a La Fontaine fable.",porcelain;overglaze enamel,dish;charger,exchange and value,collectors and museums,the painters who copied prints they did not choose,none,Cleveland Museum of Art Open Access (CC0),R3,F1.2,high,Source: Cleveland 1970.48 (https://openaccess-api.clevelandart.org/api/artworks/?accession_number=1970.48); F1.2 spec claim 1. NET054 covers only the trade (F1.2 spec). links: NET054; STY029
OBT325,Noh mask,nōmen; waka-onna (one type),object-type,Things,F1.8,AS-JPN,1392,,"Cleveland's waka-onna mask 1400s, Muromachi period","Carvers make new masks by referring to honmen, old masks held by performing families, so a face is made from a model.",wood carving;polychromy,mask,play and music;ritual and belief,carvers and performers,"the carver of the Cleveland mask, not recorded",living-community,Cleveland Museum of Art Open Access (CC0),R3,F1.4,high,Source: Cleveland 1972.69 (https://clevelandart.org/art/1972.69); F1.4 spec §1 and §5.
OBT326,Hyakumantō darani,One Million Pagodas; Hyakumantō dharani,object-type,Things,F1.8,AS-JPN,764,770,ordered 764; made by 770,"Empress Shōtoku ordered a million small wooden pagodas, each holding a printed dharani, after her court suppressed a rebellion in 764.",woodblock printing;wood turning,pagoda;dharani print,ritual and belief;rule and display,the court; museums,the turners and printers,sacred,Met Open Access (public domain),R3,F1.5;F1.16,high,Source: Met 30.47a–c (https://collectionapi.metmuseum.org/public/collection/v1/objects/44955); F1.5 spec claim 20; F1.16 spec. links: PER532; OCC306
OBT327,Qompi (cumbi cloth),cumbi; qompi,object-type,Things,F1.7,AM-AND,1438,1534,"Inca, 1438–1534 (Walters 2011.20.14)","Fine tapestry cloth, ""distributed by the Inca ruler"" to mark rank.",cumbi weaving;tapestry,tunic (uncu),clothing and adornment;rule and display,the Walters; Andean scholarship,the weavers (aqllakuna and qompikamayuq),none,Walters Art Museum (CC0),R3,F1.7;F1.18,high,"Source: Walters 2011.20.14 (https://art.thewalters.org/object/2011.20.14/); F1.7 spec claim 12. Merged: F1.7 proposed cumbi as a technique, F1.18 as an object type. links: MKR023"
OBT328,Llauto,turban band,object-type,Things,F1.7,AM-AND,-300,-100,"Cleveland 1946.228, c. 300–100 BCE",A woven head band from Paracas burials; Cleveland's turban band is one.,weaving,head band,clothing and adornment,Cleveland,,funerary,Cleveland Museum of Art Open Access (CC0),R3,F1.7,high,Source: Cleveland 1946.228 (https://clevelandart.org/art/1946.228); F1.7 spec §5. links: ARC205
OBT329,Diné wearing blanket,,object-type,Things,F1.7,AM-WST,1875,,"Cleveland 1921.556, c. 1875–80","Diné women wove blankets to wear around the shoulders; later ""wearing blankets … were purchased as rugs"" by outside buyers.",weaving;handspun;Germantown and bayeta wool,blanket,clothing and adornment,Cleveland; weavers,"the woman artist, not named",Indigenous-community,Cleveland Museum of Art Open Access (CC0),R3,F1.7;F1.22a,high,Source: Cleveland 1921.556 (https://clevelandart.org/art/1921.556); F1.22a spec claim 10; F1.7 spec §5. links: STY078; PRA035
OBT330,Chief blanket,chief blanket style,object-type,Things,F1.7,AM-WST,1900,,"Cleveland 1937.903, c. 1900","Rugs were modelled on the ""chief blanket"", though the Diné had no chiefs; after Bosque Redondo weavers turned to goods for outside collectors.",weaving,blanket;rug,clothing and adornment;exchange and value,traders and collectors,,Indigenous-community,Cleveland Museum of Art Open Access (CC0),R3,F1.22a,high,Source: Cleveland 1937.903 (https://clevelandart.org/art/1937.903); F1.22a spec claim 11. links: OBT331
OBT331,Diné rug,Navajo rug,object-type,Things,F1.7,AM-WST,1890,,"Cleveland 1937.903, c. 1900",Diné weavers made floor rugs for trading posts and outside buyers in place of garments.,weaving,rug,exchange and value,traders; weavers,,Indigenous-community,Cleveland Museum of Art Open Access (CC0),R3,F1.7,medium,Source: Cleveland 1937.903 (https://clevelandart.org/art/1937.903); F1.7 spec §5. links: STY078; PRA035
OBT332,Celadon roof tile,celadon roof-end tile,object-type,Things,F1.8,AS-KOR,1157,,,Goryeo potters made celadon tiles for a royal pavilion roof.,celadon,roof tile,shelter;rule and display,National Museum of Korea,,none,National Museum of Korea (KOGL),R3,F1.8,high,Source: NMK 증2346 (https://www.museum.go.kr/ENG/contents/E0403000000.do?schM=relic_represent_view&relicId=3129); F1.8 spec §5. links: PLC440; PLC198
OBT333,Kain panjang,long cloth,object-type,Things,F1.9,AS-ISE,,,Cooper Hewitt example 19th century,"A long wrapped cloth patterned in batik; Cooper Hewitt's example is cotton, ""wax resist dyeing (batik) on plain weave"".",batik;wax resist,wrapped cloth,clothing and adornment,Cooper Hewitt; makers' own term,"the town and maker, not recorded",none,Cooper Hewitt (public domain image),R3,F1.9,high,Source: Cooper Hewitt 1961-115-27 (https://collection.cooperhewitt.org/objects/18437553/); F1.9 spec claim 25. links: PRA120; TEC121
OBT334,Inscribed palm stalk,inscribed stick,object-type,Things,F1.9a,WA-ARB,-1000,600,,"Palm stalks holding letters, accounts, contracts and quittances signed by witnesses.",incising,palm stalk,record and writing;exchange and value,Stein; Weimar,,conflict-looting,link-out (ANE Today),R3,F1.9a,high,Source: https://anetoday.org/stein-arabia-documents/; https://archaeopresspublishing.com/ojs/index.php/PSAS/article/view/254; F1.9a spec claim 23.
OBT335,Canoe splashboard,kula canoe splashboard,object-type,Things,F1.12,OC-MEL,1800,,Cleveland example 1800s,Trobriand canoes carried carved splashboards on voyages to exchange ceremonial objects (kula).,wood carving;painting,canoe,transport;exchange and value,Cleveland; Kiriwina carvers,,Indigenous-community;living-community,Cleveland Museum of Art Open Access (CC0),R3,F1.12,high,Source: Cleveland 1966.130 (https://openaccess-api.clevelandart.org/api/artworks/1966.130); F1.12 spec claim 14. Link-out only (AR-071). links: NET047
OBT336,Khokhuur,,object-type,Things,F1.12a,AS-CEN,,,UNESCO 2019 (airag in khokhuur),A leather vessel in which Mongolian herders make airag.,leatherwork,vessel,food and storage,UNESCO,,living-community,UNESCO ICH lists (link out),R3,F1.12a,high,Source: https://ich.unesco.org/en/state/mongolia-MN?info=elements-on-the-lists; F1.12a spec claim 23. links: PRA087
OBT337,Koshma,,object-type,Things,F1.12a,AS-CEN,1865,,photographed 1865–1872,"A felt mat; the Turkestan Album shows Kyrgyz makers preparing koshma (""Prigotovlenie koshm"").",felt making,felt mat,shelter,the Library of Congress,,living-community,Library of Congress (public domain),R3,F1.12a,high,Source: LC-DIG-ppmsca-15092 (https://www.loc.gov/item/2007681438/); F1.12a spec §10. links: TEC100
OBT338,Kraak porcelain,,object-type,Things,F1.8,AS-CHN;EU-BLC,1600,1625,Rijksmuseum dish c. 1600–1625,"Chinese export porcelain in underglaze blue, named after the Portuguese carracks the Dutch captured.",underglaze cobalt,dish,exchange and value,Dutch usage; museums,the anonymous potters,none,Rijksmuseum (CC0),R3,F1.13,high,Source: Rijksmuseum AK-RBK-16385 (https://id.rijksmuseum.nl/200107018); F1.13 spec claim 18. links: OCC072; NET054
OBT339,Delftware,,object-type,Things,F1.11,EU-BLC,,,Delft plate Cleveland 1969.254,Tin-glazed earthenware from Delft that began by copying Chinese porcelain; Chinese potters in turn copied a Delft factory's mark.,tin glaze,plate;dish,food and storage;exchange and value,collectors,,none,Cleveland Museum of Art Open Access (CC0),R3,F1.14,medium,Source: https://www.aronson.com/east-meets-west/ (dealer); F1.14 spec claim 11 and §1. Kind chosen: object type (the spec offers style or object type). links: MKR071; PLC354; TEC032
OBT340,Pilgrim badge,,object-type,Things,F1.11,EU-BLC;EU-WCE,1350,1538,Met example 1350–1400,"Cast tin-lead badges sold to pilgrims at shrines such as Canterbury, made for use and sale.",tin-lead casting,badge,ritual and belief;exchange and value,the Met,,none,Met Open Access (public domain),R3,F1.16,high,Source: Met 2001.310 (https://www.metmuseum.org/art/collection/search/473470); F1.16 spec claim 20. links: PLC458
OBT341,Nanban lectern (shokendai),shokendai,object-type,Things,F1.8,AS-JPN,,,,"Catholic missionaries in Japan commissioned lacquer church furnishings, including a folding lectern with the IHS emblem.",lacquer;inlay,lectern,ritual and belief,Kyoto National Museum,the lacquer makers,sacred,link-out (Kyoto exhibition page),R3,F1.16,medium,Source: https://www.kyohaku.go.jp/old/eng/theme/floor1_6/past/laq_20141126.html; F1.16 spec claim 16. No open record found. links: GAP005
OBT342,Company-monogram porcelain,armorial porcelain (company),object-type,Things,F1.8,AS-CHN;EU-BLC,1728,,Rijksmuseum teapot 1728,Chinese potters painted Dutch company orders with the VOC monogram and the Republic's arms.,porcelain;overglaze enamel,teapot,exchange and value;rule and display,the Rijksmuseum,the anonymous potter,none,Rijksmuseum (CC0),R3,F1.17,high,Source: Rijksmuseum AK-NM-2611 (https://id.rijksmuseum.nl/20025519); F1.17 spec claim 12. links: POL238; NET054
OBT343,Digital sticker,,object-type,Things,THEME,AS-JPN;GL,,,,"A small image sold on a messaging platform after review; LINE rejects stickers ""not easy to use in daily conversation"".",digital drawing,sticker set,exchange and value;play and music,the platform's guidelines,,none,LINE Creators Market guidelines (link-out),R3,F1.17,high,Source: https://creator.line.me/en/review_guideline/; F1.17 spec claim 17. links: INS120
OBT344,Wallpaper,,object-type,Things,THEME,EU-BLC;GL,,,,Printed paper hangings; May Morris's Honeysuckle (1883) was credited to her father in 1890 and to her in a catalogue of about 1909.,block printing,wallpaper,shelter,firms and catalogues,the women designers credited to others,none,William Morris Gallery (link-out),R3,F1.18,medium,Source: https://wmgallery.org.uk/object/honeysuckle-wallpaper/; F1.18 spec claim 10. links: MKR076
OBT345,Nasij (cloth of gold),cloth of gold; nasīj,object-type,Things,F1.12a,AS-CEN;AS-CHN;WA-IRN,1225,,Cleveland example 1225–75,"Silk woven with gold, which the Mongols had made by weaving communities they moved from Central Asia and Persia to China.",lampas weaving;gold thread,textile,clothing and adornment;rule and display,the Met; Cleveland,the weavers moved by force,human-flow,Cleveland Museum of Art Open Access (CC0); Met Open Access,R3,F1.19a;F1.28,high,"Source: Cleveland 1989.50 (https://openaccess-api.clevelandart.org/api/artworks/1989.50); Met 64101; F1.19a spec claims 5, 8; F1.28 spec claim 20. Merged: ""cloth of gold"" proposed by F1.28 too. links: OCC035"
OBT346,Moulded plywood leg splint,Eames leg splint,object-type,Things,F1.7,AM-WST,,,"Second World War; initial order 5,000; over 150,000 by the war's end","Charles and Ray Eames's moulded plywood splint for the US Navy; Evans Products made more than 150,000.",moulded plywood,leg splint,care and access;war,"RISD Museum (Banas, 2022)",the Evans Products workers,none,link-out (RISD Museum),R3,F1.19a,high,Source: https://risdmuseum.org/issue-17-variance/files-eames-leg-splint; F1.19a spec claim 13. Proposed as an object; filed as an object type (mass-produced). links: PER152; PER153; INS126
OBT347,CC41 mark,Utility mark,object-type,Things,F1.11,EU-BLC,1943,1952,catalogue of 1943,Each piece of Utility furniture was priced in units and stamped CC41.,stamping,furniture,shelter,Board of Trade,the Utility cabinetmakers,none,link-out (Museum Wales),R3,F1.19a,high,Source: https://museum.wales/blog/2168/Rationing-furniture-during-the-Second-World-War-/; F1.19a spec claim 14. links: OCC217
OBT348,Hmong story cloth,paj ntaub (story cloth),object-type,Things,F1.9,AS-MSE;AM-EWD,,,developed in refugee camps (Thailand),"Hmong story cloths developed in refugee camps, made by men as well as women; some say a relief worker suggested picture embroidery.",embroidery;appliqué,textile panel,record and writing;exchange and value,Hmong makers; anthropologists,,living-community,Hmong Studies Journal (open access),R3,F1.19a,medium,"Source: https://www.hmongstudiesjournal.org/uploads/4/5/8/7/4587788/craighsj11.pdf; F1.19a spec claim 19. The other name paj ntaub is standard usage, not in the spec."
OBT349,Funpon,model book,object-type,Things,F1.8,AS-JPN,,,,"Kano model books reproduced paintings ""faithfully or in rough sketches in smaller size"" and were ""zealously guarded"".",ink drawing,model book,record and writing,the Met,,none,"Met (essay, link-out)",R3,F1.19b,high,Source: https://www.metmuseum.org/essays/the-kano-school-of-painting; F1.19b spec claim 2. links: SCH040; PER556
OBT350,Siyah mashq,calligraphic exercise,object-type,Things,F1.10,WA-IRN;WA-ANA,,,Met example 1842–43,"Practice pages ""intended to strengthen a calligrapher's hand"" through repeated letters; after the 16th century they became an art form.",calligraphy,album leaf,record and writing,the Met,,none,Met Open Access (public domain),R3,F1.19b,high,Source: Met 2016.536 (https://www.metmuseum.org/art/collection/search/716307); F1.19b spec claim 4.
OBT351,Mosaic panel,,object-type,Things,F1.12a,AS-CEN;EU-EER,1960,,,"Soviet-era monumental mosaics on public buildings; Uzbekistan listed about 157 panels as monumental art in 2024, though one was dismantled in 2023.",mosaic,mosaic panel,rule and display,the Uzbek government,the mosaicists,none,link-out (Gazeta.uz),R3,F1.20,high,Source: https://www.gazeta.uz/en/2024/03/26/mosaic/; F1.20 spec claims 11–12. links: TEC162
OBT352,Ōtsu-e,Ōtsu pictures,object-type,Things,F1.8,AS-JPN,1700,,Met example early 18th century,"Folk pictures sold at Ōtsu; Yanagi Sōetsu remounted one, with knobs by Hamada Shōji, drawing it into Mingei.",woodblock and hand painting,hanging scroll,ritual and belief,the Met,the anonymous painters,none,Met Open Access (public domain),R3,F1.20,high,Source: Met 1975.268.147 (https://www.metmuseum.org/art/collection/search/36115); F1.20 spec §5. links: MOV096
OBT353,Pierre Jeanneret's Chandigarh furniture,Chandigarh chair,object-type,Things,F1.9,AS-SAS,1950,1955,1950–55,"Office and library chairs made for Chandigarh's buildings, credited by the Met to Pierre Jeanneret and by V&A captions in part to Eulie Chowdhury; many were later sold at auction.",teak;cane,chair,shelter,the Met; the V&A,the furniture makers,none,Met (link-out),R3,F1.20,medium,Source: https://www.metmuseum.org/art/collection/search/629168; https://theconversation.com/tropical-modernism-architecture-and-independence-at-vanda-reintroduces-indian-and-ghanaian-pioneers-of-the-style-224556; F1.20 spec claim 15. Maker credit contested. links: PER255
OBT354,Ensi,tent door hanging,object-type,Things,F1.12a,AS-CEN,1800,1850,Met example 1800–1850,"A Turkmen pile hanging that ""likely served … to cover the entrance"" to a tent made to be ""collapsible and portable"".",pile knotting,door hanging,shelter,the Met,,living-community,Met Open Access (public domain),R3,F1.22a,high,Source: Met 22.100.42 (https://www.metmuseum.org/art/collection/search/447501); F1.22a spec claim 8. links: COM210
OBT355,Chuval,storage bag,object-type,Things,F1.12a,AS-CEN,1800,,Met example early 19th century,"Turkmen storage bags held family belongings, ""akin to a wardrobe"".",pile knotting,storage bag,food and storage,the Met,,living-community,Met Open Access (public domain),R3,F1.22a,high,Source: Met 22.100.40a (https://www.metmuseum.org/art/collection/search/447498); F1.22a spec claim 8. links: COM210
OBT356,Darning sampler,,object-type,Things,F1.11,EU-BLC;EU-WCE;EU-SCA,1700,1920,18th to early 20th century,"Samplers on which girls learned ""to mend worn places and holes"", made in five north European countries.",darning,sampler,clothing and adornment,TRC Leiden; Cooper Hewitt,"the schoolgirls, usually unnamed",none,Cleveland Museum of Art Open Access (CC0),R3,F1.22a,high,Source: https://www.trc-leiden.nl/trc-needles/individual-textiles-and-textile-types/samplers/darning-sampler; https://clevelandart.org/art/1942.528; F1.22a spec claim 16. links: TEC224
OBT357,Jaipur foot,,object-type,Things,F1.9,AS-SAS,1968,,1968,"A rubber prosthetic foot that needed no shoe, suiting people who ""go barefoot"", by P. K. Sethi and the craftsman Ram Chandra Sharma.",rubber moulding,prosthetic foot,care and access,the Science Museum blog; PMC (2024),"Sharma, who ""received little credit""",none,link-out (Science Museum blog),R3,F1.22a,high,Source: https://blog.sciencemuseum.org.uk/jaipur-foot-the-low-cost-prosthetic-that-revolutionised-medical-care-in-india-and-beyond/; F1.22a spec claim 19. links: PER580; PER581
OBT358,Convict love token,,object-type,Things,F1.12,OC-AUS;EU-BLC,,,,"Tokens made by convicts; about 350 are known, ""one of the few classes of items convicts made … purely of their own volition"".",coin engraving,token,ritual and belief;record and writing,the Powerhouse,"the makers, mostly not known",human-flow,Powerhouse collection (link-out),R3,F1.23,high,Source: https://collection.powerhouse.com.au/object/12096; F1.23 spec claim 16.
OBT359,Storage jar,,object-type,Things,THEME,GL,,,,Large jars for storing food and drink; Dave's 25-gallon jar of 1858 carries his signature and a couplet.,throwing;coil building,jar,food and storage,museums,unsigned potters,none,Met Open Access (public domain),R3,F1.23,medium,Source: Met 2020.7 (https://www.metmuseum.org/art/collection/search/747045); F1.23 spec claim 1.
OBT360,Belt plaque,,object-type,Things,F1.8,AS-CHN;AS-CEN,-400,,,"Cast metal plaques worn on belts across the steppe and in China, from the Xigoupan gold plaques to the Xianbei pair.",bronze casting;gold casting,belt plaque,clothing and adornment,museums,,none,Met Open Access (public domain),R3,F1.25,high,"Source: Met 24.174.7 (https://www.metmuseum.org/art/collection/search/52109); https://www.nature.com/articles/s40494-021-00520-5; F1.25 spec claims 7, 9. links: ARC231; STY098"
OBT361,"""Tre lune"" watermark",three crescents watermark,object-type,Things,F1.11,EU-WCE;AF-EGY;AF-SAH,1600,,in Egyptian documents as early as 1631,Venetian papermakers marked paper for Ottoman markets with three crescents; Saharan copyists wrote on it.,watermarking,paper,record and writing;exchange and value,University of Michigan Library,,none,link-out (UMich blog),R3,F1.27,high,Source: https://blogs.lib.umich.edu/beyond-reading-room/watermark-wednesdays-three-crescents; F1.27 spec claim 10.
OBT362,Scribe's palette,,object-type,Things,F1.6,AF-EGY,-1540,-1186,Cleveland example 1540–1186 BCE,The Egyptian scribe's working tool; Cleveland's wooden example dates 1540–1186 BCE.,woodworking,palette,record and writing,Cleveland,,none,Cleveland Museum of Art Open Access (CC0),R3,F1.28,medium,Source: Cleveland 1914.727 (https://openaccess-api.clevelandart.org/api/artworks/1914.727); F1.28 spec §5. links: OBT065
OBT363,Felt carpet,ala-kiyiz; shyrdak,object-type,Things,F1.12a,AS-CEN,,,UNESCO Urgent Safeguarding List 2012,"Kyrgyz felt carpets of two types, with ""the semantics of ornamentation"" part of the element; women are ""the principal bearers"".",felt making,felt carpet,shelter,UNESCO,,living-community,UNESCO ICH lists (link out),R3,F1.29,high,Source: https://ich.unesco.org/en/USL/ala-kiyiz-and-shyrdak-art-of-kyrgyz-traditional-felt-carpets-00693; F1.29 spec claim 7. links: PRA160
OBT364,Fanner basket,rice fanner,object-type,Things,F1.7,AM-EWD;AF-SAH,,,,"Coiled baskets used to separate rice from husks, made by Gullah Geechee makers and in Senegal.",coiled basketry,fanner basket,food and storage,SAAM; NMAAHC,enslaved rice workers; historians' terms quoted,human-flow;living-community,Smithsonian (link-out),R3,F1.29,high,Source: https://americanart.si.edu/artwork/gullah-fanner-basket-82599; https://nmaahc.si.edu/object/nmaahc_2014.96.2; F1.29 spec claims 11–12. links: COM115; PER602
OCC295,Navajo Nation v. Urban Outfitters (2012–2016),"Navajo Nation v. Urban Outfitters, Inc. (D.N.M. 1:12-cv-00195)",event,Time,F1.7,AM-WST,2012,2016,filed February 2012; settled November 2016,"The Navajo Nation sued a retailer over ""Navajo"" products under its trademarks and settled with a licence and supply agreement.",trademark;licensing,clothing;flask,exchange and value,the court record; the Navajo Nation,Diné weavers whose designs were not themselves protected,Indigenous-community,CourtListener (public record); NARF (link-out),R3,F1.2;F1.24,high,Source: https://narf.org/nill/bulletins/federal/documents/navajo_nation_v_urban_outfitters_2016.html; https://indianz.com/News/2016/11/17/navajo-nation-settles-dispute-over-sale.asp; F1.2 spec claim 11; F1.24 spec claim 20. links: COM097; PRA035
OCC296,Tlahuitoltepec blouse case (2015),Isabel Marant blouse case,event,Time,F1.7,AM-MES,2015,2015,pronouncement June 2015; Paris ruling December 2015,The Ayuujk community of Santa María Tlahuitoltepec said a Paris designer's 2015 collection copied its blouse; a separate Paris suit found Antik Batik held no rights.,embroidery,blouse,clothing and adornment,the community's authorities; the Paris court,the women who embroider the blouse,Indigenous-community;living-community,link-out (community pronouncement; press),R3,F1.2,high,Source: https://www.viveoaxaca.org/2015/06/PronunciamientoTlahuitoltepecPlagio2015.html; https://fashionunited.uk/news/business/isabel-marant-freed-of-plagiarism-accusations/2015120818656; F1.2 spec claims 17–18. links: COM124; OBT040
OCC297,In re Southern Rhodesia (1919),In re Southern Rhodesia [1919] AC 211,event,Time,THEME,AF-SOU,1919,1919,"Privy Council, 1919","The Privy Council denied African land rights on the ground that ""some tribes are so low in the scale of social organization""; Mabo (1992) rejected that basis.",law,,rule and display,the Privy Council (Lord Sumner),the Africans whose land was decided,none,AustLII (open access),R3,F1.3,high,Source: https://henley.austlii.edu.au/cgi-bin/viewdoc/au/journals/AULegHist/2007/13.html; F1.3 spec claim 3.
OCC298,Mabo v Queensland (No 2) (1992),Mabo (No 2) [1992] HCA 23,event,Time,F1.12,OC-AUS,1992,1992,1992,"The High Court of Australia quoted the 1919 Privy Council and called that theory ""false in fact"", recognising native title.",law,,rule and display,the High Court (Brennan J),,Indigenous-community,AustLII (open access),R3,F1.3,high,Source: http://www.mabonativetitle.com/info/recognitionNT.htm; https://henley.austlii.edu.au/cgi-bin/viewdoc/au/journals/AULegHist/2007/13.html; F1.3 spec claim 3.
OCC299,Rhodesian censorship of Great Zimbabwe archaeology (1970s),,event,Time,F1.6,AF-SOU,1970,,from 1970,In 1970 the Rhodesian Front government told its employees that no official publication might say plainly that Great Zimbabwe was an African creation.,,,rule and display,the Rhodesian Front government,the Shona descendants of the builders,none,link-out (scholarly sources),R3,F1.3,high,Source: https://sas-space.sas.ac.uk/4213/1/Preben_Kaarsholm_-_The_past_as_battlefield_in_Rhodesia_and_Zimbabwe.pdf; F1.3 spec claim 15. links: PLC087; POL015
OCC300,Navajo delegation to Washington (1874),,event,Time,F1.7,AM-WST;AM-EWD,1874,1874,1874,A Diné delegation travelled to Washington in 1874; a loom with unfinished weavings came with it into the national collection.,weaving,loom,rule and display,NMNH,,Indigenous-community,Smithsonian (link-out),R3,F1.7,high,Source: https://www.si.edu/object/nmnhanthropology_8345504; F1.7 spec claim 24. links: PER501; COM097
OCC301,Naaltsoos Sání (1868),Treaty of 1868 (Navajo Treaty),event,Time,F1.7,AM-WST,1868,1868,signed 1 June 1868,"The Diné-named treaty of 1868 ended the imprisonment at Hwéeldi and returned the people to Diné Bikéyah, where weaving resumed for new markets.",,,rule and display,Diné authors (Raymond D. Austin); the Navajo Times,,Indigenous-community,community-published site,R3,F1.7,high,Source: https://dinelanduse.org/hweeldi/; https://navajotimes.com/reznews/hweeldi-150/; F1.7 spec claim 22. links: OCC141; COM097
OCC302,Peru Law 6634 (1929),Ley 6634,event,Time,F1.7,AM-AND,1929,1929,13 June 1929,Peru barred the export of archaeological objects without government permission; no permit is recorded for many later exports.,,,rule and display,the Peruvian state,,conflict-looting,link-out (law as reproduced),R3,F1.7,high,Source: https://arqueologia.deperu.com/6634.php; F1.7 spec claim 6.
OCC303,Sheep Is Life,,event,Time,F1.7,AM-WST,,,reported June 2011,An annual Diné gathering around churro sheep and weaving where weavers speak for themselves.,weaving;shearing,,clothing and adornment,Diné be' Iiná,,Indigenous-community;living-community,community-published site,R3,F1.7,high,Source: https://navajotimes.com/entertainment/2011/0611/063011sheep2.php; F1.7 spec claim 25. links: INS104; MAT131
OCC304,Korea's 1916 Regulations,Regulations for the Preservation of Ancient Sites and Relics (1916),event,Time,F1.8,AS-KOR,1916,1916,1916,"Colonial Korea required finds to be reported, items registered and digs permitted; registered items needed inspection before export.",,,rule and display,the Japanese colonial government,Koreans who had no say in the rules,conflict-looting,link-out (UCSB paper),R3,F1.8,high,Source: https://www.eastasian.ucsb.edu/wp-content/uploads/CreationNationalTreasures2001.pdf; F1.8 spec claim 11.
OCC305,China's 1930 Law on the Preservation of Antiquities,,event,Time,F1.8,AS-CHN,1930,1935,law of 2 June 1930; export rules from 1935,"China's antiquities law dates from 2 June 1930, with export rules from 1935.",,,rule and display,the Nationalist government,,conflict-looting,SpringerOpen (open access),R3,F1.8,high,"Source: Zhang 2022, https://link.springer.com/article/10.1186/s43238-022-00057-x; F1.8 spec §5."
OCC306,Emi rebellion (764),Fujiwara no Nakamaro rebellion,event,Time,F1.8,AS-JPN,764,764,764,"After the court suppressed this rebellion, Empress Shōtoku commissioned the One Million Pagodas in thanks.",,pagoda,war;ritual and belief,the Met; historians,,none,Met Open Access (public domain),R3,F1.8;F1.16,high,Source: Met 30.47a–c (https://www.metmuseum.org/art/collection/search/44955); F1.16 spec claim 4. links: OBT326; PER532
OCC307,Sripuranthan Nataraja theft and return (2006–2014),,event,Time,F1.9,AS-SAS;OC-AUS;AM-EWD,2006,2014,thefts from January 2006 (probable); returned 5 September 2014,A Chola Nataraja stolen from Sripuranthan was sold to the National Gallery of Australia in 2008 and handed back to India in 2014.,bronze casting,processional bronze image,ritual and belief;exchange and value,the NGA; Indian courts,the temple community,sacred;conflict-looting,link-out (NGA statement; court order),R3,F1.9,high,Source: https://nga.gov.au/media/dd/documents/qa_update_shiva_nataraja.pdf; https://indiankanoon.org/doc/14478654; F1.9 spec claims 13–14. The 2006 start rests on an encyclopaedia (probable).
OCC308,Antiquities and Art Treasures Act (1972),,event,Time,F1.9,AS-SAS,1972,1976,Act 1972; in force 5 April 1976,India's law covers objects at least 100 years old; only the central government or its agency may export them.,,,rule and display,the Government of India,,conflict-looting,Archaeological Survey of India (link-out),R3,F1.9,high,Source: https://asi.nic.in/pdf/antiquityAct.pdf; F1.9 spec claim 16.
OCC309,Rubin v. Islamic Republic of Iran (2018),,event,Time,F1.7,AM-EWD;WA-IRN,2018,2018,"decided 21 February 2018, 8–0",The US Supreme Court held that the Persepolis Fortification tablets on loan in Chicago could not be seized to pay a judgment against Iran.,,tablet,rule and display,the US Supreme Court,,none,Justia (public record),R3,F1.9a,high,Source: https://supreme.justia.com/cases/federal/us/583/16-534; F1.9a spec §10. Wording held for a Historian reader (F1.9a spec).
OCC310,Met Persian Expedition (1932–35),,event,Time,F1.9a,WA-IRN;AM-EWD,1932,1935,1932–35,"The Met's excavations in Iran, at Qasr-i Abu Nasr among others, sent finds to New York through partage.",excavation,tablet,record and writing,the Met,the Iranian workers on the digs,none,"Met (essay, link-out)",R3,F1.9a,medium,"Source: Yates 2018, https://www.metmuseum.org/essays/the-metropolitan-museums-excavations-at-qasr-i-abu-nasr; F1.9a spec claim 17."
OCC311,West Prussian craft ordinance (1774),Ordynacya Rzemieślnicza … dla Pruss Zachodnich,event,Time,F1.11,EU-EER,1774,1774,24 January 1774 (holder); Europeana's 1744 is an error,"A craft ordinance for West Prussia, in 49 paragraphs, bound craftsmen to standards ""under threat of penalty"".",,,rule and display,the Prussian state,craftsmen under annexation,none,Elbląska Biblioteka Cyfrowa (public domain),R3,F1.11,high,Source: https://dlibra.bibliotekaelblaska.pl/dlibra/publication/6298/edition/6072/ordynacya-rzemieslnicza-lub-ulozenie-porzadkow-rzemieslniczych-dla-pruss-zachodnich; F1.11 spec claim 18. links: INS114
OCC312,Lake Condah drainage (1954),Tae Rak drainage,event,Time,F1.12,OC-AUS,1954,1954,1954,"Lake Condah (Tae Rak), part of the Budj Bim system, ""was drained in 1954""; the community has worked to restore it with a weir.",,eel trap,food and storage,McNiven and Bell (2010),,Indigenous-community,open access (La Trobe Journal),R3,F1.12,high,Source: https://latrobejournal.slv.vic.gov.au/latrobejournal/issue/latrobe-85/t1-g-t8.html; F1.12 spec claim 8. Restoration dates not reached. links: PLC391; PRA211
OCC313,"First Nations cultural protocols, third edition (2020)",Protocols for using First Nations Cultural and Intellectual Property in the Arts (3rd ed.),event,Time,F1.12,OC-AUS,2020,2020,published 29 September 2020,Creative Australia's protocols (Terri Janke) set ten principles for First Nations cultural and intellectual property; funded projects must comply.,,,rule and display,Australia Council (now Creative Australia); Terri Janke,,Indigenous-community,Creative Australia (link-out),R3,F1.12;F1.31,high,Source: https://creative.gov.au/first-nations-arts/protocols-for-using-first-nations-cultural-and-intellectual-property-in-the-arts; https://apo.org.au/node/308574; F1.12 spec claim 21; F1.31 spec claim 13.
OCC314,Han acquisition of Central Asian horses (1st century BCE),"""heavenly horses""",event,Time,F1.8,AS-CHN;AS-CEN,-100,-1,1st century BCE,"Chinese envoys brought Bactrian horses to the Han capital; the court called them ""heavenly horses"" and linked them with dragons.",,horse,transport;rule and display,"the Met (Sun, 2014)",,none,"Met (essay, link-out)",R3,F1.12a,medium,Source: https://www.metmuseum.org/perspectives/lunar-new-year-2; F1.12a spec claim 17. A Han source is still to read (F1.12a spec §9).
OCC315,Dürer's imperial privilege (1511),,event,Time,F1.11,EU-WCE,1511,1511,1511,"Dürer's book edition of the Life of the Virgin warned ""thieves and imitators"" that the images carried Maximilian I's imperial privilege.",woodcut,book,rule and display,Princeton University Art Museum,,none,link-out (museum label),R3,F1.14,high,Source: https://artmuseum.princeton.edu/art/collections/objects/18191; F1.14 spec claim 3. links: PER392
OCC316,"SCAPIN-1535, ""Made in Occupied Japan"" (1947)",,event,Time,F1.8,AS-JPN,1947,1947,20 February 1947,"The occupation authority ordered every Japanese export article, container and package marked ""Made in Occupied Japan"".",marking,,exchange and value,SCAP,,none,link-out (SCAPIN database),R3,F1.14,high,Source: https://jahis.law.nagoya-u.ac.jp/scapindb/docs/scapin-1535; F1.14 spec claim 18.
OCC317,Getty Images v Stability AI (2025),[2025] EWHC 2863 (Ch),event,Time,THEME,EU-BLC,2025,,judgment 4 November 2025; under appeal,"A UK court found an AI model was not an ""infringing copy"" of the images it was trained on; permission to appeal that point was granted in December 2025.",,image,exchange and value,the High Court,the photographers whose images were used,none,Judiciary UK (link-out),R3,F1.14;F1.21,high,Source: https://www.judiciary.uk/wp-content/uploads/2025/11/Getty-Images-v-Stability-AI.pdf; F1.14 spec claim 20. Also proposed by F1.21. links: GAP029
OCC318,US Copyright Office report on generative AI training (2025),"Copyright and Artificial Intelligence, Part 3",event,Time,THEME,AM-EWD,2025,,pre-publication version 9 May 2025,"The Office wrote that commercial use of ""vast troves"" of works to make competing content goes beyond fair use, ""especially where … illegal access"".",,,exchange and value,the US Copyright Office,,none,US Copyright Office (public record),R3,F1.14;F1.21,high,Source: https://copyright.gov/ai/Copyright-and-Artificial-Intelligence-Part-3-Generative-AI-Training-Report-Pre-Publication-Version.pdf; F1.14 spec claim 20. Also proposed by F1.21. links: GAP029
OCC319,Canut revolt (1831),Révolte des canuts (1831),event,Time,F1.11,EU-WCE,1831,1831,21 November 1831,Several hundred Lyon silk weavers rose at the Croix-Rousse when manufacturers refused the agreed piece rates; about 600 died.,silk weaving,silk,clothing and adornment,Musée d'histoire de Lyon (Gadagne),,none,Gadagne museum sheet (link-out),R3,F1.19,high,Source: https://www.gadagne-lyon.fr/sites/gadagne/files/medias/documents/2020-11/MHL-Gadagne_FicheTheme_19e-InsurrectionsDesCanuts.pdf; F1.19 spec claim 14. links: MKR075
OCC320,Canut revolt (1834),Révolte des canuts (1834),event,Time,F1.11,EU-WCE,1834,1834,1834,The Lyon silk weavers rose again; more than 600 died.,silk weaving,silk,clothing and adornment,Musée d'histoire de Lyon (Gadagne),,none,Gadagne museum sheet (link-out),R3,F1.19,high,Source: https://www.gadagne-lyon.fr/sites/gadagne/files/medias/documents/2020-11/MHL-Gadagne_FicheTheme_19e-InsurrectionsDesCanuts.pdf; F1.19 spec claim 14. links: MKR075; OCC319
OCC321,Housing (Temporary Accommodation) Act (1944),,event,Time,F1.11,EU-BLC,1944,1949,Act 1944; prefabs built 1945–49,"The Act allowed up to £150 million; 156,623 prefab bungalows were built 1945–49, meant to last no more than a decade.",prefabrication,prefabricated house,shelter,Parliament; Historic England,,none,link-out (Historic England),R3,F1.19a,high,Source: https://heritagecalling.com/2022/08/04/a-brief-history-of-prefabs/; F1.19a spec claim 15. links: OBT028
OCC322,Ministry of Information posters (1939),,event,Time,F1.11,EU-BLC,1939,1939,1939,"The Ministry of Information had three posters; ""Keep calm and carry on"" was printed and held in reserve for a severe air raid.",lithography,poster,record and writing;war,The National Archives (INF 1/6),the designers and printers,none,The National Archives (link-out),R3,F1.19a,high,Source: https://www.nationalarchives.gov.uk/education/resources/home-front-1939-1945-part-two/ministry-of-information-posters/; F1.19a spec claim 16. links: OBT135
OCC323,Tashkent earthquake (1966),,event,Time,F1.12a,AS-CEN,1966,1966,26 April 1966,"The earthquake led to Tashkent's rebuilding with Soviet modernist buildings, ten of which UNESCO inscribed in 2026.",,building,shelter,UNESCO; historians,,none,UNESCO World Heritage (link-out),R3,F1.20,high,Source: https://whc.unesco.org/en/list/1766/; F1.20 spec claim 9.
OCC324,Mitsukoshi Department Store Declaration (1904),,event,Time,F1.8,AS-JPN,1904,1904,1904,"On its incorporation Mitsukoshi Gofukuten issued a ""Department Store Declaration"", after display selling (1895) and the end of seated selling (1900).",,,exchange and value,the company,,none,link-out (company history),R3,F1.21,high,Source: https://www.imhds.co.jp/corporate/business/department/history/history-mitsukoshi.html; F1.21 spec claim 2. links: INS133
OCC325,"""Haute Couture"" designation (1945)",,event,Time,F1.11,EU-WCE,1945,1945,23 January 1945,"""Haute Couture"" became a legally registered designation in France.",,gown,clothing and adornment,the FHCM,,none,link-out (FHCM),R3,F1.21,high,Source: https://www.fhcm.paris/en/our-history; F1.21 spec claim 7. links: GAP072
OCC326,Simplified Arabic (1954),,event,Time,F1.10,WA-LEV,1954,,from 1954,A Linotype Arabic for Al-Hayat that cut the character count so Arabic fitted one 90-channel magazine; Compugraphic later copied it.,hot-metal typesetting,typeface,record and writing,"Nemeth (2017), via summary",the calligraphers whose forms were cut,none,Wikimedia (summary),R3,F1.21,medium,Source: https://en.wikipedia.org/wiki/Simplified_Arabic; F1.21 spec claim 13. links: PER575; STY114
OCC327,Project 748 (1974),748 Project,event,Time,F1.8,AS-CHN,1974,,set up August 1974,"China's project to typeset Chinese electronically; a book printed in 1980 marked the move from ""lead and fire"" to ""light and electricity"".",digital typesetting,type,record and writing,the Chinese state; Peking University,,none,link-out (PKU),R3,F1.21,high,Source: https://newsen.pku.edu.cn/news_events/news/people/8889.html; F1.21 spec claim 14. links: PER576; PER577
OCC328,Linotype Bengali (1978–82),,event,Time,F1.9,AS-SAS;EU-BLC,1978,1982,designed 1978–82,"Fiona Ross and Tim Holloway designed Linotype Bengali for newspaper composition; Ross says early fonts were ""hampered by hot-metal technology"".",type design,typeface,record and writing,University of Reading,,none,link-out (University of Reading),R3,F1.21,medium,Source: https://www.reading.ac.uk/typography/research/research-stories/fiona-ross; https://fontsinuse.com/typefaces/126365/linotype-bengali; F1.21 spec claim 15. Dates probable.
OCC329,Han unification (1992),,event,Time,THEME,AS-CHN;AS-JPN;AS-KOR;AS-MSE,1992,,"Unicode 1.0.1, June 1992","Unicode gave Chinese, Japanese, Korean and Vietnamese Han characters shared code points, decided by experts from those countries.",,typeface,record and writing,the Unicode Consortium,,none,Unicode (link-out),R3,F1.21,high,"Source: https://www.unicode.org/history/publicationdates.html; F1.21 spec claim 16. Two readings, no ruling. links: INS073"
OCC330,Etsy rule change (2013),,event,Time,THEME,AM-EWD;GL,2013,2013,October 2013,"Etsy let sellers hire staff, outsource shipping and use manufacturers if they showed ""authorship of the idea"".",,,exchange and value,the platform,solo sellers who objected,none,link-out (TechCrunch),R3,F1.21,high,Source: https://techcrunch.com/2013/10/01/facing-backlash-from-solo-sellers-etsy-changes-policies-to-allow-for-additional-staff-and-manufacturing-support-outsourced-shipping-and-more/; F1.21 spec claim 17. links: INS077
OCC331,Indigo Commission (1860),,event,Time,F1.9,AS-SAS,1860,1860,report August 1860,"After the indigo revolt, the commission's report said ryots could not be forced to grow indigo.",indigo growing,,exchange and value,the colonial government,the ryots tied by advances and contracts,none,link-out (Britannica),R3,F1.22,medium,Source: https://www.britannica.com/topic/Indigo-Revolt; F1.22 spec claim 11. links: OCC137
OCC332,US wool-tariff removal (1894),,event,Time,F1.7,AM-EWD;AM-WST,1894,1894,1894,"After the US removed its wool tariff, ""the Navajo blanket was transformed into a rug and weavers' productivity quadrupled""; traders bought weaving by weight.",weaving,rug,exchange and value,M'Closkey (Textile Society of America),the weavers paid by weight,Indigenous-community,University of Nebraska DigitalCommons (open access),R3,F1.22a,high,Source: https://digitalcommons.unl.edu/cgi/viewcontent.cgi?article=1714&context=tsaconf; F1.22a spec claim 13. links: OBT331; PRA035
OCC333,Crimean treasures case (2014–2023),Crimean gold case,event,Time,F1.11,EU-EER;EU-BLC,2014,2023,"loan 2014; rulings 2016, 2021, 2023","Crimean museums, backed by Russia, and the Ukrainian state both claimed objects on loan in Amsterdam; Dutch courts ruled for Ukraine and the objects went to Kyiv in 2023.",,jewellery;helmet,rule and display,Dutch courts,the Crimean museums' staff and Crimean Tatar communities,conflict-looting,link-out (court releases),R3,F1.24,high,Source: https://www.hogeraad.nl/actueel/nieuwsoverzicht/2023/juni/beslissing-hof-allard-pierson-museum-krimschatten-afgeven-staat/; https://www.theartnewspaper.com/2021/10/27/crimean-gold-trove-must-return-to-ukraine-not-russia-dutch-court-rules; F1.24 spec claims 8–10. Two readings of where they belong. links: INS138; INS139
OCC334,AAMD 1970 guideline,,event,Time,F1.7,AM-EWD,1970,,test date 17 November 1970,"The museums' test asks that an object left its country before, or was legally exported after, 17 November 1970; it passes an object taken in 1897.",,,rule and display,the Association of Art Museum Directors,objects taken before 1970 by force,conflict-looting,AAMD (link-out),R3,F1.24,high,Source: https://aamd.org/for-the-media/press-release/strengthened-guidelines-on-the-acquisition-of-archaeological-material; F1.24 spec claim 13.
OCC335,Prada SS26 Kolhapuri case (2025–2026),,event,Time,F1.11,EU-WCE;AS-SAS,2025,2026,show 22 June 2025; agreement 10 December 2025,"Prada showed ""leather sandals"" modelled on the Kolhapuri chappal, then credited the tradition and signed with the GI holders.",,sandal,exchange and value,Prada; the press,"the makers, who were not party to the deal",living-community,link-out (press),R3,F1.26,high,Source: https://www.reuters.com/sustainability/society-equity/prada-launch-930-made-india-sandals-after-backlash-2025-12-11; https://www.aljazeera.com/news/2025/7/1/why-is-prada-caught-in-a-sandal-scandal-in-india; F1.26 spec claim 17. links: PRA222
OCC336,Haka Ka Mate Attribution Act (2014),,event,Time,F1.12,OC-POL,2014,2014,2014,"The Act requires commercial publications and films of Ka Mate to state that Te Rauparaha composed it; performance and education are exempt, and the only remedy is a declaration.",,,rule and display,the New Zealand Parliament,,Indigenous-community,New Zealand Legislation (public),R3,F1.26,high,Source: https://www.legislation.govt.nz/act/public/2014/0018/latest/whole.html; F1.26 spec claim 11.
OCC337,Frozen 2 agreement (2019),,event,Time,F1.11,EU-SCA;AM-WST,2019,2019,30 September 2019,"Disney agreed with the Sámi Parliaments and the Saami Council on a North Sámi version, exchanges and a six-member Verddet group.",,film,play and music,the Sámi Parliaments' announcement,Sámi critics (not searched),Indigenous-community,Sámediggi (link-out),R3,F1.26,high,Source: https://samediggi.fi/en/news/unique-collaboration-gives-impacts-to-sapmi/; https://www.cbc.ca/news/canada/north/frozen-2-consultation-sami-1.5370801; F1.26 spec claims 12–13.
OCC338,Transfers to Ájtte (2023 and 2025),,event,Time,F1.11,EU-SCA,2023,2025,February 2023; May 2025,Sweden's National Museums of World Culture transferred 477 objects in 2023 and 64 in 2025 to Ájtte under the Museums Act.,,knife;duodji,rule and display,the National Museums of World Culture,,Indigenous-community,link-out (museum),R3,F1.26,high,Source: https://www.varldskulturmuseerna.se/en/collections/return-of-objects-from-the-collections/return-of-sami-objects/; F1.26 spec claim 14. links: INS148
OCC339,San Code of Research Ethics (2017),,event,Time,F1.6,AF-SOU,2017,2017,2 March 2017,"The San Code of Research Ethics names ""respect, honesty, justice and fairness, and care"".",,,rule and display,the South African San Council,,Indigenous-community,TRUST project booklet (link-out),R3,F1.26,high,"Source: https://trust-project.eu/wp-content/uploads/2017/03/San-Code-of-RESEARCH-Ethics-Booklet-final.pdf; F1.26 spec claim 15. Linked, not paraphrased at length. links: INS149"
OCC340,Ancestral Voices collection,,event,Time,F1.7,AM-EWD,1890,,recorded March 1890,"A Library of Congress collection of 31 surviving cylinders recorded at Calais, Maine, in 1890, piloting Traditional Knowledge labels through Mukurtu.",sound recording,wax cylinder,play and music,the Library of Congress; the Passamaquoddy,,Indigenous-community,Library of Congress (link-out),R3,F1.26,high,Source: https://www.loc.gov/collections/ancestral-voices/about-this-collection/; F1.26 spec claim 16. links: COM308
OCC341,Battle of Talas (751),,event,Time,F1.12a,AS-CEN,751,751,751,"A battle between Abbasid and Tang forces; the story that captured Chinese papermakers brought paper to Samarkand is a later report that Bloom calls ""without factual basis"".",,,war,"al-Tha'alibi (11th c., reporting an earlier author); historians",,none,Internet Archive (translation),R3,F1.27;F1.30a,high,Source: https://archive.org/details/lataif-al-maarif-thaalibi-1968-english; https://edspace.american.edu/silkroadjournal/wp-content/uploads/sites/984/2017/09/Silk-Road-or-Paper-Road.pdf; F1.27 spec claim 5; F1.30a spec claims 1–2. The paper legend is noted as legend. Proposed by F1.27 and F1.30a. links: TEC185; INV037
OCC342,Khotan silk legend,,event,Time,F1.12a,AS-CEN,,,legend,"A legend that a Chinese princess smuggled mulberry seed and silkworm eggs to Khotan in her head-dress; the event is legend, the text is documented.",sericulture,silk,clothing and adornment,Xuanzang (646),,none,Internet Archive (public domain),R3,F1.29,medium,"Source: https://archive.org/details/siyukibuddhistre02hsuoft; F1.29 spec claims 8–9. Marked ""legend""."
OCC343,Leonid storm (1833),"""The Year the Stars Fell""",event,Time,F1.7,AM-WST;AM-EWD,1833,1833,November 1833,"A meteor storm that winter counts record as ""The Year the Stars Fell""; Mallery used it to align counts with Western calendars.",,winter count,record and writing,Mallery; NMAI,,Indigenous-community,NMAI (link-out),R3,F1.30,high,Source: https://americanindian.si.edu/exhibitions/horsenation/wintercount.html; https://museumsandtheweb.com/mw2005/abstracts/prg_280000983.html; F1.30 spec claim 16. links: OBT150
OCC344,Zuni map art (2006–),A:shiwi map art,event,Time,F1.7,AM-WST,2006,,from 2006,"Zuni artists made map paintings of Zuni places for their own museum, later shown at the Fowler (2015–16); counts differ by date.",painting,map painting,record and writing,the A:shiwi A:wan Museum,,Indigenous-community;living-community,community-published site,R3,F1.31,high,Source: http://www.ashiwi-museum.org/exhibitions/; https://fowler.ucla.edu/wp-content/uploads/2021/05/Zuni-World_Press-Release_Final-9-22-15.pdf; F1.31 spec claim 14. No map reproduced or described. links: COM099; INS156
OCC345,Safeguarding programme for Al Sadu (2011–2023),,event,Time,F1.10,WA-ARB,2011,2023,2011–2023; Register 2025,"The UAE's safeguarding programme for Al Sadu weaving entered UNESCO's Register of Good Safeguarding Practices in 2025, separate from the element.",weaving,,clothing and adornment,UNESCO; the UAE,,living-community,UNESCO ICH lists (link out),R3,F1.31,high,Source: https://ich.unesco.org/en/BSP/safeguarding-programme-for-al-sadu-traditional-weaving-skills-in-the-united-arab-emirates-02473; F1.31 spec claim 8. links: PRA131; MKR058
OCC346,UNESCO Ethical Principles for Safeguarding Intangible Cultural Heritage (2015),Ethical Principles (10.COM 15.a),event,Time,THEME,GL,2015,2015,"10.COM, Windhoek, 2015","UNESCO's principles say communities ""should have the primary role"" in safeguarding and their heritage ""should not be subject to external judgements of value"".",,,rule and display,UNESCO,,living-community,UNESCO ICH lists (link out),R3,F1.31,high,Source: https://ich.unesco.org/en/Decisions/10.COM/15.a; F1.31 spec claim 6.
PER481,Michael Thonet,,person,People,F1.11,EU-WCE,1796,1871,,The furniture maker learned to bend wood in layers and then solid beech with steam and a metal strip; his firm's No. 14 chair was shipped flat in parts.,laminated bending;steam bending,chair,shelter,himself; the firm; design historians,"the Moravian workers: men steamed and bent, women sanded, finished and caned (V&A)",none,Art Institute of Chicago (CC0 images),R3,F1.1,high,"Source: AIC 1999.555 (https://api.artic.edu/api/v1/artworks/154050); V&A, https://www.vam.ac.uk/articles/thonet-and-the-invention-of-bentwood-furniture; F1.1 spec claims 16–17. Austrian privilege for bending glued layers 16 July 1842; solid-wood bending 1855 (V&A) or 1856 (Museum Boppard). links: INS062; TEC137"
PER482,August Thonet,,person,People,F1.11,EU-WCE,,,dates to verify; the AIC gives none of his own (its artist line prints the firm's 1853–1921),"Michael Thonet's son designed bentwood chairs for Gebrüder Thonet, such as the AIC side chair of c. 1885 in beech and cane.",steam bending;caning,chair,shelter,the AIC record,the factory workers who made the chairs,none,Art Institute of Chicago (CC0 images),R3,F1.1,medium,Source: AIC 1999.556 (https://api.artic.edu/api/v1/artworks/154051); F1.1 spec claim 15. links: INS062
PER483,Musli,,person,People,F1.10,WA-ANA,1549,1549,fl. 1549 (AH 956),"An İznik lamp of 1549 made for the Dome of the Rock names Musli as its decorator, with the date and place of making: a painter's name written where most were not.",underglaze painting;fritware,mosque lamp,ritual and belief,"the lamp's inscription (British Museum 1887,0516.1)","the potters, glaze-makers and quartz diggers, not named",sacred,Museum With No Frontiers (link-out); British Museum (link-out),R3,F1.1,high,Source: https://islamicart.museumwnf.org/database_item.php?id=object;ISL;uk;Mus01;39;en; F1.1 spec claim 14. links: MKR057; PLC305; OBT024
PER484,Hans and Marie-Louise Erlenmeyer,Erlenmeyer collection,person,People,F1.9a,EU-WCE;WA-MES,1943,1988,"fl.; collected between 1943 and the early 1960s; sold at Christie's, London, 13 December 1988",The collectors bought proto-cuneiform tablets whose exit from Iraq is not recorded; the Met's tablet passes the 1970 test only on this collection-level statement.,collecting,tablet,record and writing,the Met's provenance,the tablets' findspots and the people who dug them,conflict-looting,Met Open Access (public domain records),R3,F1.1,high,"Source: Met provenance, https://www.metmuseum.org/art/collection/search/329081; Englund 2001 (https://cdli.earth/files-up/publications/englund2001b.pdf); F1.1 spec claim 9. A couple; one row."
PER485,Kehar Singh,,person,People,F1.9,AS-SAS,1860,1860,"fl. c. 1860, Punjab (probably Amritsar or Lahore)","The Company-school painter made Weaving and Spinning, whose inscriptions name him and the occupations shown.",watercolour on paper,painting,record and writing,the painting's inscriptions; Cleveland,"the weavers and spinners shown, who are named only by trade",none,Cleveland Museum of Art Open Access (CC0),R3,F1.2,high,Source: Cleveland 1987.162 (https://clevelandart.org/art/1987.162); F1.2 spec claim 3.
PER486,Giovanni Paolo Panini,Giovanni Paolo Pannini,person,People,F1.11,EU-WCE,,,"Interior of the Pantheon, Rome, 1747","The painter's views of Rome ""were popular with foreigners who visited the city on their Grand Tours"": souvenirs at the top of the market.",oil painting,painting,exchange and value,Cleveland,,none,Cleveland Museum of Art Open Access (CC0),R3,F1.2,high,Source: Cleveland 1974.39 (https://clevelandart.org/art/1974.39); F1.2 spec claim 19.
PER487,"Victor de Riqueti, marquis de Mirabeau","Victor de Riqueti, marquis de Mirabeau",person,People,THEME,EU-WCE,,,"L'Ami des hommes written 1756, published 1757","His L'Ami des hommes holds the use of ""civilisation"" long cited as the earliest in French; recent lexicography reports earlier uses.",writing,book,record and writing,Benveniste; lexicographers,the peoples the word was later set against,none,Persée (open access),R3,F1.3,high,Source: https://www.persee.fr/doc/barb_0001-4133_1990_num_1_5_22686; F1.3 spec claim 1.
PER488,Charles Batteux,,person,People,THEME,EU-WCE,,,treatise 1746,"Kristeller (1951) called Batteux's 1746 treatise ""the decisive step"" towards the modern system of the fine arts, which set crafts apart.",writing,book,record and writing,Kristeller,the crafts the system ranked lower,none,Wikimedia (summary),R3,F1.3,medium,Source: https://en.wikipedia.org/wiki/Charles_Batteux (summary); F1.3 spec claim 13. Interpretive: a scholar's thesis.
PER489,J. Theodore Bent,James Theodore Bent,person,People,F1.6,EU-BLC;AF-SOU,,1897,died 1897; The Ruined Cities of Mashonaland 1892 (1895 edition),"His book credited Great Zimbabwe to ""a Semitic race"" of ""Arabian origin"", a claim archaeology later refuted.",writing;surveying,book;site plan,record and writing,himself,the Shona builders of Great Zimbabwe,none,Project Gutenberg (public domain in the USA),R3,F1.3,high,Source: https://www.gutenberg.org/files/69067/69067-h/69067-h.htm; F1.3 spec claim 14. links: PLC087; CIV005
PER490,Gertrude Caton-Thompson,,person,People,F1.6,EU-BLC;AF-SOU,,,excavated 1929; published The Zimbabwe Culture 1931,The archaeologist's excavation found Great Zimbabwe to be African work.,excavation,,record and writing,herself,,none,link-out (scholarly sources),R3,F1.3,high,Source: https://sas-space.sas.ac.uk/4213/1/Preben_Kaarsholm_-_The_past_as_battlefield_in_Rhodesia_and_Zimbabwe.pdf; F1.3 spec claim 15. links: PLC087
PER491,Peter Garlake,,person,People,F1.6,AF-SOU,1934,2011,,The archaeologist of Great Zimbabwe was forced into exile in 1970 as Rhodesia barred official statements that the site was African.,excavation,,record and writing,himself,,none,link-out (scholarly sources),R3,F1.3,high,Source: https://sas-space.sas.ac.uk/4213/1/Preben_Kaarsholm_-_The_past_as_battlefield_in_Rhodesia_and_Zimbabwe.pdf; https://www.researchgate.net/publication/239789630_Peter_Garlake_1934-2011_Great_Zimbabwe_and_the_politics_of_the_past_in_Zimbabwe; F1.3 spec claim 15. links: PLC087
PER492,Sultan 'Ali al-Mashhadi,Sultan Ali Mashhadi,person,People,F1.10,AS-CEN;WA-IRN,,,"active Herat, late 15th century","The calligrapher copied pages of Sa'di and Hafiz in Herat; a Met page shows how such work was later filed as ""Islamic art"".",calligraphy,manuscript page,record and writing,the Met,"the paper-makers, illuminators and binders",none,Met Open Access (public domain),R3,F1.3,high,Source: Met 11.84.2 (https://www.metmuseum.org/art/collection/search/446169); F1.3 spec §5.
PER493,Ahmed Ansari,,person,People,THEME,AS-SAS;AM-EWD,,,living,"A co-author of the Decolonising Design manifesto (2019), which says including more actors in design institutions is ""not sufficient"".",writing,,record and writing,himself and co-authors,,living-community,Journal of Futures Studies (open access),R3,F1.3,high,Source: https://jfsdigital.org/wp-content/uploads/2019/04/12-Ansari-Decolonising-Design.pdf; F1.3 spec claim 19.
PER494,James Reese Europe,,person,People,F1.7,AM-EWD,,,Society Orchestra recorded for Victor 1913–14,"The bandleader's Society Orchestra recorded dance music for Victor in 1913–14, before the ODJB's 1917 disc.",sound recording,disc record,play and music,the record label,,none,Library of Congress National Jukebox (link-out),R3,F1.4,high,Source: https://www.loc.gov/item/jukebox-134539/; F1.4 spec claim 7.
PER495,Mamadou Kouyaté,,person,People,F1.6,AF-SAH,,1991,d. 1991 (the Met); made Met 1975.59 about 1960,The kora maker built an instrument about 1960 that his nephew Djimo Kouyaté later re-bridged and restrung: an instrument never finished.,"gourd, hide and wood working",kora,play and music,the Met,,living-community,Met Open Access (link-out),R3,F1.4,high,Source: https://www.metmuseum.org/art/collection/search/503060; F1.4 spec claim 15.
PER496,Itti-Marduk-balāṭu,,person,People,F1.9a,WA-MES,-177,-177,"fl.; wrote BM 33333,b in 177 BCE","The scribe wrote a tablet with a diagram and rules for the Game of Ur, which the British Museum calls the oldest known rules for a board game.",cuneiform writing,tablet;game board,play and music;record and writing,the British Museum,,none,British Museum (link-out),R3,F1.4,high,Source: https://www.britishmuseum.org/collection/object/W_Rm-III-6-b; F1.4 spec claim 19.
PER497,Wang Chaohui,,person,People,F1.8,AS-CHN,,,"living; national inheritor (CGTN, 2019)","A national inheritor of wooden movable-type printing in Dongyuan, Rui'an: ""The family tree records everything about your ancestors.""",wooden movable type printing,genealogy,record and writing,himself (CGTN interview),,living-community,link-out (CGTN),R3,F1.5,high,Source: https://news.cgtn.com/news/3d3d514d77496a4e33457a6333566d54/index.html; F1.5 spec claim 25. Consent route not yet established (F1.5 spec §2). links: PRA078
PER498,Ahammangiwa (Igueghae),Igueghae,person,People,F1.6,AF-GUI,1200,1300,fl.; 13th century in one Benin court oral history,One of many Benin court oral histories says this foreign artisan brought lost-wax casting to Benin; other accounts point to Ife.,lost-wax casting,brass casting,ritual and belief;rule and display,"Benin court oral history, as the Met reports it",the Igun Eronmwon who carried the craft,ancestral;living-community,Met (link-out),R3,F1.6,low,Source: https://www.metmuseum.org/perspectives/bronze-casters-igun-street; F1.6 spec claim 11. Oral history: one account among several. links: MKR001; PLC037
PER499,Paul B. Travis,,person,People,THEME,AM-EWD,,,collected 1927–28,The Cleveland teacher collected carvings in the Belgian Congo in 1927–28 for the Gilpin Players and the African Art Sponsors.,collecting,carving;axe,exchange and value,Cleveland's records,the makers and owners of what he collected,none,Cleveland Museum of Art Open Access (CC0),R3,F1.6,high,Source: Cleveland 1929.364 (https://openaccess-api.clevelandart.org/api/artworks/1929.364); F1.2 spec claim 7. links: INS096; PLC423
PER500,Johannes van Keulen,,person,People,F1.11,EU-BLC,1683,1799,fl.; firm active 1683–1799 (chart date range),"The Amsterdam chart firm published a sea chart of the Bight of Benin drawn by Jan Luyken: it maps the route the brass came by, not the people who cast it.",engraving;chart making,sea chart,transport;record and writing,the Rijksmuseum,the people of the coast it charted,none,Rijksmuseum (public domain images),R3,F1.6,high,Source: Rijksmuseum RP-P-1896-A-19368-3110 (https://www.rijksmuseum.nl/en/collection/RP-P-1896-A-19368-3110); F1.6 spec claim 18.
PER501,Asdzáá Tl'ógí (Juanita),"Juanita; ""Weaver Woman""",person,People,F1.7,AM-WST,1845,1910,1845–1910 (NMNH),"NMNH presumes, from two photographs of 1874, that she wove on the loom brought to Washington with the 1874 Diné delegation.",weaving,loom;blanket,clothing and adornment,"NMNH (""Juanita is presumed to be the weaver"")",,Indigenous-community,Smithsonian (link-out),R3,F1.7,medium,Source: https://www.si.edu/object/nmnhanthropology_8345504; F1.7 spec claim 24. Record spelling Asdzáá Tl'ógí. links: COM097; PRA035
PER502,Julio C. Tello,,person,People,F1.7,AM-AND,,,excavated at Paracas in the 1920s,His team excavated at Paracas and located the Necrópolis de Wari Kayan in 1927.,excavation,textile,record and writing,himself,,funerary,link-out (Trafficking Culture),R3,F1.7,high,Source: https://traffickingculture.org/encyclopedia/case-studies/paracas-textiles/; F1.7 spec claim 4. links: ARC205
PER503,Sven Karell,,person,People,F1.7,EU-SCA;AM-AND,1931,1933,fl.; exports 1931–33 (Yates); F1.24 gives 1930–33,"The Swedish consul removed Paracas textiles illegally; Gothenburg returned them to Peru in 2014, 2017 and 2021.",collecting,textile,exchange and value,Yates; Peruvian press,the Paracas weavers and their descendants,conflict-looting;funerary,link-out (Trafficking Culture),R3,F1.7;F1.24,high,Source: https://traffickingculture.org/encyclopedia/case-studies/paracas-textiles/; https://www.elperuano.pe/noticia/124707-peru-recibe-los-ultimos-textiles-de-la-cultura-paracas-que-se-encontraban-en-suecia; F1.24 spec claim 14; F1.7 spec §10.
PER504,Langdon Warner,,person,People,THEME,AM-EWD;AS-KOR,,,"bought Goryeo celadon in Korea for Cleveland, 1918","The American curator bought Goryeo celadon, given to Cleveland in 1918; no findspot is recorded.",collecting,bowl,exchange and value,Cleveland,the tombs the celadon came from,conflict-looting,Cleveland Museum of Art Open Access (CC0),R3,F1.8,high,Source: Cleveland 1918.471 and 1918.458 (https://openaccess-api.clevelandart.org/api/artworks/1918.458); F1.8 spec claim 9.
PER505,Jean Theodore Royer,,person,People,F1.11,EU-BLC,,,owned the bottle by 1807,"The Hague collector owned an Arita bottle enamelled in the Netherlands, later passed to William I and the Rijksmuseum.",collecting,bottle,exchange and value,the Rijksmuseum,the Arita and Dutch decorators,none,Rijksmuseum (public domain images),R3,F1.8,high,Source: Rijksmuseum AK-NM-6464-A; F1.8 spec claim 19.
PER506,Subhash Kapoor,,person,People,F1.9,AS-SAS;AM-EWD,,,convicted 1 November 2022,The New York dealer sold the Sripuranthan Nataraja; a Kumbakonam court convicted him over 19 idols in 2022.,dealing,processional bronze image,exchange and value,Indian courts,,conflict-looting;living-community,link-out (press),R3,F1.9,high,"Source: https://news.artnet.com/art-world-archives/subhash-kapoor-ten-year-sentence-2202695; F1.9 spec claim 15. Living person, named as a convicted public figure; whether the conviction includes Sripuranthan is not stated."
PER507,Mithra,,person,People,F1.9,AS-SAS,1570,1570,fl. c. 1570,A painter in Akbar's atelier; the Met attributes a Hamzanama folio to Dasavanta and Mithra.,opaque watercolour and gold on cloth,manuscript painting,record and writing;rule and display,"the Met (""attributed to"")",the colourists and assistants,none,Met Open Access (public domain),R3,F1.9,high,Source: Met 24.48.1 (https://www.metmuseum.org/art/collection/search/447752); F1.9 spec claim 11. links: PER233; MKR044
PER508,Nanni,,person,People,F1.9a,WA-MES,-1750,-1750,fl.; c. 1750 BCE,His letter to Ea-nasir complains that the wrong grade of copper ore was delivered after a Gulf voyage.,,tablet,exchange and value;record and writing,the British Museum,,none,British Museum (link-out),R3,F1.9a,high,Source: BM 131236 (https://www.britishmuseum.org/collection/object/W_1953-0411-71); F1.9a spec claim 10.
PER509,Beshir Agha,,person,People,F1.10,AF-HRN;WA-ANA,1657,1746,about 1657–1746,"He was ""enslaved in his native Ethiopia as a boy""; as chief harem eunuch he founded libraries that ""helped to shape"" the Ottoman state's intellectual profile.",waqf;book collecting,manuscript;seal,record and writing;ritual and belief,Hathaway (2005),,human-flow,Walters Art Museum (CC0),R3,F1.10,high,Source: https://nes.princeton.edu/publications/beshir-agha-chief-eunuch-ottoman-imperial-harem; Walters W.591; F1.10 spec claims 9–10. links: POL241; INS044
PER510,Philippe-Joseph Brocard,,person,People,F1.11,EU-WCE,,,late 1800s,"The Paris glassmaker ""produced many lamp reproductions"" in Mamluk style; Cleveland says its lamp may be by him.",enamelled glass,mosque lamp,rule and display,Cleveland,,none,Cleveland Museum of Art Open Access (CC0),R3,F1.10,high,Source: Cleveland 1981.10 (https://openaccess-api.clevelandart.org/api/artworks/1981.10); F1.10 spec claim 20. links: STY182; TEC049
PER511,Muhammad ibn Qala'un,al-Nasir Muhammad,person,People,F1.10,AF-EGY,,,,The Mamluk sultan named on a European bottle of c. 1900 that imitates Mamluk glass.,,bottle,rule and display,Cleveland,,none,Cleveland Museum of Art Open Access (CC0),R3,F1.10,medium,Source: Cleveland 1944.488 (https://openaccess-api.clevelandart.org/api/artworks/1944.488); F1.10 spec claim 20. Reign dates not in the spec. links: POL042
PER512,Yushaa Abdullah,,person,People,F1.10,AF-GUI,,,living; studied with Hasan Çelebi from December 2007,A calligrapher in Nigeria who studied with Hasan Çelebi through IRCICA.,calligraphy,,record and writing,himself (2021 interview),,living-community,link-out (interview),R3,F1.10,high,"Source: https://www.scriptsnscribes.com/blogs/2021/8/13/a-conversation-with-master-calligrapher-yushaa-abdullah; F1.10 spec claim 23. Linked, not quoted, until the consent route is used (AR-062)."
PER513,Hasan Çelebi,,person,People,F1.10,WA-ANA,,,living; teaching through IRCICA from 2007,"The Istanbul calligrapher teaches students from many countries, among them Yushaa Abdullah from December 2007.",calligraphy,,record and writing,his students,,living-community,link-out (interview),R3,F1.10,medium,Source: https://www.scriptsnscribes.com/blogs/2021/8/13/a-conversation-with-master-calligrapher-yushaa-abdullah; F1.10 spec claim 23.
PER514,Johann Philipp Raab,,person,People,F1.11,EU-WCE,1736,1802,,"The Mainz joiner made a writing cabinet in 1764 as his masterpiece; its drawing and description were part of the master's examination, after which he joined the joiners' guild.",joinery;marquetry,writing cabinet,shelter;rule and display,the Badisches Landesmuseum,,none,Deutsche Digitale Bibliothek (CC0 image),R3,F1.11,high,Source: https://www.deutsche-digitale-bibliothek.de/item/IMT25HT6PFDQSUBD3VPQNY2L6UDIFISJ; F1.11 spec claim 17. links: MKR095; INS113
PER515,Jan Luyken,,person,People,F1.11,EU-BLC,,,trade prints 1694,"With his son Caspar he etched the hundred trade prints of Het Menselyk Bedryf (1694), among them the papermaker and the printer.",etching,print,record and writing,the Rijksmuseum,"the workers shown, unnamed",none,Rijksmuseum (public domain images),R3,F1.11,high,Source: https://www.rijksmuseum.nl/en/collection/RP-P-OB-44.516; F1.11 spec claim 15. links: PER516
PER516,Caspar Luyken,,person,People,F1.11,EU-BLC,,,trade prints 1694,Etched the trade prints of Het Menselyk Bedryf (1694) with his father Jan.,etching,print,record and writing,the Rijksmuseum,,none,Rijksmuseum (public domain images),R3,F1.11,high,Source: https://www.rijksmuseum.nl/en/collection/RP-P-OB-44.516; F1.11 spec claim 15. links: PER515
PER517,Utilis of Lyon,VILIS (stamp),person,People,F1.11,EU-WCE,-10,10,fl.; bowl 10 BCE–10 CE,A red-gloss potter of Lyon known from a stamp on a bowl found at a Roman fort at Nijmegen; the holder notes a name common among enslaved people on its graffito.,red-gloss moulding;stamping,bowl,food and storage,Museum Het Valkhof,the enslaved and freed workers of the workshops,human-flow,Europeana (public domain mark),R3,F1.11,high,Source: Valkhof PDB.1998.2.KH.295.126 (https://www.europeana.eu/item/2021648/resource_document_collectiegelderland_XXBHEMPND7ZQSYE5DNJS4NDABQICFG5BLNBMJB2OFRUNWJFKW24Q); F1.11 spec claim 7. links: TEC041; PLC450
PER518,Lydos,"ho Lydos (""the Lydian"")",person,People,F1.11,EU-GRR,,,Archaic Athens; dates not given in the spec,"An Athenian painter who signed two vases ""the Lydian"": a Lydian who came to Athens or a son of Lydian parents; whether he was free is not recorded.",vase painting,vase,food and storage;ritual and belief,his signature,,human-flow,Louvre collections (link-out),R3,F1.11,medium,Source: https://collections.louvre.fr/en/ark:/53355/cl010269703; F1.11 spec claim 4.
PER519,Amasis,Amasis Painter (modern name),person,People,F1.11,EU-GRR,-550,-530,fl.; lekythos ca. 550–530 BCE,"A potter's signature, Amasis, gives the modern name ""Amasis Painter"" to the painter of a lekythos showing women weaving, weighing and spinning wool.",vase painting;potting,lekythos,ritual and belief,the signature; modern scholars,"the women at the loom shown, unnamed",funerary,Met Open Access (public domain),R3,F1.11,high,Source: Met 31.11.10 (https://www.metmuseum.org/art/collection/search/253348); F1.11 spec claim 3.
PER520,Étienne Boileau,,person,People,F1.11,EU-WCE,1261,1269,fl.; provost of Paris 1261–1269,"The Livre des métiers, rules for Paris trades, was compiled under the provost, most likely 1266–69; the 101 trade titles are the 19th-century editors' attribution.",,rule book,rule and display,19th-century editors,the silk spinners and other women's trades it lists,none,"Internet Archive (Depping 1837, not in copyright)",R3,F1.11,high,Source: https://journals.openedition.org/medievales/7569; F1.11 spec claim 10.
PER521,Otto Meyer,,person,People,F1.12,OC-MEL;EU-WCE,1908,1909,fl.; dug 1908 (item) or 1909 (article),The missionary dug Lapita sherds on Wuatam Island in German New Guinea; how they left the colony is not recorded.,excavation,potsherd,record and writing,Museums Victoria,the island's people,none,Museums Victoria (CC BY 4.0 records),R3,F1.12,high,Source: https://collections.museumsvictoria.com.au/api/items/187023; F1.12 spec claim 12.
PER522,Dermot A. Casey,,person,People,F1.12,OC-AUS,,,,"The archaeologist's photograph ""Wuatam (Watom) Island Pottery"" is in Museums Victoria, marked public domain.",photography,photograph,record and writing,Museums Victoria,,none,Museums Victoria (public domain image),R3,F1.12,high,Source: https://collections.museumsvictoria.com.au/api/articles/16808; F1.12 spec §5.
PER523,Nainoa Thompson,,person,People,F1.12,OC-POL,1980,,fl.; living; navigated 1980,"In 1980 he repeated the voyage to Tahiti and navigated home, which PVS calls ""a feat that hadn't been accomplished in 600 years"".",wayfinding,voyaging canoe,transport,the Polynesian Voyaging Society,,Indigenous-community;living-community,community-published site,R3,F1.12,high,Source: https://hokulea.com/history/; F1.12 spec claim 19. As PVS's claim. links: PRA197; INS117
PER524,Kamanaʻopono Crabbe,,person,People,F1.12,OC-POL,,,living; wrote 2017,"Writing for OHA in 2017, he credited Mau Piailug with leading the 1976 voyage that ""helped Hawaiians reclaim our voyaging traditions"".",wayfinding,,transport,"himself (OHA, 3 July 2017)",,Indigenous-community;living-community,community-published site,R3,F1.12,high,Source: https://kawaiola.news/oha/ceo/ceo201707/; F1.12 spec claim 18. links: PER344; PRA197
PER525,Konstantin von Kaufman,,person,People,F1.12a,AS-CEN;EU-EER,,,commissioned the album 1871–72,"As governor-general of Russian Turkestan he commissioned the Turkestan Album (1871–72; about 1,200 photographs).",,photograph album,rule and display,the Library of Congress,the people photographed under conquest,none,Library of Congress (public domain),R3,F1.12a,high,Source: https://guides.loc.gov/turkestan-album; F1.12a spec claim 20.
PER526,A. L. Kun,Aleksandr Kun,person,People,F1.12a,AS-CEN;EU-EER,1871,1872,fl.,Compiled the ethnographic part of the Turkestan Album with N. N. Nekhoroshev.,photography,photograph album,record and writing,the Library of Congress,the people photographed,none,Library of Congress (public domain),R3,F1.12a,medium,Source: https://guides.loc.gov/turkestan-album; F1.12a spec §6.
PER527,Han Gan,,person,People,F1.8,AS-CHN,750,750,fl. ca. 750,"The Tang painter's Night-Shining White shows Emperor Xuanzong's horse, a Central Asian ""celestial steed"".",ink painting on paper,handscroll,rule and display,the Met,,none,Met Open Access (public domain),R3,F1.12a,high,Source: Met 1977.78 (https://www.metmuseum.org/art/collection/search/39901); F1.12a spec claim 16.
PER528,Cresques Abraham,Abraham Cresques,person,People,F1.11,EU-IBE,1375,1375,"fl.; Catalan Atlas, Majorca, 1375","The Majorcan mapmaker is credited with the Catalan Atlas, which shows Mansa Musa as ""the richest"" ruler of Guinea.",map making;illumination,atlas,record and writing,the BnF,,none,BnF (link-out),R3,F1.13,high,Source: https://essentiels.bnf.fr/fr/image/0ce33594-50b3-4c79-9986-116699f7c942-nomade-afrique-et-seigneur-guinee; F1.13 spec claim 13. Attributed. links: OCC037
PER529,Omar ibn Said,ʿUmar ibn Saʿīd,person,People,F1.13,AF-SAH;AM-EWD,1770,,born 1770? (LoC); captured 1807; wrote 1831,"Born in Futa Toro, captured in 1807 and enslaved in South Carolina, he wrote his life in Arabic in 1831.",writing in Arabic,manuscript,record and writing,himself; the Library of Congress,,human-flow,Library of Congress (public domain),R3,F1.13,high,"Source: https://www.loc.gov/item/2018371864/; https://docsouth.unc.edu/nc/omarsaid/omarsaid.html; F1.13 spec claim 22. Lead with his name and Arabic text, not the title page's enslaver framing (F1.13 spec §2)."
PER530,Ehrenfried Walther von Tschirnhaus,,person,People,F1.11,EU-WCE,,,porcelain 1707–09 (contested),"With Böttger he worked out European hard-paste porcelain in Dresden; the date is contested (late 1707, October 1708 or 1709).",porcelain,porcelain,rule and display,historians,Böttger's assistants Paul Wildenstein and David Köhler,none,"Met (essay, link-out)",R3,F1.14,medium,Source: https://www.metmuseum.org/essays/german-and-austrian-porcelain-in-the-eighteenth-century; https://www.seaceramic.org.sg/wp-content/uploads/European-Discovery-of-Porcelain_Rinaldi.pdf; F1.14 spec claim 12. links: PER402
PER531,Oswald Brierly,,person,People,F1.11,EU-BLC;OC-POL,,,,"The voyage artist brought a Tongan dress to Owen Jones, who reported that one woman designed all the island's patterns.",,barkcloth,exchange and value,Owen Jones (1856),"the woman designer, whose name is not recorded",none,Internet Archive (public domain),R3,F1.15,medium,"Source: Owen Jones, Grammar of Ornament (1856), AS-001; F1.15 spec claim 4. links: OBT047; COM291"
PER532,Empress Shōtoku (Kōken),Kōken,person,People,F1.8,AS-JPN,718,770,,She ordered the One Million Pagodas after her court suppressed the Emi rebellion of 764 and sent them to major temples.,,pagoda;dharani print,ritual and belief;rule and display,the Met,the makers of the pagodas,none,Met Open Access (public domain),R3,F1.16,high,Source: Met 30.47a–c (https://www.metmuseum.org/art/collection/search/44955); F1.16 spec claim 4. links: OBT326; OCC306
PER533,Wang Jie,,person,People,F1.8,AS-CHN,868,868,fl.; 868,"His colophon on the Diamond Sutra, the earliest known dated printed book, says it was ""reverently made for universal free distribution … on behalf of his two parents""; the block cutter is unnamed.",woodblock printing,printed scroll,ritual and belief,the colophon; the British Library (IDP),the block cutter and printer,sacred,International Dunhuang Programme (link-out),R3,F1.16,high,Source: https://idp.bl.uk/blog/the-diamond-sutra-on-display-text-panel-6-with-colophon/; F1.16 spec claim 2. links: PLC188; INV039
PER534,Mvemba a Nzinga (Afonso I of Kongo),Afonso I of Kongo,person,People,F1.6,AF-CEN,,,reigned early 1500s,"In the early 1500s the Kongo king made Catholicism the state religion and sponsored Christian art, made by Kongo artists.",brass casting,crucifix,ritual and belief;rule and display,the Met; Fromont,"the Kongo objects destroyed as ""idols""",sacred,Met Open Access (link-out),R3,F1.16,medium,"Source: https://www.metmuseum.org/art/collection/search/318323; https://news.yale.edu/2019/03/05/art-historian-cecile-fromont-uncovers-kongos-christian-visual-culture; F1.16 spec claim 8. The sources name ""the Kongo king""; the own name Mvemba a Nzinga is standard but not in the spec. links: GAP054; POL020"
PER535,Pedro de Gante,,person,People,F1.7,AM-MES,,,active 1539,"The Franciscan ""likely supervised"" the feather Mass of St Gregory (1539), made by an Indigenous artist.",featherwork,feather painting,ritual and belief,Smarthistory (Kilroy-Ewbank),the Indigenous featherworker,none,link-out (Smarthistory),R3,F1.16,medium,"Source: https://smarthistory.org/featherworks/; F1.16 spec claim 14. Probable supervisor, not maker. links: MKR019; TEC109"
PER536,Domenico Ghirlandaio,Domenico Ghirlandaio,person,People,F1.11,EU-WCE,,,contract 1 September 1485,With his brother David he contracted with Giovanni Tornabuoni in 1485 to paint the choir of Santa Maria Novella; the contract fixed the blue and the gold.,fresco,wall painting,ritual and belief;rule and display,the contract (Davies 1908),the workshop assistants,none,Internet Archive (public domain),R3,F1.17,high,"Source: Davies, Ghirlandaio (1909), App. VI, https://archive.org/details/ghirlandaio00daviuoft; F1.17 spec claim 3. links: PER537; PER538"
PER537,David Ghirlandaio,,person,People,F1.11,EU-WCE,,,contract 1 September 1485,Engaged with his brother Domenico under the 1485 Tornabuoni contract for the Santa Maria Novella choir.,fresco,wall painting,ritual and belief,the contract,,none,Internet Archive (public domain),R3,F1.17,high,Source: https://archive.org/details/ghirlandaio00daviuoft; F1.17 spec claim 3.
PER538,Giovanni Tornabuoni,,person,People,F1.11,EU-WCE,,,contract 1 September 1485,"The Florentine patron contracted the Ghirlandaio brothers in 1485, naming ""azzurro ultramarino"" where needed, fine gold, and the buildings, hills and animals to be shown.",,wall painting,rule and display;ritual and belief,the contract,,none,Internet Archive (public domain),R3,F1.17,high,Source: https://archive.org/details/ghirlandaio00daviuoft; https://resources.warburg.sas.ac.uk/pdf/cna750b2242783.pdf; F1.17 spec claim 3 and §10.
PER539,Paul de Lamerie,,person,People,F1.11,EU-BLC,,,apprenticed 1703; livery 1717,"Born in 's-Hertogenbosch of Huguenot parents, the London goldsmith was apprenticed to Pierre Platel and entered the Goldsmiths' livery in 1717.",silversmithing;gilding,tea caddy,rule and display,the British Museum,his workshop journeymen,none,Cleveland Museum of Art Open Access (CC0),R3,F1.17,high,Source: https://www.britishmuseum.org/collection/term/BIOG82192; Cleveland 1943.179; F1.17 spec claims 10–11. links: DIA010; MKR062
PER540,Onijagbo Obasoro Alowolodu,Ogoga of Ikere,person,People,F1.6,AF-GUI,1890,1928,fl.; reigned 1890–1928,"The Ogoga (king) of Ikere commissioned Olowe of Ise's veranda post for his palace, c. 1910–14.",,veranda post,rule and display,the AIC record,,sacred;living-community,Art Institute of Chicago (public domain),R3,F1.17,high,Source: AIC 1984.550 (https://api.artic.edu/api/v1/artworks/102611); F1.17 spec claim 13. links: PER014; PLC459
PER541,Santana Roybal Martinez,,person,People,F1.7,AM-WST,1909,2002,1909–2002 (Cleveland),"The San Ildefonso potter painted with her mother-in-law Maria Martinez; plates of c. 1943–51 are signed ""Marie and Santana"".",painting on blackware,plate,food and storage,Cleveland,,Indigenous-community,Cleveland Museum of Art (link-out; copyrighted),R3,F1.18,high,Source: Cleveland 1951.363 (https://clevelandart.org/art/1951.363); F1.18 spec claim 16. links: PER108; COM100
PER542,Popovi Da,,person,People,F1.7,AM-WST,1956,,fl.; signed with Maria from 1956,"Maria Martinez's son; pots from 1956 are signed ""Maria/Popovi"".",pottery,pot,food and storage,the signatures (dates differ by source),,Indigenous-community,Wikimedia (summary),R3,F1.18,medium,Source: https://en.wikipedia.org/wiki/Maria_Martinez; F1.18 spec claim 15. Probable. links: PER108
PER543,Michel-Marie Carquillat,,person,People,F1.11,EU-WCE,1839,1839,fl.; woven 1839,"The Lyon weaver wove the silk portrait of Jacquard (1839) on more than 24,000 cards, for Didier, Petit et Cie.",Jacquard weaving,woven portrait,rule and display,the Met,the card cutters,none,Met Open Access (public domain),R3,F1.19,high,Source: https://www.metmuseum.org/art/collection/search/222531; F1.19 spec claims 12–13. links: INS121; MKR075
PER544,Claude Bonnefond,,person,People,F1.11,EU-WCE,1831,,fl.; portrait 1831,"His 1831 portrait of Jacquard, commissioned by the city of Lyon, was the model for the woven silk portrait.",oil painting,portrait,rule and display,the Met,,none,Met Open Access (public domain),R3,F1.19,high,Source: https://www.metmuseum.org/art/collection/search/222531; F1.19 spec claim 13.
PER545,Charles Babbage,,person,People,F1.11,EU-BLC,,,,Babbage took the Jacquard mechanism as a model for his Analytical Engine.,,calculating engine,record and writing;tools,the Science History Institute,,none,link-out (Science History Institute),R3,F1.19,high,Source: https://www.sciencehistory.org/stories/magazine/the-french-connection/; F1.19 spec claim 12. Whether he owned the woven portrait is unverified. links: PER412
PER546,Hayashi Kodenji,Kodenji Hayashi,person,People,F1.8,AS-JPN,1873,,fl.; o-daiko c. 1873,"The Nagoya cloisonné maker is credited with a drum made ""by order of the Japanese government for the Vienna Exposition of 1873"".",cloisonné enamel,drum,play and music;rule and display,"the Met (""attributed"")",,none,Met Open Access (public domain),R3,F1.19,medium,Source: Met 89.4.1236a–d (https://www.metmuseum.org/art/collection/search/501802); F1.19 spec claim 19. Name order: Japanese order Hayashi Kodenji. links: EVT002
PER547,Gottfried Wagener,,person,People,F1.8,AS-JPN;EU-WCE,1873,,fl.,"The German adviser steered Japan's Vienna 1873 selection towards ""delicately created industrial art products"" rather than machinery.",,,rule and display,the National Diet Library,,none,National Diet Library (link-out),R3,F1.19,high,Source: https://www.ndl.go.jp/exposition/e/s1/1873-2.html; F1.19 spec claim 18. links: EVT002
PER548,Sakura Tsuneshichi,,person,People,F1.8,AS-JPN,1872,,fl.; sent to Lyon 1872,"One of three Kyoto weavers sent to Lyon in 1872, who brought back ""jacquards and battant"" to Nishijin.",Jacquard weaving,silk,clothing and adornment,the National Diet Library,,none,National Diet Library (link-out),R3,F1.19,high,Source: https://www.ndl.go.jp/france/en/part1/s2_2.html; F1.19 spec claim 16.
PER549,Paul Brunat,,person,People,F1.8,EU-WCE;AS-JPN,1872,,fl.,"The French technical director under whom Tomioka Silk Mill began in 1872, training young women who took reeling skills home.",silk reeling,,clothing and adornment,UNESCO; Tomioka City,the women reelers,none,UNESCO World Heritage (link-out),R3,F1.19,high,Source: https://whc.unesco.org/en/list/1449/; F1.19 spec claim 17.
PER550,Brown Fleming,Ebenezer Brown Fleming,person,People,F1.11,EU-BLC;AF-GUI,1890,1912,fl.; designs 1890–1912 (Elands 2017),"The Scottish trader took Haarlem wax prints to the Gold Coast, where women traders were central to the market.",,wax print,exchange and value,"Elands (Fowler Museum, 2017); Grosfilley",the women traders,none,open-access chapter (Taylor & Francis),R3,F1.19,high,Source: https://api.taylorfrancis.com/content/chapters/oa-edit/download?identifierName=doi&identifierValue=10.4324%2F9780429295607-6&type=chapterpdf; F1.19 spec claim 20. links: INS124
PER551,Guillaume Boucher,Guillaume Buchier; William of Paris,person,People,F1.12a,EU-WCE;AS-CEN,1240,1259,fl. 1240s–50s; taken 1241 or 1242,"The Paris goldsmith, captured in Hungary and taken to Karakorum, made a great silver tree whose lions poured mare's milk; Rubruck heard of him.",goldsmithing,fountain;tree,rule and display,Rubruck's account,the other captive artisans at Karakorum,human-flow,Internet Archive (public domain translation),R3,F1.19a;F1.23;F1.28,high,"Source: Rubruck (Rockhill 1900), https://archive.org/stream/journeyofwilliam00ruys/journeyofwilliam00ruys_djvu.txt; F1.19a spec claims 2–3; F1.23 spec. Where he was taken is contested. Proposed by F1.19a, F1.23 and F1.28. links: PLC258"
PER552,Cosmas the Ruthenian,,person,People,F1.12a,EU-EER;AS-CEN,,,met by Carpini at the Mongol court,"Carpini met ""a certain Ruthenian called Cosmas, a goldsmith"", who made Güyük's throne and seal.",goldsmithing,throne;seal,rule and display,Carpini,,human-flow,link-out (Silk Road Seattle text),R3,F1.19a,high,Source: https://depts.washington.edu/silkroad/texts/carpini.html; F1.19a spec claim 4. links: PLC258
PER553,Norman Wilkinson,,person,People,F1.11,EU-BLC,1917,1918,fl.; proposal 1917,"The marine painter proposed painting ships ""to break up her form""; his unit drew a scheme for each ship, and over 2,300 were painted by 1918.",painting,ship,war,historians,the 11 women art students and the dockyard painters,none,link-out (JSTOR Daily; NARA),R3,F1.19a,high,Source: https://daily.jstor.org/the-camouflage-that-dazzled; https://unwritten-record.blogs.archives.gov/?p=17206; F1.19a spec claim 11. links: OCC189
PER554,Bhai Ram Singh,,person,People,F1.9,AS-SAS,1890,1892,fl.; Durbar Room 1890–92,"Trained as a carpenter, he became Vice-Principal of the Mayo School and was commissioned ""to design the decoration"" of the Durbar Room at Osborne.",wood carving;plaster moulding,room decoration,rule and display,Royal Collection Trust; English Heritage,,none,Royal Collection Trust (link-out),R3,F1.19b,high,Source: https://www.rct.uk/collection/403750/bhai-ram-singh; https://www.english-heritage.org.uk/visit/places/osborne/things-to-do/state-rooms; F1.19b spec claim 10. Credit contested: English Heritage's own page credits Kipling and Ram Singh. links: PER241; INS128
PER555,Youssef Kamal,Prince Youssef Kamal,person,People,F1.10,AF-EGY,1908,,fl.,"The prince founded and endowed the Egyptian School of Fine Arts in Cairo (1908), free of charge.",,,rule and display,the faculty's history,,none,link-out (faculty history),R3,F1.19b,high,Source: https://finearts.capu.edu.eg/en/about-en/history-of-the-faculty; F1.19b spec claim 18. links: INS129
PER556,Kano Tan'yū,Kanō Tan'yū,person,People,F1.8,AS-JPN,1666,1666,fl.; sketch dated 1666,The Kano painter's 1666 sketch of Mi Fu may be a record copy (shukuzu) or a design for a painting; the Met gives both readings.,ink drawing,sketch,record and writing,the Met,,none,Met Open Access (public domain),R3,F1.19b,high,Source: Met 1996.464.1 (https://www.metmuseum.org/art/collection/search/44297); F1.19b spec claim 2. links: SCH040; OBT349
PER557,Wang Gai,,person,People,F1.8,AS-CHN,1679,1679,fl.; manual printed 1679,"Illustrated the Mustard Seed Garden Manual by adapting an earlier primer, giving painters without a collection ""a glimpse into the elite training"".",woodblock printing,painting manual,record and writing,the Met; SOAS,,none,Met Open Access (public domain),R3,F1.19b,high,Source: Met CP6 (https://www.metmuseum.org/art/collection/search/63185); F1.19b spec claim 3.
PER558,Inge Scholl,,person,People,F1.11,EU-WCE,1953,,fl.; co-founded HfG Ulm 1953,Co-founded the HfG Ulm in 1953 with Otl Aicher and Max Bill.,,,record and writing,the HfG archive,,none,link-out (HfG archive),R3,F1.19b,high,Source: https://hfg-archiv.museumulm.de/en/the-hfg-archive/; F1.19b spec claim 15. links: INS060; PLC343
PER559,Otl Aicher,,person,People,F1.11,EU-WCE,1953,,fl.; co-founded HfG Ulm 1953,Co-founded the HfG Ulm in 1953 with Inge Scholl and Max Bill.,graphic design,,record and writing,the HfG archive,,none,link-out (HfG archive),R3,F1.19b,high,Source: https://hfg-archiv.museumulm.de/en/the-hfg-archive/; F1.19b spec claim 15. links: INS060
PER560,Max Bill,,person,People,F1.11,EU-WCE,1953,,fl.; co-founded HfG Ulm 1953,Co-founded the HfG Ulm in 1953; it taught from 1955 to 1968 and was a model for schools in India and Brazil.,,,record and writing,the HfG archive,,none,link-out (HfG archive),R3,F1.19b,high,Source: https://hfg-archiv.museumulm.de/en/the-hfg-archive/; F1.19b spec claim 15. links: INS060
PER561,Jerónimo Antonio Gil,,person,People,F1.7,AM-LAT,1781,,fl.; provisional school from 1781,"The engraver led the Academy of San Carlos in Mexico City, described as ""the earliest art academy in the Americas"", where students drew from plaster casts.",engraving;drawing from casts,engraving,record and writing,Smarthistory; UNAM,,none,link-out (Smarthistory),R3,F1.19b,high,Source: https://smarthistory.org/the-academy-of-san-carlos/; F1.19b spec claim 20. links: INS011
PER562,Paul Klee,,person,People,F1.11,EU-WCE,1923,,fl.; Tightrope Walker 1923,The painter made the lithograph Tightrope Walker (1923) while on the Bauhaus faculty.,colour lithography;painting,print,record and writing,Cleveland,,none,Cleveland Museum of Art Open Access (CC0),R3,F1.20,high,Source: Cleveland 1961.154 (https://clevelandart.org/art/1961.154); F1.20 spec §5 and §10. Cleveland does not say the print was made or published at the Bauhaus. links: INS057
PER563,Usto Shirin Muradov,,person,People,F1.12a,AS-CEN,,,"Navoi Theatre, 1940s",Uzbekistan's heritage list names him a leading ganch carver of the Navoi Theatre's decoration.,ganch carving,architectural decoration,rule and display,Uzbekistan's heritage list (single source),,none,link-out (national list),R3,F1.20,medium,Source: http://ich.uz/en/ich-of-uzbekistan/national-list/domain-5/441-ganchkorlik; F1.20 spec claim 7. Second source still sought.
PER564,Eulie Chowdhury,,person,People,F1.9,AS-SAS,1950,1955,fl.; chairs 1950–55,V&A captions credit the Indian architect as designer of a V-leg officer's chair and co-designer of a library chair for Chandigarh; the Met credits Jeanneret.,furniture design,chair,shelter,the V&A; The Conversation,,none,"link-out (V&A captions, quoted)",R3,F1.20,medium,Source: https://theconversation.com/tropical-modernism-architecture-and-independence-at-vanda-reintroduces-indian-and-ghanaian-pioneers-of-the-style-224556; https://human.libretexts.org/Courses/City_College_of_San_Francisco/A_History_of_Designed_Interiors/10%3A_Modern_Design/10.02%3A_Modern_Chair_Design_1920s-1960s/10.2.03%3A_The_Chandigarh_Chair; F1.20 spec claim 15 and §10. Maker credit contested. links: OBT353; PER255
PER565,John Owusu-Addo,,person,People,F1.6,AF-GUI,,,,"The Ghanaian architect returned to teach at KNUST after training abroad, in the V&A's account of tropical modernism.",,building,shelter,the V&A,,none,V&A (link-out),R3,F1.20,medium,Source: https://www.vam.ac.uk/articles/about-the-tropical-modernism-exhibition; F1.20 spec claim 14.
PER566,Lúcio Costa,,person,People,F1.7,AM-LAT,,,"Brasília plan, 1956–60",The planner drew the plan of Brasília with Oscar Niemeyer.,urban planning,city plan,shelter,UNESCO,,none,UNESCO World Heritage (link-out),R3,F1.20,high,Source: https://whc.unesco.org/en/list/445/; F1.20 spec claim 17. links: PLC472
PER567,Marguerite Boucicaut,,person,People,F1.11,EU-WCE,,,,She ran Le Bon Marché after Aristide Boucicaut's death; the credit usually goes to him.,retail,,exchange and value,the European Fashion Heritage Association,,none,link-out (Fashion Heritage),R3,F1.21,medium,Source: https://fashionheritage.eu/le-bon-marche; F1.21 spec claim 3. links: INS134
PER568,Charles Frederick Worth,,person,People,F1.11,EU-WCE,1825,1895,own firm from 1858,"After working at Gagelin he opened his own house in 1858, showed designs on live models and sewed his name into garments.",dressmaking,gown,clothing and adornment,"the Met (Krick, 2004)","the seamstresses and embroiderers, over 1,200 staff",none,Met Open Access (link-out),R3,F1.21,high,"Source: https://www.metmuseum.org/essays/charles-frederick-worth-1825-1895-and-the-house-of-worth; F1.21 spec claims 5–6. ""Earliest designer label"" is to check. links: GAP072"
PER569,Torii Kiyonaga,,person,People,F1.8,AS-JPN,1789,1789,fl.; print c. 1789,The print designer showed the Echigoya on New Year's Day in a triptych.,woodblock print design,print,record and writing,the AIC,the carvers and printers,none,Art Institute of Chicago (public domain),R3,F1.21,high,Source: AIC 1930.382 (https://www.artic.edu/artworks/86454); F1.21 spec claim 1. links: STY148
PER570,Jules Chéret,,person,People,F1.11,EU-WCE,1893,,fl.; Saxoleine 1893,"The poster artist's colour lithographs, such as Saxoleine (1893), were printed by Imprimerie Chaix.",colour lithography,poster,exchange and value,the AIC,the printers,none,Art Institute of Chicago (public domain),R3,F1.21,high,Source: AIC 2013.1144 (https://www.artic.edu/artworks/218855); F1.21 spec §5. links: OBT135; TEC194
PER571,Alexandre Lunois,,person,People,F1.11,EU-WCE,1902,,fl.; print 1902,"His print The Fancy Goods Store (1902) depicts Le Bon Marché, Cleveland says.",lithography,print,record and writing,Cleveland,,none,Cleveland Museum of Art Open Access (CC0),R3,F1.21,high,Source: Cleveland 2012.288 (https://clevelandart.org/art/2012.288); F1.21 spec §5. links: INS134
PER572,Cal Stewart,,person,People,F1.7,AM-EWD,1903,,fl.; recorded 22 May 1903,"He wrote and spoke the comic monologue ""Uncle Josh Weathersby in a department store"" (Victor 665).",sound recording,disc record,play and music,DAHR,,none,DAHR (link-out),R3,F1.21,high,Source: https://adp.library.ucsb.edu/index.php/matrix/detail/2000000228/Pre-matrix_B-665-Uncle_Josh_Weathersby_in_a_department_store; F1.21 spec claim 8.
PER573,Kaderdina Hajee Essak,"Kaderdina Hajee ""Abdulla"" Essak",person,People,F1.6,AF-SWA,1900,,fl.; early 1900s,"The Mombasa merchant is credited with printing words on kanga, at his wife's suggestion.",textile trading,kanga,clothing and adornment;record and writing,family and trade accounts (AramcoWorld),"his wife, whose idea it was, unnamed",none,link-out (AramcoWorld),R3,F1.21,medium,Source: https://www.aramcoworld.com/articles/2017/kangas-woven-voices; F1.21 spec claim 11. Probable. links: OBT042
PER574,Ottmar Mergenthaler,,person,People,F1.7,AM-EWD,1886,,fl.; Linotype in commercial use July 1886,"His Linotype went into commercial use at the New York Tribune in July 1886, the earliest known installation, casting whole lines from molten metal.",hot-metal typesetting,type,record and writing,the International Printing Museum,the compositors the machine displaced,none,link-out (International Printing Museum),R3,F1.21,medium,"Source: https://www.printmuseum.org/1895-linotype; F1.21 spec claim 12. The claim names the machine, not the inventor; his role is standard. links: GAP028"
PER575,Kamel Mrowa,,person,People,F1.10,WA-LEV,1954,,fl.; 1954,"The founder of Al-Hayat in Beirut approached Linotype in 1954, leading to Simplified Arabic, which cut the character count to fit one magazine.",,type,record and writing,"Nemeth (2017), via summary",the calligraphers whose letterforms were cut,none,Wikimedia (summary),R3,F1.21,medium,Source: https://en.wikipedia.org/wiki/Simplified_Arabic; F1.21 spec claim 13. links: OCC326; STY114
PER576,Wang Xuan,,person,People,F1.8,AS-CHN,1937,2006,,He stored Chinese characters as outlines and parametric strokes for laser typesetting under Project 748.,digital typesetting,type,record and writing,Peking University,,none,link-out (PKU),R3,F1.21,high,Source: https://newsen.pku.edu.cn/news_events/news/people/8889.html; https://tsaf.cas.cn/en/hj/kxj/year/1990/201006/t20100607_4954628.html; F1.21 spec claim 14. links: PER577; OCC327
PER577,Chen Kunqiu,,person,People,F1.8,AS-CHN,,,,She designed and built the large-scale software of the Chinese laser typesetting system; the credit usually goes to Wang Xuan.,software engineering,type,record and writing,Peking University,,none,link-out (PKU),R3,F1.21,high,Source: https://newsen.pku.edu.cn/news_events/news/people/8889.html; F1.21 spec claim 14. links: PER576
PER578,Henry De Witt Moulton,,person,People,F1.7,AM-AND,1865,,fl.; photograph c. 1865,"Credited with ""The Great Heap"", a photograph of guano on the Chincha Islands (Alexander Gardner is also named).",photography,photograph,record and writing,NYPL,the workers in the picture,none,New York Public Library (link-out),R3,F1.22,low,Source: https://digitalcollections.nypl.org/items/ab4769e0-c61a-012f-0974-58d385a7bc34; F1.22 spec §5. Whether Gardner or Moulton made plate 45 is unverified.
PER579,Itō Tōgai,,person,People,F1.8,AS-JPN,1727,1727,fl.; record of 1727,The scholar's 1727 record tells how the Bakōhan bowl was sent to China for a replacement and came back clamped.,,bowl,record and writing,Tokyo National Museum,,none,e-Museum (link-out),R3,F1.22a,high,Source: https://emuseum.nich.go.jp/detail?content_base_id=100886&langId=en; F1.22a spec claim 5. links: TEC237
PER580,P. K. Sethi,,person,People,F1.9,AS-SAS,1968,,fl.; Jaipur foot 1968,The surgeon developed the Jaipur foot with the craftsman Ram Chandra Sharma.,,prosthetic foot,care and access,the Science Museum blog,,none,link-out (Science Museum blog),R3,F1.22a,medium,Source: https://blog.sciencemuseum.org.uk/jaipur-foot-the-low-cost-prosthetic-that-revolutionised-medical-care-in-india-and-beyond/; F1.22a spec claim 19. Dates not verified.
PER581,Ram Chandra Sharma,Pandit Ram Chandra Sharma,person,People,F1.9,AS-SAS,1968,,fl.; Jaipur foot 1968,"""A craftsman at the hospital"" who made the Jaipur foot with P. K. Sethi and ""received little credit … largely due to his low social status"".",rubber moulding;woodworking,prosthetic foot,care and access,the Science Museum blog; PMC (2024),,none,link-out (Science Museum blog),R3,F1.22a,high,Source: https://blog.sciencemuseum.org.uk/jaipur-foot-the-low-cost-prosthetic-that-revolutionised-medical-care-in-india-and-beyond/; https://pmc.ncbi.nlm.nih.gov/articles/PMC11480697; F1.22a spec claim 19. Dates not verified.
PER582,Amennakht,,person,People,F1.6,AF-EGY,-1157,-1157,fl.; year 29 of Ramesses III,"The scribe of the tomb wrote the Strike Papyrus, recording the crew's cry ""we are hungry!"" after 18 days without rations.",hieratic writing,papyrus,record and writing,Museo Egizio,,none,Museo Egizio (CC0),R3,F1.23,high,Source: Turin Cat. 1880 (https://collezioni.museoegizio.it/en-GB/material/Cat_1880); F1.23 spec claim 9. Year 29 given as an approximate CE date; whether he is the Amennakht of Met stela 21.2.6 is not settled. links: MKR090; DYN005
PER583,Francis Greenway,,person,People,F1.12,OC-AUS;EU-BLC,1817,1819,fl.; Hyde Park Barracks 1817–19,"The convict architect designed the Hyde Park Barracks, built by convicts.",architecture,building,shelter,UNESCO; historians,the convict builders,human-flow,UNESCO World Heritage (link-out),R3,F1.23,high,Source: https://whc.unesco.org/en/list/1306/; F1.23 spec claim 15. links: PLC479
PER584,Judith Scott,,person,People,F1.7,AM-WST,1943,2005,,"Born with Down syndrome and largely deaf, she made fibre sculptures at Creative Growth from 1987, shown in a 2014 Brooklyn retrospective.",wrapping;fibre sculpture,sculpture,ritual and belief,Brooklyn Museum,,none,Brooklyn Museum (link-out),R3,F1.23,high,Source: https://www.brooklynmuseum.org/exhibitions/judith_scott; F1.23 spec claim 19. links: INS136
PER585,Ralph Moor,Sir Ralph Moor,person,People,F1.11,EU-BLC;AF-GUI,1897,,fl.; 1897,"The British official sent Benin objects to England after the 1897 invasion, as Cleveland's provenance records.",,commemorative head,war,Cleveland's provenance,the Igun Eronmwon and the Benin court,conflict-looting,Cleveland Museum of Art Open Access (CC0),R3,F1.24,high,Source: Cleveland 1999.1 (https://openaccess-api.clevelandart.org/api/artworks/?q=1999.1&cc0=1); F1.24 spec claim 2. links: OCC175
PER586,Sydney Burney,,person,People,F1.11,EU-BLC,1950,,fl.; sales c. 1950,"The dealer sold Benin pieces ""as sales agent for the British Museum"" around 1950.",dealing,commemorative head,exchange and value,Cleveland's provenance,,conflict-looting,Cleveland Museum of Art Open Access (CC0),R3,F1.24,high,Source: Cleveland 1999.1 (https://openaccess-api.clevelandart.org/api/artworks/?q=1999.1&cc0=1); F1.24 spec claim 2. links: OCC175
PER587,Te Rauparaha,,person,People,F1.12,OC-POL,,,,The chief of Ngāti Toa Rangatira whom the law names as the composer of Ka Mate.,composition,haka,ritual and belief,the 2014 Act,,Indigenous-community;ancestral,New Zealand Legislation (public),R3,F1.26,high,Source: https://www.legislation.govt.nz/act/public/2014/0018/latest/whole.html; F1.26 spec claim 11.
PER588,Miwnay,,person,People,F1.12a,AS-CEN,312,314,fl.; letter 312–314 CE,"A Sogdian woman who wrote Letter 3 of the Ancient Letters to the husband who had left her ""destitute"".",writing,letter,record and writing,Smithsonian; British Library,,none,IDP (link-out),R3,F1.27,high,Source: https://sogdians.si.edu/ancient-letters/; https://idp.bl.uk/collection/21B7971EF80B4C37B654D88A40D3A556/; F1.27 spec claim 3. links: DIA001; CIV088
PER589,al-Tha'alibi,,person,People,F1.10,WA-IRN,,1038,d. 1038,"In his Laṭāʾif al-maʿārif he reports, from an earlier author, that Chinese prisoners made paper at Samarkand: the source of the Talas legend.",writing,,record and writing,Bosworth's translation (1968),,none,Internet Archive (translation),R3,F1.27,high,Source: https://archive.org/details/lataif-al-maarif-thaalibi-1968-english; F1.27 spec claim 5. links: OCC341
PER590,Ali ibn Shadhan al-Razi,,person,People,F1.10,WA-IRN,971,972,fl.; 971–72,"He copied ""the oldest dated copy of the Quran transcribed on paper"", probably in Iran.",calligraphy,manuscript,ritual and belief;record and writing,Bloom,,sacred,Cleveland Museum of Art Open Access (CC0),R3,F1.27,high,Source: Bloom (as for Panjakent); Cleveland 1933.488; F1.27 spec claim 7.
PER591,William of Rubruck,,person,People,F1.12a,EU-BLC;AS-CEN,1253,1255,fl.; journey 1253–55,The Flemish Franciscan travelled to the Mongol court and wrote of Karakorum's artisans and Guillaume Boucher's silver tree.,writing,,record and writing,Rockhill (1900),the captive artisans he describes,human-flow,Library of Congress; Silk Road Seattle (link-out),R3,F1.28,high,Source: https://depts.washington.edu/silkroad/texts/rubruck.html; https://www.loc.gov/item/01019024/; F1.28 spec claim 2. links: PLC258; PER551
PER592,Henry Wotton,,person,People,F1.11,EU-BLC,1624,,fl.; Elements of Architecture 1624,"His English version of Vitruvius reordered the triad as ""Commoditie, Firmenes, and Delight"".",translation,book,record and writing,Internet Archive,,none,Internet Archive (public domain),R3,F1.28,high,Source: https://archive.org/details/architectureelem00wott; F1.28 spec claim 11. links: TXT001
PER593,Joseph Gwilt,,person,People,F1.11,EU-BLC,1826,,fl.; translation 1826,"Translated Vitruvius (1826) as ""strength, utility, and beauty"".",translation,book,record and writing,Lexundria,,none,link-out (Lexundria),R3,F1.28,high,Source: https://lexundria.com/vitr/1.3.2/cf; F1.28 spec claim 12. links: TXT001
PER594,Morris Hicky Morgan,,person,People,F1.7,AM-EWD,,1910,d. 1910; translation 1914,"His Vitruvius translation (Harvard, 1914) renders the triad ""durability, convenience, and beauty"".",translation,book,record and writing,Project Gutenberg,,none,Project Gutenberg (public domain in the USA),R3,F1.28,high,Source: https://www.gutenberg.org/files/20239/20239-h/20239-h.htm; F1.28 spec claim 12. links: TXT001
PER595,Tu Shaokui,,person,People,F1.8,AS-CHN,1637,1637,fl.; funded the 1637 printing,"He funded Song Yingxing's Tiangong kaiwu (1637), with 121 illustrations of over 130 technologies.",,book,record and writing,Library of Congress,,none,Library of Congress (link-out),R3,F1.28,high,Source: https://www.loc.gov/item/2021666134/; F1.28 spec claim 17. links: PER167; TXT093
PER596,Peter R. Schmidt,,person,People,THEME,AM-EWD;AF-SWA,,,smelts 1970s,"The archaeologist worked with Haya elders on smelts in the 1970s and argued for early preheated furnaces; he later called the smelts ""interactive performances"".",experimental smelting,furnace,tools,himself; reviewers,,living-community,link-out (Archaeology Data Service),R3,F1.28a,high,Source: https://api.crossref.org/works/10.1126/science.201.4361.1085; https://archaeologydataservice.ac.uk/archives/view/assemblage/html/4/4schmidt.html; F1.28a spec claims 10–11. Living person (named in the spec). links: TEC072; COM068
PER597,Pamela H. Smith,,person,People,THEME,AM-EWD,,,living,The historian leads the Making and Knowing Project and translates its manuscript's recipes.,reconstruction,,record and writing,herself,,living-community,link-out (The Past),R3,F1.28a,high,Source: https://the-past.com/feature/secrets-of-their-craft/; F1.28a spec claim 5. links: INS150
PER598,Xuanzang,,person,People,F1.8,AS-CHN;AS-CEN,646,646,fl.; record of 646,The monk's record tells how a Chinese princess hid mulberry seed and silkworm eggs in her head-dress for Khotan.,writing,,record and writing,Beal (1884),,none,Internet Archive (public domain),R3,F1.29,high,Source: https://archive.org/details/siyukibuddhistre02hsuoft; F1.29 spec claim 8. links: TXT085; OCC342
PER599,Liang Kai,,person,People,F1.8,AS-CHN,1200,1230,fl.; early 1200s,"Cleveland attributes to him a scroll picturing silk making in 14 steps, after Lou Shou's Pictures of Tilling and Weaving.",ink painting,handscroll,record and writing,"Cleveland (""attributed"")",the sericulture workers pictured,none,Cleveland Museum of Art Open Access (CC0),R3,F1.29,medium,Source: Cleveland 1977.5 (https://clevelandart.org/art/1977.5); F1.29 spec claim 10.
PER600,Lou Shou,,person,People,F1.8,AS-CHN,1145,1145,fl.; about 1145,His Pictures of Tilling and Weaving is the earliest recorded painting of its genre.,painting,handscroll,record and writing,Cleveland,,none,Cleveland Museum of Art Open Access (CC0),R3,F1.29,medium,"Source: Cleveland 1977.5 (https://clevelandart.org/art/1977.5); F1.29 spec claim 10. Cleveland says ""the first recorded""; we say earliest recorded."
PER601,Rene Orchiston,,person,People,F1.12,OC-POL,,,,"She donated the national collection of 50 harakeke varieties ""selected long ago … by Māori weavers"".",harakeke cultivation,,clothing and adornment,Manaaki Whenua,the Māori weavers who selected the varieties,Indigenous-community,Manaaki Whenua (link-out),R3,F1.29,high,Source: https://www.landcareresearch.co.nz/resources/collections/harakeke/rene-orchiston-collection-catalogue; F1.29 spec claim 15. links: INS152; MAT073
PER602,Lynette Youson,,person,People,F1.7,AM-EWD,2002,,fl.; living; fanner 2002,The Gullah basket maker learned at five from her great-grandmother to coil a rice fanner.,coiled basketry,fanner basket,food and storage,SAAM; herself,,living-community,Smithsonian (usage conditions apply),R3,F1.29,high,Source: https://americanart.si.edu/artwork/gullah-fanner-basket-82599; F1.29 spec claim 11. links: COM115; OBT364
PER603,'Umar ibn Yusuf,al-Ashraf 'Umar ibn Yusuf,person,People,F1.10,WA-ARB,1291,1296,fl.; astrolabe 690 AH/1291 CE; ruled 1295–96,The Rasulid prince made the Met's astrolabe and wrote a treatise on making astrolabes.,brass casting;engraving,astrolabe,record and writing,the Met,,none,Met Open Access (public domain),R3,F1.30,high,Source: Met 91.1.535a–h (https://www.metmuseum.org/art/collection/search/444408); F1.30 spec claim 3. links: DYN020
PER604,Muhammad Zaman,Muhammad Zaman al-Munajjim al-Asturlabi,person,People,F1.10,WA-IRN,1654,1655,fl.; 1065 AH/1654–55,The Mashhad instrument maker signed a planispheric astrolabe dated 1065 AH.,brass casting;engraving,astrolabe,record and writing,the Met,,none,Met Open Access (public domain),R3,F1.30,high,Source: Met 63.166a–j (https://www.metmuseum.org/art/collection/search/451699); F1.30 spec claim 4.
PER605,Omar Khayyam,,person,People,F1.10,WA-IRN,1079,,fl.,Among the astronomers who advised on the Jalali calendar adopted in 1079.,astronomy,,record and writing,historians,"the other Seljuk astronomers, unnamed",none,Fourmilab (public domain),R3,F1.30,medium,Source: https://www.fourmilab.ch/documents/calendar/; F1.30 spec claim 5. links: PRD223
PER606,Mahmud al-Kashgari,Mahmud al-Kashgari,person,People,F1.12a,AS-CEN,1072,1074,"fl.; Dīwān, Baghdad, 1072–74",His Dīwān Lughāt al-Turk tells of a khagan who named the years after twelve animals.,writing,,record and writing,translators,,none,Wikimedia (summary),R3,F1.30,medium,Source: https://en.wikipedia.org/wiki/D%C4%ABw%C4%81n_Lugh%C4%81t_al-Turk; F1.30 spec claim 9. links: PRD226
PER607,Garrick Mallery,,person,People,F1.7,AM-EWD,,,matched the 1833 Leonid storm to winter counts; his own dates not in the spec,"The ethnologist matched winter counts' ""The Year the Stars Fell"" to the 1833 Leonid storm.",,winter count,record and writing,the National Anthropological Archives,the count keepers,Indigenous-community,NMAI (link-out),R3,F1.30,high,Source: https://museumsandtheweb.com/mw2005/abstracts/prg_280000983.html; F1.30 spec claim 16. links: OBT150; OCC343
PER608,Meghnad Saha,,person,People,F1.9,AS-SAS,,,,The physicist headed the Calendar Reform Committee behind India's national calendar (1957).,,,record and writing,summary sources,,none,Wikimedia (summary),R3,F1.30,medium,Source: https://en.wikipedia.org/wiki/Indian_national_calendar; F1.30 spec claim 10. His role rests on the summary. links: PRD229
PER609,James Mill,,person,People,F1.11,EU-BLC;AS-SAS,1817,,fl.; History of British India 1817,"He split India's past into Hindu, Muslim and British periods by rulers' religion, without going to India; Romila Thapar says this caused distortion.",writing,,record and writing,historians,the makers whose work his periods mislabel,none,Wikimedia (summary),R3,F1.30,medium,Source: https://en.wikipedia.org/wiki/The_History_of_British_India; F1.30 spec claim 20. links: PRD152
PLC420,Koryčany Thonet factory,Koritschan,place,Place,F1.11,EU-WCE,1856,,built 1856; production from 1857,"Thonet sited a bentwood factory in the Moravian forests, close to beech, ""cheap labour"" and rail links.",steam bending;caning,chair,shelter,the firm,"the workers, men bending and women finishing and caning",none,link-out (Koryčany town library; V&A),R3,F1.1,high,Source: https://www.korycany.knihovna.cz/osobnosti/michael-thonet/ (Koryčany town library); V&A (as for Michael Thonet); F1.1 spec claim 17. links: INS062; TEC137
PLC421,Dome of the Rock,"Qubbat al-Sakhra; Haram al-Sharif, Jerusalem",place,Place,F1.10,WA-LEV,691,,built 691–92 (standard date); İznik lamp made for it 1549,"The shrine received furnishings from Ottoman workshops, among them an İznik lamp of 1549 that names its decorator.",tilework;mosaic;fritware,mosque lamp;tile,ritual and belief,builders and patrons; museum records,"the makers of its furnishings, mostly unnamed",sacred;living-community,Museum With No Frontiers (link-out),R3,F1.1,high,"Source: https://islamicart.museumwnf.org/database_item.php?id=object;ISL;uk;Mus01;39;en; F1.1 spec claim 14. The lamp carries Qur'anic text: link-out only, never cropped (F1.1 spec §2)."
PLC422,Santa María Tlahuitoltepec,"Tlahuitoltepec, Oaxaca",place,Place,F1.7,AM-MES,,,,An Ayuujk town in Oaxaca whose embroidered blouse was at the centre of a 2015 copying dispute; its authorities spoke for the community.,embroidery,blouse,clothing and adornment,the municipality,,Indigenous-community;living-community,link-out (community pronouncement),R3,F1.2,high,Source: https://www.viveoaxaca.org/2015/06/PronunciamientoTlahuitoltepecPlagio2015.html; F1.2 spec claim 17. Ayuujk own name of the town not given in the spec. links: COM124
PLC423,Ekibondo,,place,Place,F1.6,AF-CEN,1900,1925,carving dated 1900–1925; acquired there 1928,"A carver in Ekibondo, then in the Belgian Congo, made an ivory ""Elephant Bridge"" for European and American buyers from an Asian composition.",ivory carving,tusk carving,exchange and value,Cleveland's record,"the carver, not named; whether Mangbetu carvers made it is not shown",conflict-looting,Cleveland Museum of Art Open Access (CC0),R3,F1.2,high,"Source: Cleveland 1929.342 (https://clevelandart.org/art/1929.342); F1.2 spec claims 5, 7. A 1928 checklist reads ""Mangbettu, Ekibondis Village"": a collector's label, not evidence of the carver (F1.2 spec §4)."
PLC424,Black Maria,"West Orange, New Jersey",place,Place,F1.7,AM-EWD,1893,,in use 1893,"Edison's film studio at West Orange, where Blacksmith Scene was shot in 1893.",film,film,record and writing,the firm,,none,National Film Preservation Foundation (link-out),R3,F1.4,high,Source: https://www.filmpreservation.org/preserved-films/screening-room/blacksmithing-scene-1893; F1.4 spec claim 1.
PLC425,"Westinghouse Electric and Manufacturing Company works, Pittsburgh",Westinghouse works,place,Place,F1.7,AM-EWD,1904,1904,filmed 18 April–16 May 1904,"G. W. Bitzer filmed the works for the 1904 St. Louis fair, showing factory making to the public.",film;electrical manufacturing,film,tools,the firm,"the women workers, called only ""girls""",none,Wikimedia (summary),R3,F1.4,medium,Source: https://en.wikipedia.org/wiki/Westinghouse_Works; F1.4 spec claim 3.
PLC426,Khedivial Opera House,Cairo Opera House (1869–1971),place,Place,F1.10,AF-EGY,1869,,Aida premiered 24 December 1871,"Isma'il Pasha commissioned Aida for the house; Verdi set his fee at 150,000 francs.",,,play and music;rule and display,the Khedive,,none,link-out (Met Opera; MJUR),R3,F1.4,high,Source: https://www.metopera.org/discover/education/educator-guides/aida/the-operas-plot-and-creation/; F1.4 spec claim 10.
PLC427,Abydos tomb U-j,Umm el-Qa'ab tomb U-j,place,Place,F1.6,AF-EGY,-3320,,labels c. 3320 BCE,Bone and ivory labels from an elite tomb carry some of the earliest known Egyptian signs; Kahl finds the system fully developed only centuries later.,incised labels,label,record and writing,excavators; Kahl,,funerary,Persée (open access),R3,F1.5,high,Source: https://www.persee.fr/doc/arnil_1161-0492_2001_num_11_1_1240; F1.5 spec claim 3. Grave goods: link-out with content note. links: INV002
PLC428,Ounjougou,,place,Place,F1.6,AF-SAH,-9400,,pottery before 9400 BCE,Pottery was made here before 9400 BCE; nothing known connects it to China's early pottery.,pottery,pot,food and storage,Huysecom et al. 2009,,none,open-access excavation reports,R3,F1.5,high,"Source: Huysecom et al. 2009, Antiquity (record: https://vigipallia.parlons-fin-de-vie.fr/Default/doc/OAI_1/oai-HAL-hal-00692506v1/the-emergence-of-pottery-in-africa-during-the-10th-millennium-calbc-new-evidence-from-ounjougou-mali); F1.5 spec claim 9. links: INV022"
PLC429,Jiskairumoko,,place,Place,F1.7,AM-AND,-2155,-1936,2155–1936 BCE,"Gold cold-hammered into beads, found in a burial: the earliest known worked gold in the Americas.",cold hammering,bead,clothing and adornment,Aldenderfer et al. (PNAS 2008),,funerary,PNAS (open abstract),R3,F1.5,high,Source: https://www.pnas.org/doi/10.1073/pnas.0710937105; F1.5 spec claim 12. links: INV081
PLC430,Douroula,,place,Place,F1.6,AF-SAH,-800,,8th century BCE; World Heritage 2019,"Douroula has ""the oldest evidence of the development of iron production found in Burkina Faso""; whether smelting south of the Sahara began there is argued.",iron smelting,furnace,tools,UNESCO; archaeologists,,none,UNESCO World Heritage (link-out),R3,F1.5;F1.6,high,Source: https://whc.unesco.org/en/list/1602/; F1.5 spec claim 13; F1.6 spec claim 4. links: INV087
PLC431,Umataka,Sekihara (Umataka site),place,Place,F1.8,AS-JPN,-3000,,"Middle Jōmon, about 5,000 years ago; found 1936",The flame pot found here in 1936 gave the flame-style type its name; it is an Important Cultural Property in the Nagaoka museum.,coil building;firing,pot,food and storage;ritual and belief,Nagaoka Municipal Science Museum; Nakamura Kozaburo,the Jōmon potters,none,Sketchfab (CC BY 4.0),R3,F1.5,high,Source: https://api.sketchfab.com/v3/models/ce7aedf779a741239c664ba3d6c4448a; https://www.mlit.go.jp/tagengo-db/R2-01251.html; F1.5 spec claim 10. links: INS101
PLC432,Deir el-Bahri (Tomb MMA 101),Tomb MMA 101,place,Place,F1.6,AF-EGY,-2051,-2000,chisel ca. 2051–2000 BCE; excavated 1926–27,The Met's excavation of a Theban tomb yielded a bronze mason's chisel (Met 27.3.12).,copper-alloy working,chisel,tools,Met excavators,,funerary,Met Open Access (public domain),R3,F1.5;F1.6,high,Source: https://collectionapi.metmuseum.org/public/collection/v1/objects/544301; F1.6 spec claim 3. Content note: from a tomb. F1.5 names the place without a separate source.
PLC433,Hōryūji,Hōryū-ji,place,Place,F1.8,AS-JPN,,,"held Hyakumantō pagodas; gave 3,000 away in 1908","The temple held many of the million pagodas and in 1908 gave 3,000 to contributors to a fund appeal.",,pagoda;dharani print,ritual and belief;exchange and value,the temple,,sacred;living-community,Met Open Access (public domain),R3,F1.5;F1.16,high,Source: Met 30.47a–c (https://collectionapi.metmuseum.org/public/collection/v1/objects/44955); F1.16 spec claim 6; F1.5 spec §5. links: OCC222
PLC434,Rui'an,"Rui'an, Zhejiang",place,Place,F1.8,AS-CHN,,,UNESCO 2010,"Clan genealogies are printed here with wooden movable type, a practice UNESCO inscribed in 2010.",wooden movable type printing,genealogy,record and writing,UNESCO; the printers,,living-community,UNESCO ICH lists (link out),R3,F1.5,high,Source: https://ich.unesco.org/en/USL/wooden-movable-type-printing-of-china-00322?USL=00322; F1.5 spec claim 25. links: PRA078
PLC435,Dongyuan,"Dongyuan Village, Rui'an",place,Place,F1.8,AS-CHN,,,,The village where Wang Chaohui prints genealogies with wooden movable type.,wooden movable type printing,genealogy,record and writing,the printers,,living-community,link-out (CGTN),R3,F1.5,high,Source: https://news.cgtn.com/news/3d3d514d77496a4e33457a6333566d54/index.html; F1.5 spec §10. links: PRA078
PLC436,Faras Cemetery 1,"Faras, Cemetery 1",place,Place,F1.6,AF-NUB,,,Meroitic burials,A Meroitic cemetery at Faras; grave 1007 held the cup now Met 13.125.37.,,cup,ritual and belief,excavators,the people buried there,funerary,Met Open Access (public domain),R3,F1.6,medium,"Source: Met 13.125.37 (WS-016), F1.6 spec §2. Grave goods only, with a burial content note. links: PLC017"
PLC437,Huejotzingo,Huexotzinco,place,Place,F1.7,AM-MES,1531,,codex of 1531,"Nahua leaders of Huejotzingo made a painted testimony in 1531 in a lawsuit over excessive tribute, including a feather and gold Madonna.",painting on amatl;featherwork,codex,record and writing;exchange and value,the community's leaders; the Library of Congress,,living-community,"Library of Congress (""free to use and reuse"")",R3,F1.7,high,Source: https://www.loc.gov/item/mss47662-2657/; https://smarthistory.org/codex-huexotzinco/; F1.7 spec claims 19–21. links: COM119; MKR020
PLC438,Xiaomintun foundry,"Xiaomintun, Yinxu",place,Place,F1.8,AS-CHN,-1250,-1046,Shang (Yinxu); dug 2003–2004,"A Shang foundry site with ""bronze foundries, residences and burials""; the authors read the casters as ""free from subsistence activities"".",piece-mould casting,ritual vessel,ritual and belief,excavators (PLOS ONE),,funerary,PLOS ONE (CC BY),R3,F1.8,medium,Source: https://journals.plos.org/plosone/article?id=10.1371/journal.pone.0176329; F1.8 spec claim 5. Burials are not shown. links: PLC186
PLC439,Raozhou,,place,Place,F1.8,AS-CHN,1393,,orders 1393 and 1433 (Da Ming huidian),"Jingdezhen's prefecture: in 1433 an official brought court patterns there to fire 443,500 pieces.",porcelain firing,porcelain,rule and display,the Ming code,,none,link-out (online transcription),R3,F1.8,high,Source: Da Ming huidian juan 194 (http://ab.newdu.com/book/ms46965.html); F1.8 spec claim 13. links: PLC192
PLC440,Manwoldae,"Manwoldae, Kaeseong",place,Place,F1.8,AS-KOR,1157,,pavilion roofed 1157 (Goryeosa),"The Goryeo palace site at Kaeseong, where celadon roof tiles were found, supporting the record that King Uijong roofed a pavilion with them in 1157.",celadon,roof tile,shelter;rule and display,National Museum of Korea,,none,National Museum of Korea (link-out),R3,F1.8,high,Source: https://www.museum.go.kr/ENG/contents/E0403000000.do?schM=relic_represent_view&relicId=3129; F1.8 spec. links: PLC198
PLC441,Taoxichuan,"Taoxichuan, Jingdezhen",place,Place,F1.8,AS-CHN,,,2020s,"A redeveloped factory district in Jingdezhen whose market picks 1,200 stallholders a month from over 4,000 (People's Daily, 2025).",porcelain making,porcelain,exchange and value,state media,,living-community,link-out (People's Daily),R3,F1.8,medium,Source: https://en.people.cn/n3/2025/0719/c90000-20342418.html; F1.8 spec claim 22. Figures as state media gives them. links: PLC192; PRA069
PLC442,Sripuranthan Brihadeeswarar temple,Sri Puranthan,place,Place,F1.9,AS-SAS,,,,A Tamil Nadu temple from which a Chola bronze Shiva Nataraja was stolen and later returned from Australia.,bronze casting,processional bronze image,ritual and belief,the temple,the temple keepers,sacred;conflict-looting;living-community,link-out (NGA statement),R3,F1.9,high,Source: https://nga.gov.au/media/dd/documents/qa_update_shiva_nataraja.pdf; F1.9 spec claim 13. links: OBT201; OCC307
PLC443,Qasr-i Abu Nasr,,place,Place,F1.9a,WA-IRN,-500,,tally ca. 500 BCE; excavated 1935,The Met excavated an Achaemenid livestock tally here in 1935 and received it in a division of finds in 1936.,writing on clay,tablet,record and writing,the Met's expedition,,none,Met Open Access (public domain),R3,F1.9a,high,Source: Met 36.30.62 (https://www.metmuseum.org/art/collection/search/323243); F1.9a spec claim 16. links: OCC310; INS108
PLC444,Nashshān,as-Sawdāʾ,place,Place,F1.9a,WA-ARB,-1000,600,documents early 1st millennium BCE to 6th century CE,"Most South Arabian palm-stalk documents come from this site, found by local people in the 1970s.",incised writing,inscribed palm stalk,record and writing;exchange and value,Stein,,conflict-looting,link-out (ANE Today),R3,F1.9a,high,"Source: https://anetoday.org/stein-arabia-documents/; F1.9a spec claim 23. War in Yemen since 2015: link out only, no image (F1.9a spec §2)."
PLC445,Jebel Hafit,Hafit,place,Place,F1.9a,WA-ARB,-3200,-2600,Hafit period c. 3200–2600 BCE; tombs ca. 2500 BCE,"Stone tombs of the Hafit period, part of the Cultural Sites of Al Ain (World Heritage, 2011).",dry-stone building,tomb,ritual and belief,UNESCO,,funerary,UNESCO World Heritage (link-out),R3,F1.9a,high,Source: https://whc.unesco.org/en/list/1343; F1.9a spec claims 6–7. links: ARC060
PLC446,Hili,,place,Place,F1.9a,WA-ARB,-1000,,Iron Age aflaj,"Hili, in Al Ain, has ""one of the oldest examples"" of aflaj, from the Iron Age (UNESCO).",falaj building,,food and storage,UNESCO,,none,UNESCO World Heritage (link-out),R3,F1.9a,high,"Source: https://whc.unesco.org/en/list/1343; F1.9a spec claims 7, 24. Contested origin of aflaj (INV137; TEC220)."
PLC447,Sultan Hasan complex,"Mosque-madrasa of Sultan Hasan, Cairo",place,Place,F1.10,AF-EGY,,,photochrom c. 1890–1910,"The Cairo complex of Sultan Hasan, endowed by waqf, hung with Mamluk glass lamps; a Swiss photochrom shows it for tourists.",stone building;enamelled glass,mosque lamp,ritual and belief,the Library of Congress print,,sacred;living-community,"Library of Congress (""No known restrictions on publication"")",R3,F1.10,high,Source: LOC 2017657142 (https://www.loc.gov/item/2017657142/); F1.10 spec claim 13. links: PER308; OBT024
PLC448,Staalhof,,place,Place,F1.11,EU-BLC,1662,,,"The drapers' guild hall in Amsterdam, where ""The Syndics"" hung.",,painting,rule and display,the guild,,none,Rijksmuseum (public domain images),R3,F1.11,medium,Source: Rijksmuseum SK-C-6 (https://www.rijksmuseum.nl/en/collection/SK-C-6); F1.11 spec claim 16. The hall is not named on the record as fetched (F1.11 spec).
PLC449,Lugdunum red-gloss workshops,Lyon red-gloss workshops,place,Place,F1.11,EU-WCE,-10,10,,"Red-gloss workshops at Lyon produced stamped bowls, carried to frontier forts; stamps name people in production, including enslaved and freed workers.",red-gloss moulding;stamping,bowl,food and storage;exchange and value,archaeologists; holders' records,the enslaved and freed workers,human-flow,Europeana (public domain mark),R3,F1.11,medium,"Source: Valkhof bowl (Europeana record, as for Utilis); Fülle 1997 (https://www.cambridge.org/core/journals/journal-of-roman-studies/article/abs/internal-organization-of-the-arretine-terra-sigillata-industry-problems-of-evidence-and-interpretation/73AD21990173E86AA8F2C6968CC49845); F1.11 spec claims 6–7. links: TEC041; PER517"
PLC450,Kops Plateau,"Kops Plateau, Nijmegen",place,Place,F1.11,EU-BLC,-10,10,,"A Roman military site at Nijmegen where a bowl stamped by Utilis of Lyon was found, its graffito naming a cavalry turma.",,bowl,food and storage;war,Museum Het Valkhof,,none,Europeana (public domain mark),R3,F1.11,high,Source: Europeana record as for Utilis; F1.11 spec claim 7. links: PER517; INS112
PLC451,Wuatam (Watom) Island,Watom Island,place,Place,F1.12,OC-MEL,,,deposits c. 2850–1850 years ago; dug 1908–09,Lapita sherds dug on the island by a missionary in 1908–09 are now in Museums Victoria; the Rakival People speak for the island.,dentate stamping,potsherd,food and storage,Museums Victoria; the Rakival People,,Indigenous-community;living-community,Museums Victoria (CC BY 4.0 records),R3,F1.12,high,Source: https://collections.museumsvictoria.com.au/api/items/187023; https://collections.museumsvictoria.com.au/api/articles/16808; F1.12 spec claim 12. links: ARC224; COM302
PLC452,Rakival,,place,Place,F1.12,OC-MEL,,,,"The Rakival village area of Wuatam (Watom) Island, whose people wrote in 2020 about what remains ""unrevealed of our island"".",,potsherd,food and storage,the Rakival People,,Indigenous-community;living-community,Museums Victoria (CC BY 4.0 records),R3,F1.12,medium,Source: https://collections.museumsvictoria.com.au/api/articles/16774; F1.12 spec claim 13. links: COM302
PLC453,Yanghai cemetery,"Yanghai tombs, Turfan",place,Place,F1.12a,AS-CEN;AS-CHN,-1300,-1000,13th–10th century BCE (trousers),"Tombs near Turfan held wool trousers ""shaped on the loom"", called ""a predecessor of modern riding"" trousers.",weaving,trousers,clothing and adornment,excavators,the people buried there,funerary,link-out (journal),R3,F1.12a,high,Source: https://www.sciencedirect.com/science/article/pii/S1040618214002808; F1.12a spec claim 8. links: INV104
PLC454,Qamsar,,place,Place,F1.10,WA-IRN,1301,,"named in Abu'l-Qasim's treatise, 1301","Near Kashan; ""the most cited source"" of the cobalt used for blue glazes; Abu'l-Qasim places lâjvard there.",cobalt mining,glaze pigment,exchange and value,Abu'l-Qasim; scholars,the miners,none,MDPI (open access),R3,F1.13,medium,Source: https://www.mdpi.com/2075-163x/11/6/633; F1.13 spec claim 4. Contested against Anarak. links: TEC037; MAT128
PLC455,Anarak,,place,Place,F1.10,WA-IRN,,,,"Deposits about 200 km east of Kashan; Jiang et al. (2020) argue its ores ""might have served as one of the most likely sources"" of early Chinese cobalt.",cobalt mining,glaze pigment,exchange and value,Jiang et al. 2020,the miners,none,PNAS (open access),R3,F1.13,medium,Source: https://www.pnas.org/doi/10.1073/pnas.1916630117; F1.13 spec claim 4. Contested against Qamsar. links: TEC037; MAT128
PLC456,Futa Toro,,place,Place,F1.6,AF-SAH,,,,The Senegal River region where Omar ibn Said was born.,,,record and writing,Jameson; DocSouth,,none,Library of Congress (public domain),R3,F1.13,medium,Source: https://www.loc.gov/item/2018371864/; F1.13 spec claim 22.
PLC457,"Guran, Qeshm","Guran village, Qeshm Island",place,Place,F1.10,WA-IRN,,,photo report 2017,Shipwrights (jallaf) at Guran build lenj and spoke in 2017 of learning from their fathers and of orders drying up.,lenj building,lenj,transport,the shipwrights,,living-community,link-out (photo report),R3,F1.13,high,"Source: https://www.shaunbusuttil.com/stories/iran/the-last-shipbuilders-qeshm-island-lenj; F1.13 spec claim 24. Linked, not reproduced (AR-085). links: PRA143; TEC144"
PLC458,"Shrine of St Thomas Becket, Canterbury",Canterbury Cathedral shrine,place,Place,F1.11,EU-BLC,,1538,destroyed 1538,Badges showing the shrine were sold to pilgrims at Canterbury; the shrine was destroyed in 1538.,,badge,ritual and belief;exchange and value,the Met,,sacred,Met Open Access (public domain),R3,F1.16,high,Source: https://www.metmuseum.org/art/collection/search/473470; F1.16 spec claim 20. links: OBT340
PLC459,Ikere palace,Ikere-Ekiti palace,place,Place,F1.6,AF-GUI,1910,,post c. 1910–14; in the palace until at least 1964,"The palace of the Ogoga of Ikere, an Ekiti Yorùbá kingdom, where Olowe of Ise's veranda post stood until at least 1964.",wood carving,veranda post,rule and display,the palace; the AIC,,sacred;living-community,Art Institute of Chicago (public domain); community-published site,R3,F1.17,high,Source: https://api.artic.edu/api/v1/artworks/102611; https://ogogaikere.com/; F1.17 spec claim 13. Eshu figure: describe as the museum does. links: PER014
PLC460,Guabba,,place,Place,F1.9a,WA-MES,-2100,-2000,Ur III,"A Girsu account lists 4,272 women and 1,800 children from Guabba in the weaving sector.",weaving,textile,clothing and adornment,Waetzoldt (1972); Vermaak (2008),the women and children counted,none,link-out (Harappa.com),R3,F1.18,high,Source: https://www.harappa.com/content/guabba-meluhhan-village-mesopotamia; F1.18 spec claim 1. links: INS092
PLC461,Xunmalin,,place,Place,F1.8,AS-CHN,1229,,under Ögödei,"3,000 Muslim households, mostly weavers, were settled here under Ögödei to weave cloth of gold.",weaving,textile,clothing and adornment,Rossabi (1997),the weavers moved,human-flow,Internet Archive (When Silk Was Gold),R3,F1.19a,high,Source: https://archive.org/stream/WhenSilkWasGoldCentralAsianChineseTextile/When_Silk_Was_Gold_Central_Asian_and_Chinese_Textiles_djvu.txt; F1.19a spec claim 5. links: OBT345; OCC035
PLC462,Hongzhou,,place,Place,F1.8,AS-CHN,,,Mongol period,300 Central Asian weavers and goldsmiths and 300 Chinese weavers were settled here to make cloth of gold.,weaving,textile,clothing and adornment,Rossabi (1997),the weavers moved,human-flow,Internet Archive (When Silk Was Gold),R3,F1.19a,high,Source: https://archive.org/stream/WhenSilkWasGoldCentralAsianChineseTextile/When_Silk_Was_Gold_Central_Asian_and_Chinese_Textiles_djvu.txt; F1.19a spec claim 5. links: OBT345
PLC463,Besh Baliq,Beshbalik,place,Place,F1.12a,AS-CEN,,,Mongol period,A third weaving community moved by the Mongols was settled at Besh Baliq.,weaving,textile,clothing and adornment,Rossabi (1997),the weavers moved,human-flow,Internet Archive (When Silk Was Gold),R3,F1.19a,high,Source: https://archive.org/stream/WhenSilkWasGoldCentralAsianChineseTextile/When_Silk_Was_Gold_Central_Asian_and_Chinese_Textiles_djvu.txt; F1.19a spec claim 5. links: OBT345
PLC464,Hwéeldi (Bosque Redondo),Fort Sumner reservation,place,Place,F1.7,AM-WST,1863,1868,held there four years; return 1868,"More than 8,000 Diné were marched to Fort Sumner and held at Bosque Redondo; Cleveland links the turn to rugs for collectors to the trade networks broken there.",weaving,rug,clothing and adornment,Diné history; NPS,,Indigenous-community;human-flow,link-out (NPS),R3,F1.19a,high,Source: https://npshistory.com/publications/hutr/brochures/churro-sheep.pdf; https://clevelandart.org/art/1937.903; F1.19a spec claim 18. The place of OCC141. links: OCC141
PLC465,"Durbar Room, Osborne",,place,Place,F1.11,EU-BLC,1890,1892,1890–92,"Queen Victoria's room at Osborne, ""designed by … Lockwood Kipling, and master carver Bhai Ram Singh"" (English Heritage).",plaster moulding;carving,room decoration,rule and display,English Heritage,the craftsmen who cast the moulds,none,English Heritage (link-out),R3,F1.19b,high,Source: https://www.english-heritage.org.uk/visit/places/osborne/things-to-do/state-rooms; F1.19b spec claim 10. links: PER554; PER241
PLC466,Tashkent,Toshkent,place,Place,F1.12a,AS-CEN,,,rebuilt after 26 April 1966,"The Uzbek capital, rebuilt after the 1966 earthquake with modernist buildings that adapted ""standardised systems to regional materials, traditions"".",ganch carving;concrete panel building,building;mosaic panel,shelter;rule and display,UNESCO; the Soviet state,,living-community,UNESCO World Heritage (link-out),R3,F1.20,high,"Source: https://whc.unesco.org/en/list/1766/; F1.20 spec claims 6, 9. links: PLC467; OCC323"
PLC467,Tashkent Modernist Architecture,Tashkent Modernist Architecture. Modernity and Tradition in Central Asia,place,Place,F1.12a,AS-CEN,1960,1995,buildings of the 1960s to early 1990s; inscribed 2026,"A World Heritage group of ten Tashkent buildings inscribed for adapting ""standardised systems to regional materials, traditions, and environment"".",concrete panel building;ganch carving;mosaic,building,shelter;rule and display,UNESCO,the brigades of craftsmen and the earlier city,none,UNESCO World Heritage (link-out),R3,F1.20,high,Source: https://whc.unesco.org/en/list/1766/; F1.20 spec claim 9 and §10.
PLC468,"Peoples' Friendship Palace, Tashkent",,place,Place,F1.12a,AS-CEN,1981,,1981,"Its façade is ""panjara screens reimagined in concrete and stone"" (Yevgeny Rozanov, Elena Sukhanova).",concrete;stone,building,rule and display,ArchDaily (single summary source),the builders,none,link-out (ArchDaily),R3,F1.20,medium,Source: https://www.archdaily.com/1038318/soviet-architecture-of-tashkent-ten-key-buildings-of-hybrid-modernism; F1.20 spec claim 10. links: PLC467
PLC469,"Navoi Theatre, Tashkent",Alisher Navoi Theatre,place,Place,F1.12a,AS-CEN,1947,,opened 1947 (Kun.uz; ich.uz says 1946),"Alexey Shchusev's theatre was carved in ganch by masters including Usto Shirin Muradov; Soviet Koreans worked on it from 1943 and Japanese prisoners of war ""assisted"".",ganch carving,building,play and music;rule and display,Kun.uz; Uzbekistan's heritage list,the Korean and Japanese workers,human-flow,link-out (Kun.uz),R3,F1.20,medium,Source: https://kun.uz/en/20430948; http://ich.uz/en/ich-of-uzbekistan/national-list/domain-5/441-ganchkorlik; F1.20 spec claims 6–7. Opening year and prisoners' numbers unverified. links: PER563; COM304
PLC470,Almaty,,place,Place,F1.12a,AS-CEN,1971,,mosaic Qyz Zhibek 1971,"In Almaty ""dozens of works of monumental art were produced at the Oner Art Combine by brigades of craftsmen"".",mosaic,mosaic panel,rule and display,The Calvert Journal archive (interview),the brigade craftsmen,living-community,link-out (New East Archive),R3,F1.20,medium,Source: https://www.new-east-archive.org/features/show/11093/almaty-monumental-art-dennis-keen; F1.20 spec claim 12. links: MKR101
PLC471,Chandigarh,,place,Place,F1.9,AS-SAS,1950,,planning from 1950,"The new Punjab capital; UNESCO (2016) says its Capitol Complex ""symbolized India's accession to modernity"".",concrete building;furniture making,building;chair,shelter;rule and display,UNESCO; planners,the builders and furniture makers,none,UNESCO World Heritage (link-out),R3,F1.20,high,"Source: https://whc.unesco.org/en/list/1321/; F1.20 spec claims 3, 15. links: STY056; PER255"
PLC472,Brasília,,place,Place,F1.7,AM-LAT,1956,1960,built 1956–1960; World Heritage 1987,Brazil's capital was built to plans by Lúcio Costa and Oscar Niemeyer under Kubitschek.,concrete building,building,shelter;rule and display,UNESCO,the construction workers,none,UNESCO World Heritage (link-out),R3,F1.20,high,Source: https://whc.unesco.org/en/list/445/; F1.20 spec claim 17. links: PER566
PLC473,Taobao village,Taobao villages,place,Place,F1.8,AS-CHN,2013,,"20 in 2013; 4,310 in 2019","A village with at least 100 active online shops and 10 million yuan of yearly sales, such as the furniture sellers of Dongfeng, Jiangsu.",furniture making,furniture,exchange and value,the World Bank; Alibaba's definition,,living-community,World Bank (link-out),R3,F1.21,high,Source: https://www.worldbank.org/en/results/2019/11/22/stimulating-jobs-growth-entrepreneurship-income-in-rural-china-through-e-commerce; F1.21 spec claim 18. A place type.
PLC474,Chincha Islands,,place,Place,F1.7,AM-AND,1840,,guano exported from 1840,"Peru's guano came mainly from these islands, dug by enslaved people, convicts, Indigenous workers and Chinese contract workers.",guano digging,,food and storage;exchange and value,historians,"the workers, never named",human-flow,New York Public Library (link-out),R3,F1.22,high,Source: https://heritage.lrfoundation.org.uk/stories/guano-the-perilous-cargo-of-flammable-and-noxious-fertiliser; NYPL photograph (https://digitalcollections.nypl.org/items/ab4769e0-c61a-012f-0974-58d385a7bc34); F1.22 spec claim 7. links: MAT126; NET061
PLC475,Humberstone and Santa Laura Saltpeter Works,,place,Place,F1.7,AM-AND,1880,,from 1880; World Heritage 2005,"The works processed ""the largest deposit of saltpeter in the world""; pampinos from Chile, Peru and Bolivia made nitrate fertiliser.",nitrate processing,,food and storage,UNESCO,the pampino workers,none,UNESCO World Heritage (link-out),R3,F1.22,high,Source: https://whc.unesco.org/en/list/1178/; F1.22 spec claim 9. links: NET061
PLC476,Aral Sea,,place,Place,F1.12a,AS-CEN,1960,,diversions from the 1960s,The Soviet Union diverted the Aral Sea's two rivers for cotton; by 2014 the sea covered about 10% of its 1960 area.,irrigation,,food and storage,NASA; WMO,the fishing communities,none,NASA Earth Observatory (public domain images),R3,F1.22,high,Source: https://science.nasa.gov/earth/earth-observatory/world-of-change/aral-sea/; F1.22 spec claims 15–16. links: OCC231
PLC477,Shakhrisabz,Shakhrisyabz,place,Place,F1.12a,AS-CEN,1800,1850,suzani 1800–1850,"Cleveland's suzani, silk embroidery on six strips of cotton cloth, was ""probably embroidered in Shakhrisyabz"" for a dowry.",silk embroidery,suzani,clothing and adornment;ritual and belief,Cleveland,the embroiderers,living-community,Cleveland Museum of Art Open Access (CC0),R3,F1.22,high,Source: Cleveland 2016.89 (https://openaccess-api.clevelandart.org/api/artworks/2016.89); F1.22 spec §10. links: STY165
PLC478,Bayan Obo,,place,Place,F1.8,AS-CHN,,,NASA 2012 share,"In 2012 NASA said about half of China's rare-earth output came from this mine, with acid waste gas, wastewater and radioactive residue.",rare-earth mining,,tools,NASA (2012),the workers and neighbours exposed,none,NASA Earth Observatory (public domain images),R3,F1.22,medium,Source: https://science.nasa.gov/earth/earth-observatory/rare-earth-in-bayan-obo-77723/; F1.22 spec claim 18. The share is dated 2012. links: MAT137
PLC479,"Hyde Park Barracks, Sydney",,place,Place,F1.12,OC-AUS,1817,1819,built 1817–19,Barracks designed by Francis Greenway and built by convicts; one of the Australian Convict Sites.,brick building,building,shelter,UNESCO,the convicts,human-flow,UNESCO World Heritage (link-out),R3,F1.23,medium,Source: https://whc.unesco.org/en/list/1306/; F1.23 spec claim 15. Membership of the UNESCO group is from an encyclopaedia. links: PLC480
PLC480,Australian Convict Sites,,place,Place,F1.12,OC-AUS,1787,1868,transportation 1787–1868; inscribed 2010,"Eleven sites record the transportation of about 166,000 people to Australia, with ""forced labour to help build the colony"".",building,building,shelter,UNESCO,,human-flow,UNESCO World Heritage (link-out),R3,F1.23,high,Source: https://whc.unesco.org/en/list/1306/; F1.23 spec claim 15 and §10.
PLC481,Stony Bluff Manufactory,,place,Place,F1.7,AM-EWD,1858,,jar dated 1858,"A stoneware pottery in Old Edgefield District, South Carolina, where the enslaved potter and poet Dave signed a storage jar with a couplet in 1858.",alkaline-glazed stoneware;throwing,storage jar,food and storage,the Met,the potters who did not sign,human-flow,Met Open Access (public domain),R3,F1.23,high,Source: Met 2020.7 (https://www.metmuseum.org/art/collection/search/747045); F1.23 spec claim 1. links: OBT359
PLC482,Kamay,Botany Bay,place,Place,F1.12,OC-AUS,1770,,spears taken 29 April 1770,Where four spears were taken on 29 April 1770 and sent to Trinity College; they were returned in 2024.,,spear,ritual and belief,the community; Trinity College,,Indigenous-community;living-community,AIATSIS (link-out),R3,F1.24,high,Source: https://www.trin.cam.ac.uk/news/return-of-the-gweagal-spears-to-the-la-perouse-aboriginal-community/; F1.24 spec claim 17. links: COM305
PLC483,Tauric Chersonesos,Chersonesus Taurica,place,Place,F1.11,EU-EER,,,,One of four Crimean museums whose objects were on loan in Amsterdam in 2014.,,jewellery,rule and display,the Allard Pierson,,conflict-looting,link-out (museum news),R3,F1.24,medium,Source: https://allardpierson.nl/nieuws/alle-objecten-uit-de-krim-terug-in-oekraine/; F1.24 spec claim 8.
PLC484,Xigoupan tomb 2,,place,Place,F1.8,AS-CHN,-400,-201,4th–3rd c. BCE,"Gold belt plaques from tomb 2 are tied to ""the pre-imperial period Qin workshop"".",gold casting,belt plaque,clothing and adornment;rule and display,Liu et al. 2021,the person buried there,funerary,Heritage Science (open access),R3,F1.25,medium,Source: https://www.nature.com/articles/s40494-021-00520-5; F1.25 spec claim 7. The shaofu inscription is not in the passages read (F1.25 spec §10). links: ARC231
PLC485,Fangmatan,,place,Place,F1.8,AS-CHN,-179,-141,tomb 179–141 BCE; fragment found 1986,"A fragment found on a body in a Western Han tomb may be paper, roughly 250–280 years before Cai Lun, and may be a map.",papermaking,paper fragment,record and writing,Yee (1994),,funerary,link-out (University of Chicago Press),R3,F1.27,medium,Source: https://press.uchicago.edu/books/HOC/HOC_V2_B2/HOC_VOLUME2_Book2_chapter3.pdf; F1.27 spec claim 2. Whether it is paper is contested. links: INV036; PER161
PLC486,Panjakent,Panjikent; Panjakent,place,Place,F1.12a,AS-CEN,,722,Devastich captured 722,"Sogdian city whose lord Devastich left 76 writings in Sogdian, Arabic and Chinese on leather, wood and paper before the Arabs took him in 722.",papermaking;writing,document,record and writing,Bloom,,none,link-out (Silk Road journal),R3,F1.27,high,Source: https://edspace.american.edu/silkroadjournal/wp-content/uploads/sites/984/2017/09/Silk-Road-or-Paper-Road.pdf; F1.27 spec claim 4. links: POL228; TEC185
PLC487,Suq al-warraqin,"Paper sellers' market, Baghdad",place,Place,F1.10,WA-MES,800,,late 8th century onwards,"Baghdad's market had ""more than one hundred shops for paper- and booksellers"".",papermaking;bookselling,paper;book,record and writing;exchange and value,Bloom,,none,link-out (Silk Road journal),R3,F1.27,medium,Source: Bloom (https://edspace.american.edu/silkroadjournal/wp-content/uploads/sites/984/2017/09/Silk-Road-or-Paper-Road.pdf); F1.27 spec claim 6. One source.
PLC488,Xàtiva,Játiva,place,Place,F1.11,EU-IBE,1050,,Arab mills about 1050 (Mariani),Arab paper mills worked here around 1050.,papermaking,paper,record and writing,Mariani (2016),"Xàtiva's papermakers, unnamed",none,link-out (Hand Papermaking),R3,F1.27,medium,Source: https://www.handpapermaking.org/magazine-articles/italy-the-birthplace-of-western-paper-tracing-the-development-and-spread-of-fabriano-paper; F1.27 spec claim 9. links: TEC186
PLC489,Fabriano,,place,Place,F1.11,EU-WCE,1250,,watermarks late 13th century,"An Italian papermaking town credited with hammer beaters, gelatin sizing and watermarks, often titled ""the birthplace of Western paper"".",papermaking;watermarking,paper,record and writing,Mariani (2016),the earlier Iberian mills,none,link-out (Hand Papermaking),R3,F1.27,medium,"Source: https://www.handpapermaking.org/magazine-articles/italy-the-birthplace-of-western-paper-tracing-the-development-and-spread-of-fabriano-paper; F1.27 spec claim 9. The ""birthplace"" title is read as framing. links: TEC186"
PLC490,Erdene Zuu,,place,Place,F1.12a,AS-CEN,,,,"The monastery at Karakorum; the Mongol palace ""has to be looked for underneath"" it.",,,ritual and belief,Bemmann and Reichert,,sacred;living-community,SpringerOpen (open access),R3,F1.28,medium,Source: https://link.springer.com/article/10.1007/s41826-020-00039-x; F1.28 spec claim 6. links: PLC258
PLC491,Great Hall of Karakorum,,place,Place,F1.12a,AS-CEN,1254,,coins of about 1254,"Read since 1933 as Ögedei's palace, the hall was almost completely uncovered 2001–05 and is now identified as a large Buddhist temple.",,,ritual and belief,the DAI,,none,link-out (DAI),R3,F1.28,high,Source: https://orchontal.de/en/monuments/karakorum/great-hall/; F1.28 spec claim 5. links: PLC258
PLC492,Khotan,,place,Place,F1.12a,AS-CEN,,,,"Xuanzang wrote that Khotan once ""knew nothing about mulberry trees or silkworms"" until a princess brought them.",sericulture,silk,clothing and adornment,Xuanzang (Beal 1884),,none,Internet Archive (public domain),R3,F1.29,high,Source: https://archive.org/details/siyukibuddhistre02hsuoft; F1.29 spec claim 8. links: OCC342; NET003
PLC493,Dandan-Uiliq,,place,Place,F1.12a,AS-CEN,500,800,panel 6th century or 7th–8th,"A shrine site from which Stein removed a votive panel painting the silk princess, now in the British Museum.",painting on wood,votive panel,ritual and belief,the British Museum; Stein,,sacred,British Museum (link-out),R3,F1.29,high,Source: https://www.britishmuseum.org/collection/object/A_1907-1111-73; F1.29 spec claim 9. links: OCC342
PLC494,El Perú-Waka',El Perú,place,Place,F1.7,AM-MES,692,,stela dated 692,A Maya site whose stela of Lady K'abel (692) was cut up and reached Cleveland in 1967; how it left Guatemala is not recorded.,stone carving,stela,rule and display,Cleveland; Trafficking Culture,the sculptors,conflict-looting,Cleveland Museum of Art (link-out only),R3,F1.30,high,Source: https://openaccess-api.clevelandart.org/api/artworks/1967.29; https://traffickingculture.org/encyclopedia/case-studies/el-peru-waka-stela-fragment-returned-to-guatemala-in-1999/; F1.30 spec claim 15. Link-out only (AR-043).
PLC495,Tikal,Mutul,place,Place,F1.7,AM-MES,658,696,lintel carved AD 658–696,A sapodilla-wood lintel at Tikal with a Long Count date was radiocarbon-dated to 658–696.,wood carving,lintel,rule and display,Kennett et al. 2013,the carvers,none,Scientific Reports (open access),R3,F1.30,high,Source: https://www.nature.com/articles/srep01597; F1.30 spec claim 14. The polity is POL046. links: POL046
POL241,Ottoman Empire,Devlet-i Aliyye (endonym to verify),polity,People,F1.10,WA-ANA;EU-BYZ;WA-LEV;AF-EGY;WA-MES;WA-ARB;AF-MAG,1299,1922,conventional dates; the endonym is to verify (F1.1 spec),"The Ottoman court ran design studios and workshops, endowed mosques and libraries through waqf, and drew İznik ceramics and court textiles into one visual programme.",fritware;textile weaving;calligraphy;bookbinding,mosque lamp;dish;manuscript;deed,rule and display;ritual and belief,historians,"the many peoples, languages and faiths it ruled; enslaved people in the palace (Beshir Agha was enslaved as a boy); provincial workshops",human-flow,Cleveland Museum of Art Open Access (CC0); Library of Congress (public-domain items),R2,F1.1;F1.10,high,"Source: Cleveland 1995.17 and 1944.236 (https://openaccess-api.clevelandart.org/api/artworks/1995.17); Hathaway, Beshir Agha (2005), publisher page https://nes.princeton.edu/publications/beshir-agha-chief-eunuch-ottoman-imperial-harem; F1.10 spec claims 10, 15. No Ottoman polity or dynasty row existed (F1.1, F1.10 specs). links: PRD169; STY109; INS042; OCC055"
PRA215,Nōgaku,Nōgaku theatre,living-practice,People,F1.8,AS-JPN,,,UNESCO status to verify (F1.4 spec),"The theatre of Noh and kyōgen keeps masks, costumes and carving lineages in use.",mask carving;costume weaving,mask;costume,play and music,performers' families,,living-community,UNESCO ICH lists (link out),R3,F1.4,low,Source: F1.4 spec §10 names it for UNESCO (unverified 3 Oct 2026); no page opened. Under review: UNESCO status not checked.
PRA216,"Falaj water-share keeping, Oman",aflaj (pl.),living-practice,People,F1.9a,WA-ARB,,,UNESCO World Heritage 2006 (Aflaj Irrigation Systems of Oman),"Communities share falaj water by time: a day of 48 athar, run by a wakil with a banker (qabidh or amin al-daftar).",water-share keeping;channel cleaning,falaj,food and storage,falaj communities; Al-Ghafri,"UAE aflaj, left to F1.31's local authors",living-community,community-published site; UNESCO (link-out),R3,F1.9a,medium,Source: Al-Ghafri 2021 (https://ishraqa.unizwa.edu.om/article_169721.html); Oman Water Society (https://www.omanws.org.om/Water%20body%20pages/Water%20sources/water_sources/aflaj.html); F1.9a spec claim 25 and §2. The falaj step is held for an Omani reader (F1.9a spec §9). links: INV137; TEC220
PRA217,Ijaza,licence to teach,living-practice,People,F1.10,WA-ANA;AF-EGY;GL,,,,"Calligraphers pass on the craft through ijaza, a teacher's licence that ties a student into a lineage of masters.",calligraphy,,record and writing,calligraphers and their teachers,,living-community,UNESCO ICH lists (link out),R3,F1.10,medium,"Source: UNESCO 2021, Arabic calligraphy element (states' file), cited in F1.10 spec §2; https://www.scriptsnscribes.com/blogs/2021/8/13/a-conversation-with-master-calligrapher-yushaa-abdullah. links: PRA130"
PRA218,Mongol nomad migration,Mongol nomad migration and its associated practices,living-practice,People,F1.12a,AS-CEN,,,UNESCO 2024,"Herders move with their animals across the seasons; children learn ""assembling and disassembling yurts"".",felt making;ger building,ger,shelter;transport,UNESCO; herders,,living-community,UNESCO ICH lists (link out),R3,F1.12a;F1.22a,high,Source: https://ich.unesco.org/en/RL/mongol-nomad-migration-and-its-associated-practices-02091; F1.22a spec claim 6. Proposed by F1.12a and F1.22a. links: OBT001; COM213
PRA219,Jebena buna (Ethiopian coffee ceremony),Ethiopian coffee ceremony; jebena bunna,living-practice,People,F1.6,AF-HRN,,,,"Coffee is brewed in a clay jebena, ""usually crafted by an elderly woman"", and served in three rounds, the third called baraka, ""to be blessed"".",pottery,coffee pot,food and storage;ritual and belief,the MAA Digital Lab (single source),,living-community,link-out,R3,F1.16,medium,Source: https://www.maadigitallab.org/blog/2023/08/22/at-the-heart-of-the-jebena-bunna-the-ethiopian-coffee-ceremony/; F1.16 spec claim 19. links: OBT087
PRA220,Uli,,living-practice,People,F1.6,AF-GUI,,,,"An Igbo women's painting practice that Uche Okeke, who learned it from his mother, drew on for Zaria's Natural Synthesis.",body and wall painting,wall painting,clothing and adornment;ritual and belief,Igbo women painters; Smarthistory,the women who held the practice,living-community,link-out (Smarthistory),R3,F1.20,medium,Source: https://smarthistory.org/uche-okeke/; F1.20 spec claim 20. links: MOV072
PRA221,Mongolian traditional feltmaking custom,,living-practice,People,F1.12a,AS-CEN,,,,"Mongolian families make felt together in late summer or early autumn, shaping new felt on an old ""mother felt"".",felt making,felt;ger cover,shelter,"National Center for Cultural Heritage, Mongolia",,living-community,link-out (NCCH),R3,F1.22a,medium,Source: https://ncch.gov.mn/ich?ItemID=14; F1.22a spec claim 7. UNESCO status not given in the spec. links: TEC100; TEC238
PRA222,Kolhapuri chappal making,Kolhapuri chappal,living-practice,People,F1.9,AS-SAS,,,GI tag 2019,"Leather artisans make the Kolhapuri sandal, whose geographical indication (2019) is held by two state corporations.",leatherwork;hand stitching,sandal,clothing and adornment,the makers; the GI,the makers' own organisations,living-community,link-out (press),R3,F1.26,high,Source: https://www.aljazeera.com/news/2025/7/1/why-is-prada-caught-in-a-sandal-scandal-in-india; https://www.deccanherald.com/amp/story/india%2Fmaharashtra%2Fprada-kolhapuri-chappal-row-two-govt-agencies-officially-hold-gi-tag-for-sandals-3661799; F1.26 spec claim 17. Caste named only as a source states it (F1.26 spec §2). links: INS143; INS144
PRA223,Ka Mate,,living-practice,People,F1.12,OC-POL,,,,A haka composed by Te Rauparaha; commercial uses must credit him and Ngāti Toa Rangatira.,performance,haka,ritual and belief;play and music,Ngāti Toa Rangatira,,Indigenous-community;living-community,New Zealand Legislation (public),R3,F1.26,high,Source: https://www.legislation.govt.nz/act/public/2014/0018/latest/whole.html; F1.26 spec claim 11. links: OCC336
PRA224,"Art of Akyns, Kyrgyz epic tellers",,living-practice,People,F1.12a,AS-CEN,,,proclaimed 2003; inscribed 2008,"Kyrgyz epic tellers whose art ""combines singing, improvisation and musical composition"".",oral performance,,play and music,UNESCO,,living-community,UNESCO ICH lists (link out),R3,F1.29,high,Source: https://ich.unesco.org/en/RL/00065; F1.29 spec claim 6. links: COM209
PRA225,"Kyrgyz epic trilogy: Manas, Semetey, Seytek",,living-practice,People,F1.12a,AS-CEN,,,inscribed 2013,"The Manas trilogy is told for ""up to thirteen hours"" by ""women and men, of all ages"", passed from master to apprentice.",oral performance,,play and music,UNESCO,,living-community,UNESCO ICH lists (link out),R3,F1.29,high,Source: https://ich.unesco.org/en/RL/kyrgyz-epic-trilogy-manas-semetey-seytek-00876; F1.29 spec claim 6. links: COM209
PRD221,Jemdet Nasr period,Uruk III,period,Time,F1.9a,WA-MES,-3100,-2900,c. 3100–2900 BCE (the Met's date for the tablet),"The Met dates its proto-cuneiform barley account to the Jemdet Nasr period; tablets of this phase record grain, rations and labour.",clay tablets;cylinder seals,tablet;cylinder seal,record and writing;exchange and value,Assyriologists; the Met's catalogue,regional differences across southern Mesopotamia,none,Met Open Access (public domain records); PeriodO (link-out),R3,F1.1,medium,"Source: Met 1988.433.1 (https://www.metmuseum.org/art/collection/search/329081), F1.1 spec claim 1. links: PRD031; ARC054; INV001"
PRD222,Hijri era,Anno Hegirae (AH),calendar-or-era,Time,F1.10,WA-ARB;GL,622,,epoch 622 CE; set c. 638 (17 AH),"The Islamic lunar era, counted from the Hijra; makers dated objects in it, as on a 690 AH astrolabe.",,astrolabe;manuscript,record and writing,Caliph 'Umar,,none,Fourmilab (public domain); Met Open Access,R3,F1.30,high,"Source: https://www.fourmilab.ch/documents/calendar/; Met 444408; F1.30 spec claims 1, 3."
PRD223,Jalali / Solar Hijri calendar,Solar Hijri,calendar-or-era,Time,F1.10,WA-IRN;AS-CEN,1079,,"Jalali 1079; Solar Hijri by law 1925 (Iran), 1922 (Afghanistan)","A solar calendar whose year begins at the March equinox, adopted under Malik-Shah I with astronomers including Omar Khayyam.",,,record and writing,Seljuk astronomers; the Iranian state,,none,Fourmilab (public domain); Iranica (link-out),R3,F1.30,high,Source: https://www.fourmilab.ch/documents/calendar/; https://www.iranicaonline.org/articles/calendars-iii-afghan-calendars; F1.30 spec claim 5.
PRD224,Sexagenary cycle,,calendar-or-era,Time,F1.8,AS-CHN;AS-KOR;AS-JPN,-1250,,days on Shang oracle bones; years from about the mid-3rd century BCE,"A cycle pairing ten stems with twelve branches, used to date days and years and found in inscriptions on made things.",,oracle bone;inscription,record and writing,Chinese courts,,none,Wikimedia (summary),R3,F1.30,medium,Source: https://en.wikipedia.org/wiki/Sexagenary_cycle; F1.30 spec claim 7.
PRD225,Japanese era names (nengō),,calendar-or-era,Time,F1.8,AS-JPN,,,Act on Era Names (Act No. 43 of 1979),Japan names years by reign era and still does so in law.,,,record and writing,the Japanese state,,none,Japanese Law Translation (public),R3,F1.30,high,Source: https://www.japaneselawtranslation.go.jp/en/laws/view/4844/en; F1.30 spec §10. links: PRD107
PRD226,Twelve-animal cycle,,calendar-or-era,Time,F1.12a,AS-CEN;AS-CHN,,,Orkhon inscription year of the Sheep (731 CE),"Years named after twelve animals, used in Old Turkic inscriptions and explained in al-Kashgari's Dīwān (1072–74).",,inscription,record and writing,al-Kashgari; translators,,none,link-out (CyberLeninka),R3,F1.30,medium,Source: https://cyberleninka.ru/article/n/life-and-time-in-orkhon-yenisey-monuments/pdf; F1.30 spec claim 9.
PRD227,Long Count and Calendar Round,,calendar-or-era,Time,F1.7,AM-MES,-36,,earliest known dates 36 BCE (Chiapa de Corzo) and 32 BCE (Tres Zapotes),"Mesoamerican day counts carved on stelae and lintels; a k'atun is 7,200 days, and a Tikal lintel's date supports the GMT correlation.",stone carving;wood carving,stela;lintel,record and writing;rule and display,Maya scholars,"the sculptors, unnamed",none,Scientific Reports (open access),R3,F1.30,high,Source: https://www.nature.com/articles/srep01597; https://en.wikipedia.org/wiki/Mesoamerican_Long_Count_calendar; F1.30 spec claims 13–14. Correlation probable. links: PRD180; INV009
PRD228,Ethiopian calendar,,calendar-or-era,Time,F1.6,AF-HRN,,,,"A calendar whose year number runs seven or eight behind the Gregorian, with a thirteenth month; New Year is 11 September.",,manuscript,record and writing,the Ethiopian Church and state,,none,Wikimedia (summary),R3,F1.30,medium,Source: https://en.wikipedia.org/wiki/Ethiopian_calendar; F1.30 spec claim 11. links: PRD024
PRD229,Indian national calendar (Śaka era),Śaka era,calendar-or-era,Time,F1.9,AS-SAS,1957,,adopted 22 March 1957 (1 Chaitra 1879 Śaka),"India's national calendar, counted in the Śaka era, adopted after a reform committee headed by Meghnad Saha.",,,record and writing,the Government of India,,none,Fourmilab (public domain),R3,F1.30,high,"Source: https://www.fourmilab.ch/documents/calendar/; https://en.wikipedia.org/wiki/Indian_national_calendar; F1.30 spec claim 10. Year 0 at 78 CE or the 79 equinox, by convention. links: PER608"
PRD230,Hebrew calendar,Anno Mundi,calendar-or-era,Time,F1.9a,WA-LEV;EU-WCE;GL,,,epoch 3761 BCE,A lunisolar calendar with a leap month in 7 of every 19 years; tradition credits Hillel II with fixing it.,,manuscript,record and writing;ritual and belief,Jewish tradition,,none,Fourmilab (public domain); Hebcal,R3,F1.30,high,Source: https://www.fourmilab.ch/documents/calendar/; https://en.wikipedia.org/wiki/Hebrew_calendar; F1.30 spec claim 12. Hillel date contested.
PRD231,Seleucid era,,calendar-or-era,Time,F1.9a,WA-LEV;WA-MES,,,Hillel II's year 670 of the era = 358–359 CE,"An era used in the Hebrew calendar's tradition: Hillel II is said to have fixed the calendar ""in the year 670 of the Seleucid era"".",,,record and writing,tradition,,none,Wikimedia (summary),R3,F1.30,medium,Source: https://en.wikipedia.org/wiki/Hebrew_calendar; F1.30 spec claim 12. links: PRD051
STY181,Descriptive specialty,descriptive scene,style,Ideas,F1.7,AM-EWD,1904,,"e.g. Victor 4106, recorded 10 October 1904","Vaudeville recording artists made sound scenes of trades such as ""In a country blacksmith shop""; many used ethnic and racial caricature.",sound recording,disc record,play and music,record companies,the peoples caricatured,none,DAHR (link-out),R3,F1.4,medium,Source: https://adp.library.ucsb.edu/index.php/objects/detail/33030/Victor_4106; F1.4 spec claim 5 and §2. Discs must be heard in full before use (F1.4 spec §9).
STY182,"European ""Mamluk"" revival glass",,style,Ideas,F1.11,EU-WCE,1860,1910,about 1860–1910,"European glassmakers copied enamelled Mamluk lamps and bottles; records and lab tests, not the eye, tell a revival piece from a medieval one.",enamelled and gilded glass,mosque lamp;bottle,rule and display;exchange and value,museums,,none,Cleveland Museum of Art Open Access (CC0),R3,F1.10,high,Source: Cleveland 1981.10 and 1944.488 (https://openaccess-api.clevelandart.org/api/artworks/1981.10); F1.10 spec claim 20. links: TEC049; STY104
STY183,"""Zandaniji""",Zandanījī,style,Ideas,F1.12a,AS-CEN,,,label from Henning's late-1950s reading,A label for silks once read as Sogdian work from Zandana near Bukhara; Sims-Williams and Khan (2008) re-read the inscription as Arabic.,silk weaving,silk,clothing and adornment,Henning; Shepherd; Sims-Williams and Khan,,none,Cleveland Museum of Art Open Access (CC0),R3,F1.19,medium,"Source: Cleveland 1974.190 (https://openaccess-api.clevelandart.org/api/artworks/1974.190); https://invisibleeast.site.ox.ac.uk/article/invisible-and-visible-sogdians-and-their-silks; F1.19 spec claim 15. Contested label (spec: ""as a GAP row""); filed as a style. links: CIV088"
TEC231,Linear Elamite,,technique,Things,F1.9a,WA-IRN,,,late 3rd millennium BCE (standard range; not given in the spec),"A script of ancient Iran; Desset and colleagues claimed its decipherment in 2022, which Dahl (2023) questioned.",writing,silver vessel;inscription,record and writing,Desset et al. 2022; Dahl 2023,the provenance of the Mahboubian vessels used,conflict-looting,link-out (LRB),R3,F1.9a,medium,Source: https://www.lrb.co.uk/the-paper/v47/n04/tom-stevenson/beyond-mesopotamia; F1.9a spec claim 14. Contested decipherment.
TEC232,Proto-Elamite script,,technique,Things,F1.9a,WA-IRN,-3100,-2900,c. 3100–2900 BCE,Proto-Elamite tablets record state transactions and remain undeciphered.,writing on clay,tablet,record and writing,Assyriologists,,none,link-out (LRB); Met Open Access,R3,F1.9a,high,Source: https://www.lrb.co.uk/the-paper/v47/n04/tom-stevenson/beyond-mesopotamia; F1.9a spec claims 14–15. links: ARC056
TEC233,South Arabian minuscule on palm stalks,,technique,Things,F1.9a,WA-ARB,-1000,600,early 1st millennium BCE to 6th century CE,"Scribes cut letters, accounts and contracts into palm stalks in a cursive South Arabian script.",incising,inscribed palm stalk,record and writing,Stein,,none,link-out (ANE Today),R3,F1.9a,medium,Source: https://anetoday.org/stein-arabia-documents/; F1.9a spec claim 23.
TEC234,Roman cast-and-point copying,plaster-cast copying,technique,Things,F1.11,EU-GRR,,,,"Roman workshops took moulds and plaster casts of Greek originals and copied them in marble or bronze; copies were valued, not seen as lesser.",plaster casting;marble carving,statue,rule and display,the Met,"the copyists, unnamed",none,"Met (essay, link-out)",R3,F1.14,high,Source: https://www.metmuseum.org/essays/roman-copies-of-greek-statues; F1.14 spec claim 6. links: GAP067
TEC235,Kōwhaiwhai,,technique,Things,F1.12,OC-POL,,,,"Painted scroll patterns in the wharenui; in Deidre Brown's words the ancestors' ""descendants are depicted in kōwhaiwhai painted sequences and poupou"".",painting,rafter;wharenui,ritual and belief,Māori; Te Ara,,Indigenous-community;sacred,link-out (Te Ara),R3,F1.15,high,Source: https://teara.govt.nz/en/maori-architecture-whare-maori/print; F1.15 spec §2. Link-out only: no specific kōwhaiwhai shown (F1.15 spec). links: COM288; PER356
TEC236,Ganchkorlik (ganch carving),ganch carving,technique,Things,F1.12a,AS-CEN,,,,"Carving in gypsum plaster (ganch), listed on Uzbekistan's national heritage list; masters decorated the Navoi Theatre.",ganch carving,architectural decoration,shelter;rule and display,Uzbekistan's heritage list,,living-community,link-out (national list),R3,F1.20,medium,Source: http://ich.uz/en/ich-of-uzbekistan/national-list/domain-5/441-ganchkorlik; F1.20 spec claim 7.
TEC237,Metal-staple ceramic repair,riveting,technique,Things,F1.8,AS-CHN,,,,"In China broken ceramics ""were typically mended with metal staples"", where Japan used gold lacquer.",drilling;metal staples,bowl,food and storage,the Met,the menders,none,Met Open Access (public domain),R3,F1.22a,high,Source: Met 48373 (https://www.metmuseum.org/art/collection/search/48373); F1.22a spec claim 2. links: TEC223
TEC238,Ekh esgii (mother felt),mother felt,technique,Things,F1.12a,AS-CEN,,,,"New Mongolian felt is shaped on an old sheet, the ekh esgii (""mother felt""), made by families together in late summer.",felt making,felt,shelter,"National Center for Cultural Heritage, Mongolia",,living-community,link-out (NCCH),R3,F1.22a,medium,Source: https://ncch.gov.mn/ich?ItemID=14; F1.22a spec claim 7. Single source. links: TEC100
TEC239,Life-casting,,technique,Things,F1.11,EU-WCE,1579,,"Ms. Fr. 640, c. 1579–88","Casting moulds from living animals and plants; Smith and Beentjes argue it was ""viewed in part as a means to the knowledge of nature"".",mould making;metal casting,cast,rule and display,Smith and Beentjes (2010),,none,link-out (journal),R3,F1.28a,high,Source: https://www.journals.uchicago.edu/doi/10.1086/652535; F1.28a spec claim 6. links: TEC058; PER396
TEC240,Apocryphal reign mark,,technique,Things,F1.8,AS-CHN,1662,1722,Kangxi copies 1662–1722,"Potters wrote an earlier reign's mark on later wares, as Kangxi pieces carry ""Da Ming Chenghua nian zhi""; Cleveland calls the mark ""apocryphal"".",underglaze inscription,porcelain,record and writing,Cleveland,the potters and painters of both reigns,none,Cleveland Museum of Art Open Access (CC0),R3,F1.30,high,Source: https://openaccess-api.clevelandart.org/api/artworks/1957.61; https://openaccess-api.clevelandart.org/api/artworks/1964.218; F1.30 spec claim 8. Why they used the older mark is interpretive. links: PRD107; PRD102
