id,name,other_names,kind,family,world,sub_regions,start,end,date_note,making_significance,materials_techniques,object_types,functions,defined_by,leaves_out,sensitivity,free_sources,tier,units,confidence,notes
PRD001,Predynastic period (Egypt),Naqada period (Upper Egypt); Neolithic and Chalcolithic Egypt,period,Time,F1.6,AF-EGY,-5300,-3000,conventional; after Shaw 2000,"Naqada and Lower Egyptian communities made painted pottery, stone vessels, palettes and ivory work that set the craft base of the pharaonic state.",painted pottery;stone vessel drilling;flint knapping,palette;stone vessel;ripple-flaked knife,food and storage;ritual and belief,"Egyptologists (Petrie's sequence dating, refined by Kaiser and Hendrickx)",Nubian and desert neighbours; the unnamed village makers,funerary,PeriodO (period gazetteer; link-out); Met Open Access (CC0); Cleveland Museum of Art Open Access (CC0); Wikimedia Commons,R3,F1.30,high,links: ARC013; ARC014; ARC015.
PRD002,Early Dynastic Period (Egypt),Archaic Period; Dynasties 1–2,period,Time,F1.6,AF-EGY,-3000,-2686,conventional; after Shaw 2000,"The first dynasties organised royal workshops for stone vessels, copper tools, ivory and furniture found in the royal tombs at Abydos and Saqqara.",stone vessel making;copper working;ivory carving,stone vessel;label;furniture,rule and display;record and writing,Egyptologists (Manetho's dynasties as modern chronological units),non-royal Egyptians and the retainers buried with kings,funerary,PeriodO (period gazetteer; link-out); Met Open Access (CC0); Wikimedia Commons,R3,F1.30,high,links: DYN001; POL001; INV002.
PRD003,Old Kingdom (Egypt),Pyramid Age; Dynasties 3–6,period,Time,F1.6,AF-EGY,-2686,-2160,conventional; after Shaw 2000,"State-organised crews quarried, moved and dressed stone for pyramids, while tomb workshops produced statuary and relief on a new scale.",quarrying;stone dressing;relief carving,pyramid;statue;tomb relief,ritual and belief;rule and display;shelter,Egyptologists; the term was set in 19th-century German Egyptology (Bunsen),"the workers' own view, known from Giza workers' town and graffiti of crews",funerary,PeriodO (period gazetteer; link-out); Met Open Access (CC0); Cleveland Museum of Art Open Access (CC0); Wikimedia Commons,R2,F1.30;F1.23,high,links: DYN002.
PRD004,First Intermediate Period (Egypt),Dynasties 7–11 (early),period,Time,F1.6,AF-EGY,-2160,-2055,conventional; after Shaw 2000,"With royal power divided, provincial workshops made their own styles of coffins, stelae and models.",wood carving;painting,coffin;stele;tomb model,ritual and belief,Egyptologists,"the provincial makers the ""decline"" label devalues",funerary,PeriodO (period gazetteer; link-out); Met Open Access (CC0),R3,F1.30;F1.3,high,"""Intermediate"" frames it as a gap; many scholars now stress regional creativity."
PRD005,Middle Kingdom (Egypt),Dynasties 11 (late)–13,period,Time,F1.6,AF-EGY,-2055,-1650,conventional; after Shaw 2000,"Middle Kingdom workshops produced jewellery, block statues and coffins that later Egyptians treated as a classical model.",goldsmithing;faience;stone sculpture,pectoral;block statue;coffin,clothing and adornment;ritual and belief,Egyptologists,Nubians under Egyptian fortress control,funerary,PeriodO (period gazetteer; link-out); Met Open Access (CC0); Cleveland Museum of Art Open Access (CC0),R2,F1.30,high,links: DYN003.
PRD006,Second Intermediate Period (Egypt),Hyksos period; Dynasties 13–17,period,Time,F1.6,AF-EGY,-1650,-1550,conventional; after Shaw 2000,"Hyksos rulers in the Delta and Kerma power to the south brought horses, chariots and Levantine bronze-working into Egypt.",bronze casting;chariot making,chariot;scarab;dagger,war;transport,Egyptologists,the Levantine and Nubian people cast as invaders,none,PeriodO (period gazetteer; link-out); Met Open Access (CC0),R3,F1.30;F1.3,high,links: ARC019; POL002.
PRD007,New Kingdom (Egypt),Dynasties 18–20,period,Time,F1.6,AF-EGY,-1550,-1069,conventional; after Shaw 2000,"Royal and temple workshops, and the village of Deir el-Medina, produced tomb painting, glass, faience and furniture for an imperial state reaching from Nubia to the Levant.",glass;faience;painting;woodworking,tomb painting;glass vessel;chair,rule and display;ritual and belief,Egyptologists,captive and tribute labour from Nubia and the Levant,funerary;human-flow,PeriodO (period gazetteer; link-out); Met Open Access (CC0); Cleveland Museum of Art Open Access (CC0); Wikimedia Commons,R2,F1.30;F1.23,high,links: DYN004; DYN005; INV026.
PRD008,Amarna period (Egypt),reign of Akhenaten and successors,period,Time,F1.6,AF-EGY,-1353,-1336,approx.; Akhenaten's reign,"Akhenaten's court at Amarna changed royal art, and the excavated workshop of Thutmose shows how portrait sculpture was made.",stone sculpture;plaster casting,bust;relief;talatat,rule and display;ritual and belief,Egyptologists,"the Amarna workers' cemeteries, which show hard labour",funerary,PeriodO (period gazetteer; link-out); Met Open Access (CC0); Wikimedia Commons,R3,F1.30,high,links: STY082.
PRD009,Third Intermediate Period (Egypt),Dynasties 21–25,period,Time,F1.6,AF-EGY,-1069,-664,conventional; after Shaw 2000,Divided rule by Libyan and Kushite dynasties saw fine bronze statuary and reused tomb goods.,bronze casting;inlay,bronze statue;coffin,ritual and belief,"Egyptologists (term popularised by Kenneth Kitchen, 1972)",Libyan and Kushite rulers labelled as foreign,funerary,PeriodO (period gazetteer; link-out); Met Open Access (CC0),R3,F1.30;F1.3,high,links: DYN006.
PRD010,Late Period (Egypt),Dynasties 26–31,period,Time,F1.6,AF-EGY,-664,-332,conventional; after Shaw 2000,"Saite rulers revived Old Kingdom styles, and workshops mass-produced bronze votive figures and animal mummies.",bronze casting;archaism,votive bronze;shabti,ritual and belief,Egyptologists,"the Persian rulers of Egypt, often erased from narratives",funerary;sacred,PeriodO (period gazetteer; link-out); Met Open Access (CC0); Cleveland Museum of Art Open Access (CC0),R3,F1.30,high,links: DYN007.
PRD011,Ptolemaic period (Egypt),Hellenistic Egypt,period,Time,F1.6;F1.11,AF-EGY,-332,-30,conventional,"Greek and Egyptian workshops worked side by side, making temples in Egyptian style and Alexandrian glass, faience and portraits.",glass;faience;temple building,temple;portrait;glass vessel,rule and display;ritual and belief,Egyptologists and classicists,the Egyptian majority behind Greek-centred accounts,none,PeriodO (period gazetteer; link-out); Met Open Access (CC0); Wikimedia Commons,R3,F1.30,high,links: POL119; CIV068.
PRD012,Roman and Byzantine Egypt,Roman period (Egypt),period,Time,F1.6;F1.11,AF-EGY,-30,641,30 BCE–641 CE,"Egypt supplied grain and made linen, papyrus and painted mummy portraits, and later Coptic textiles.",encaustic painting;linen weaving;tapestry,mummy portrait;tunic;papyrus,clothing and adornment;record and writing;ritual and belief,historians and papyrologists,the rural population known mainly through tax records,funerary,PeriodO (period gazetteer; link-out); Met Open Access (CC0); Cleveland Museum of Art Open Access (CC0); Wikimedia Commons,R3,F1.30,high,"links: POL120; STY083. ""Coptic period"" is a contested alternative label."
PRD013,Napatan period (Kush),Napatan phase,period,Time,F1.6,AF-NUB,-750,-270,approx.,"Kushite kings at Napata built pyramids and temples and made bronze, gold and faience in forms that blended Egyptian and local traditions.",bronze casting;goldsmithing;pyramid building,pyramid;shabti;statue,ritual and belief;rule and display,Nubiologists (Reisner's excavations and later chronology),Nubian self-definition beyond Egyptian models,funerary,PeriodO (period gazetteer; link-out); Met Open Access (CC0); Wikimedia Commons,R3,F1.30,high,links: POL003; DYN006; CIV002.
PRD014,Meroitic period (Kush),Meroitic phase,period,Time,F1.6,AF-NUB,-270,350,approx.; start debated,"Kushite rulers based at Meroë smelted iron, wrote in Meroitic script and made painted pottery and gold jewellery.",iron smelting;painted pottery;goldsmithing,pottery;jewellery;pyramid,record and writing;clothing and adornment,Nubiologists,"Meroitic, still only partly read",funerary,PeriodO (period gazetteer; link-out); Met Open Access (CC0); Wikimedia Commons,R3,F1.30,high,links: POL003.
PRD015,Medieval (Christian) Nubian period,Christian Nubia,period,Time,F1.6,AF-NUB,550,1500,approx.,"Christian kingdoms of Nobadia, Makuria and Alwa painted church murals, made manuscripts and fine painted pottery.",wall painting;pottery;manuscript,church mural;pottery,ritual and belief,Nubiologists; Polish excavations at Faras,Nubian Muslims and the gradual change after 1300,sacred,PeriodO (period gazetteer; link-out); Wikimedia Commons,R3,F1.30,high,links: POL004.
PRD016,Earlier Stone Age (Africa),ESA,period,Time,F1.6,GL,-3300000,-300000,approx.; ends at different times by region,"The ESA covers the earliest known stone tools, from Lomekwian and Oldowan flakes to Acheulean hand axes.",stone knapping,flake;hand axe;cleaver,tools,Goodwin and van Riet Lowe (1929) for southern Africa,the hominin makers who were not Homo sapiens,none,PeriodO (period gazetteer; link-out); open-access excavation reports; Smithsonian Open Access (CC0 where designated),R3,F1.30,high,links: ARC001; ARC002; ARC003; INV139; INV140.
PRD017,Middle Stone Age (Africa),MSA,period,Time,F1.6,GL,-300000,-40000,"approx.; ends regionally c. 50,000–25,000 years ago","The MSA saw prepared-core tools, ochre use, shell beads and engraved pieces associated with early Homo sapiens.",prepared-core knapping;ochre processing;bead making,point;shell bead;engraved ochre,tools;clothing and adornment,Goodwin and van Riet Lowe (1929),"the Eurocentric ""Upper Palaeolithic revolution"" frame it challenged",none,PeriodO (period gazetteer; link-out); open-access excavation reports,R3,F1.30,high,links: ARC004. Period row; ARC004 is the technocomplex.
PRD018,Later Stone Age (Africa),LSA,period,Time,F1.6,AF-SOU;AF-SWA;AF-CEN;AF-GUI,-50000,1900,"approx.; start c. 50,000–20,000 years ago by region; continues into the recent past","The LSA covers microlithic tools, ostrich-eggshell beads and rock art made by hunter-gatherers, in some places into the 19th century.",microlith;ostrich-eggshell bead making;rock painting,bead;rock art;bow,tools;clothing and adornment;ritual and belief,Goodwin and van Riet Lowe (1929),"the living San and other descendants, framed as ""prehistoric""",Indigenous-community,PeriodO (period gazetteer; link-out); open-access excavation reports,R3,F1.30;F1.3,high,links: ARC009. The ESA/MSA/LSA scheme was built to avoid European terms.
PRD019,African Humid Period,Green Sahara,period,Time,F1.6;THEME,AF-SAH;AF-MAG;AF-EGY,-12500,-3500,"approx.; end time-transgressive, c. 6,000–4,500 years ago","A wetter Sahara supported fishing, herding and early pottery, and its drying pushed people towards the Nile and the Sahel.",pottery;bone harpoon;herding,pottery;harpoon;rock art,food and storage,palaeoclimatologists,regional variation hidden by one label,none,"PeriodO (period gazetteer; link-out); open-access journals (DOAJ, SciELO, Persée)",R3,F1.30;F1.22,high,links: INV022; ARC012.
PRD020,Pastoral period (Saharan rock art),Bovidian period,period,Time,F1.6,AF-SAH;AF-MAG,-5000,-2000,approx.,Paintings and engravings of cattle herds and camp scenes record herding life in the green Sahara.,rock painting;rock engraving,painting,ritual and belief;food and storage,"rock art scholars (Lhote, Mori)",the herders' own descendants and regional variation,sacred;Indigenous-community,Wikimedia Commons; open-access excavation reports,R3,F1.30,medium,
PRD021,Camel period (Saharan rock art),Cameline period,period,Time,F1.6,AF-SAH;AF-MAG,-200,1900,approx.; continues into recent times,Images of camels and Tifinagh inscriptions mark the camel's arrival in the Sahara and the trans-Saharan routes.,rock engraving;Tifinagh inscription,engraving,transport;record and writing,rock art scholars,the Tuareg and other living descendants,Indigenous-community,Wikimedia Commons; open-access excavation reports,R3,F1.30,medium,links: NET010; INV073.
PRD022,Early Iron Age (eastern and southern Africa),EIA; Chifumbaze complex,period,Time,F1.6,AF-SWA;AF-SOU;AF-CEN,-500,1000,c. 500 BCE in the Great Lakes; c. 200–1000 CE in southern Africa,"Farming communities smelted iron, made comb-stamped pottery and kept cattle, associated with Bantu-speaking expansions.",iron smelting;pottery;farming,pottery;iron hoe,tools;food and storage,archaeologists (Phillipson; Huffman),foragers who were already there; the language labels,none,PeriodO (period gazetteer; link-out); open-access excavation reports,R3,F1.30,high,links: ARC023; HOR016; INV087.
PRD023,Later Iron Age (southern Africa),LIA,period,Time,F1.6,AF-SOU,1000,1850,approx.,"Later farming states such as Mapungubwe and Great Zimbabwe built stone enclosures, worked gold and traded to the coast.",dry-stone walling;gold working;cotton spinning,stone enclosure;gold rhino;spindle whorl,shelter;exchange and value,archaeologists (Huffman),oral histories of the descendant communities,none,PeriodO (period gazetteer; link-out); open-access excavation reports; Zamani Project (link-out),R3,F1.30,high,links: ARC040; ARC041; POL014; POL015.
PRD024,Aksumite period,Aksumite era,period,Time,F1.6,AF-HRN,50,700,approx.,"Aksum made stone stelae, gold coins with Ge'ez inscriptions and churches, trading via Adulis.",stone carving;coin minting;building,stele;coin,rule and display;exchange and value,Ethiopianists and archaeologists,the pre-Aksumite and later Ethiopian periods,none,PeriodO (period gazetteer; link-out); Wikimedia Commons,R3,F1.30,high,links: POL006; CIV003.
PRD025,Gondarine period (Ethiopia),Gondar period,period,Time,F1.6,AF-HRN,1632,1769,approx.,"The royal capital at Gondar built castles and churches and supported painting in a distinctive ""Gondarine"" style.",church painting;castle building,church painting;manuscript,ritual and belief;rule and display,Ethiopianists,non-Amhara Ethiopians,sacred,Wikimedia Commons; British Library Endangered Archives Programme,R3,F1.30,high,links: SCH010.
PRD026,Atlantic era (West and Central Africa),era of the Atlantic trade,period,Time,F1.6;F1.13,AF-GUI;AF-CEN;AF-SAH,1450,1850,approx.,"European ships brought cloth, beads, metals and guns, and the trafficking of enslaved people reshaped states, crafts and trade in West and Central Africa.",brass casting;weaving;bead trade,manilla;cloth;bead,exchange and value,historians of Africa,"African agency, seen too often only as reaction",human-flow,SlaveVoyages (historical data public domain); PeriodO (period gazetteer; link-out),R2,F1.30;F1.13,high,links: NET034; NET035; NET015.
PRD027,Mfecane,Difaqane,period,Time,F1.6,AF-SOU,1815,1840,approx.,"A period of wars and migrations in southern Africa is linked with the rise of the Zulu kingdom, though the term is contested.",none specific,none specific,war,historians (Omer-Cooper 1966; challenged by Cobbing 1988),colonial and slave-raiding pressures,human-flow,PeriodO (period gazetteer; link-out),R3,F1.30;F1.3,medium,Contested label; links: POL017.
PRD028,Colonial period (Africa),colonial era,period,Time,F1.6,GL,1885,1975,approx.; ends by region,"Colonial rule brought mission schools, forced labour and new markets that shaped carving, weaving and metalwork.",none specific,none specific,rule and display,historians,African continuities through the period,human-flow,PeriodO (period gazetteer; link-out),R3,F1.30;F1.3,high,
PRD029,Nahda,Arab Renaissance,period,Time,F1.10,AF-EGY;WA-LEV,1850,1914,approx.,"The Arabic cultural revival brought printing, journals and new styles of type and design.",printing;typography,newspaper;book,record and writing,historians of the Arab world,non-urban and non-elite Arabs,none,PeriodO (period gazetteer; link-out); Digital Library of the Middle East,R3,F1.30,high,
PRD030,Ubaid period,Ubaid,period,Time,F1.9a,WA-MES;WA-ARB,-6500,-3800,approx.,"Ubaid villages made painted buff pottery, clay sickles and mud-brick temples that spread from southern Mesopotamia to the Gulf.",painted pottery;mud brick,pottery;clay sickle,food and storage;shelter,Near Eastern archaeologists (named after Tell al-'Ubaid; 1930 Baghdad conference),the Gulf coast communities treated as periphery,none,PeriodO (period gazetteer; link-out); Met Open Access (CC0); open-access excavation reports,R3,F1.30,high,links: ARC053. Period row; ARC053 is the culture.
PRD031,Uruk period,Uruk,period,Time,F1.9a,WA-MES;WA-IRN;WA-ANA,-4000,-3100,approx.,"Uruk-period cities used mass-produced bevelled-rim bowls, cylinder seals and the first proto-cuneiform tablets to organise labour and goods.",mass-produced pottery;seal carving;writing,bevelled-rim bowl;cylinder seal;tablet,record and writing;food and storage,Near Eastern archaeologists (1930 Baghdad conference),the workers paid in rations,human-flow,PeriodO (period gazetteer; link-out); Cuneiform Digital Library Initiative (link-out); Met Open Access (CC0),R2,F1.30;F1.5,high,links: ARC054; HOR010; INV001; INV172. Ration labour flagged as human-flow.
PRD032,Early Dynastic period (Mesopotamia),ED I–III,period,Time,F1.9a,WA-MES,-2900,-2350,approx.,"Sumerian city-states made the Royal Tombs of Ur's gold, lapis and shell inlay work, votive statues and inscribed monuments.",goldsmithing;shell inlay;statue carving,lyre;votive statue;standard,ritual and belief;rule and display;play and music,Assyriologists (Frankfort's Diyala sequence),the retainers buried in the Ur royal tombs,funerary,PeriodO (period gazetteer; link-out); Cuneiform Digital Library Initiative (link-out); Met Open Access (CC0),R2,F1.30,high,links: POL092; CIV056; NET018.
PRD033,Akkadian period,Sargonic period,period,Time,F1.9a,WA-MES,-2334,-2154,Middle Chronology,"The Akkadian kings commissioned victory stelae, cast copper heads and fine seals.",copper casting;seal carving;relief,stele;seal;bust,rule and display,Assyriologists,the conquered cities,none,PeriodO (period gazetteer; link-out); Cuneiform Digital Library Initiative (link-out); Met Open Access (CC0),R3,F1.30,high,links: POL093.
PRD034,Ur III period,Neo-Sumerian period,period,Time,F1.9a,WA-MES,-2112,-2004,Middle Chronology,Ur III kings ran state textile and craft workshops recorded on tens of thousands of tablets.,weaving;accounting,tablet;textile,record and writing;clothing and adornment,Assyriologists,the women weavers and dependent labourers in the tablets,human-flow,PeriodO (period gazetteer; link-out); Cuneiform Digital Library Initiative (link-out),R2,F1.30;F1.23,high,links: POL094; INS092.
PRD035,Old Babylonian period,Old Babylonian,period,Time,F1.9a,WA-MES,-1894,-1595,Middle Chronology,Hammurabi's Babylon issued a law code with wages and liability for builders and craftsmen.,stele carving;writing,stele;tablet,record and writing,Assyriologists,the enslaved people named in the code,human-flow,PeriodO (period gazetteer; link-out); Cuneiform Digital Library Initiative (link-out),R2,F1.30,high,links: POL095; TXT038.
PRD036,Kassite period,Middle Babylonian period,period,Time,F1.9a,WA-MES,-1595,-1155,Middle Chronology,"Kassite rulers made glass, moulded brick facades and boundary stones (kudurru).",glass;moulded brick,kudurru;glass,record and writing;rule and display,Assyriologists,the Kassite language and origins,none,PeriodO (period gazetteer; link-out); Cuneiform Digital Library Initiative (link-out),R3,F1.30,high,links: TXT039.
PRD037,Neo-Assyrian period,Neo-Assyrian,period,Time,F1.9a,WA-MES,-911,-609,approx.,"Assyrian palaces were lined with carved reliefs and filled with ivory furniture, much of it taken as tribute and booty from Levantine workshops.",relief carving;ivory carving,relief;ivory,rule and display,Assyriologists,"the craftsmen, including deportees, and the Levantine workshops whose ivories came as tribute and booty",human-flow;conflict-looting,PeriodO (period gazetteer; link-out); Met Open Access (CC0); Cuneiform Digital Library Initiative (link-out),R2,F1.30,high,links: POL096; STY169.
PRD038,Neo-Babylonian period,Neo-Babylonian,period,Time,F1.9a,WA-MES,-626,-539,approx.,"Neo-Babylonian kings rebuilt Babylon with glazed-brick gates and processional ways such as the Ishtar Gate, using deported craftsmen among others.",glazed brick,gate,shelter;rule and display,Assyriologists,the Judaean and other deported communities,human-flow,PeriodO (period gazetteer; link-out); Met Open Access (CC0),R3,F1.30,high,links: POL097.
PRD039,Middle Elamite period,Middle Elamite,period,Time,F1.9a,WA-IRN,-1500,-1100,approx.,"Middle Elamite kings built the ziggurat at Chogha Zanbil and made glazed bricks, bronze statues and glass.",glazed brick;bronze casting;glass,ziggurat;statue,ritual and belief;rule and display,Elamologists,the builders of Chogha Zanbil,none,PeriodO (period gazetteer; link-out); Wikimedia Commons,R3,F1.30,high,links: POL098; OCC005.
PRD040,Iron Age I–III (western Iran),Young's Iron Age scheme,period,Time,F1.9a,WA-IRN,-1450,-550,Iron I c. 1450–1100; II c. 1100–800; III c. 800–550 BCE,"The sequence covers grey-ware cemeteries, Hasanlu's gold bowl and the Luristan and Marlik bronzes.",grey ware;bronze casting;goldsmithing,gold bowl;bronze finial;grey ware,ritual and belief;war,"archaeologists (T. Cuyler Young Jr, 1965; Dyson at Hasanlu)",objects looted from unrecorded sites,funerary;conflict-looting,PeriodO (period gazetteer; link-out); Met Open Access (CC0); open-access excavation reports,R3,F1.30,medium,links: ARC057; ARC058; STY097.
PRD041,Chalcolithic (Southern Levant),Ghassulian period,period,Time,F1.9a,WA-LEV,-4500,-3600,approx.,"Makers in the Southern Levant cast complex copper objects by lost wax, as in the Nahal Mishmar hoard, and made ivory figurines and churns.",lost-wax casting;arsenical copper;ivory carving,crown;mace head;churn,ritual and belief,Levantine archaeologists,the herders and villages outside the big sites,none,PeriodO (period gazetteer; link-out); open-access excavation reports; Wikimedia Commons,R3,F1.30,high,links: ARC055; INV079.
PRD042,Early Bronze Age (Southern Levant),EB I–IV,period,Time,F1.9a;F1.6,WA-LEV,-3600,-2000,approx.; EB IV (Intermediate Bronze Age) c. 2500–2000,"Walled towns grew with trade in wine, oil and copper to Egypt, and EB IV saw a return to village life.",pottery;copper working;olive oil pressing,jar;copper tool,food and storage;exchange and value,Levantine archaeologists (Albright tradition),"the pastoral groups of EB IV cast as ""nomads""",none,PeriodO (period gazetteer; link-out); open-access excavation reports,R3,F1.30,high,
PRD043,Middle Bronze Age (Levant),MB I–III,period,Time,F1.9a,WA-LEV,-2000,-1550,approx.; subdivisions and labels vary,"Canaanite city-states built rampart towns and made fast-wheel pottery, tin bronze and ivory furniture fittings.",fast wheel pottery;tin bronze;ivory carving,pottery;dagger;ivory inlay,shelter;war,Levantine archaeologists,competing MB labelling systems (MB I vs MB IIA),none,PeriodO (period gazetteer; link-out); open-access excavation reports; Met Open Access (CC0),R3,F1.30,high,
PRD044,Late Bronze Age (Levant),LB I–II,period,Time,F1.9a;F1.13,WA-LEV;WA-ANA,-1550,-1200,approx.,"Levantine ports such as Ugarit traded copper, tin, glass and purple dye across the eastern Mediterranean, and alphabetic scripts spread.",glass;purple dyeing;ivory carving;alphabet,glass ingot;ivory;tablet,exchange and value;record and writing,Levantine archaeologists,the collapse narrative's focus on elites,none,PeriodO (period gazetteer; link-out); open-access excavation reports; Met Open Access (CC0),R2,F1.30;F1.13,high,links: POL100; NET020; INV007.
PRD045,Iron Age (Levant),Iron I–II,period,Time,F1.9a,WA-LEV,-1200,-586,approx.; end at the Babylonian conquest of Judah,"Small kingdoms such as Israel, Judah, Moab and the Phoenician cities made ivories, inscribed seals and pottery.",ivory carving;seal carving;pottery,ivory;seal;pottery,record and writing;rule and display,Levantine and biblical archaeologists,the politics of biblical archaeology and whose sites get dug,none,PeriodO (period gazetteer; link-out); open-access excavation reports; Met Open Access (CC0),R3,F1.30;F1.3,high,links: POL102; STY169.
PRD046,Early Bronze Age (Anatolia),EBA Anatolia,period,Time,F1.9a,WA-ANA,-3000,-2000,approx.,"Anatolian workshops made the Troy ""treasures"" and the Alaca Höyük standards in gold, silver and bronze.",goldsmithing;bronze casting,standard;jewellery,ritual and belief;rule and display,Anatolian archaeologists,the looted and dispersed finds,funerary;conflict-looting,PeriodO (period gazetteer; link-out); open-access excavation reports; Wikimedia Commons,R3,F1.30,high,
PRD047,Assyrian Colony period (Anatolia),Kārum period,period,Time,F1.9a;F1.13,WA-ANA,-1970,-1700,approx.,"Assyrian merchants at Kanesh traded tin and textiles for Anatolian silver, and local potters made beak-spouted jugs and animal vessels.",wheel pottery;trade,beak-spouted jug;rhyton,exchange and value,Anatolian archaeologists and Assyriologists,the Anatolian majority in Kanesh,none,PeriodO (period gazetteer; link-out); Cuneiform Digital Library Initiative (link-out),R3,F1.30,high,links: NET017; INS093.
PRD048,Iron Age (Anatolia),Anatolian Iron Age,period,Time,F1.9a,WA-ANA,-1200,-550,approx.,"Phrygian, Neo-Hittite, Urartian and Lydian states made inlaid wooden furniture, bronze cauldrons and the first coins.",woodworking;bronze casting;coin minting,furniture;cauldron;coin,shelter;exchange and value,Anatolian archaeologists,non-state groups,none,PeriodO (period gazetteer; link-out); open-access excavation reports; Met Open Access (CC0),R3,F1.30,high,links: POL103; POL104; INV169.
PRD049,Iron Age (southeastern Arabia),Iron Age II falaj period,period,Time,F1.9a,WA-ARB,-1300,-300,approx.,"Communities in Oman and the UAE dug falaj channels, and made soft-stone vessels and bronze weapons.",falaj building;soft-stone carving;bronze casting,vessel;dagger,food and storage,Gulf archaeologists,the pastoral groups of the interior,none,PeriodO (period gazetteer; link-out); open-access excavation reports,R3,F1.30,high,links: INV137.
PRD050,Late Pre-Islamic period (Arabia),PIR period,period,Time,F1.9a,WA-ARB,-300,630,approx.,"Arabian towns such as Mleiha and ed-Dur minted coins, made glass and traded with Rome, Parthia and India.",coin minting;glass;trade,coin;glass,exchange and value,Gulf archaeologists,nomadic and non-literate groups,none,PeriodO (period gazetteer; link-out); open-access excavation reports,R3,F1.30,medium,
PRD051,Jahiliyya,Age of Ignorance,period,Time,F1.10;F1.9a,WA-ARB,-500,610,contested label,"Islamic tradition uses the label for pre-Islamic Arabia, hiding the written, built and crafted cultures of Saba, Nabataea and others.",none specific,none specific,ritual and belief,Islamic historiography,the pre-Islamic Arabian makers,none,PeriodO (period gazetteer; link-out),R3,F1.30;F1.3,high,Contested label; links: POL112; POL113.
PRD052,Late Bronze–Early Iron Age (South Caucasus),Lchashen–Metsamor,period,Time,F1.9a,WA-CAU,-1500,-800,approx.,"South Caucasian communities made bronze belts, wagons and weapons found in Lchashen and Metsamor burials.",bronze casting;wagon building,belt;wagon;dagger,transport;war,Caucasus archaeologists,the regional terminology,funerary,PeriodO (period gazetteer; link-out); open-access excavation reports,R3,F1.30,medium,
PRD053,Early Cycladic period,EC I–III,period,Time,F1.11,EU-GRR,-3200,-2000,approx.,"Cycladic islanders carved marble figurines and vessels and made longboats, known mostly from looted graves.",marble carving;obsidian working,figurine;vessel,ritual and belief,Aegean archaeologists (Tsountas; Renfrew),the context lost to looting driven by the modern art market,funerary;conflict-looting,PeriodO (period gazetteer; link-out); Met Open Access (CC0); Wikimedia Commons,R3,F1.30;F1.24,high,links: CIV076.
PRD054,Middle Minoan period,MM I–III,period,Time,F1.11,EU-GRR,-2000,-1600,approx.,The first palaces made eggshell-thin Kamares ware on the fast wheel and early Cretan scripts.,fast-wheel pottery;writing,Kamares ware;seal,food and storage;record and writing,Arthur Evans,non-palatial Crete,none,PeriodO (period gazetteer; link-out); open-access excavation reports; Met Open Access (CC0),R3,F1.30,high,links: POL115.
PRD055,Late Minoan period,LM I–III,period,Time,F1.11,EU-GRR,-1600,-1100,approx.,"Later palaces made frescoes, marine-style pots and Linear A, then Linear B tablets under Mycenaean control.",fresco;pottery;writing,fresco;marine-style jar;tablet,ritual and belief;record and writing,Arthur Evans,"Evans's reconstructions, now debated",none,PeriodO (period gazetteer; link-out); open-access excavation reports; Wikimedia Commons,R3,F1.30;F1.28a,high,
PRD056,Late Helladic period,Mycenaean period,period,Time,F1.11,EU-GRR,-1600,-1100,approx.,"Mycenaean palaces ran workshops for bronze, perfume, textiles and chariot parts recorded in Linear B.",bronze;perfume;Linear B,tablet;armour;stirrup jar,record and writing;war,Wace and Blegen (1918),the workers recorded in Linear B,human-flow,PeriodO (period gazetteer; link-out); open-access excavation reports; Met Open Access (CC0),R2,F1.30;F1.23,high,links: POL116; CIV075.
PRD057,Early Iron Age (Greece),"Greek ""Dark Age""",period,Time,F1.11,EU-GRR,-1100,-750,contested label,"After the palace collapse, iron working spread and Lefkandi shows wealth and long-distance trade.",iron smelting;pottery,protogeometric pottery,tools,classical archaeologists,"the ""dark"" label, contradicted by finds",none,PeriodO (period gazetteer; link-out); open-access excavation reports,R3,F1.30;F1.3,high,Contested label.
PRD058,Geometric period (Greece),Protogeometric and Geometric,period,Time,F1.11,EU-GRR,-1050,-700,approx.,"Athenian potters made large geometric grave markers, and the alphabet was adapted.",pottery painting;alphabet,amphora;krater,ritual and belief;record and writing,classical archaeologists,non-Attic workshops,funerary,PeriodO (period gazetteer; link-out); Met Open Access (CC0),R3,F1.30,high,links: STY001.
PRD059,Archaic period (Greece),Archaic Greece,period,Time,F1.11,EU-GRR,-800,-480,approx.; start variously 776 or c. 700 BCE; end 480 BCE,"Greek city-states built stone temples, carved kouroi and korai, and Corinthian and Athenian potters developed black-figure painting for export.",marble carving;black-figure painting;bronze casting,kouros;amphora;temple,ritual and belief;exchange and value,classical archaeologists and art historians,"the Phoenician, Egyptian and Anatolian sources of many techniques",none,PeriodO (period gazetteer; link-out); Met Open Access (CC0); Cleveland Museum of Art Open Access (CC0); Wikimedia Commons,R2,F1.30,high,links: STY003; STY002.
PRD060,Classical period (Greece),Classical Greece,period,Time,F1.11,EU-GRR,-480,-323,conventional; 480 (Persian Wars) to 323 BCE (death of Alexander),"Athenian workshops made red-figure pottery, bronze statues and the Parthenon sculptures, later treated in Europe as the standard of art.",red-figure painting;bronze casting;marble carving,vase;statue;temple sculpture,ritual and belief;rule and display,classicists; Winckelmann's 18th-century ideal,the enslaved and metic workers in Athenian workshops,human-flow,PeriodO (period gazetteer; link-out); Met Open Access (CC0); Cleveland Museum of Art Open Access (CC0); Wikimedia Commons,R2,F1.30;F1.3,high,"links: STY004; POL117. ""Classical"" as norm is a F1.3 topic."
PRD061,Hellenistic period,Hellenistic age,period,Time,F1.11;F1.9a,EU-GRR;WA-ANA;WA-LEV;AF-EGY;WA-IRN,-323,-31,conventional; 323 BCE to Actium (31 BCE),"Kingdoms founded after Alexander spread Greek workshops from Egypt to Bactria, with new work in glass, gems, bronze and mosaic.",mould-blown glass;gem engraving;mosaic,statue;cameo;mosaic,rule and display,"historians (term popularised by J. G. Droysen, 1836)","the Egyptian, Iranian and Indian makers who shaped ""Greek"" art",none,PeriodO (period gazetteer; link-out); Met Open Access (CC0); Cleveland Museum of Art Open Access (CC0); Wikimedia Commons,R2,F1.30,high,links: CIV068; STY005; POL119.
PRD062,Roman Republic,Republican period,period,Time,F1.11,EU-GRR,-509,-27,conventional,"The Republic expanded across the Mediterranean, and conquest brought Greek art, artists and enslaved craftworkers to Rome.",concrete;bronze;wall painting,portrait bust;wall painting,rule and display;war,historians of Rome,the enslaved people who did much of the craft work,human-flow,PeriodO (period gazetteer; link-out); Met Open Access (CC0); Wikimedia Commons,R3,F1.30,high,links: POL120; INV135.
PRD063,Roman Imperial period,Principate and Late Empire,period,Time,F1.11;F1.6;F1.9a,EU-GRR;EU-WCE;EU-BLC;AF-MAG;AF-EGY;WA-LEV;WA-ANA,-27,476,27 BCE to 476 CE in the West; East continues as Byzantium,"Empire-wide workshops made terra sigillata, glass, mosaics and concrete buildings.",terra sigillata;glassblowing;mosaic;concrete,bowl;glass vessel;mosaic,shelter;food and storage,historians of Rome,"provincial makers counted as ""Roman""",human-flow,PeriodO (period gazetteer; link-out); Met Open Access (CC0); Cleveland Museum of Art Open Access (CC0); Wikimedia Commons,R2,F1.30,high,links: POL120; INV027; INV136.
PRD064,Late Antiquity,late antique period,period,Time,F1.11;F1.10;F1.9a,EU-GRR;EU-BYZ;WA-LEV;AF-EGY;WA-IRN,250,750,"approx.; Peter Brown's ""world of late antiquity""","The label treats the late Roman, early Byzantine, Sasanian and early Islamic worlds as a continuous era of silk, mosaic, ivory and manuscript making.",mosaic;ivory carving;silk weaving;codex,mosaic;diptych;codex,ritual and belief;record and writing,Peter Brown (1971) and followers,the Germanic and steppe peoples cast as outsiders,none,PeriodO (period gazetteer; link-out); Met Open Access (CC0); Wikimedia Commons,R2,F1.30;F1.3,high,"Replaces ""decline and fall""; links: OCC020."
PRD065,Early Byzantine period,Early Byzantine,period,Time,F1.11,EU-BYZ;WA-ANA;WA-LEV,330,843,approx.; 330 to the end of Iconoclasm,"Constantinople's workshops made Hagia Sophia, silk textiles, ivories and the earliest surviving icons.",mosaic;silk weaving;icon painting,mosaic;icon;silk,ritual and belief,Byzantinists,"the provinces and the Coptic, Syrian and Armenian makers",sacred,PeriodO (period gazetteer; link-out); Met Open Access (CC0),R3,F1.30,high,links: POL121.
PRD066,Middle Byzantine period,Middle Byzantine,period,Time,F1.11,EU-BYZ;WA-ANA,843,1204,approx.,"After Iconoclasm, enamel, ivory and icon workshops flourished and supplied Rus and Italy.",cloisonné enamel;ivory carving,enamel;icon,ritual and belief,Byzantinists,non-elite makers,sacred,PeriodO (period gazetteer; link-out); Met Open Access (CC0),R3,F1.30,high,links: DYN077.
PRD067,Late Byzantine period,Palaiologan period,period,Time,F1.11,EU-BYZ,1261,1453,approx.; after the Latin occupation 1204–1261,Palaiologan patrons commissioned mosaics and frescoes such as those of the Chora church.,mosaic;fresco,mosaic,ritual and belief,Byzantinists,Latin and Ottoman neighbours,sacred,PeriodO (period gazetteer; link-out); Wikimedia Commons,R3,F1.30,high,links: DYN078.
PRD068,Upper Palaeolithic (Europe),Late Palaeolithic in some traditions,period,Time,F1.11,EU-WCE;EU-IBE;EU-EER,-43000,-10000,approx.,"Upper Palaeolithic people in Europe made cave paintings, carved ivory figurines, bone needles and blade tools.",blade knapping;ivory carving;cave painting,figurine;needle;cave painting,ritual and belief;clothing and adornment;tools,European prehistorians (Lartet and Christy; Breuil; de Mortillet),"older art and ornament from Africa and Asia that the ""creative explosion"" story overlooked",sacred,PeriodO (period gazetteer; link-out); Wikimedia Commons; open-access excavation reports,R3,F1.30;F1.3,high,links: ARC070; ARC071; ARC072; ARC073; INV154.
PRD069,Mesolithic (northern Europe),Mesolithic,period,Time,F1.11,EU-SCA;EU-BLC;EU-WCE,-9700,-4000,"approx.; ends with farming, earlier in the south","Post-glacial hunter-fishers made microliths, dugout canoes, fish traps and antler tools.",microlith;dugout canoe;fish trap,canoe;harpoon;fish trap,food and storage;transport,"European prehistorians (term from Hodder Westropp, 1866; later defined by Grahame Clark and others)",the persistence of foraging alongside farmers,none,PeriodO (period gazetteer; link-out); open-access excavation reports,R3,F1.30,high,links: ARC074; ARC075; INV109.
PRD070,"Three-age system (Stone, Bronze, Iron)",Thomsen's three ages,period,Time,F1.11;THEME,EU-SCA,-10000,1,approx.; defined for Danish collections,"Christian Jürgensen Thomsen arranged the Danish national collection by the material of tools, creating the Stone, Bronze and Iron Age sequence later applied far beyond the region it was built for.",stone;bronze;iron,axe;sword;display case,tools,"C. J. Thomsen (Guide to Northern Antiquities, 1836)","regions where copper, bronze and iron arrived in other orders or not at all (sub-Saharan Africa, Americas, Oceania)",none,PeriodO (period gazetteer; link-out); Internet Archive (public-domain texts),R1,F1.30;F1.3,high,Always give the region when using these ages.
PRD071,Copper Age (Balkans),Chalcolithic / Eneolithic (southeast Europe),period,Time,F1.11,EU-BYZ;EU-EER,-5000,-3500,approx.,Balkan communities mined and smelted copper and made the gold of the Varna cemetery.,copper smelting;goldsmithing;graphite painting,gold ornament;copper axe,clothing and adornment;ritual and belief,Balkan prehistorians,"the ""Old Europe"" label's romantic claims",funerary,PeriodO (period gazetteer; link-out); open-access excavation reports,R3,F1.30,high,links: ARC080; ARC081; INV076; INV078.
PRD072,"Bronze Age (Central Europe, Reinecke)",Bz A–D; Hallstatt A–B,period,Time,F1.11,EU-WCE,-2200,-800,approx.,"Reinecke's scheme dates Central European bronze hoards, weapons and ornaments by type.",bronze casting;hoarding,sword;axe;ornament,war;exchange and value,Paul Reinecke (from 1902),the people behind the types,none,PeriodO (period gazetteer; link-out); Europeana (per-item rights),R3,F1.30,high,links: ARC089; ARC092; NET026.
PRD073,Bronze Age (Britain and Ireland),British Bronze Age,period,Time,F1.11,EU-BLC,-2500,-800,approx.,"Metalworkers in Britain and Ireland made gold lunulae, bronze axes and beakers, trading tin and copper.",goldsmithing;bronze casting;tin mining,lunula;axe;beaker,clothing and adornment;tools,British prehistorians,the continental migrants shown by aDNA,none,PeriodO (period gazetteer; link-out); open-access excavation reports; Wikimedia Commons,R3,F1.30,high,links: HOR011; NET026.
PRD074,Migration Period,Völkerwanderung,period,Time,F1.11,EU-WCE;EU-SCA;EU-BYZ,375,568,approx.,Migrating groups carried garnet cloisonné and animal-style metalwork across Europe.,garnet cloisonné;gold casting,brooch;bracteate,clothing and adornment,German and Scandinavian historians,the Roman population who stayed,none,PeriodO (period gazetteer; link-out); Met Open Access (CC0); Europeana (per-item rights),R3,F1.30;F1.3,high,links: STY008.
PRD075,Viking Age,Viking period,period,Time,F1.11;F1.13,EU-SCA;EU-BLC;EU-EER,793,1066,conventional,"Norse traders, raiders and settlers made ships, silver hoards and animal-style art from Kyiv to Greenland.",shipbuilding;silverwork,ship;brooch;hoard,transport;exchange and value,Scandinavian historians,"Sámi, Slavic and other partners",none,PeriodO (period gazetteer; link-out); Europeana (per-item rights),R2,F1.30,high,links: CIV080; STY159.
PRD076,Anglo-Saxon period,early medieval England,period,Time,F1.11,EU-BLC,410,1066,conventional,"Early English kingdoms made the Sutton Hoo gold and garnet work, the Lindisfarne Gospels and opus anglicanum embroidery.",goldsmithing;garnet cloisonné;illumination;embroidery,buckle;gospel book;embroidery,ritual and belief;clothing and adornment,English historians,"the Britons and later Norse; the term's use by white-supremacist groups has led many scholars to prefer ""early medieval England""",none,PeriodO (period gazetteer; link-out); Wikimedia Commons; British Library public-domain images (Flickr Commons),R3,F1.30;F1.3,high,Contested label; links: POL122; STY009.
PRD077,Reconquista,"""reconquest"" of Iberia",period,Time,F1.11;F1.10,EU-IBE,718,1492,contested label; traditional start at Covadonga (c. 718–722),"The label presents eight centuries as a Christian recovery of Iberia and hides long periods of shared making, as in Mudéjar building and lustreware.",plasterwork;lustreware;carpentry,tile;ceiling,war;shelter,Spanish nationalist and Catholic historiography,the Muslim and Jewish makers who stayed after conquest,none,PeriodO (period gazetteer; link-out),R3,F1.30;F1.3,high,Contested label; links: STY015; POL153; POL154.
PRD078,Early Middle Ages (Europe),"Early medieval period; ""Dark Ages"" (older, contested)",period,Time,F1.11,EU-WCE;EU-BLC;EU-IBE,500,1000,"conventional; the term ""Middle Ages"" was coined by 15th-century humanists","Monasteries and courts in western Europe made illuminated gospel books, reliquaries and metalwork, often using Mediterranean and eastern materials.",illumination;goldsmithing;parchment making,gospel book;reliquary,record and writing;ritual and belief,"European historians (humanist label ""medium aevum"")","the Byzantine and Islamic worlds, where there was no ""middle age""",none,PeriodO (period gazetteer; link-out); Wikimedia Commons; Europeana (per-item rights),R3,F1.30;F1.3,high,
PRD079,High Middle Ages (Europe),High Medieval period,period,Time,F1.11,EU-WCE;EU-BLC;EU-IBE,1000,1300,conventional,"Growing towns built cathedrals and organised crafts into guilds, while stained glass, tapestry and enamel workshops served church and court.",stone masonry;stained glass;Limoges enamel,cathedral;window;reliquary,ritual and belief;shelter,European historians,women's and rural craft outside guilds,none,PeriodO (period gazetteer; link-out); Met Open Access (CC0); Wikimedia Commons,R3,F1.30,high,links: STY012; STY013.
PRD080,Renaissance (Italy),Rinascimento,period,Time,F1.11,EU-GRR;EU-WCE,1400,1600,approx.; label from Michelet (1855) and Burckhardt (1860),"The label casts Italian and later European art of c. 1400–1600 as a rebirth of antiquity, stressing named artists over workshops.",panel painting;bronze casting;linear perspective,painting;sculpture;medal,rule and display;ritual and belief,Vasari; Michelet; Burckhardt,"workshop assistants, women makers, and Islamic and Byzantine sources",none,PeriodO (period gazetteer; link-out); Met Open Access (CC0); National Gallery of Art (US) Open Access; Wikimedia Commons,R2,F1.30;F1.3,high,links: STY019; TXT005.
PRD081,Early modern period,early modern,period,Time,F1.11;F1.13;THEME,GL,1500,1800,approx.; contested outside Europe,"Historians use the term for the era of global maritime trade, print and early empires, now often applied beyond Europe.",printing;global trade,none specific,exchange and value,"European historians, extended by global historians",societies whose histories do not fit the European turning points,none,PeriodO (period gazetteer; link-out),R3,F1.30;F1.3,high,Contested label.
PRD082,Age of Discovery,Age of Exploration; Age of Contact,period,Time,F1.11;F1.13;THEME,GL,1415,1600,approx.; Ceuta 1415 often used as start,"The label celebrates European voyages that opened sea routes for trade in textiles, porcelain, silver and people, but names the period from the voyagers' side.",shipbuilding;navigation;cartography,map;ship;globe,transport;exchange and value,European historians,"the peoples ""discovered"", and Asian and African sailors already on the routes",human-flow,PeriodO (period gazetteer; link-out); Library of Congress (per-item rights; many public domain); Wikimedia Commons,R2,F1.30;F1.3,high,Contested label; links: OCC053; OCC052.
PRD083,Industrial Revolution (Britain),First Industrial Revolution,period,Time,F1.11,EU-BLC,1760,1840,"approx.; term popularised by Arnold Toynbee's lectures (1881, publ. 1884)","Water and steam power, coke-smelted iron and factory spinning moved much textile and metal making from homes and workshops into mills.",steam power;factory spinning;coke smelting,spinning machine;cast iron;printed cotton,tools;clothing and adornment,economic historians (Toynbee; later debate on gradualism),"Indian and other textile industries it undercut, enslaved cotton growers, child workers",human-flow,PeriodO (period gazetteer; link-out); Science Museum Group Collection (link-out); Yale Center for British Art (public-domain images),R1,F1.30;F1.19,high,links: INV174; OCC101; OCC093.
PRD084,Long nineteenth century,long 19th century,period,Time,F1.11;THEME,GL,1789,1914,Eric Hobsbawm's periodisation,"Hobsbawm framed 1789–1914 as the age of revolution, capital and empire, during which industrial making and colonial extraction grew together.",none specific,none specific,exchange and value,Eric Hobsbawm (trilogy 1962–1987),non-European periodisations of the same years,none,PeriodO (period gazetteer; link-out),R3,F1.30;F1.3,high,
PRD085,Machine Age,Machine Age (design history),period,Time,F1.11;F1.7;THEME,EU-WCE;AM-EWD,1880,1945,"approx.; label popular in the 1920s–30s (e.g. the 1927 Machine-Age Exposition, New York)",Designers and artists of the interwar years celebrated machines and machine-made forms in streamlined and modernist products.,chrome plating;tubular steel;Bakelite,chair;radio;locomotive,tools;transport;shelter,design historians; the period's own promoters,"the craft labour behind ""machine-made"" looks",none,PeriodO (period gazetteer; link-out); Smithsonian Open Access (CC0 where designated); Library of Congress (per-item rights; many public domain),R2,F1.30;F1.19,medium,links: STY043; OCC209. Date span varies by author.
PRD086,Cold War,Cold War period,period,Time,F1.11;F1.7;THEME,GL,1947,1991,conventional,"Rivalry between the US and USSR used design, exhibitions and craft as propaganda, from the ""kitchen debate"" to Soviet and US pavilions.",none specific,appliance;pavilion;poster,rule and display,historians,"the hot wars fought in Asia, Africa and Latin America",none,PeriodO (period gazetteer; link-out); Library of Congress (per-item rights; many public domain),R3,F1.30,high,
PRD087,Tatar yoke,Mongol yoke,period,Time,F1.11;F1.12a,EU-EER,1240,1480,contested label,"Russian historiography used the label for Golden Horde overlordship, hiding its trade and craft links with the steppe and Central Asia.",none specific,none specific,rule and display,Russian historiography,Golden Horde workshops and exchange,none,PeriodO (period gazetteer; link-out),R3,F1.30;F1.3,high,Contested label; links: POL143; POL233.
PRD088,Tourkokratia,Ottoman period in Greece,period,Time,F1.11;F1.10,EU-BYZ,1453,1821,contested label,"Greek historiography calls the period of Ottoman rule ""Turkish rule"", which obscures shared crafts and Greek workshops across the empire.",silverwork;embroidery;icon painting,icon;embroidery,ritual and belief,Greek national historiography,Greek makers who prospered under Ottoman rule,none,PeriodO (period gazetteer; link-out),R3,F1.30;F1.3,high,Contested label.
PRD089,Information Age,Digital age,period,Time,F1.7;F1.13;THEME,GL,1970,,approx.; label from the 1970s–90s,"Microprocessors, personal computers and networks moved design, publishing and much manufacturing control into software.",software;digital fabrication,computer;website,record and writing,sociologists and historians (e.g. Manuel Castells),the mining and assembly labour behind devices,none,PeriodO (period gazetteer; link-out),R3,F1.30,high,links: INV050; INV051; NET063.
PRD090,Anthropocene,Anthropocene,period,Time,THEME;F1.13,GL,1950,,proposed start c. 1950; formal epoch rejected by the IUGS in 2024,"Scientists proposed that humans now shape the Earth system enough to name a new epoch, with plastics, concrete and fallout as markers.",plastics;concrete;radionuclides,none specific,care and access,Paul Crutzen and Eugene Stoermer (2000); Anthropocene Working Group (from 2009),who caused the change; alternatives such as Capitalocene and Plantationocene,none,"PeriodO (period gazetteer; link-out); open-access journals (DOAJ, SciELO, Persée)",R1,F1.30;F1.22;F1.3,high,Contested label; formal proposal (Crawford Lake) rejected in March 2024.
PRD091,Last Glacial Maximum,LGM,period,Time,THEME,GL,-24500,-17000,"c. 26,500–19,000 years ago","At the coldest point of the last ice age, people made sewn clothing, used mammoth bone for shelters in Eastern Europe and occupied cold regions.",sewing;bone building,needle;mammoth-bone dwelling,clothing and adornment;shelter,palaeoclimatologists,regional variation in timing,none,"PeriodO (period gazetteer; link-out); open-access journals (DOAJ, SciELO, Persée)",R3,F1.30;F1.22,high,
PRD092,Holocene,Holocene epoch,period,Time,THEME,GL,-9700,,"from 11,700 years before 2000 CE","The present warm epoch covers farming, cities, metals and almost all the making in this atlas.",none specific,none specific,care and access,International Commission on Stratigraphy,the Anthropocene debate over whether it has ended,none,"PeriodO (period gazetteer; link-out); open-access journals (DOAJ, SciELO, Persée)",R3,F1.30;F1.22,high,
PRD093,Meghalayan Age,4.2-kiloyear event,period,Time,THEME,GL,-2250,,"from 4,250 years before 2000 CE (formalised 2018)","A drought event about 4,200 years ago, used to define the latest Holocene stage, is linked by some to changes in Akkadian, Indus and Egyptian societies.",none specific,none specific,food and storage,International Commission on Stratigraphy,critics of climate-driven collapse stories,none,"PeriodO (period gazetteer; link-out); open-access journals (DOAJ, SciELO, Persée)",R3,F1.30;F1.22;F1.3,high,The causal links are debated.
PRD094,Little Ice Age,Little Ice Age,period,Time,THEME,GL,1300,1850,approx.; start dated 1300–1600 by author,"Colder centuries in parts of the Northern Hemisphere are linked by historians with harvest failures, frozen rivers and the end of Norse Greenland.",none specific,none specific,food and storage,"palaeoclimatologists (François Matthes, 1939) and historians",regional variation and the debate on causes,none,"PeriodO (period gazetteer; link-out); open-access journals (DOAJ, SciELO, Persée)",R3,F1.30;F1.22;F1.3,medium,Contested; start dated 1300–1600 by author.
PRD095,Xia (contested period),Xia dynasty (traditional),period,Time,F1.8,AS-CHN,-2070,-1600,traditional; dates from the Xia–Shang–Zhou Chronology Project (2000),"Chinese historiography places a Xia dynasty before the Shang, and some archaeologists identify it with Erlitou's bronze-casting centre, though no Xia writing has been found.",bronze casting;jade carving,jue vessel;jade blade,ritual and belief;rule and display,traditional Chinese historiography (Sima Qian); Xia–Shang–Zhou Chronology Project,the many other Late Neolithic centres the dynastic line leaves out,none,PeriodO (period gazetteer; link-out); Met Open Access (CC0),R3,F1.30;F1.3,medium,Contested; links: ARC125.
PRD096,Spring and Autumn period,Chunqiu,period,Time,F1.8,AS-CHN,-770,-476,conventional; named after the Chunqiu annals,Rival Zhou states cast inscribed ritual bronzes with new pattern-block methods and began iron use.,piece-mould casting;pattern blocks;iron,ritual bronze;bell set,ritual and belief;play and music,Chinese historiography,non-Zhou peoples such as the Rong and Yi,none,PeriodO (period gazetteer; link-out); Met Open Access (CC0); Cleveland Museum of Art Open Access (CC0),R3,F1.30,high,links: POL158.
PRD097,Warring States period,Zhanguo,period,Time,F1.8,AS-CHN,-475,-221,conventional,"Competing states mass-produced iron tools and crossbows, made lacquerware, silk and inlaid bronzes, and wrote the Kaogongji on crafts.",cast iron;lacquer;silk weaving;inlay,crossbow;lacquer cup;inlaid bronze,war;tools;ritual and belief,Chinese historiography (after the Zhanguo ce),the conscript and convict labour in state workshops,human-flow,PeriodO (period gazetteer; link-out); Met Open Access (CC0); Cleveland Museum of Art Open Access (CC0),R2,F1.30;F1.17,high,links: TXT091; INV167; INV089.
PRD098,Six Dynasties,Liuchao,period,Time,F1.8,AS-CHN,220,589,conventional; the six southern capitals at Jiankang,"Southern courts developed calligraphy, painting theory and celadon, while Buddhism brought cave temples in the north.",calligraphy;celadon;cave carving,calligraphy;celadon;Buddhist image,record and writing;ritual and belief,Chinese historiography,"the northern dynasties, the term centres the south",none,PeriodO (period gazetteer; link-out); Met Open Access (CC0); Cleveland Museum of Art Open Access (CC0),R3,F1.30;F1.3,high,links: POL161.
PRD099,Northern Song period,Bei Song,period,Time,F1.8,AS-CHN,960,1127,conventional,"From Kaifeng, the Song court and markets made Ru, Ding and Jun wares, printed books and the Yingzao fashi building manual.",stoneware;porcelain;printing;timber framing,Ru ware;printed book;building manual,record and writing;shelter,Chinese historiography,"the Liao and Xi Xia, who shared its technologies",none,PeriodO (period gazetteer; link-out); National Palace Museum Taipei Open Data (CC BY 4.0); Met Open Access (CC0); Cleveland Museum of Art Open Access (CC0),R2,F1.30,high,links: POL166; TXT092; OCC032.
PRD100,Southern Song period,Nan Song,period,Time,F1.8,AS-CHN,1127,1279,conventional,"From Hangzhou the court supported Longquan celadon, Guan ware, academy painting and a large maritime trade.",celadon;academy painting;shipbuilding,Longquan celadon;painting,exchange and value,Chinese historiography,the Jin in the north,none,PeriodO (period gazetteer; link-out); National Palace Museum Taipei Open Data (CC BY 4.0); Met Open Access (CC0),R2,F1.30,high,links: SCH034.
PRD101,Transitional period (Chinese porcelain),Ming–Qing transition,period,Time,F1.8;F1.13,AS-CHN,1620,1683,approx.; ceramic historians' label,"During the Ming–Qing wars, Jingdezhen potters made blue-and-white with new narrative scenes for private and export buyers.",blue-and-white porcelain,jar;vase,food and storage;exchange and value,ceramic historians and collectors (20th century),the potters' conditions during the wars,none,PeriodO (period gazetteer; link-out); Met Open Access (CC0); Rijksmuseum (CC0/PDM),R3,F1.30,medium,
PRD102,High Qing,Kang–Qian era,period,Time,F1.8,AS-CHN,1683,1796,approx.,"Under the Kangxi, Yongzheng and Qianlong emperors, palace workshops made enamels, porcelain, jade and glass.",painted enamel;porcelain;jade carving,enamel;porcelain;jade,rule and display,Chinese and Western historians,"the Taiwanese, Tibetan and Xinjiang conquests of the same years",none,PeriodO (period gazetteer; link-out); National Palace Museum Taipei Open Data (CC BY 4.0); Met Open Access (CC0),R3,F1.30,high,links: INS020; POL169.
PRD103,Century of Humiliation,Bainian guochi,period,Time,F1.8,AS-CHN,1839,1949,contested label,"The label frames the Opium Wars to 1949 as foreign humiliation, a frame that shapes PRC restitution demands such as for the Yuanmingyuan bronzes.",none specific,none specific,rule and display,Chinese nationalist and PRC historiography,Chinese modernisation from within,none,PeriodO (period gazetteer; link-out),R3,F1.30;F1.3,high,Contested label.
PRD104,Republican period (China),Minguo,period,Time,F1.8,AS-CHN,1912,1949,conventional,"The Republic brought art schools, modern printing, advertising posters and new dress such as the qipao.",lithography;photography,poster;qipao,clothing and adornment,Chinese historiography,rural makers and warlord regions,none,PeriodO (period gazetteer; link-out),R3,F1.30,high,links: INS023.
PRD105,Mao era,Maoist period,period,Time,F1.8,AS-CHN,1949,1976,conventional,State planning organised crafts into co-operatives and produced propaganda posters and export crafts.,poster printing;co-operative craft,poster;export craft,rule and display,Chinese historiography,the famine and persecution of makers,none,PeriodO (period gazetteer; link-out),R3,F1.30,high,links: OCC227; OCC236.
PRD106,Reform era (China),Reform and opening,period,Time,F1.8,AS-CHN,1978,,from 1978,Economic reform turned coastal China into a centre of export manufacture and revived private craft.,mass manufacture,electronics;garment,exchange and value,Chinese historiography,migrant workers,none,PeriodO (period gazetteer; link-out),R3,F1.30,high,links: OCC248.
PRD107,Imperial reign eras (nianhao) as dating units,era names,calendar-or-era,Time,F1.8;THEME,AS-CHN;AS-KOR;AS-JPN;AS-MSE,-140,1912,"first era name 140 BCE, or c. 110 BCE in other sources; Chinese use ended 1912; Japan still uses nengō","Reign marks such as ""Da Ming Chenghua nian zhi"" date porcelain and other wares, and are copied on later pieces.",reign marks,porcelain,record and writing,"Chinese, Korean, Vietnamese and Japanese courts",makers who copied marks as homage,none,PeriodO (period gazetteer; link-out); National Palace Museum Taipei Open Data (CC BY 4.0),R2,F1.30;F1.14,high,
PRD108,Era of Fragmentation (Tibet),sil bu'i dus,period,Time,F1.9,AS-HIM,842,978,approx.,"After the Tibetan empire broke up, monasteries lost royal patronage, and Buddhist making revived later with the ""later spread"".",none specific,none specific,ritual and belief,Tibetan Buddhist historiography,local Bon and lay traditions the Buddhist frame hides,none,PeriodO (period gazetteer; link-out),R3,F1.30;F1.3,medium,links: POL163.
PRD109,Later spread of Buddhism (Tibet),phyi dar,period,Time,F1.9,AS-HIM;AS-SAS,978,1300,approx.; from the late 10th century,Monasteries such as Tabo and Alchi were built and painted with help from Kashmiri and Indian craftsmen.,mural painting;clay sculpture;metal casting,mural;thangka;bronze,ritual and belief,Tibetan historiography (snga dar/phyi dar),the lay patrons and Kashmiri artists,sacred,PeriodO (period gazetteer; link-out); Met Open Access (CC0),R3,F1.30,medium,links: POL204; BEL023.
PRD110,Palaeolithic (Japan),Japanese Palaeolithic; Pre-ceramic,period,Time,F1.8,AS-JPN,-36000,-14000,approx.,"People in Japan made edge-ground stone axes and blade tools, among the earliest ground-stone tools known.",edge grinding;blade knapping,axe;blade,tools,Japanese archaeologists,the 2000 hoax (Fujimura) that faked older sites,none,PeriodO (period gazetteer; link-out); open-access excavation reports,R3,F1.30,high,links: INV148.
PRD111,Incipient Jōmon,Sōsōki,period,Time,F1.8,AS-JPN,-14000,-9000,approx.; calibrated dates vary by author,"Foragers in Japan made small, round- or pointed-based pots with linear-relief and cord decoration, among the oldest known pottery anywhere.",coil-built pottery;cord marking,cooking pot,food and storage,Japanese archaeologists; Yamanouchi Sugao's sequence (1937),the separate dates for Hokkaido and the Ryukyus,none,PeriodO (period gazetteer; link-out); ColBase (Japan Government Standard Terms),R3,F1.30;F1.5,medium,links: ARC133; INV021.
PRD112,Initial Jōmon,Sōki,period,Time,F1.8,AS-JPN,-9000,-5000,approx.,More settled communities made pointed-base cord-marked pots for boiling and left the first large shell middens.,cord-marked pottery;shell collecting,cooking pot;shell midden,food and storage,Japanese archaeologists; Yamanouchi Sugao (1937),variation between regional pottery types,none,PeriodO (period gazetteer; link-out); ColBase (Japan Government Standard Terms),R3,F1.30,medium,links: ARC133.
PRD113,Early Jōmon,Zenki,period,Time,F1.8,AS-JPN,-5000,-3500,approx.,"Red lacquered combs and bowls from wet sites such as Torihama show lacquer use, alongside flat-based pots and plant-fibre cordage.",lacquer;pottery;cordage,lacquered comb;bowl,clothing and adornment;food and storage,Japanese archaeologists; Yamanouchi Sugao (1937),the women potters inferred but rarely named in accounts,none,PeriodO (period gazetteer; link-out); ColBase (Japan Government Standard Terms),R3,F1.30,medium,links: INV030.
PRD114,Middle Jōmon,Chūki,period,Time,F1.8,AS-JPN,-3500,-2500,approx.,"Large villages such as Sannai-Maruyama built large timber buildings and made clay figurines, while flame-rimmed pots were made in the Shinano River basin.",coil-built pottery;figurine modelling;timber building,flame-style pot;dogū,ritual and belief;food and storage,Japanese archaeologists; Yamanouchi Sugao (1937),"the modern nationalist use of Jōmon as ""original Japanese""",none,PeriodO (period gazetteer; link-out); ColBase (Japan Government Standard Terms); Japan Search,R2,F1.30;F1.3,medium,
PRD115,Late Jōmon,Kōki,period,Time,F1.8,AS-JPN,-2500,-1300,approx.,"Communities built stone circles in the north and made finer lacquered wares, earplugs and spouted vessels.",stone setting;lacquer;fine pottery,stone circle;earplug;spouted vessel,ritual and belief;clothing and adornment,Japanese archaeologists; Yamanouchi Sugao (1937),the Ainu link to northern Jōmon descendants,none,PeriodO (period gazetteer; link-out); ColBase (Japan Government Standard Terms),R3,F1.30,medium,
PRD116,Final Jōmon,Banki,period,Time,F1.8,AS-JPN,-1300,-900,approx.; lasts later in northern Japan,The Kamegaoka culture of northern Japan made goggle-eyed figurines and fine lacquered pottery as rice farming began in Kyushu.,lacquer;pottery;figurine modelling,shakōki dogū;lacquered pot,ritual and belief,Japanese archaeologists; Yamanouchi Sugao (1937),its overlap with early Yayoi in western Japan,none,PeriodO (period gazetteer; link-out); ColBase (Japan Government Standard Terms); Japan Search,R3,F1.30,medium,
PRD117,Yayoi period,Yayoi jidai,period,Time,F1.8,AS-JPN;AS-KOR,-900,250,"start revised to c. 1000–900 BCE by AMS dating (National Museum of Japanese History, 2003); older texts say c. 300 BCE","Rice farming, bronze bells and mirrors, iron tools and wheel-less red pottery arrived with migrants from the Korean peninsula.",wet-rice farming;bronze casting;iron forging;weaving,dōtaku bell;mirror;pottery,food and storage;ritual and belief,"Japanese historiography (named after the Yayoi-chō site in Tokyo, 1884)","the Jōmon people of the north who kept foraging, and the Korean origin of many techniques",none,PeriodO (period gazetteer; link-out); ColBase (Japan Government Standard Terms); Met Open Access (CC0),R2,F1.30;F1.13,high,links: ARC134; ARC131.
PRD118,Kofun period,Kofun jidai,period,Time,F1.8,AS-JPN,250,538,approx.; some end it at 710,"Rulers were buried in keyhole-shaped mounds ringed with haniwa figures and filled with iron armour, mirrors and stoneware made with Korean techniques.",haniwa modelling;Sue stoneware;iron armour,haniwa;armour;mirror,ritual and belief;war,Japanese historiography,the Korean immigrant makers (toraijin) who brought many techniques,funerary,PeriodO (period gazetteer; link-out); ColBase (Japan Government Standard Terms); Met Open Access (CC0),R2,F1.30;F1.13,high,links: ARC135; POL178.
PRD119,Asuka period,Asuka jidai,period,Time,F1.8,AS-JPN,538,710,approx.,"Buddhism and Korean and Chinese builders brought temple architecture, gilt-bronze images and roof tiles to the Yamato court.",temple carpentry;gilt bronze;roof tile,temple;Buddha image,ritual and belief;shelter,Japanese historiography (after the Asuka capital),the Baekje craftsmen credited only as a group,sacred,PeriodO (period gazetteer; link-out); ColBase (Japan Government Standard Terms),R3,F1.30,high,links: OCC021.
PRD120,Nara period,Nara jidai,period,Time,F1.8,AS-JPN,710,794,conventional,The court at Heijō-kyō cast the Great Buddha of Tōdai-ji and stored imported and local treasures in the Shōsōin.,bronze casting;lacquer;dry-lacquer sculpture,Great Buddha;Shōsōin treasure,ritual and belief;rule and display,Japanese historiography,the corvée labourers who cast the Great Buddha,human-flow;sacred,PeriodO (period gazetteer; link-out); ColBase (Japan Government Standard Terms),R2,F1.30,high,links: POL179.
PRD121,Heian period,Heian jidai,period,Time,F1.8,AS-JPN,794,1185,conventional,"The Kyoto court made kana calligraphy, narrative handscrolls, lacquer with maki-e and Pure Land temples such as the Byōdō-in.",maki-e lacquer;kana calligraphy;yamato-e painting,handscroll;lacquer box;temple,record and writing;rule and display,Japanese historiography,provincial and non-aristocratic life,none,PeriodO (period gazetteer; link-out); ColBase (Japan Government Standard Terms); Met Open Access (CC0),R2,F1.30,high,links: POL180; STY145; OCC028.
PRD122,Kamakura period,Kamakura jidai,period,Time,F1.8,AS-JPN,1185,1333,conventional; start variously 1185 or 1192,"The shogunate's era saw Kei school sculpture, Zen temple building and Seto glazed stoneware.",joined-block sculpture;Zen carpentry;glazed stoneware,Buddhist image;temple;jar,ritual and belief,Japanese historiography,the imperial court in Kyoto,sacred,PeriodO (period gazetteer; link-out); ColBase (Japan Government Standard Terms),R3,F1.30,high,links: POL181; SCH039.
PRD123,Muromachi period,Muromachi jidai,period,Time,F1.8,AS-JPN,1336,1573,conventional,"Ashikaga patronage supported ink painting, Noh masks, the tea ceremony and trade with Ming China.",ink painting;mask carving;tea utensils,Noh mask;tea bowl,ritual and belief;play and music,Japanese historiography,the rural and Ryukyuan worlds,none,PeriodO (period gazetteer; link-out); ColBase (Japan Government Standard Terms); Met Open Access (CC0),R2,F1.30,high,links: POL182; STY146.
PRD124,Sengoku period,Warring States period (Japan),period,Time,F1.8,AS-JPN,1467,1568,"approx.; end dated 1568, 1590 or 1615","Constant war brought castle building, mass production of guns after 1543 and armour for foot soldiers.",castle building;gunsmithing;armour,castle;matchlock;armour,war,Japanese historiography,the people displaced by war,none,PeriodO (period gazetteer; link-out); ColBase (Japan Government Standard Terms),R3,F1.30,high,links: OCC047; OCC061.
PRD125,Azuchi–Momoyama period,Momoyama,period,Time,F1.8,AS-JPN,1568,1600,conventional; sometimes to 1615,"Nobunaga and Hideyoshi commissioned gold-leaf screens, castles and tea wares.",gold-leaf painting;castle building;tea ware,folding screen;tea bowl,rule and display,Japanese historiography,the Korean potters brought by force,human-flow,PeriodO (period gazetteer; link-out); ColBase (Japan Government Standard Terms); Met Open Access (CC0),R2,F1.30,high,links: DYN070; SCH040; OCC071.
PRD126,Edo period,Tokugawa period,period,Time,F1.8,AS-JPN,1603,1868,conventional,"Under Tokugawa rule, urban markets supported woodblock prints, textiles, lacquer and porcelain for domestic and export buyers.",woodblock printing;yūzen dyeing;porcelain,print;kimono;Imari,clothing and adornment;exchange and value,Japanese historiography,"the Ainu, Ryukyuans and outcaste groups (burakumin) who did leather and other crafts",none,PeriodO (period gazetteer; link-out); ColBase (Japan Government Standard Terms); Met Open Access (CC0); Art Institute of Chicago (CC0 public-domain works),R1,F1.30,high,links: POL183; DYN071; STY148.
PRD127,Meiji period,Meiji jidai,period,Time,F1.8,AS-JPN,1868,1912,era name of Emperor Meiji,"The Meiji state industrialised, sent crafts to world's fairs, founded art schools and museums, and redirected sword and temple makers to export goods.",export metalwork;cloisonné;silk reeling,cloisonné;export porcelain;silk,exchange and value;rule and display,Japanese historiography (imperial era names),"the Ainu and Ryukyuans absorbed by the state, and the women in silk mills",none,PeriodO (period gazetteer; link-out); ColBase (Japan Government Standard Terms); Met Open Access (CC0); NDL Digital Collections (public-domain items),R2,F1.30;F1.19,high,links: POL185; OCC156; INS026.
PRD128,Taishō period,Taishō jidai,period,Time,F1.8,AS-JPN,1912,1926,era name,"Urban consumer culture brought department stores, modern design, sōsaku-hanga prints and the start of the Mingei circle.",woodblock printing;graphic design,print;poster;kimono,clothing and adornment;rule and display,Japanese historiography,"colonised Korea and Taiwan, whose makers served the empire",none,PeriodO (period gazetteer; link-out); NDL Digital Collections (public-domain items),R3,F1.30,high,links: MOV094; MOV095.
PRD129,Shōwa period,Shōwa jidai,period,Time,F1.8,AS-JPN,1926,1989,era name,"The era runs from militarism and war through occupation to the post-war boom in cameras, electronics and cars and the Living National Treasures system.",electronics;automotive manufacture;craft designation,camera;radio;car,tools;transport,Japanese historiography,the wartime forced labour of Koreans and Chinese,human-flow,PeriodO (period gazetteer; link-out); NDL Digital Collections (public-domain items),R3,F1.30,high,links: INS028; INS029; MOV096.
PRD130,Epi-Jōmon (Hokkaido),Zoku-Jōmon,period,Time,F1.8,AS-JPN,-300,700,approx.,Hokkaido foragers kept making cord-marked pottery while rice farming spread in the south.,cord-marked pottery;fishing,pottery,food and storage,Japanese archaeologists,the ancestors of the Ainu,Indigenous-community,PeriodO (period gazetteer; link-out); open-access excavation reports,R3,F1.30,medium,links: ARC136; ARC114.
PRD131,Ainu culture period,Ainu bunka ki,period,Time,F1.8;F1.12a,AS-JPN;AS-NTH,1200,1868,approx.,"Ainu made elm-bark cloth (attus), appliqué robes and ritual inau carvings, and traded with Japanese and the Amur region.",elm-bark weaving;appliqué;woodcarving,attus robe;inau;ikupasuy,clothing and adornment;ritual and belief,Japanese archaeologists; Ainu communities,"the Ainu present, which ""period"" can hide",Indigenous-community;living-community,PeriodO (period gazetteer; link-out); ColBase (Japan Government Standard Terms),R3,F1.30;F1.3,medium,Label contested; Ainu culture continues today.
PRD132,Gusuku period,Gusuku jidai,period,Time,F1.8,AS-JPN,1100,1429,approx.,"Local lords in Okinawa built stone gusuku fortresses and traded with China, leading to the Ryukyu Kingdom.",stone walling;trade,gusuku,shelter;war,Okinawan historiography,the commoners and the northern Amami islands,none,PeriodO (period gazetteer; link-out); Wikimedia Commons,R3,F1.30,medium,links: POL184.
PRD133,Gojoseon (contested period),Old Joseon,period,Time,F1.8,AS-KOR;AS-CHN,-2333,-108,traditional founding 2333 BCE from later texts; historical from c. 4th century BCE,"Korean tradition dates Gojoseon's founding to 2333 BCE, while archaeology links the later state with mandolin-shaped bronze daggers and dolmens.",bronze casting;dolmen building,mandolin-shaped dagger;dolmen,war;ritual and belief,"Korean traditional historiography (Samguk yusa, 1280s)",the many non-Gojoseon groups on the peninsula,none,PeriodO (period gazetteer; link-out); KOGL Type 1 images on Wikimedia Commons,R3,F1.30;F1.3,medium,Contested; links: ARC132.
PRD134,Proto-Three Kingdoms period,Samhan period,period,Time,F1.8,AS-KOR,-100,300,approx.,Iron production in the south of Korea supplied iron ingots and armour traded to Japan.,iron smelting;pottery,iron ingot;pottery,tools;exchange and value,Korean archaeologists,the chiefdoms not named in Chinese texts,none,PeriodO (period gazetteer; link-out); KOGL Type 1 images on Wikimedia Commons,R3,F1.30,medium,
PRD135,Three Kingdoms period (Korea),Samguk sidae,period,Time,F1.8,AS-KOR,-57,668,traditional founding dates from the Samguk sagi (1145),"Goguryeo, Baekje and Silla (with Gaya) made tomb murals, gold crowns and Buddhist sculpture, and sent craftsmen to Japan.",goldsmithing;tomb painting;stoneware,gold crown;mural;gilt-bronze Buddha,ritual and belief;rule and display,Korean historiography (Samguk sagi),"Gaya, left out of ""three""",funerary,PeriodO (period gazetteer; link-out); KOGL Type 1 images on Wikimedia Commons; Korean national e-museum (KOGL Type 1 items only),R2,F1.30;F1.3,high,links: POL172; POL173; POL174.
PRD136,Unified Silla period,Tongil Silla,period,Time,F1.8,AS-KOR,668,935,conventional,Unified Silla built the Seokguram grotto and Bulguksa temple and cast large bronze bells such as the Divine Bell of King Seongdeok.,stone carving;bell casting,bell;grotto sculpture,ritual and belief,Korean historiography,"Balhae in the north, which the term sets aside",sacred,PeriodO (period gazetteer; link-out); KOGL Type 1 images on Wikimedia Commons,R3,F1.30;F1.3,high,links: POL174.
PRD137,North–South States period,Nambukguk sidae,period,Time,F1.8,AS-KOR;AS-CHN;AS-NTH,698,926,"alternative to ""Unified Silla""","The label pairs Silla with Balhae in Manchuria, whose Buddhist and tile work is otherwise left out of Korean history.",roof tiles;Buddhist sculpture,roof tile,shelter;ritual and belief,"Korean historians (after Yu Deuk-gong, 1784)",the Chinese and Russian claims to Balhae,none,PeriodO (period gazetteer; link-out),R3,F1.30;F1.3,medium,links: POL175.
PRD138,Goryeo period,Goryeo sidae,period,Time,F1.8,AS-KOR,918,1392,conventional,"Goryeo potters made inlaid celadon, and printers carved the Tripitaka Koreana and cast metal type.",inlaid celadon;woodblock carving;metal type,celadon;Tripitaka block;book,ritual and belief;record and writing,Korean historiography,the Mongol overlordship's share,none,PeriodO (period gazetteer; link-out); KOGL Type 1 images on Wikimedia Commons; Korean national e-museum (KOGL Type 1 items only),R2,F1.30,high,links: POL176; STY139; INV042; TXT108.
PRD139,Joseon period,Joseon sidae,period,Time,F1.8,AS-KOR,1392,1897,conventional,"Joseon court workshops made white porcelain and buncheong ware, state painters recorded rituals in uigwe, and Hangul was created.",white porcelain;buncheong;uigwe painting,porcelain;screen;uigwe,record and writing;rule and display,Korean historiography,the lowborn (cheonmin) artisans and slaves (nobi),human-flow,PeriodO (period gazetteer; link-out); KOGL Type 1 images on Wikimedia Commons; Korean national e-museum (KOGL Type 1 items only); Kyujanggak / Uigwe (link-out),R2,F1.30,high,links: POL177; STY140; STY141; INS024.
PRD140,Japanese colonial period (Korea),Iljeu sidae,period,Time,F1.8,AS-KOR;AS-JPN,1910,1945,conventional,"Colonial rule set up industrial exhibitions, museums and Korean craft revivals under Japanese direction, while taking many artworks to Japan.",export craft;conservation,celadon replica;lacquer,rule and display,Korean historiography,Korean agency within colonial structures,human-flow;conflict-looting,PeriodO (period gazetteer; link-out); KOGL Type 1 images on Wikimedia Commons,R3,F1.30;F1.24,high,links: EVT011.
PRD141,Bắc thuộc,periods of Chinese domination,period,Time,F1.9;F1.8,AS-MSE,-111,939,contested label; traditional dates,"Vietnamese historiography names the centuries under Chinese rule as ""northern domination"", during which Đông Sơn bronze drums gave way to Han-style tombs and ceramics.",bronze casting;ceramics,bronze drum;tomb ware,ritual and belief,Vietnamese nationalist historiography,the mixed Viet-Chinese elites,none,PeriodO (period gazetteer; link-out); Met Open Access (CC0),R3,F1.30;F1.3,high,Contested; links: ARC156.
PRD142,"Indus Tradition eras (Regionalisation, Integration, Localisation)",Shaffer's Indus Tradition,period,Time,F1.9,AS-SAS,-5000,-1300,Regionalisation c. 5000–2600; Integration c. 2600–1900; Localisation c. 1900–1300 BCE,"Jim Shaffer's scheme replaces ""rise and fall"" with eras of regional styles, an integrated phase of standard weights, seals and beads, and a return to regional crafts.",bead drilling;seal carving;standard weights,carnelian bead;seal;weight,exchange and value;record and writing,Jim Shaffer (1992); J. M. Kenoyer,"the Indus script, still unread, so makers' own terms are unknown",none,PeriodO (period gazetteer; link-out); Met Open Access (CC0); open-access excavation reports,R2,F1.30;F1.3,high,links: ARC138; ARC139; ARC140; CIV048; INV173.
PRD143,Vedic period,Vedic age,period,Time,F1.9,AS-SAS,-1500,-500,approx.; early and later Vedic phases,"The period of the Vedic texts is linked by many archaeologists with Painted Grey Ware, iron and fire-altar building.",iron smelting;Painted Grey Ware;brick altar building,pottery;fire altar,ritual and belief,Indologists (from Max Müller) and archaeologists,non-Vedic peoples and the Indus heritage; the date debate shaped by nationalism,none,PeriodO (period gazetteer; link-out); open-access excavation reports,R3,F1.30;F1.3,medium,links: CIV049; ARC142.
PRD144,Early Historic period (South Asia),Second urbanisation,period,Time,F1.9,AS-SAS,-600,300,approx.,"Towns and states of the Ganges plain issued punch-marked coins, made Northern Black Polished Ware and built Buddhist stupas.",coin punching;NBP ware;stone carving,coin;pottery;stupa,exchange and value;ritual and belief,South Asian archaeologists,the tribal and forest peoples outside the towns,none,PeriodO (period gazetteer; link-out); Met Open Access (CC0),R3,F1.30,high,links: ARC143; INV171.
PRD145,Mauryan period,Maurya,period,Time,F1.9,AS-SAS,-322,-185,conventional,The Maurya empire carved polished sandstone pillars with Ashoka's edicts and animal capitals.,polished sandstone;stone carving,pillar;capital,rule and display;record and writing,Indian historiography,"the Persian and Hellenistic sources of pillar techniques, a debated question",none,PeriodO (period gazetteer; link-out); Wikimedia Commons,R3,F1.30,high,links: POL186; TXT077.
PRD146,Sangam period,Sangam age,period,Time,F1.9,AS-SAS,-300,300,approx.; dates contested,"Tamil poetry of the period describes ports, weavers and gem workers, confirmed by finds at Arikamedu and Keezhadi.",bead making;weaving;trade,bead;textile,exchange and value,Tamil literary historiography,the dating debate and non-Tamil groups,none,PeriodO (period gazetteer; link-out); open-access excavation reports,R3,F1.30;F1.3,medium,links: NET005.
PRD147,Gupta period,"Gupta age; ""classical"" or ""golden"" age (contested)",period,Time,F1.9,AS-SAS,320,550,conventional,"Gupta-era workshops made Buddhist and Hindu sculpture, the Ajanta murals and iron such as the Delhi pillar.",stone sculpture;wall painting;iron forging,sculpture;mural;iron pillar,ritual and belief,Indian nationalist and colonial historiography,the Vakatakas and others who made much of the art credited to Guptas,sacred,PeriodO (period gazetteer; link-out); Met Open Access (CC0); Wikimedia Commons,R2,F1.30;F1.3,high,"links: POL188; STY118; DYN041. ""Golden age"" is contested."
PRD148,Early medieval period (India),early medieval India,period,Time,F1.9,AS-SAS,600,1200,approx.,"Regional kingdoms built temples in stone and bronze, with guilds and temple towns as centres of making.",temple building;bronze casting,temple;bronze image,ritual and belief,"Indian historians (the ""Indian feudalism"" debate)",forest and tribal peoples,sacred,PeriodO (period gazetteer; link-out); Met Open Access (CC0),R3,F1.30;F1.3,high,links: STY120; POL192.
PRD149,Sultanate period (India),Delhi Sultanate period,period,Time,F1.9;F1.10,AS-SAS,1206,1526,conventional,"Sultanate rule brought new building (true arches, domes), paper and textile workshops to north India.",arch and dome building;paper;weaving,mosque;minar;textile,shelter;ritual and belief,Indian historiography,regional sultanates and Rajput kingdoms,none,PeriodO (period gazetteer; link-out); Wikimedia Commons,R3,F1.30,high,links: POL193; STY113.
PRD150,Mughal period,Mughal era,period,Time,F1.9;F1.10,AS-SAS,1526,1857,conventional,"Mughal court workshops (karkhanas) made painting, carpets, jade, jewelled arms and buildings such as the Taj Mahal.",miniature painting;carpet knotting;pietra dura,painting;carpet;jade cup,rule and display,Indian and British historiography,non-court makers and the Deccan and Rajput courts,none,PeriodO (period gazetteer; link-out); Met Open Access (CC0); Cleveland Museum of Art Open Access (CC0),R2,F1.30,high,links: POL197; SCH022; TXT078.
PRD151,Colonial period (South Asia),Company Raj and British Raj,period,Time,F1.9,AS-SAS,1757,1947,conventional,"Company and Crown rule collapsed some textile trades, set up art schools and museums, and later met Swadeshi and khadi campaigns.",handloom weaving;art school teaching,textile;Company painting,exchange and value,British and Indian historiography,princely states and the makers' own resistance,none,PeriodO (period gazetteer; link-out); British Library public-domain images (Flickr Commons); Indian Culture portal (per-owner licence),R2,F1.30,high,links: POL200; POL201; INS031; OCC100.
PRD152,"Mill's periodisation (Hindu, Muslim, British)",tripartite periodisation of Indian history,period,Time,F1.9;THEME,AS-SAS,1817,1817,"James Mill, History of British India (1817)","Mill divided India's past into Hindu, Muslim and British periods, a religious framing that still shapes museums and textbooks.",none specific,none specific,rule and display,James Mill (1817),"Buddhist, Jain, tribal and syncretic makers; continuities across the periods",none,PeriodO (period gazetteer; link-out); Internet Archive (public-domain texts),R1,F1.30;F1.3,high,Contested scheme.
PRD153,Kali Yuga,Kali Yuga,calendar-or-era,Time,F1.9;THEME,AS-SAS,-3102,,traditional start 3102 BCE; ongoing in Puranic reckoning,"In Puranic cosmology the present age began in 3102 BCE, a cyclical time frame different from archaeological periods.",none specific,none specific,ritual and belief,Puranic and astronomical tradition (e.g. Aryabhata),non-Hindu traditions,sacred,PeriodO (period gazetteer; link-out),R3,F1.30,medium,
PRD154,Polonnaruwa period,Polonnaruwa,period,Time,F1.9,AS-SAS,1017,1232,approx.,Sri Lankan kings at Polonnaruwa carved the Gal Vihara Buddhas and built reservoirs.,rock carving;hydraulic engineering,Buddha image;reservoir,ritual and belief;food and storage,Sri Lankan historiography,the Chola rule that began it,sacred,PeriodO (period gazetteer; link-out); Wikimedia Commons,R3,F1.30,high,links: POL189.
PRD155,Licchavi period (Nepal),Licchavi,period,Time,F1.9,AS-HIM,400,879,approx.,Licchavi kings in the Kathmandu Valley made stone sculpture and inscribed stelae.,stone carving,sculpture;stele,ritual and belief,Nepali historiography,non-royal makers,sacred,PeriodO (period gazetteer; link-out); Wikimedia Commons,R3,F1.30,medium,links: SCH032.
PRD156,Pre-Angkorian period,Funan and Chenla,period,Time,F1.9,AS-MSE,550,802,approx.,Early Khmer kingdoms carved Hindu and Buddhist stone images and built brick temples.,stone carving;brick temple building,sculpture;temple,ritual and belief,French colonial scholars (Coedès),the Chinese-derived names Funan and Chenla,sacred,PeriodO (period gazetteer; link-out); Met Open Access (CC0),R3,F1.30;F1.3,high,links: POL207.
PRD157,Angkorian period,Angkor,period,Time,F1.9,AS-MSE,802,1431,conventional,"Khmer kings built Angkor's temples, reservoirs and canals and cast bronze images, with the labour listed in temple inscriptions.",sandstone carving;bronze casting;hydraulic engineering,temple;bronze image,ritual and belief;shelter,French colonial scholars,the bonded temple labourers recorded in the inscriptions,human-flow;sacred,PeriodO (period gazetteer; link-out); Met Open Access (CC0),R2,F1.30,high,links: POL209; STY129.
PRD158,Post-Angkorian period,Middle Period (Cambodia),period,Time,F1.9,AS-MSE,1431,1863,approx.,"Khmer courts moved south, and wooden and lacquered Buddhist images replaced stone.",wood carving;lacquer,Buddha image,ritual and belief,French colonial scholars,"the ""dark age"" label",sacred,PeriodO (period gazetteer; link-out),R3,F1.30;F1.3,medium,
PRD159,Classical (Hindu-Buddhist) period (Indonesia),Hindu-Buddhist period,period,Time,F1.9,AS-ISE,400,1500,contested label,"Javanese kingdoms built Borobudur and Prambanan and cast bronze and gold images, while Srivijaya on Sumatra traded across the region.",stone carving;bronze casting;goldsmithing,temple;bronze image,ritual and belief,Dutch colonial archaeology,the Islamic and local continuities that the Indic label hides,sacred,PeriodO (period gazetteer; link-out); Rijksmuseum (CC0/PDM); Tropenmuseum images on Wikimedia Commons (CC BY-SA),R3,F1.30;F1.3,high,links: POL217; STY127; STY128.
PRD160,Rattanakosin period,Bangkok period,period,Time,F1.9,AS-MSE,1782,,from 1782,"The Chakri court in Bangkok made lacquer, mother-of-pearl and mural painting.",lacquer;mother-of-pearl,door;mural,ritual and belief,Thai historiography,non-Thai peoples,sacred,PeriodO (period gazetteer; link-out),R3,F1.30,high,links: DYN066.
PRD161,Age of Commerce (Southeast Asia),Age of Commerce,period,Time,F1.9;F1.13,AS-ISE;AS-MSE,1450,1680,"Anthony Reid (1988, 1993)","Reid described Southeast Asian port cities thriving on trade in spices, textiles and ceramics.",trade,textile;ceramic,exchange and value,Anthony Reid,the hinterland,none,PeriodO (period gazetteer; link-out),R3,F1.30;F1.3,high,links: NET007; NET008.
PRD162,Rashidun period,Rashidun caliphate,period,Time,F1.10,WA-ARB;WA-LEV;WA-MES;AF-EGY;WA-IRN,632,661,conventional,The first caliphs kept Byzantine and Sasanian coin types and craft workshops running in the conquered provinces.,minting;building,coin;mosque,exchange and value;ritual and belief,Islamic (Sunni) historiography,Shiʿi readings of the same years,none,PeriodO (period gazetteer; link-out); Met Open Access (CC0),R3,F1.30;F1.3,high,links: BEL017.
PRD163,Umayyad period,Umayyad era,period,Time,F1.10;F1.11,WA-LEV;WA-MES;AF-MAG;EU-IBE,661,750,conventional; continues in al-Andalus to 1031,"Umayyad rulers built the Dome of the Rock and desert palaces, and created an epigraphic coinage.",mosaic;stucco;minting,mosaic;coin;palace,rule and display;ritual and belief,Islamic historiography; art historians,Byzantine and Coptic craftsmen who did much of the work,none,PeriodO (period gazetteer; link-out); Met Open Access (CC0); Wikimedia Commons,R2,F1.30,high,links: DYN009; STY099; OCC025.
PRD164,Abbasid period,Abbasid era,period,Time,F1.10,WA-MES;WA-IRN;AF-EGY,750,1258,conventional; caliphate nominal after 945,"From Baghdad and Samarra, Abbasid workshops made lustreware, paper, bookbinding and stucco.",lustre glaze;paper making;stucco,lustreware;Qur'an;stucco panel,record and writing;food and storage,Islamic historiography,the regional dynasties that ruled in practice,none,PeriodO (period gazetteer; link-out); Met Open Access (CC0); Cleveland Museum of Art Open Access (CC0),R2,F1.30,high,links: DYN010; STY100; INV037.
PRD165,Islamic Golden Age,Islamic Golden Age,period,Time,F1.10;THEME,WA-MES;WA-IRN;AF-EGY;EU-IBE;AS-CEN,750,1258,contested label,The label praises science and craft under the Abbasids but implies a later decline that historians reject.,paper;glass;lustre;astrolabe,astrolabe;manuscript,record and writing,19th-century Orientalist and modern popular historiography,"Ottoman, Safavid, Mughal and later achievements",none,PeriodO (period gazetteer; link-out),R3,F1.30;F1.3,high,Contested label; links: INV014.
PRD166,Hodgson's Middle Periods,Early and Later Middle Periods,period,Time,F1.10;THEME,GL,945,1500,"Marshall Hodgson, The Venture of Islam (1974)","Hodgson's periods cover the Seljuk, Mongol and Timurid worlds of craft and trade.",none specific,none specific,exchange and value,Marshall Hodgson,non-Persianate regions,none,PeriodO (period gazetteer; link-out),R3,F1.30;F1.3,high,
PRD167,Timurid Renaissance,Timurid Renaissance,period,Time,F1.10;F1.12a,AS-CEN;WA-IRN,1370,1507,contested label,"The label frames Timurid court painting, tilework and bookmaking as a rebirth.",tilework;painting;bookbinding,tile;manuscript,rule and display,art historians,the deported craftsmen,human-flow,PeriodO (period gazetteer; link-out); Met Open Access (CC0),R3,F1.30;F1.3,medium,links: POL235; STY106; OCC042.
PRD168,Gunpowder Empires,Gunpowder Empires,period,Time,F1.10;THEME,WA-ANA;WA-IRN;AS-SAS,1450,1750,contested label,"Hodgson and McNeill grouped the Ottomans, Safavids and Mughals around guns.",gunfounding,cannon,war,Hodgson; McNeill,court workshops that the gun frame ignores,none,PeriodO (period gazetteer; link-out),R3,F1.30;F1.3,medium,
PRD169,Ottoman Classical Age,Classical Age,period,Time,F1.10,WA-ANA;EU-BYZ,1300,1600,İnalcık's scheme covers 1300–1600; art historians often focus on c. 1520–1600,"In İnalcık's scheme the empire's classical centuries culminate in court workshops making İznik tiles, saz-style designs and the mosques of the architect Sinan.",İznik ceramics;architecture,tile;mosque,rule and display,Halil İnalcık,provincial makers and non-Muslim craft communities,none,PeriodO (period gazetteer; link-out); Met Open Access (CC0),R3,F1.30,high,links: STY109.
PRD170,Late Bronze Age (Eurasian steppe),LBA steppe,period,Time,F1.12a,AS-CEN;EU-EER;AS-NTH,-2100,-900,approx.,"Steppe herders of the Sintashta and Andronovo horizons made spoked-wheel chariots, tin bronzes and fortified settlements.",bronze casting;chariot building;horse breeding,chariot;cheekpiece;dagger,transport;war,Russian and Kazakh archaeologists,"the idea of a single ""Aryan"" people, which the label has been used to support",none,PeriodO (period gazetteer; link-out); open-access excavation reports,R3,F1.30;F1.3,high,links: ARC102; ARC103; INV119.
PRD171,Early Nomadic period (Eurasian steppe),Early Iron Age (steppe); Scythian period,period,Time,F1.12a,AS-CEN;EU-EER;AS-NTH,-900,-200,approx.,"Mounted nomads made gold animal-style ornaments, felts and tattooed textiles preserved in frozen kurgans such as Pazyryk.",goldsmithing;felt appliqué;tattooing,gold plaque;felt;saddle,clothing and adornment;transport,Russian and Soviet archaeologists,the settled neighbours on whom nomads depended,funerary,PeriodO (period gazetteer; link-out); open-access excavation reports; Met Open Access (CC0),R2,F1.30,high,links: HOR017; ARC108; STY098; CIV087.
PRD172,Pax Mongolica,Mongol Peace,period,Time,F1.12a;F1.13,AS-CEN;AS-CHN;WA-IRN;EU-EER,1250,1350,contested label,"The label stresses safe trade under Mongol rule, when silk, porcelain and ideas moved across Eurasia.",nasij;porcelain;paper money,cloth of gold;blue-and-white porcelain,exchange and value;transport,historians (from the 20th century),the violence of conquest and deportations,human-flow,PeriodO (period gazetteer; link-out); Met Open Access (CC0); Cleveland Museum of Art Open Access (CC0),R3,F1.30;F1.3,high,links: POL233; OCC035.
PRD173,Soviet period (Central Asia),Soviet era,period,Time,F1.12a,AS-CEN,1920,1991,conventional,"Soviet rule collectivised herding and crafts, built cotton monocultures and organised state craft cooperatives and design institutes.",cotton farming;cooperative craft,suzani;carpet,clothing and adornment;shelter,historians,nomads' own sense of the period,human-flow,PeriodO (period gazetteer; link-out),R3,F1.30,high,links: OCC199; OCC202.
PRD174,Paleoindian period (Americas),Paleoamerican period,period,Time,F1.7,GL,-13500,-8000,approx.; pre-Clovis sites push the start earlier,"The first peoples of the Americas made fluted points such as Clovis, and pre-Clovis sites are still debated.",fluted point knapping,Clovis point,tools,American archaeologists,oral histories of Indigenous origins,Indigenous-community,PeriodO (period gazetteer; link-out); open-access excavation reports,R3,F1.30;F1.3,high,links: ARC172; ARC173.
PRD175,Archaic period (Mesoamerica),Mesoamerican Archaic,period,Time,F1.7,AM-MES,-8000,-2000,approx.,"Foragers domesticated maize, squash and beans and began to make ground-stone tools.",ground stone;plant domestication,metate;mano,food and storage,Mesoamericanists,variation between highlands and lowlands,none,PeriodO (period gazetteer; link-out); open-access excavation reports,R3,F1.30,high,links: INV056.
PRD176,Early Formative period (Mesoamerica),Early Preclassic,period,Time,F1.7,AM-MES,-1800,-1000,approx.,"Villages made pottery, figurines and, on the Gulf Coast, Olmec monumental stone heads.",pottery;basalt carving,colossal head;figurine,ritual and belief;rule and display,Mesoamericanists,non-Olmec regions,none,PeriodO (period gazetteer; link-out); Met Open Access (CC0); INAH Mediateca (link-out),R3,F1.30,high,links: ARC185; ARC186; CIV019.
PRD177,Middle Formative period (Mesoamerica),Middle Preclassic,period,Time,F1.7,AM-MES,-1000,-400,approx.,"Jade carving, early writing and ceremonial centres such as La Venta and early Maya sites developed.",jade carving;writing,celt;mask,ritual and belief;record and writing,Mesoamericanists,small villages,none,PeriodO (period gazetteer; link-out); Met Open Access (CC0),R3,F1.30,high,links: INV004; HOR004.
PRD178,Late Formative period (Mesoamerica),Late and Terminal Preclassic,period,Time,F1.7,AM-MES,-400,250,approx.,Large Maya cities such as El Mirador and early Teotihuacan built stucco-masked pyramids.,stucco modelling;lime plaster,pyramid;mask,ritual and belief;shelter,Mesoamericanists,highland Oaxacan developments,none,PeriodO (period gazetteer; link-out); open-access excavation reports,R3,F1.30,high,links: ARC187.
PRD179,Early Classic period (Mesoamerica),Early Classic,period,Time,F1.7,AM-MES,250,600,approx.,"Teotihuacan's workshops made obsidian tools, Thin Orange pottery and murals while Maya kings raised dated stelae.",obsidian working;mural painting;stele carving,stele;mural;tripod vessel,rule and display;record and writing,Mesoamericanists (based on Maya dated monuments),"the non-Maya regions, fitted to a Maya-defined ""classic""",none,PeriodO (period gazetteer; link-out); Met Open Access (CC0); INAH Mediateca (link-out),R2,F1.30;F1.3,high,links: POL044; POL046; NET037.
PRD180,Late Classic period (Mesoamerica),Late Classic,period,Time,F1.7,AM-MES,600,800,approx.,"Maya courts produced painted polychrome vessels, carved lintels and scribal art signed by named painters.",polychrome painting;stone carving,codex-style vase;lintel,rule and display;record and writing,Mesoamericanists,commoners and non-royal makers,none,PeriodO (period gazetteer; link-out); Met Open Access (CC0); INAH Mediateca (link-out),R2,F1.30,high,links: POL047; POL048.
PRD181,Terminal Classic period (Mesoamerica),"Terminal Classic; ""Classic Maya collapse""",period,Time,F1.7,AM-MES,800,1000,approx.,Southern Maya cities were abandoned while northern Yucatán cities such as Uxmal grew.,Puuc mosaic masonry,facade,shelter,Mesoamericanists,"northern growth hidden by ""collapse""",none,PeriodO (period gazetteer; link-out),R3,F1.30;F1.3,high,links: STY068.
PRD182,Early Postclassic period (Mesoamerica),Early Postclassic,period,Time,F1.7,AM-MES,900,1200,approx.,Tula and Chichén Itzá used columned halls and began metalworking from West Mexico.,metalworking;stone carving,column;copper bell,rule and display,Mesoamericanists,smaller polities,none,PeriodO (period gazetteer; link-out),R3,F1.30,high,links: POL049; INV083.
PRD183,Late Postclassic period (Mesoamerica),Late Postclassic,period,Time,F1.7,AM-MES,1200,1521,approx.,"Mixtec, Aztec and other states made codices, turquoise mosaic, gold and featherwork.",featherwork;goldsmithing;turquoise mosaic,codex;mask;shield,ritual and belief;rule and display,Mesoamericanists,non-Aztec peoples,none,PeriodO (period gazetteer; link-out); INAH Mediateca (link-out),R2,F1.30,high,links: HOR005; POL051; POL050.
PRD184,Colonial period (Spanish America),viceregal period,period,Time,F1.7,AM-LAT,1521,1821,conventional,"Indigenous, African and European makers created silver, textiles, painting and featherwork under Spanish rule.",silversmithing;tapestry weaving;painting,silverwork;painting,ritual and belief,Latin American historiography,Indigenous and African agency,human-flow,PeriodO (period gazetteer; link-out); Met Open Access (CC0); INAH Mediateca (link-out),R2,F1.30,high,links: POL069; POL070.
PRD185,Preceramic Period (Andes),Lithic and Archaic; Late Preceramic,period,Time,F1.7,AM-AND,-10000,-1800,approx.,"Before pottery, Andean people made twined cotton textiles, gourd containers and the monumental centres of Caral and Norte Chico.",twining;cotton cultivation;monument building,twined textile;gourd;platform mound,clothing and adornment;ritual and belief,Andeanists,the forager and herder communities of the highlands,none,PeriodO (period gazetteer; link-out); open-access excavation reports,R3,F1.30,high,links: CIV031; INV095; INV101.
PRD186,Initial Period (Andes),Initial Period,period,Time,F1.7,AM-AND,-1800,-900,approx.,"Pottery and heddle-loom weaving spread, and coastal U-shaped temple complexes were built.",pottery;heddle weaving;adobe building,pottery;textile;temple,ritual and belief;food and storage,John H. Rowe (1960s); Andeanists,the scheme's roots in one coastal valley (Ica),none,PeriodO (period gazetteer; link-out); open-access excavation reports,R3,F1.30;F1.3,high,links: ARC204.
PRD187,Early Horizon (period),Early Horizon,period,Time,F1.7,AM-AND,-900,-200,approx.; Rowe's chronological unit,"The period of the Chavín style saw goldwork, painted textiles and stone carving spread across the Andes.",goldsmithing;textile painting;stone carving,crown;painted textile;tenon head,ritual and belief,John H. Rowe; Andeanists,the regional cultures that were not Chavín,none,PeriodO (period gazetteer; link-out); Met Open Access (CC0),R3,F1.30,high,links: HOR001; STY064; CIV032. Period row; HOR001 is the horizon as stylistic spread.
PRD188,Early Intermediate Period,EIP,period,Time,F1.7,AM-AND,-200,600,approx.,"Regional cultures such as Moche and Nasca made moulded portrait vessels, gold and copper alloys and embroidered and painted textiles.",mould-made pottery;tumbaga;embroidery,portrait vessel;ear ornament;mantle,ritual and belief;rule and display,John H. Rowe; Andeanists,"the ""intermediate"" framing as a gap between horizons",funerary,PeriodO (period gazetteer; link-out); Met Open Access (CC0); Cleveland Museum of Art Open Access (CC0),R2,F1.30;F1.3,high,links: ARC206; ARC207; CIV033; CIV034.
PRD189,Middle Horizon (period),Middle Horizon,period,Time,F1.7,AM-AND,600,1000,approx.,"Wari and Tiwanaku spread tapestry tunics, stone architecture and a shared imagery across the Andes.",interlocking tapestry;stone masonry,tunic;kero,clothing and adornment;rule and display,John H. Rowe; Andeanists,local communities under Wari and Tiwanaku,none,PeriodO (period gazetteer; link-out); Met Open Access (CC0); Cleveland Museum of Art Open Access (CC0),R2,F1.30,high,links: HOR002; STY065; POL058; POL059.
PRD190,Late Intermediate Period,LIP,period,Time,F1.7,AM-AND,1000,1476,approx.,"Regional states such as Chimor made mould-made blackware, feather and textile work and sheet metal.",mould-made blackware;featherwork;sheet metal,stirrup-spout vessel;feather tunic,rule and display;clothing and adornment,John H. Rowe; Andeanists,"the ""intermediate"" framing",none,PeriodO (period gazetteer; link-out); Met Open Access (CC0); Cleveland Museum of Art Open Access (CC0),R3,F1.30,high,links: POL060; ARC209.
PRD191,Late Horizon (period),Inca period,period,Time,F1.7,AM-AND,1476,1534,approx.; based on Spanish-recorded Inca chronology,"Inca rule organised state weaving (qompi), metalwork, fine stone masonry and khipu records.",qompi weaving;ashlar masonry;khipu,unku;aryballo;khipu,rule and display;record and writing,John H. Rowe; Andeanists,the conquered peoples' own histories,human-flow,PeriodO (period gazetteer; link-out); Met Open Access (CC0),R2,F1.30,high,links: HOR003; POL061; STY066; INV005. Labour tribute (mit'a) flagged.
PRD192,Lumbreras's developmental periodisation,"Formative, Regional Development, Wari Empire, Regional States, Tawantinsuyu",period,Time,F1.7,AM-AND,-3000,1532,Luis Lumbreras (1974),Lumbreras's Marxist scheme orders Andean history by social stages rather than by stylistic horizons.,none specific,none specific,rule and display,Luis G. Lumbreras,the variation within stages,none,PeriodO (period gazetteer; link-out),R3,F1.30;F1.3,medium,Alternative to Rowe.
PRD193,Archaic period (Eastern North America),Eastern Archaic,period,Time,F1.7,AM-EWD,-8000,-1000,approx.,"Foragers made ground-stone tools, bannerstones, early mounds and copper tools.",ground stone;copper working;mound building,bannerstone;copper tool,tools;ritual and belief,North American archaeologists,the living nations who descend from these people,Indigenous-community,PeriodO (period gazetteer; link-out); open-access excavation reports,R3,F1.30,high,links: ARC179; ARC180; ARC181; INV133.
PRD194,Woodland period,Woodland,period,Time,F1.7,AM-EWD,-1000,1000,approx.,"Woodland peoples made pottery, burial mounds and Hopewell's mica, copper and pipe work.",pottery;mica cutting;pipe carving,pipe;mica cut-out,ritual and belief,North American archaeologists,the nations who descend from these people,funerary;Indigenous-community,PeriodO (period gazetteer; link-out); open-access excavation reports,R3,F1.30,high,links: ARC182; ARC183; HOR006.
PRD195,Mississippian period,Mississippian,period,Time,F1.7,AM-EWD,800,1600,approx.,"Mound centres such as Cahokia made shell gorgets, copper plates and ceramics.",shell engraving;copper repoussé,gorget;copper plate,ritual and belief,North American archaeologists,the living nations,funerary;sacred;Indigenous-community,PeriodO (period gazetteer; link-out); open-access excavation reports,R3,F1.30,high,links: ARC184; CIV023; POL062.
PRD196,Basketmaker II,Basketmaker II,period,Time,F1.7,AM-WST,-1500,500,approx.; start debated,"Early maize farmers on the Colorado Plateau made coiled and twined baskets, sandals and atlatls, but little pottery.",coiled basketry;twined sandals,basket;sandal;atlatl,food and storage;clothing and adornment,"Pecos Conference (Kidder, 1927)","Pueblo peoples' own histories and the name ""Anasazi"" they reject",Indigenous-community,PeriodO (period gazetteer; link-out); open-access excavation reports,R3,F1.30;F1.3,high,links: ARC177; CIV024.
PRD197,Basketmaker III,Basketmaker III,period,Time,F1.7,AM-WST,500,750,approx.,"Pit-house villages adopted fired pottery, the bow and arrow and beans, alongside continuing fine basketry.",pottery;pit-house building,grey ware;bow,food and storage;shelter,Pecos Conference (1927),Pueblo oral history,Indigenous-community,PeriodO (period gazetteer; link-out); open-access excavation reports,R3,F1.30,high,
PRD198,Pueblo I,Pueblo I,period,Time,F1.7,AM-WST,750,900,approx.,"Above-ground pueblo roomblocks appeared, with neck-banded grey and black-on-white pottery.",masonry;black-on-white pottery,pottery;roomblock,shelter;food and storage,Pecos Conference (1927),Pueblo oral history,Indigenous-community,PeriodO (period gazetteer; link-out); open-access excavation reports,R3,F1.30,high,
PRD199,Pueblo II,Pueblo II,period,Time,F1.7,AM-WST,900,1150,approx.,"Chaco Canyon's great houses, road network and turquoise working flourished across the San Juan Basin.",masonry;turquoise working,great house;cylinder jar,shelter;ritual and belief,Pecos Conference (1927),Pueblo oral history,Indigenous-community;sacred,PeriodO (period gazetteer; link-out); open-access excavation reports,R3,F1.30,high,links: HOR008; POL066; NET038; NET039.
PRD200,Pueblo III,Pueblo III,period,Time,F1.7,AM-WST,1150,1300,approx.,Pueblo peoples gathered into large villages and cliff dwellings such as those at Mesa Verde after the Chaco great-house system of Pueblo II declined.,masonry;pottery,cliff dwelling;mug,shelter,Pecos Conference (1927),"the ""abandonment"" framing Pueblos reject",Indigenous-community,PeriodO (period gazetteer; link-out); open-access excavation reports,R3,F1.30;F1.3,high,
PRD201,Pueblo IV,Pueblo IV,period,Time,F1.7,AM-WST,1300,1600,approx.,Large pueblos made glaze-painted pottery and kiva murals and developed katsina imagery.,glaze painting;mural painting,pottery;kiva mural,ritual and belief,Pecos Conference (1927),Pueblo oral history,Indigenous-community;sacred,PeriodO (period gazetteer; link-out); open-access excavation reports,R3,F1.30,high,links: BEL039.
PRD202,Pueblo V,Pueblo V,period,Time,F1.7,AM-WST,1600,,from c. 1600; ongoing,"Pueblo peoples continued to make pottery, weaving and katsina figures under Spanish, Mexican and US rule.",pottery;weaving;carving,pottery;katsina figure,ritual and belief,Pecos Conference (1927),"living Pueblo communities who are not ""prehistory""",Indigenous-community;living-community,PeriodO (period gazetteer; link-out); Smithsonian Open Access (CC0 where designated),R3,F1.30,high,links: STY077; OCC085.
PRD203,Paleo-Inuit period (Arctic),Paleo-Eskimo (older term),period,Time,F1.7,AM-ARC,-2500,1300,approx.,"Paleo-Inuit peoples of the Arctic Small Tool tradition, Saqqaq and Dorset made microblades and carved ivory figures.",microblade;ivory carving,figure;harpoon head,tools;ritual and belief,Arctic archaeologists; terminology revised after Inuit Circumpolar Council resolution (2010),the Inuit terms for these peoples (e.g. Tuniit),Indigenous-community,PeriodO (period gazetteer; link-out); open-access excavation reports,R3,F1.30;F1.3,medium,links: ARC164; ARC165; ARC166.
PRD204,Contact period (North America),Protohistoric,period,Time,F1.7,AM-EWD;AM-WST;AM-NWC,1500,1800,contested label,"The term marks Indigenous history by the arrival of Europeans and trade goods such as glass beads and copper kettles, which makers reworked into their own forms.",glass bead;trade metal,bead;kettle,exchange and value,North American archaeologists,the continuity of Indigenous histories across the divide,Indigenous-community,PeriodO (period gazetteer; link-out),R3,F1.30;F1.3,medium,
PRD205,Reservation period (Plains),Reservation era,period,Time,F1.7,AM-WST,1868,1934,approx.,"Confined to reservations, Plains artists made ledger drawings, beadwork and quillwork for trade.",ledger drawing;beadwork,ledger drawing;beaded bag,record and writing;clothing and adornment,US historians,Native self-determination,Indigenous-community,PeriodO (period gazetteer; link-out); Smithsonian Open Access (CC0 where designated),R3,F1.30,high,links: SCH009.
PRD206,Lithic Age (Caribbean),Lithic Age,period,Time,F1.7,AM-CAR,-4000,-2000,approx.; Rouse's scheme,"Rouse's first age covers the earliest Caribbean settlers, who made flaked-stone blades and tools.",flaked stone,blade,tools,Irving Rouse,later revisions that merge Lithic and Archaic,none,PeriodO (period gazetteer; link-out); open-access excavation reports,R3,F1.30;F1.3,medium,links: ARC196.
PRD207,Archaic Age (Caribbean),Archaic Age,period,Time,F1.7,AM-CAR,-2500,-400,approx.,"Rouse's second age covers foragers who made ground-stone and shell tools, though some also made early pottery and grew plants.",ground stone;shell working,tool,tools,Irving Rouse,the evidence of early pottery and farming that blurs the age boundaries,none,PeriodO (period gazetteer; link-out); open-access excavation reports,R3,F1.30;F1.3,medium,
PRD208,Early Ceramic Age (Caribbean),Early Ceramic Age,period,Time,F1.7,AM-CAR,-500,600,approx.,"Saladoid migrants from South America brought white-on-red pottery, farming and carved stone and shell amulets.",pottery;lapidary work,pottery;amulet,ritual and belief,Irving Rouse,the Archaic peoples already on the islands,none,PeriodO (period gazetteer; link-out); open-access excavation reports,R3,F1.30,high,links: ARC197; NET042.
PRD209,Late Ceramic Age (Caribbean),Late Ceramic Age,period,Time,F1.7,AM-CAR,600,1500,approx.,Ancestors of the Taíno carved zemís and duhos and built ball courts and plazas.,woodcarving;stone carving,zemí;duho,ritual and belief,Irving Rouse,the living Taíno and other descendant communities,sacred;Indigenous-community,PeriodO (period gazetteer; link-out); open-access excavation reports,R3,F1.30,high,links: ARC198; ARC199; CIV030.
PRD210,Amazon rubber boom,ciclo da borracha,period,Time,F1.7,AM-AMZ,1879,1912,approx.,The rubber trade enslaved and killed Indigenous people and funded Manaus's opera house.,rubber tapping,rubber,exchange and value,Brazilian historiography,the Indigenous tappers and the debt-bonded migrants from Brazil's northeast,human-flow;Indigenous-community,PeriodO (period gazetteer; link-out); BNDigital (Biblioteca Nacional do Brasil),R3,F1.30,high,links: OCC183; NET060.
PRD211,Pleistocene Sahul,Sahul settlement period,period,Time,F1.12,OC-AUS;OC-MEL,-63000,-10000,"approx.; first settlement dated c. 65,000–50,000 years ago (debated)","People crossed open sea to reach the joined landmass of Australia and New Guinea, making ground-edge axes, ochre pigments and shell beads.",sea crossing;edge grinding;ochre processing,ground-edge axe;shell bead,transport;tools,Australian and Pacific archaeologists,"Aboriginal and Papuan accounts of deep time that do not use ""periods""",Indigenous-community,PeriodO (period gazetteer; link-out); open-access excavation reports,R3,F1.30;F1.3,high,links: INV108; INV148; CIV093.
PRD212,Holocene intensification (Australia),mid-Holocene intensification,period,Time,F1.12,OC-AUS,-3000,1788,"approx.; contested thesis (Lourandos, 1983)","Harry Lourandos argued that late Holocene Australia saw more complex fish traps, eel farms, small tools and exchange, challenging the idea of an unchanging ""Stone Age"" people.",fish-trap building;backed microlith,eel trap;backed point,food and storage;tools,Harry Lourandos and critics,Aboriginal knowledge holders' own chronology,Indigenous-community,PeriodO (period gazetteer; link-out); open-access excavation reports,R3,F1.30;F1.3,medium,Contested; links: ARC222.
PRD213,Frontier Wars period (Australia),Australian Frontier Wars,period,Time,F1.12,OC-AUS,1788,1934,approx.; contested label and dates,"Colonial violence and dispossession took land and materials from Aboriginal makers, while objects were collected for museums.",none specific,shield;spear,war,historians (e.g. Henry Reynolds),those who deny the wars,conflict-looting;Indigenous-community,PeriodO (period gazetteer; link-out); Trove (link-out),R3,F1.30;F1.3,medium,Contested label.
PRD214,Lapita period,Lapita,period,Time,F1.12,OC-MEL;OC-POL,-1350,-500,approx.,Lapita potters made dentate-stamped pottery as they settled from the Bismarcks to Samoa.,dentate-stamped pottery;obsidian trade;voyaging,pottery;shell ornament,food and storage;transport,Pacific archaeologists,the Papuan peoples already in Near Oceania,none,PeriodO (period gazetteer; link-out); open-access excavation reports,R3,F1.30,high,links: ARC224; HOR013; CIV091; NET046. Period row.
PRD215,Long Pause (West Polynesia),Long Pause,period,Time,F1.12,OC-POL,-800,900,approx.; contested,"After the settlement of Tonga and Samoa, a long gap before East Polynesian voyaging is argued by some archaeologists.",voyaging,canoe,transport,Pacific archaeologists (Anderson; Irwin),Polynesian navigational history,none,PeriodO (period gazetteer; link-out); open-access excavation reports,R3,F1.30;F1.3,medium,Contested.
PRD216,East Polynesian settlement phase,settlement of East Polynesia,period,Time,F1.12,OC-POL,1000,1300,approx.; after Wilmshurst et al. (2011),"Polynesian voyagers settled the Society Islands, Hawaiʻi, Rapa Nui and Aotearoa in a rapid series of voyages.",double-hulled canoe building;navigation,canoe;adze,transport,Pacific archaeologists (radiocarbon revisions),Polynesian genealogies and voyaging knowledge,Indigenous-community,PeriodO (period gazetteer; link-out); open-access excavation reports,R3,F1.30,high,links: ARC227; NET045.
PRD217,Archaic phase (Māori),Moa-hunter period (older term),period,Time,F1.12,OC-POL,1250,1500,approx.; Golson (1959),"The first Māori made adzes, fish-hooks and ornaments like those of East Polynesia.",adze making;bone carving,adze;fish hook,tools,Jack Golson (1959),Māori tribal histories that do not use Golson's phases,Indigenous-community,PeriodO (period gazetteer; link-out); Te Papa Collections Online (per-item; taonga restricted),R3,F1.30;F1.3,high,
PRD218,Classic phase (Māori),Classic Māori,period,Time,F1.12,OC-POL,1500,1769,approx.; Golson (1959),"Māori built fortified pā, carved storehouses and meeting-house elements, and worked pounamu into hei-tiki and weapons.",carving;pounamu working,pā;hei-tiki,shelter;war,Jack Golson (1959),Māori tribal histories that do not use Golson's phases,Indigenous-community,PeriodO (period gazetteer; link-out); Te Papa Collections Online (per-item; taonga restricted),R3,F1.30;F1.3,high,
PRD219,Ahu Moai phase (Rapa Nui),Ahu Moai,period,Time,F1.12,OC-POL,1200,1680,"approx.; phase of the older culture-historical sequence, ended c. 1680 by a 'Huri Moai' toppling phase; recent dating finds ahu building from the 13th c. continuing past European contact (1722) and no pre-contact Huri Moai phase",Rapa Nui people carved hundreds of moai at the Rano Raraku quarry and moved them to stone platforms (ahu).,stone carving,moai,ritual and belief,"archaeologists (older culture-historical sequence; revised by DiNapoli, Lipo, Hunt et al.)","Rapa Nui accounts, and the debated 'collapse' story",Indigenous-community;sacred,PeriodO (period gazetteer; link-out); open-access excavation reports,R3,F1.30;F1.3,medium,links: CIV092.
PRD220,Latte period (Marianas),Latte,period,Time,F1.12,OC-MIC,900,1668,approx.,Chamorro communities in the Marianas quarried and raised latte stone pillars as house foundations.,stone quarrying,latte stone,shelter,Micronesian archaeologists,Chamorro views of their own history,Indigenous-community,PeriodO (period gazetteer; link-out); open-access excavation reports,R3,F1.30,medium,links: ARC229.
