id,name,other_names,kind,family,world,sub_regions,start,end,date_note,making_significance,materials_techniques,object_types,functions,defined_by,leaves_out,sensitivity,free_sources,tier,units,confidence,notes
PLC001,Set Maat (Deir el-Medina),"Pa-demi; workmen's village at Deir el-Medina, Luxor West Bank, Egypt",place,Place,F1.6,AF-EGY,-1550,-1070,"approx.; New Kingdom, 18th-20th Dynasties","The village housed the crews who cut and painted the royal tombs in the Valley of the Kings, and its ostraca record wages, tools, named craftsmen and a strike.",stone cutting;plaster;tomb painting;ostraca,site type: workers' village;ostracon;tomb painting;stela;tool,shelter;record and writing;tools,Egyptologists (IFAO; Bernard Bruyère),women and household labour; water-carriers and support staff living outside the village,funerary,Met Open Access (CC0);British Museum collection search (link-out);Wikimedia Commons;open-access excavation reports,R1,F1.23;F1.28,high,links: MKR090; CIV001. The strike under Ramesses III is recorded in the Turin Strike Papyrus.
PLC002,Akhetaten workshops,"Tell el-Amarna, Minya, Egypt",place,Place,F1.6,AF-EGY,-1350,-1330,approx.; reign of Akhenaten and shortly after,"Excavated workshops at Akhenaten's short-lived capital, including the compound attributed to the sculptor Thutmose where the Nefertiti bust was found in 1912, show how royal sculpture, glass and faience were made.",limestone;plaster casts;quartzite;faience;glass,site type: sculptors' workshops and craft quarter;bust;plaster cast;faience ring;glass vessel,rule and display;clothing and adornment,Egyptologists (Petrie; Deutsche Orient-Gesellschaft; Amarna Project),apprentices and unnamed workers in the compound,none,Met Open Access (CC0);Wikimedia Commons;open-access excavation reports;British Museum collection search (link-out),R2,F1.24;F1.26,high,Attribution to Thutmose rests on an inscribed ivory horse blinker. Egypt has requested return of the Nefertiti bust from Berlin.
PLC003,Fustat,"Fusṭāṭ; Old Cairo, Egypt",place,Place,F1.10,AF-EGY,641,1400,approx.; founded 641-42; burned 1168; pottery production continued after,"Fustat's workshops and rubbish mounds yielded lustreware, local copies of Chinese ceramics and imported sherds that document how potters copied and traded across the Indian Ocean.",lustre glazing;tin glaze;glassmaking;textile,site type: city and pottery centre;lustreware;sgraffito ware;Chinese export sherd;textile fragment,food and storage;exchange and value,archaeologists (Aly Bahgat; George Scanlon for ARCE),the Geniza merchant community; potters known only by signatures,none,Met Open Access (CC0);Cleveland Museum of Art Open Access (CC0);Wikimedia Commons;open-access excavation reports;British Museum collection search (link-out),R1,F1.13;F1.14,high,links: MKR013; DIA004. The Cairo Geniza was kept in the Ben Ezra Synagogue at Fustat.
PLC004,Wadi Hammamat quarries,"Wadi Hammamat, Eastern Desert, Egypt",place,Place,F1.6,AF-EGY,-3000,300,approx.; Predynastic to Roman,"Rock inscriptions record expeditions that quarried greywacke (bekhen stone) for royal statues and vessels, and the Turin Papyrus Map depicts the area.",greywacke;quarrying;gold mining,site type: quarry and expedition route;statue;rock inscription;vessel,tools;rule and display;record and writing,Egyptologists,expedition labourers named only as numbers in inscriptions,none,Wikimedia Commons;open-access excavation reports,R3,F1.22;F1.28,high,Turin Papyrus Map dated c. 1150 BCE.
PLC005,Aswan granite quarries,"Swenet; Aswan, Egypt",place,Place,F1.6,AF-EGY,-2600,300,approx.; Old Kingdom to Roman,"The northern quarry with its unfinished obelisk shows how workers extracted granite with dolerite pounders for obelisks, statues and sarcophagi.",granite;dolerite pounding;quarrying,site type: quarry;obelisk;statue;sarcophagus,rule and display;ritual and belief,Egyptologists,quarry workers,none,Wikimedia Commons;open-access excavation reports,R2,F1.28a;F1.22,high,Date of the unfinished obelisk (often given as New Kingdom) to verify.
PLC006,Serabit el-Khadim,"Sinai, Egypt",place,Place,F1.6;F1.9a,AF-EGY;WA-LEV,-1900,-1150,approx.; Middle and New Kingdom expeditions,Turquoise-mining expeditions left a temple to Hathor and Proto-Sinaitic inscriptions that are among the earliest known alphabetic writing.,turquoise mining;copper;rock inscription,site type: mine and temple;turquoise;Proto-Sinaitic inscription;stela,clothing and adornment;record and writing;ritual and belief,Egyptologists (Petrie 1904-05),the Canaanite and Sinai workers whose script it probably is,sacred,Wikimedia Commons;British Museum collection search (link-out);open-access excavation reports,R2,F1.5;F1.22,high,links: INV007.
PLC007,Wadi Allaqi,"Wadi al-Allaqi, Egypt and Sudan",place,Place,F1.6;F1.10,AF-EGY;AF-NUB,-2000,1300,approx.; pharaonic to medieval Islamic mining,"Gold mines along Wadi Allaqi supplied Egyptian states and, later, medieval Islamic mints, with mining camps described by Arab geographers.",gold mining;quartz crushing;grinding stones,site type: gold-mining district;grinding stone;ore mill,exchange and value,Egyptologists; historians of medieval Egypt,"miners, including convicts and war captives described in ancient accounts of Eastern Desert gold mines",human-flow,open-access excavation reports;Wikimedia Commons,R3,F1.22;F1.23,medium,Agatharchides (via Diodorus) describes coerced labour in Ptolemaic gold mines; whether he meant Allaqi is uncertain.
PLC008,Mons Porphyrites,"Gebel Abu Dukhan, Eastern Desert, Egypt",place,Place,F1.11,AF-EGY;EU-GRR,20,450,approx.; Roman to late antique,"These imperial quarries were the source of the purple porphyry used for Roman and Byzantine imperial statues, columns and sarcophagi.",porphyry;quarrying,site type: imperial quarry;sarcophagus;column;statue,rule and display,archaeologists (Peacock and Maxfield),quarry workers; Christians condemned to the 'Porphyry quarry in Thebais' in the persecution of the early 4th c.,human-flow,Wikimedia Commons;open-access excavation reports,R3,F1.22;F1.17,medium,"Condemned labour attested by Eusebius, Martyrs of Palestine 8.1; its scale beside the regular workforce is unknown."
PLC009,Berenike,"Berenike Troglodytica, Red Sea coast, Egypt",place,Place,F1.6;F1.13,AF-EGY,-275,550,approx.; Ptolemaic foundation to 6th c.,"The Red Sea port traded with India, Arabia and East Africa, and excavations found Indian teak, pepper, beads, textiles and ostraca.",shipbuilding;teak;pepper trade;bead trade,site type: port;peppercorn;bead;textile;ostracon,exchange and value;transport,archaeologists (Sidebotham; Wendrich),,none,open-access excavation reports;Wikimedia Commons,R2,F1.13,high,links: NET006; NET032.
PLC010,Qantir-Piramesse,"Pi-Ramesses; Qantir, Nile Delta, Egypt",place,Place,F1.6,AF-EGY,-1280,-1130,approx.; Ramesside,"Crucibles and furnaces excavated at Qantir show that glass was made here from raw materials, beside large bronze-casting workshops.",glassmaking;bronze casting;faience,site type: royal city and workshop area;glass ingot;crucible;chariot fitting,war;clothing and adornment;exchange and value,archaeologists (Pelizaeus-Museum Hildesheim; Pusch; Rehren),,none,open-access excavation reports;Wikimedia Commons,R3,F1.5,medium,"links: INV026. Rehren and Pusch, Science 2005."
PLC011,Egyptian Museum (Tahrir),"Museum of Egyptian Antiquities, Cairo, Egypt",place,Place,F1.6;THEME,AF-EGY,1902,,building opened 1902; collection begun at Bulaq 1858,"The museum was the centre of the French-led Antiquities Service, whose partage rules decided which finds stayed in Egypt and which went abroad.",museum display,site type: museum;statue;coffin;jewellery,rule and display,the Egyptian state; Antiquities Service (Mariette; Maspero),Egyptian excavators and workers; finds exported under partage,conflict-looting,collection search link-out only;Wikimedia Commons,R2,F1.24;F1.3,high,Objects were stolen during the 2011 break-in; some recovered.
PLC012,Grand Egyptian Museum,"GEM; Giza, Egypt",place,Place,F1.6;THEME,AF-EGY,2023,,partial openings 2023-24; official opening November 2025,"The museum near the Giza pyramids brings together Tutankhamun's full tomb group and conservation laboratories, and is part of Egypt's case for the return of objects held abroad.",museum display;conservation,site type: museum and conservation centre;tomb group;statue,rule and display,the Egyptian state,,funerary,collection search link-out only,R3,F1.24,high,Official opening reported 1-4 November 2025.
PLC013,Kerma,"Kerma, Northern State, Sudan",place,Place,F1.6,AF-NUB,-2500,-1500,approx.; Kerma culture,"The capital of Kerma had workshops for faience, bronze and thin black-topped beakers around the mud-brick temple known as the Western Deffufa.",faience;mud brick;black-topped pottery;bronze,"site type: capital, workshops and cemetery;beaker;faience inlay;dagger",ritual and belief;rule and display;food and storage,archaeologists (Reisner; Bonnet),,funerary,collection search link-out only;Wikimedia Commons;open-access excavation reports,R2,F1.5,high,links: ARC019; POL002. Reisner finds at MFA Boston (link-out).
PLC014,Meroë,"Meroe, River Nile State, Sudan",place,Place,F1.6,AF-NUB,-500,350,approx.; royal city from c. 6th c. BCE,"Slag heaps at Meroë attest large-scale iron smelting, and the royal city had workshops for pottery, faience and gold jewellery beside its pyramid cemeteries.",iron smelting;painted pottery;faience;goldwork,"site type: royal city, iron-working site and cemetery;pyramid;jewellery;painted pottery",tools;rule and display,archaeologists (Garstang; Shinnie; UCL Meroë project),Giuseppe Ferlini's destruction of pyramids in 1834 to take the Amanishakheto treasure,funerary;conflict-looting,open-access excavation reports;Wikimedia Commons;British Museum collection search (link-out),R2,F1.5;F1.24,high,links: POL003. Ferlini treasure now in Berlin and Munich.
PLC015,Jebel Barkal,"Napata, Northern State, Sudan",place,Place,F1.6,AF-NUB,-1450,350,approx.,The sacred mountain of Amun had temples and royal cemeteries whose stone and bronze commissions record Kushite kingship.,sandstone;bronze;goldwork,"site type: sacred mountain, temples and cemetery;statue;stela",ritual and belief;rule and display,Egyptologists; the Kushite kings,,sacred;funerary,open-access excavation reports;Wikimedia Commons;collection search link-out only,R3,F1.16,high,links: POL003.
PLC016,Qasr Ibrim,"Primis; Lower Nubia, Egypt",place,Place,F1.6,AF-NUB;AF-EGY,-1000,1812,approx.,"The dry citadel preserved textiles, leather, basketry and manuscripts in Meroitic, Old Nubian, Coptic, Greek and Arabic across about three thousand years.",textile;leather;basketry;parchment;paper,site type: citadel and settlement;textile;manuscript;basket,record and writing;clothing and adornment,archaeologists (Egypt Exploration Society),,none,open-access excavation reports;British Museum collection search (link-out),R3,F1.28,high,Now an island in Lake Nasser.
PLC017,Faras Cathedral,Pachoras; Lower Nubia (now under Lake Nasser),place,Place,F1.6,AF-NUB,707,1200,"approx.; cathedral rebuilt c. 707, painted in phases to 12th c.",Wall paintings rescued in 1961-64 before flooding document Nubian Christian painting across several centuries.,tempera wall painting;mud brick,site type: cathedral;wall painting,ritual and belief,"archaeologists (Kazimierz Michałowski, Polish mission)",the split of the paintings between Warsaw and Khartoum; displaced Nubian communities,sacred,Wikimedia Commons;open-access excavation reports;collection search link-out only,R2,F1.24,high,National Museum in Warsaw (link-out).
PLC018,Old Dongola,"Tungul; Northern State, Sudan",place,Place,F1.6,AF-NUB,500,1400,approx.; Makurian capital,"The capital of Makuria had churches, a throne hall and painted monasteries whose murals and pottery show Nubian Christian workshops.",wall painting;wheel-made pottery;mud brick,site type: royal capital;mural;pottery,ritual and belief;rule and display,archaeologists (Polish Centre of Mediterranean Archaeology),,sacred,open-access excavation reports;Wikimedia Commons,R3,,high,links: POL004.
PLC019,Sudan National Museum,"Khartoum, Sudan",place,Place,F1.6;THEME,AF-NUB,1971,,opened 1971,"The museum holds finds from the Nubian rescue campaign, including temples re-erected in its garden, and was reported looted during the war from 2023.",museum display,site type: museum;temple;wall painting;statue,rule and display,the Sudanese state; UNESCO Nubian campaign,communities displaced by the Aswan High Dam,conflict-looting,collection search link-out only;Wikimedia Commons,R3,F1.24;F1.19a,medium,Extent of looting to verify.
PLC020,Taforalt,"Grotte des Pigeons, Oriental region, Morocco",place,Place,F1.6,AF-MAG,-83000,-11000,"approx.; beads c. 82,000 BP; Iberomaurusian cemetery c. 15,000-13,000 BP","Perforated Nassarius shells with ochre, dated to about 82,000 years ago, are among the earliest known beads, and the cave later held an Iberomaurusian cemetery.",shell perforation;ochre,site type: cave;shell bead;burial,clothing and adornment;ritual and belief,archaeologists (Bouzouggar et al. 2007),,funerary,open-access excavation reports;Wikimedia Commons,R2,F1.5,high,links: INV143; ARC010.
PLC021,Carthage,"Qart-ḥadasht; Tunis, Tunisia",place,Place,F1.6;F1.11,AF-MAG;EU-GRR,-814,698,traditional foundation 814 BCE; Punic city destroyed 146 BCE; Roman city to 698,"The Punic port with its circular naval harbour, dye works and potters' quarters anchored a Mediterranean trade network, and the later Roman city made mosaics and lamps.",shipbuilding;purple dyeing;mosaic;pottery,site type: port city;harbour;amphora;stela;mosaic,exchange and value;transport;war,archaeologists; classical historians,"the people buried in the Tophet, whose interpretation is contested",funerary,Wikimedia Commons;Met Open Access (CC0);British Museum collection search (link-out);open-access excavation reports,R2,F1.13,high,links: CIV015; POL040; NET021.
PLC022,Chemtou,"Simitthus, Jendouba, Tunisia",place,Place,F1.6;F1.11,AF-MAG;EU-GRR,-150,235,"approx.; quarrying from the later 2nd c. BCE, ceasing after 235 CE","Quarries at Simitthus supplied yellow 'giallo antico' marble across the Roman world, with a walled workers' camp and workshops beside them.",marble quarrying;stone working,site type: quarry and workshop camp;column;veneer,rule and display,archaeologists (German Archaeological Institute),"quarry workers, including prisoners and presumed forced labourers",human-flow,Wikimedia Commons;open-access excavation reports,R3,F1.22,medium,"DAI describes the camp as a labour camp for the imperial administration, prisoners and workmen; the workforce status is inferred, not documented in detail."
PLC023,Kairouan,"Qayrawān, Tunisia",place,Place,F1.10,AF-MAG,670,,founded 670; ongoing,"The Great Mosque's mihrab is framed by 9th-century lustre tiles linked to Iraq, and the city later became a carpet-weaving centre.",lustre tile;carpet weaving;wood carving,"site type: city, mosque and craft centre;lustre tile;minbar;carpet",ritual and belief;exchange and value,historians of Islamic art,women carpet weavers,sacred;living-community,Wikimedia Commons,R2,F1.14;F1.13,high,Whether all mihrab tiles were imported from Iraq or partly made locally is debated.
PLC024,Chouara tannery,"Fez, Morocco",place,Place,F1.10,AF-MAG,1100,,"approx.; tanneries attested for centuries, founding date uncertain; ongoing","The dye and tanning pits of the Fez medina process hides into leather by hand, a working district tied to the city's craft guilds.",tanning;natural dyeing;leather working,site type: tannery;leather;babouche,clothing and adornment,the guilds; historians,tannery workers' health and wages,living-community,Wikimedia Commons;community-published site (link-out),R2,F1.22a;F1.23,medium,links: MKR014. Founding date to verify.
PLC025,Sijilmasa,"Rissani, Tafilalt, Morocco",place,Place,F1.10;F1.13,AF-MAG,757,1400,founded c. 757; declined 14th c.,Sijilmasa was the northern Saharan terminus of the gold trade and minted gold dinars from West African gold.,coin minting;gold refining;mud brick,site type: caravan city and mint;dinar,exchange and value,historians; archaeologists (Moroccan-American project),enslaved people carried north by the same caravans,human-flow,Wikimedia Commons;open-access excavation reports,R2,F1.13,high,links: NET010.
PLC026,Mogador,"Essaouira island, Morocco",place,Place,F1.6;F1.11,AF-MAG,-650,50,approx.; Phoenician outpost 7th-6th c. BCE; dye works under Juba II,The island was a Phoenician trading post and later a dye works associated with the Gaetulian purple mentioned by Pliny.,murex dyeing;trade,site type: island trading post;amphora;dye works,exchange and value;clothing and adornment,archaeologists; Pliny the Elder,,none,open-access excavation reports;Wikimedia Commons,R3,F1.18;F1.13,medium,Link between the island and Juba II's purple dye works to verify.
PLC027,Timbuktu,"Tombouctou, Mali",place,Place,F1.6;F1.10;F1.13,AF-SAH,1100,,founded c. 1100; ongoing,"Timbuktu's mosques and family libraries hold manuscripts copied, bound and traded in the city, which was also a market for salt, gold and books.",manuscript copying;leather binding;earthen architecture,site type: trading city and manuscript centre;manuscript;binding;mosque,record and writing;exchange and value,scholars; the families holding libraries,enslaved and servile workers in the trans-Saharan trade; the 2012 destruction of mausoleums,sacred;conflict-looting;human-flow,Wikimedia Commons;community-published site (link-out),R1,F1.13;F1.28;F1.19a,high,links: MKR010; POL036; POL037. Manuscripts were evacuated to Bamako in 2012-13.
PLC028,Djenné,"Djenné, Mali",place,Place,F1.6;F1.10,AF-SAH,1200,,town from c. 13th c.; Great Mosque rebuilt 1907; ongoing,"The barey masons' corporation leads the yearly replastering of the Great Mosque in mud, a collective building practice in a trading town of the inland Niger Delta.",earthen architecture;mud plaster;toron timbers,"site type: town, mosque and masons' quarter;mud-brick building",shelter;ritual and belief,the barey masons; UNESCO,women and youths who carry water and plaster,sacred;living-community,Wikimedia Commons;community-published site (link-out),R1,F1.29;F1.22a,high,links: ARC031.
PLC029,Djenné-Djeno,"Jenne-jeno, Mali",place,Place,F1.6,AF-SAH,-250,1400,approx.; c. 250 BCE-1400 CE,"Excavations found an urban cluster with iron-working, potting and imported glass beads that predates the trans-Saharan caravan trade.",iron smelting;pottery;terracotta;glass beads,site type: urban tell;terracotta figure;bead;pottery,exchange and value;tools,archaeologists (Susan and Roderick McIntosh),the looting of Inland Niger Delta terracottas for the art market,conflict-looting,open-access excavation reports;Wikimedia Commons,R2,F1.24;F1.5,high,links: ARC031; ARC032; INV131.
PLC030,Gao,"Gao, Mali",place,Place,F1.6;F1.10,AF-SAH,700,,approx.; Gao-Saney 7th-10th c.; Songhay capital 15th-16th c.,"Gao was a Niger River market whose royal cemetery had inscribed marble stelae imported from al-Andalus, and later the capital of Songhay.",marble carving;glass beads;earthen architecture,site type: river market and capital;tombstone;bead;tomb,exchange and value;ritual and belief,archaeologists; historians,,funerary;sacred,Wikimedia Commons;open-access excavation reports,R3,F1.13,medium,links: POL037. Almería origin of the stelae to verify.
PLC031,Essouk-Tadmekka,"Essouk, Kidal, Mali",place,Place,F1.6;F1.13,AF-SAH,800,1400,approx.,"Excavations found clay coin moulds of about the 11th century, evidence that gold was cast into coin blanks inside the Sahara.",gold casting;clay moulds,site type: caravan town;coin mould;crucible,exchange and value,archaeologists (Sam Nixon),,none,open-access excavation reports,R3,F1.13,medium,
PLC032,Taghaza,"Taghaza, northern Mali",place,Place,F1.6;F1.10,AF-SAH,1000,1585,approx.; described 1352; abandoned after 1585,"Ibn Battuta described Taghaza in 1352 as a salt-mining town built of salt blocks, where the salt was cut by enslaved workers.",rock-salt quarrying,site type: salt mine;salt slab,exchange and value;food and storage,Ibn Battuta; historians,the enslaved miners,human-flow,Wikimedia Commons,R3,F1.23;F1.28,medium,
PLC033,Kofar Mata dye pits,"Kano, Nigeria",place,Place,F1.6;F1.10,AF-SAH,1498,,tradition dates the pits to the late 15th c.; ongoing,"Dyers work indigo in cement-lined pits at Kofar Mata, a surviving part of the dyeing industry that made Kano's cloth known across the Sahel.",indigo dyeing;resist dyeing,site type: dye pits;indigo cloth;turban,clothing and adornment;exchange and value,the dyers; historians,,living-community,Wikimedia Commons;community-published site (link-out),R2,F1.18,medium,links: MKR006 (maker-community node for the same dyers; merge or keep as place). Founding date to verify.
PLC034,Masaga glass quarter,"Bida, Niger State, Nigeria",place,Place,F1.6,AF-SAH;AF-GUI,1850,,approx.; Nupe capital founded 1850s; ongoing,"Glassmakers of the Masaga quarter make bangles and beads by remelting recycled glass, a craft the guild links to Nupe history.",glass remelting;bead making,site type: craft quarter;glass bangle;bead,clothing and adornment,the guild; ethnographers (S. F. Nadel),,living-community,Wikimedia Commons,R3,F1.29,medium,Earlier origins claimed; to verify.
PLC035,Gorée,"Île de Gorée, Dakar, Senegal",place,Place,F1.6;F1.13,AF-SAH,1444,,European trading post from 15th c.; memorial site,Gorée was a European trading post in the Atlantic trade in enslaved Africans and is now a memorial whose House of Slaves is central to debates about how that trade is presented.,stone and lime building,site type: island trading post and memorial;building,exchange and value,UNESCO; the Senegalese state; historians,the scale of embarkations from Gorée is debated,human-flow,Wikimedia Commons,R2,F1.24;F1.3,high,links: NET035.
PLC036,Museum of Black Civilisations,"Musée des Civilisations noires, Dakar, Senegal",place,Place,F1.6;THEME,AF-SAH,2018,,opened December 2018,"The museum, first proposed at the 1966 Dakar festival, presents African and diaspora histories and receives returned objects.",museum display,site type: museum;sculpture;textile,rule and display,the Senegalese state,,none,collection search link-out only,R3,F1.24,high,links: INS083; EVT022. Place node for the building; merge with INS083 if preferred.
PLC037,Igun Street,"Igun Eronmwon quarter, Benin City, Nigeria",place,Place,F1.6,AF-GUI,1300,,approx.; oral history dates the guild to the 13th-14th c.; ongoing,"Igun Street is the hereditary quarter of the Benin brass-casters' guild, where lost-wax casting for the Oba's court continues.",lost-wax casting;brass;clay core,site type: craft street;commemorative head;plaque;bell,rule and display;ritual and belief,the guild; the Oba's court,apprentices; women's work in the households,living-community;ancestral,community-published site (link-out);collection search link-out only,R1,F1.17;F1.24,high,links: MKR001; POL026.
PLC038,"Oba's Palace, Benin City","Ogbe; Benin City, Nigeria",place,Place,F1.6,AF-GUI,1300,,approx.; ongoing,"The royal palace commissioned Benin's brass plaques, ivories and altar objects and was sacked by the British punitive expedition in February 1897.",brass casting;ivory carving;earthen architecture,site type: royal palace and altar complex;plaque;carved tusk;altar,rule and display;ritual and belief,the Oba; historians,,conflict-looting;sacred;ancestral;living-community,collection search link-out only;community-published site (link-out),R1,F1.24;F1.19a,high,links: CIV012; POL026; INS082.
PLC039,"National Museum, Benin City","Benin City, Nigeria",place,Place,F1.6;THEME,AF-GUI,1973,,present building opened 1973; a museum was first set up in 1946,The museum holds Benin castings left in Nigeria or bought back and is one of the places where returned objects are discussed.,museum display,site type: museum;brass casting;ivory,rule and display,the National Commission for Museums and Monuments,,ancestral,collection search link-out only,R3,F1.24,medium,Opened to the public 1973 (Wikipedia; Nigerian Observer 2022); 1946 origin from a single press source.
PLC040,"National Museum, Lagos","Onikan, Lagos, Nigeria",place,Place,F1.6;THEME,AF-GUI,1957,,opened 1957,"The museum, founded by Kenneth Murray, holds Nok, Ife, Igbo-Ukwu and Benin works and shaped how Nigerian antiquities were catalogued and displayed.",museum display,site type: museum;terracotta;brass casting,rule and display,the Nigerian Antiquities Service (Kenneth Murray; Bernard Fagg),the excavators and communities from whom objects came,none,collection search link-out only;Wikimedia Commons,R2,F1.24,high,
PLC041,Wunmonije Compound,"Ile-Ife, Osun State, Nigeria",place,Place,F1.6,AF-GUI,1200,1450,approx.; heads found 1938,Builders digging in the compound in 1938 found the copper-alloy Ife heads that changed European ideas of African casting.,copper-alloy casting;lost-wax casting,site type: find site near the palace;cast head,rule and display;ritual and belief,archaeologists; the Ooni's palace,the export of some heads in 1938-39,sacred;conflict-looting,collection search link-out only;Wikimedia Commons,R2,F1.24;F1.3,high,links: CIV011; POL027. Some heads left Nigeria via William Bascom; verify.
PLC042,Igbo Olokun,"Olokun Grove, Ile-Ife, Nigeria",place,Place,F1.6,AF-GUI,1000,1500,approx.; 11th-15th c.,"Crucible fragments and beads show that high-lime, high-alumina glass was made here from local materials, a primary glass industry in West Africa.",primary glassmaking;crucible;bead making,site type: glass workshop;glass bead;crucible,clothing and adornment;exchange and value,archaeologists (Babalola et al.),,sacred,open-access excavation reports,R3,F1.5,medium,links: INV028.
PLC043,Igbo-Ukwu,"Igbo Isaiah, Igbo Richard and Igbo Jonah, Anambra State, Nigeria",place,Place,F1.6,AF-GUI,800,1000,approx.; 9th-10th c.,"Leaded-bronze castings with fine lost-wax detail, glass beads and a richly furnished burial were excavated at three compounds.",leaded bronze;lost-wax casting;glass beads,site type: excavated compounds and burial;vessel;regalia;bead,ritual and belief;rule and display,archaeologists (Thurstan Shaw),,funerary;sacred,open-access excavation reports;Wikimedia Commons;collection search link-out only,R2,F1.5,high,links: ARC034.
PLC044,Taruga,"Taruga, near Abuja, Nigeria",place,Place,F1.6,AF-GUI,-600,1,approx.,"Taruga's furnaces are among the earliest dated iron-smelting sites in West Africa, in the region whose Nok terracottas are heavily looted.",iron smelting;terracotta,site type: iron-smelting site and settlement;furnace;terracotta figure,tools;ritual and belief,archaeologists (Bernard Fagg; Goethe University Frankfurt Nok project),the looting of Nok terracottas,conflict-looting,open-access excavation reports;collection search link-out only,R2,F1.5;F1.24,medium,links: ARC028; CIV006; INV087.
PLC045,Jos Plateau tin fields,"Jos Plateau, Nigeria",place,Place,F1.6,AF-GUI,1904,,colonial tin mining from 1900s,"Colonial tin mining exposed the first known Nok terracottas (1928, and more from 1943), and during the Second World War the colonial state imposed forced labour on the mines.",tin mining;alluvial mining,site type: mining district;tin;terracotta find,exchange and value,colonial companies; historians,conscripted mine workers,human-flow,open-access excavation reports;Wikimedia Commons,R3,F1.22;F1.23,medium,"links: ARC028. Wartime forced labour: Freund, J. African History (labour migration to the tin mines 1903-1945)."
PLC046,Bonwire,"Bonwire, Ashanti Region, Ghana",place,Place,F1.6,AF-GUI,1700,,approx.; ongoing,"Bonwire's weavers make strip-woven kente on narrow looms, with named patterns once reserved for the Asante court.",narrow-strip loom;silk;cotton;supplementary weft,site type: weaving village;kente cloth,clothing and adornment;rule and display,the weavers; the Asantehene's court,women spinners and traders; printed kente copies,living-community,Met Open Access (CC0);community-published site (link-out),R2,F1.18;F1.14,high,links: MKR003; PRA002.
PLC047,Kumasi,"Manhyia, Kumasi, Ghana",place,Place,F1.6,AF-GUI,1700,,approx.; Asante capital from c. 1700,"The Asante capital commissioned goldwork, cast brass goldweights and regalia, and was looted by British forces in 1874 and again in 1896-1900.",goldworking;lost-wax casting;brass,site type: royal capital;goldweight;regalia;stool,rule and display;exchange and value,the Asantehene; historians,,conflict-looting;ancestral,collection search link-out only;Wikimedia Commons,R2,F1.24,high,links: POL029.
PLC048,Elmina Castle,"São Jorge da Mina, Elmina, Ghana",place,Place,F1.6;F1.13,AF-GUI,1482,1872,Portuguese 1482; Dutch 1637-1872,"The castle was a Portuguese and then Dutch trading fort for gold and, increasingly, for enslaved Africans held in its dungeons.",stone construction;trade goods,site type: trading fort and dungeon;manilla;cloth,exchange and value;war,UNESCO; the Ghanaian state; historians,,human-flow,Wikimedia Commons,R2,F1.13;F1.24,high,links: NET035.
PLC049,Ouidah,"Glexwe; Ouidah, Benin",place,Place,F1.6;F1.13,AF-GUI,1670,1860,approx.,Ouidah was a principal port of the Atlantic slave trade from the Bight of Benin and today has a memorial route to the beach.,trade goods;cowries,site type: port and memorial route;cowrie;cloth,exchange and value,historians; the Beninese state,,human-flow,Wikimedia Commons,R2,F1.13;F1.24,high,links: POL030; NET035.
PLC050,Abomey Royal Palaces,"Abomey, Zou, Benin",place,Place,F1.6,AF-GUI,1645,1894,approx.,"The Dahomey palaces had appliqué workshops and painted clay reliefs, and French troops took royal objects in 1892, 26 of which were returned in 2021.",appliqué;earthen relief;brass casting,site type: royal palace complex;appliqué hanging;throne;relief,rule and display;ritual and belief,the kings of Dahomey; UNESCO,,conflict-looting;sacred,collection search link-out only;Wikimedia Commons,R2,F1.24,high,links: POL030; MKR005.
PLC051,Krobo bead-making,"Odumase-Krobo, Eastern Region, Ghana",place,Place,F1.6,AF-GUI,1900,,approx.; ongoing,Krobo bead-makers fire powdered recycled glass in clay moulds to make beads worn at the dipo rite and sold at markets.,powder-glass bead making;clay moulds,site type: bead workshops and market;glass bead,clothing and adornment;ritual and belief,the bead-makers,,living-community,Wikimedia Commons;community-published site (link-out),R3,F1.29;F1.22a,medium,Start date approximate.
PLC052,Osun-Osogbo Sacred Grove,"Osogbo, Osun State, Nigeria",place,Place,F1.6,AF-GUI,1950,,grove old; New Sacred Art from 1950s,"The grove's shrines were rebuilt from the 1950s by Susanne Wenger and local artists of the New Sacred Art, and it is still the site of the annual Osun festival.",earthen and cement sculpture;shrine building,site type: sacred grove;shrine sculpture,ritual and belief,Osun devotees; Susanne Wenger and collaborators; UNESCO,the Yoruba artists whose work is credited to Wenger,sacred;living-community,Wikimedia Commons;community-published site (link-out),R3,F1.16;F1.26,high,
PLC053,Bunce Island,Sierra Leone River,place,Place,F1.6;F1.13,AF-GUI,1670,1807,approx.,"British traders held captives at Bunce Island's fort before shipping them to the Americas, including rice-growing Carolina and Georgia.",stone construction;trade goods,site type: slave-trading fort;ruins,exchange and value,historians,,human-flow,Wikimedia Commons,R3,F1.13,high,links: NET035.
PLC054,Mbanza Kongo,"São Salvador, Zaire province, Angola",place,Place,F1.6,AF-CEN,1390,,approx.; capital from late 14th c.,"The Kongo capital commissioned raffia cloth, ivory and brass crucifixes, and its links with Portugal also fed the slave trade.",raffia weaving;ivory carving;brass casting,site type: royal capital;raffia cloth;crucifix,rule and display;ritual and belief;exchange and value,the Kongo kings; UNESCO,captives sold through the capital,human-flow,Wikimedia Commons;Met Open Access (CC0),R2,F1.14,high,links: POL020; CIV013.
PLC055,Loango Bay,"Loango, Republic of the Congo",place,Place,F1.6,AF-CEN,1600,1910,approx.,Loango was a port for enslaved captives and later a centre where carvers made relief-carved ivory tusks for European buyers.,ivory carving;trade goods,site type: port and carvers' workshops;carved tusk,exchange and value,historians; museums,captives shipped from the coast,human-flow,Met Open Access (CC0);Wikimedia Commons,R3,F1.13;F1.14,medium,links: POL021.
PLC056,Nsheng,"Mushenge; Kasai, DR Congo",place,Place,F1.6,AF-CEN,1625,,approx.; Kuba capital,"The Kuba royal capital was the centre for raffia cut-pile and embroidered cloth, carved cups and the ndop king figures.",raffia weaving;cut-pile embroidery;wood carving,site type: royal capital;raffia cloth;ndop figure;cup,rule and display;clothing and adornment,the Kuba kings; ethnographers (Emil Torday),women embroiderers,living-community,Met Open Access (CC0);Wikimedia Commons;collection search link-out only,R3,F1.18,medium,links: POL022.
PLC057,Foumban,"Bamum Palace and Rue des Artisans, Foumban, Cameroon",place,Place,F1.6,AF-CEN,1394,,dynasty traditionally from 1394; palace 1917; ongoing,"Under Sultan Njoya the royal workshops at Foumban made beadwork, brass and carvings, and an artisans' street continues the work.",beadwork;lost-wax brass casting;wood carving,site type: royal palace and craft street;beaded throne;mask;brass pipe,rule and display,Sultan Njoya; the Bamum court,,living-community,Wikimedia Commons;collection search link-out only,R2,F1.17,medium,links: MKR004; POL025.
PLC058,Ishango,"Ishango, Virunga, DR Congo",place,Place,F1.6,AF-CEN,-20000,,"approx.; c. 20,000 BP",A notched bone tool found at Ishango in 1950 is one of the best-known early tally-like objects.,bone carving;notching,site type: lakeside site;notched bone;harpoon,record and writing;tools,archaeologists (Jean de Heinzelin),,none,open-access excavation reports;Wikimedia Commons,R3,F1.5,medium,links: INV011. Interpretations as counting device are debated.
PLC059,Sanga,"Upemba Depression, Katanga, DR Congo",place,Place,F1.6,AF-CEN,700,1400,approx.,"Kisalian burials at Sanga contained copper cross-ingots, iron and fine pottery, marking a regional copper currency.",copper casting;iron;pottery,site type: cemetery;copper cross;pottery,exchange and value;ritual and belief,archaeologists (Jacques Nenquin; Pierre de Maret),,funerary,open-access excavation reports,R3,F1.13,medium,links: ARC038.
PLC060,Union Minière mines of Katanga,"Élisabethville (Lubumbashi) and Kipushi, DR Congo",place,Place,F1.6;THEME,AF-CEN,1906,1967,Union Minière du Haut-Katanga 1906-1967,Colonial copper and cobalt mining in Katanga recruited labour by coercion in its early decades and supplied metals for global industry.,copper mining;smelting,site type: mining district;copper ingot,exchange and value,colonial companies; historians,forcibly recruited miners,human-flow,Wikimedia Commons;open-access excavation reports,R3,F1.22;F1.23,medium,links: POL140.
PLC061,Royal Museum for Central Africa,"AfricaMuseum, Tervuren, Belgium",place,Place,F1.11;THEME,EU-BLC;AF-CEN,1910,,museum 1910; 1897 colonial exhibition on the site,"Built as a museum of the Congo Free State, it displayed Congolese objects and, in 1897, Congolese people, and reopened in 2018 after a redesign.",museum display,site type: museum and former exhibition ground;sculpture;mask,rule and display,the Belgian state,"the Congolese people exhibited in 1897, seven of whom died",conflict-looting;human-flow,collection search link-out only;Wikimedia Commons,R2,F1.24;F1.3,high,links: POL140; NET060.
PLC062,Ingombe Ilede,"Ingombe Ilede, Southern Province, Zambia",place,Place,F1.6,AF-CEN;AF-SOU,1300,1500,approx.; 14th-15th c.,"Burials here contained copper ingots, gold, glass beads, cloth and wire-drawing tools, linking the Zambezi to Indian Ocean trade.",copper casting;wire drawing;cotton cloth,site type: settlement and cemetery;copper ingot;wire bangle;bead,exchange and value,archaeologists (Brian Fagan),,funerary,open-access excavation reports,R3,F1.13,medium,
PLC063,Gona,"Afar Region, Ethiopia",place,Place,F1.6,AF-HRN,-2600000,,approx.; c. 2.6 million years,"Stone tools from Gona, about 2.6 million years old, are among the earliest known Oldowan artefacts.",stone knapping,site type: open-air archaeological locality;stone core;flake,tools,palaeoanthropologists (Semaw et al.),,none,open-access excavation reports,R3,F1.5,high,links: ARC002; INV139.
PLC064,Yeha,"Tigray, Ethiopia",place,Place,F1.6;F1.9a,AF-HRN;WA-ARB,-800,-300,approx.; Great Temple c. 7th c. BCE,The Great Temple at Yeha shows ashlar masonry and inscriptions linked to South Arabian building traditions.,ashlar masonry;stone carving,site type: temple and settlement;inscription;altar,ritual and belief,archaeologists (DAI),,sacred,Wikimedia Commons;open-access excavation reports,R3,F1.13,high,links: ARC021.
PLC065,Aksum,"Tigray, Ethiopia",place,Place,F1.6,AF-HRN,1,900,approx.,"Aksum's carved granite stelae, coinage and workshops record a Red Sea kingdom, and one stela taken to Rome in 1937 was returned in 2005.",granite carving;coin minting,site type: royal city and stelae field;stela;coin,rule and display;exchange and value,archaeologists; UNESCO,,sacred;conflict-looting,Wikimedia Commons;open-access excavation reports;British Museum collection search (link-out),R2,F1.24,high,links: POL006; CIV003.
PLC066,Adulis,"Zula, Eritrea",place,Place,F1.6;F1.13,AF-HRN,-100,700,approx.,"Adulis was Aksum's Red Sea port, named in the Periplus, where ivory, tortoiseshell and imports passed through.",trade goods;glass;pottery,site type: port;amphora;glass,exchange and value;transport,archaeologists; the Periplus of the Erythraean Sea,,none,open-access excavation reports,R3,F1.13,medium,links: NET032.
PLC067,Lalibela,"Lalibela, Amhara, Ethiopia",place,Place,F1.6,AF-HRN,1180,,"approx.; traditionally reign of King Lalibela, c. late 12th-early 13th c.; ongoing",Churches carved down into the rock were cut as whole buildings from the living stone and remain in use.,rock-cut architecture;wall painting,site type: rock-hewn churches;church;cross;manuscript,ritual and belief,the Ethiopian Orthodox Church; UNESCO,,sacred;living-community,Wikimedia Commons,R2,F1.16,high,Construction chronology debated.
PLC068,Fasil Ghebbi,"Gondar, Amhara, Ethiopia",place,Place,F1.6,AF-HRN,1636,1855,approx.,The Gondar royal enclosure and nearby churches such as Debre Birhan Selassie show court patronage of painting and building.,stone masonry;wall painting,site type: royal enclosure;castle;mural;manuscript,rule and display;ritual and belief,the Gondarine kings; UNESCO,,sacred,Wikimedia Commons,R3,F1.17,high,links: POL007.
PLC069,Amba Maqdala,"Maqdala, Amhara, Ethiopia",place,Place,F1.6,AF-HRN,1868,,Emperor Tewodros II's fortress; British assault April 1868,"British forces took manuscripts, crowns and church objects from Maqdala in 1868, and some are now subject to return requests.",manuscripts;metalwork,site type: fortress and looting site;manuscript;crown;tabot,rule and display;ritual and belief,historians; the Ethiopian state,,conflict-looting;sacred,collection search link-out only;Wikimedia Commons,R2,F1.24;F1.19a,high,links: POL007.
PLC070,Harar Jugol,"Harar, Ethiopia",place,Place,F1.6;F1.10,AF-HRN,1500,,walls 16th c.; ongoing,"The walled city has quarters of basket weavers, bookbinders and painted Harari houses, and a manuscript tradition.",basketry;bookbinding;house decoration,site type: walled city;basket;manuscript;house interior,ritual and belief;shelter,the Harari; UNESCO,,sacred;living-community,Wikimedia Commons,R3,F1.29,high,
PLC071,Lomekwi 3,"West Turkana, Kenya",place,Place,F1.6,AF-SWA,-3300000,,approx.; c. 3.3 million years,Stone cores and flakes about 3.3 million years old were reported in 2015 as the earliest known stone tools.,stone knapping,site type: open-air archaeological locality;stone core;flake,tools,palaeoanthropologists (Harmand et al. 2015),,none,open-access excavation reports,R2,F1.5,medium,links: ARC001; INV139. Dating and deliberate knapping are debated.
PLC072,Olduvai Gorge,"Oldupai, Ngorongoro, Tanzania",place,Place,F1.6,AF-SWA,-2000000,,approx.; Oldowan c. 2.0 million years; Acheulean from c. 1.7 million years,Olduvai's layered deposits gave the Oldowan its name and show stone tools changing over about two million years.,stone knapping;butchery,site type: gorge with archaeological localities;chopper;hand axe;flake,tools,palaeoanthropologists (Mary and Louis Leakey),Maasai and Tanzanian field workers,none,open-access excavation reports;Wikimedia Commons,R1,F1.5;F1.3,high,links: ARC002; ARC003.
PLC073,Olorgesailie,"Olorgesailie, Kajiado, Kenya",place,Place,F1.6,AF-SWA,-1200000,-300000,approx.,"Olorgesailie holds dense Acheulean hand-axe sites and, from about 320,000 years ago, obsidian brought from far away and pigment use.",stone knapping;obsidian;pigment,site type: basin with archaeological localities;hand axe;obsidian point;pigment,tools,palaeoanthropologists (Brooks et al. 2018),,none,open-access excavation reports,R3,F1.5,high,links: ARC003; ARC004.
PLC074,Panga ya Saidi,"Kilifi County, Kenya",place,Place,F1.6,AF-SWA,-78000,,"approx.; burial c. 78,000 years","The cave holds long sequences of stone tools and beads and the burial of a child about 78,000 years ago.",stone knapping;shell beads,site type: cave;burial;bead;stone tool,ritual and belief;clothing and adornment,archaeologists (Max Planck; National Museums of Kenya),,funerary,open-access excavation reports,R3,,high,
PLC075,Shanga,"Pate Island, Kenya",place,Place,F1.6;F1.10,AF-SWA,750,1425,approx.,"Excavations at Shanga traced a Swahili town from timber buildings to coral mosques, with beads, local pottery and imports.",coral-stone building;pottery;bead,site type: town;mosque;pottery;coin,exchange and value;ritual and belief,archaeologists (Mark Horton),,none,open-access excavation reports,R3,F1.13,medium,links: CIV004.
PLC076,Kilwa Kisiwani,"Kilwa, Lindi, Tanzania",place,Place,F1.6;F1.10;F1.13,AF-SWA,900,1600,approx.; 10th-16th c.,"Kilwa's Great Mosque, Husuni Kubwa palace and coin mint served a Swahili port that controlled gold shipped north from Sofala.",coral-stone building;coin minting,site type: port and palace;coin;mosque;imported porcelain,exchange and value;rule and display,archaeologists (Neville Chittick); UNESCO,enslaved labour in later Kilwa trade,human-flow,Wikimedia Commons;open-access excavation reports;British Museum collection search (link-out),R1,F1.13,high,links: POL009; NET011. 18th-19th c. Kilwa Kivinje slave trade.
PLC077,Gede,"Gedi, Kilifi County, Kenya",place,Place,F1.6;F1.10,AF-SWA,1100,1650,approx.,"Gede's coral-stone houses, mosques and palace show the plan of a Swahili town with imported Chinese and Islamic ceramics.",coral-stone building;pottery,site type: town ruins;palace;imported ceramic,shelter;exchange and value,archaeologists (James Kirkman),,none,Wikimedia Commons;open-access excavation reports,R3,,high,
PLC078,Lamu Old Town,"Lamu, Kenya",place,Place,F1.6;F1.10,AF-SWA,1370,,approx.; ongoing,"Lamu's carpenters and carvers make carved doors, furniture and dhows in a town whose houses keep Swahili building methods.",wood carving;coral-stone building;dhow building,site type: town and craft quarter;carved door;chair;dhow,shelter;transport,the Lamu community; UNESCO,,living-community,Wikimedia Commons,R3,F1.29,high,links: MKR015; POL010.
PLC079,Fort Jesus,"Mombasa, Kenya",place,Place,F1.6;F1.13,AF-SWA,1593,,built 1593-96; port older,The Portuguese fort at Mombasa's harbour changed hands between Portugal and Oman and is a museum of the port's trade finds.,stone fortification,site type: fort and museum;ceramic;cannon,war;exchange and value,UNESCO; National Museums of Kenya,enslaved labour in the port,human-flow,Wikimedia Commons,R3,F1.13,high,
PLC080,Zanzibar Stone Town,"Unguja, Zanzibar, Tanzania",place,Place,F1.6;F1.10;F1.13,AF-SWA,1830,,approx.; Omani capital from 1830s,"Stone Town's carved doors and houses were built on the clove, ivory and slave trades, and its slave market closed in 1873.",wood carving;coral-stone building,site type: port town and former slave market;carved door;chest,exchange and value;shelter,UNESCO; the Zanzibari state,the enslaved people traded and those who worked clove plantations,human-flow,Wikimedia Commons,R2,F1.13;F1.23,high,links: POL011.
PLC081,Kasubi Tombs,"Kampala, Uganda",place,Place,F1.6,AF-SWA,1882,,built 1882; rebuilding after 2010 fire,"The thatched royal tomb house of the Buganda kings is built and maintained by hereditary clans using reed, barkcloth and thatch.",thatching;barkcloth;reed weaving,site type: royal tombs;barkcloth;thatched house,ritual and belief;rule and display,the Buganda kingdom; UNESCO,,funerary;sacred;living-community,Wikimedia Commons,R3,F1.16;F1.28a,high,links: POL012; PRA001.
PLC082,Kibiro,"Lake Albert, Hoima, Uganda",place,Place,F1.6,AF-SWA,1300,,approx.; ongoing,"Women at Kibiro have made salt by filtering and boiling saline soil for centuries, trading it across the Great Lakes region.",salt making;pottery,site type: salt-working site;salt;pot,food and storage;exchange and value,archaeologists (Graham Connah),,living-community,open-access excavation reports,R3,F1.18;F1.29,medium,
PLC083,Blombos Cave,"Western Cape, South Africa",place,Place,F1.6,AF-SOU,-100000,-70000,"approx.; ochre toolkit c. 100,000 years; engravings and beads c. 75,000-73,000 years","Blombos has an ochre-processing toolkit from about 100,000 years ago, engraved ochre and shell beads, and a crosshatched drawing on stone.",ochre processing;engraving;shell beads,site type: cave;engraved ochre;shell bead;abalone container,clothing and adornment;record and writing,archaeologists (Christopher Henshilwood),,none,open-access excavation reports;Wikimedia Commons,R1,F1.5,high,links: INV142; INV144; ARC007.
PLC084,Pinnacle Point,"Mossel Bay, Western Cape, South Africa",place,Place,F1.6,AF-SOU,-164000,-50000,approx.,"Caves at Pinnacle Point record ochre use and shellfish gathering about 164,000 years ago and, later, heat-treated stone and small blades.",ochre;heat treatment;microlith,site type: coastal caves;ochre;blade;shell,tools;food and storage,archaeologists (Curtis Marean),,none,open-access excavation reports,R3,F1.5,high,
PLC085,Diepkloof Rock Shelter,"Western Cape, South Africa",place,Place,F1.6,AF-SOU,-65000,-55000,approx.,"Hundreds of fragments of engraved ostrich-eggshell water containers, about 60,000 years old, show repeated geometric motifs.",ostrich-eggshell engraving,site type: rock shelter;engraved eggshell container,food and storage;record and writing,archaeologists (Texier et al.),,none,open-access excavation reports,R3,F1.5,high,links: ARC008.
PLC086,Mapungubwe,"Limpopo, South Africa",place,Place,F1.6,AF-SOU,1220,1290,approx.,"Burials on Mapungubwe Hill included gold-foil animals, and the town traded ivory and gold for Indian Ocean glass beads.",gold foil;glass beads;ivory,site type: hilltop capital and burials;gold rhinoceros;bead,rule and display;exchange and value,archaeologists (University of Pretoria),descendant communities whose ancestors were exhumed,funerary;ancestral,Wikimedia Commons;open-access excavation reports,R2,F1.24;F1.13,high,links: ARC040; CIV014; POL014. Gold was found by prospectors in 1933.
PLC087,Great Zimbabwe,"Masvingo, Zimbabwe",place,Place,F1.6,AF-SOU,1200,1450,approx.,"Dry-stone enclosures at Great Zimbabwe housed a trading capital, and its carved soapstone birds were removed by colonial collectors and returned in stages, the last in 2026.",dry-stone masonry;soapstone carving;gold,site type: stone-walled capital;soapstone bird;imported ceramic,rule and display;exchange and value,archaeologists (Gertrude Caton-Thompson),the colonial denial that Africans built it,sacred;conflict-looting,Wikimedia Commons;open-access excavation reports,R2,F1.3;F1.24,high,"links: ARC041; CIV005; POL015. Birds returned from South Africa 1981, Germany (loan agreed 2000, public 2003) and the last, from Groote Schuur, 15 April 2026. See OCC169."
PLC088,Sofala,"Nova Sofala, Mozambique",place,Place,F1.6;F1.13,AF-SWA;AF-SOU,900,1700,approx.,Sofala was the southern Swahili port for Zimbabwean gold and ivory before a Portuguese fort took it over in 1505.,trade goods,site type: port;gold;ivory,exchange and value,historians,,none,Wikimedia Commons,R3,F1.13,medium,links: NET011.
PLC089,Kimberley Mine,"Big Hole, Kimberley, South Africa",place,Place,F1.6;THEME,AF-SOU,1871,1914,approx.,"Diamond mining at the Big Hole used closed compounds to control African migrant workers, a system copied across South African mining.",open-pit mining;diamond,site type: mine;diamond,exchange and value,De Beers; historians,African miners in the compounds,human-flow,Wikimedia Commons,R2,F1.22;F1.23,high,
PLC090,Witwatersrand goldfields,"Johannesburg, South Africa",place,Place,F1.6;THEME,AF-SOU,1886,,from 1886; ongoing,"The Rand's deep gold mines relied on migrant labour under contract and compound systems, including Chinese indentured workers in 1904-10.",deep-level mining;cyanide process,site type: mining district;gold,exchange and value,mining houses; historians,migrant miners from across southern Africa; Chinese indentured labourers,human-flow,Wikimedia Commons,R3,F1.22;F1.23,high,
PLC091,Iziko Slave Lodge,"Cape Town, South Africa",place,Place,F1.6;THEME,AF-SOU,1679,1811,approx.,"The VOC housed the people it enslaved in this building, now a museum on slavery at the Cape.",brick building,site type: slave lodge and museum,shelter,Iziko Museums; historians,,human-flow,Wikimedia Commons,R3,F1.24;F1.23,high,links: INS038.
PLC092,Game Pass Shelter,"Kamberg, uKhahlamba-Drakensberg, South Africa",place,Place,F1.6,AF-SOU,-1000,1800,approx.; paintings mostly last few thousand years,The shelter's painted eland panel is central to readings of San rock painting as religious imagery.,mineral pigment;blood;painting,site type: rock shelter;rock painting,ritual and belief,San descendants; archaeologists (David Lewis-Williams),,sacred;Indigenous-community,Wikimedia Commons,R3,F1.16,medium,Dates uncertain.
PLC093,Mahilaka,"Mahajamba Bay, Madagascar",place,Place,F1.6;F1.13,AF-MAD,900,1500,approx.,Mahilaka was an early walled trading town in north-west Madagascar that imported glass and ceramics and worked chlorite schist.,chlorite-schist carving;trade goods,site type: trading town;stone vessel;imported ceramic,exchange and value,archaeologists (Chantal Radimilahy),,none,open-access excavation reports,R3,F1.13,medium,links: ARC044.
PLC094,Iharana,"Vohémar, SAVA, Madagascar",place,Place,F1.6;F1.13,AF-MAD,1300,1650,approx.,Graves at Iharana held imported Chinese celadon and carved chlorite-schist vessels and were heavily dug by collectors.,chlorite-schist carving;imported ceramics,site type: cemetery;stone vessel;celadon,ritual and belief;exchange and value,archaeologists,,funerary;conflict-looting,open-access excavation reports,R3,F1.24,medium,links: ARC045.
PLC095,Ambohimanga,"Royal Hill of Ambohimanga, Madagascar",place,Place,F1.6,AF-MAD,1700,,approx.; ongoing,"The royal hill of the Merina kings is a sacred site of wooden houses, tombs and ritual gates.",timber building;stone wall,site type: royal hill;wooden house;tomb,ritual and belief;rule and display,the Merina kingdom; UNESCO,,sacred;funerary,Wikimedia Commons,R3,F1.16,high,links: POL018.
PLC096,Rova of Antananarivo,"Manjakamiadana, Antananarivo, Madagascar",place,Place,F1.6,AF-MAD,1610,1896,approx.,"The Merina royal compound combined Malagasy timber building with palaces designed with European craftsmen, and was badly damaged by fire in 1995.",timber building;stone cladding,site type: royal compound;palace,rule and display,the Merina kingdom; missionaries (James Cameron),,none,Wikimedia Commons,R3,F1.17,medium,links: POL018.
PLC097,Zafimaniry villages,"Antoetra, Amoron'i Mania, Madagascar",place,Place,F1.6,AF-MAD,1800,,approx.; ongoing,"Zafimaniry carpenters build and decorate houses and furniture in hardwood with geometric carving, a knowledge on UNESCO's intangible heritage Representative List (proclaimed 2003, inscribed 2008).",wood carving;joinery,site type: villages;carved house;shutter;stool,shelter,the Zafimaniry,,living-community,Wikimedia Commons;community-published site (link-out),R3,F1.29,medium,
PLC098,Aapravasi Ghat,"Port Louis, Mauritius",place,Place,F1.6;F1.13,AF-MAD,1849,1923,approx.,"The immigration depot processed indentured labourers, mostly from India, who were brought to work Mauritian sugar estates.",stone building,site type: immigration depot,shelter,UNESCO; historians,,human-flow,Wikimedia Commons,R3,F1.23,high,links: DIA009.
PLC099,Ipiutak site,"Point Hope (Tikiġaq), Alaska, USA",place,Place,F1.7,AM-ARC,1,800,approx.,"Burials at the Ipiutak site contained openwork ivory carvings and ivory masks and eyes, made without the ground-slate tools common elsewhere in the Arctic.",ivory carving;antler;engraving,site type: village and cemetery;ivory openwork carving;burial mask;harpoon head,ritual and belief;tools,"archaeologists (Larsen, Rainey and Giddings, 1939-41)",the Tikiġaq community whose ancestors were excavated,funerary;Indigenous-community,open-access excavation reports;collection search link-out only,R3,F1.24,medium,links: ARC168.
PLC100,Nunalleq,"near Quinhagak, Alaska, USA",place,Place,F1.7,AM-ARC,1350,1675,approx.,"A Yup'ik sod house village preserved in permafrost has yielded tens of thousands of wooden, grass and ivory objects in a dig run with the village corporation.",wood carving;grass weaving;ivory;skin sewing,site type: excavated village;mask;bentwood bowl;grass basket;doll,clothing and adornment;ritual and belief;food and storage,the Quinhagak community (Qanirtuuq Inc.); University of Aberdeen,,Indigenous-community;ancestral,community-published site (link-out);open-access excavation reports,R2,F1.26;F1.24,high,Coastal erosion prompted the excavation from 2009; finds kept in a local centre.
PLC101,Kinngait Studios,"Cape Dorset, Nunavut, Canada",place,Place,F1.7,AM-ARC,1957,,printmaking from 1957; co-operative from 1959; ongoing,The print studio at Kinngait turned drawings by Inuit artists into stonecut and stencil editions sold through an annual collection.,stonecut printing;stencil;drawing,site type: print studio;print;drawing,record and writing;exchange and value,the West Baffin Eskimo Co-operative; James Houston,printers and cutters whose names are less visible than the artists',living-community;Indigenous-community,collection search link-out only,R2,F1.26;F1.17;F1.20,high,links: MKR029; POL079.
PLC102,Savissivik,"Cape York meteorite find sites, Greenland",place,Place,F1.7,AM-ARC,800,1897,approx.,Inughuit cold-hammered iron from the Cape York meteorites into blades until Robert Peary removed the largest pieces to New York in 1894-97.,cold-worked meteoritic iron,site type: meteorite source;iron blade;harpoon,tools,the Inughuit; Robert Peary; American Museum of Natural History,"the six Inughuit Peary brought to New York in 1897, four of whom died there",conflict-looting;Indigenous-community,collection search link-out only,R3,F1.24;F1.22,high,links: NET044. Start date approximate.
PLC103,Qilakitsoq,"Uummannaq Fjord, Greenland",place,Place,F1.7,AM-ARC,1475,,approx.; burial c. 1475 CE; found 1972,Naturally mummified women and children buried at Qilakitsoq wore sealskin and bird-skin clothing that shows Inuit sewing and tailoring.,skin sewing;bird-skin clothing,site type: burial;parka;boot,clothing and adornment,Greenland National Museum and Archives,,funerary;Indigenous-community,collection search link-out only,R3,F1.18,high,
PLC104,Hvalsey Church,"Qaqortukulooq, Greenland",place,Place,F1.11,AM-ARC;EU-SCA,1300,1408,approx.; last written record 1408,"The stone church of the Norse Eastern Settlement is the best-preserved Norse building in Greenland, last documented at a wedding in 1408.",stone masonry,site type: church ruin,ritual and belief,historians; archaeologists,,sacred,Wikimedia Commons,R3,,high,
PLC105,L'Anse aux Meadows,"Newfoundland, Canada",place,Place,F1.7;F1.11,AM-ARC;AM-EWD;EU-SCA,1000,1025,approx.; wood cut with metal blades dated 1021,"The Norse camp has evidence of bog-iron smelting, carpentry and ship repair, and wood cut with metal tools dated to 1021.",bog-iron smelting;carpentry,site type: Norse camp;iron slag;spindle whorl;rivet,shelter;transport,archaeologists (Anne Stine and Helge Ingstad),the Indigenous peoples of Newfoundland at the time,none,Wikimedia Commons;open-access excavation reports,R3,F1.13,high,Kuitems et al. 2021 Nature.
PLC106,Ozette,"Cape Alava, Washington, USA",place,Place,F1.7,AM-NWC,1500,1750,approx.; houses buried by mudslide c. 1700,"A mudslide buried Makah houses with their wooden boxes, baskets, whaling gear and looms, excavated with the Makah and kept at their museum.",wood carving;basketry;weaving;whaling gear,site type: buried village;bentwood box;basket;harpoon;loom,shelter;food and storage;tools,the Makah Tribe; archaeologists (Richard Daugherty),,Indigenous-community;ancestral,community-published site (link-out);collection search link-out only,R2,F1.26;F1.24,high,Makah Cultural and Research Center opened 1979.
PLC107,SGang Gwaay Llnagaay,"Ninstints, Haida Gwaii, BC, Canada",place,Place,F1.7,AM-NWC,1700,1880,approx.,"The Haida village's house and mortuary poles are carved cedar monuments, several of which were removed to museums in 1957.",red-cedar carving;timber building,site type: village and mortuary site;mortuary pole;house frontal pole,ritual and belief;rule and display,the Haida Nation; UNESCO,the smallpox epidemic that emptied the village,funerary;sacred;Indigenous-community,Wikimedia Commons;collection search link-out only,R3,F1.24,high,
PLC108,U'mista Cultural Centre,"Alert Bay, Cormorant Island, BC, Canada",place,Place,F1.7;THEME,AM-NWC,1980,,opened 1980; regalia seized 1922,Regalia surrendered after the 1921 potlatch at Village Island were taken under the potlatch ban and were partly returned to this Kwakwaka'wakw centre from 1979.,wood carving;painting;regalia,site type: community museum;mask;copper;regalia,ritual and belief,the 'Namgis First Nation; the Kwakwaka'wakw,,conflict-looting;sacred;Indigenous-community,community-published site (link-out);collection search link-out only,R2,F1.24,high,"Objects went to the National Museum of Canada, the Royal Ontario Museum and George Heye."
PLC109,Yuquot,"Friendly Cove, Nootka Sound, BC, Canada",place,Place,F1.7;F1.13,AM-NWC,1778,1795,maritime fur-trade node from 1778,"Yuquot was a focus of the maritime fur trade after 1778, and its Whalers' Shrine was removed to the American Museum of Natural History in 1904.",wood carving;fur trade,site type: village and trading anchorage;shrine;sea-otter pelt,ritual and belief;exchange and value,the Mowachaht/Muchalaht First Nation,,sacred;conflict-looting;Indigenous-community,collection search link-out only,R3,F1.13;F1.24,high,links: NET043. Shrine acquired by George Hunt for Franz Boas.
PLC110,c̓əsnaʔəm,"Marpole Midden, Vancouver, BC, Canada",place,Place,F1.7,AM-NWC,-1000,1700,approx.,"The Musqueam village and burial ground gave the Marpole phase its name, and in 2012 Musqueam protests stopped a development on it.",stone carving;antler;ground slate,site type: village and burial ground;stone bowl;ground-slate knife,ritual and belief;tools,the Musqueam; archaeologists,,funerary;ancestral;Indigenous-community,community-published site (link-out),R3,F1.24;F1.3,high,links: ARC170.
PLC111,Museum of Anthropology at UBC,"Vancouver, BC, Canada",place,Place,F1.7;THEME,AM-NWC,1976,,museum 1949; Erickson building 1976,The museum's Great Hall displays Northwest Coast poles and has developed co-management and loan practices with First Nations.,museum display,site type: museum;pole;bentwood box,rule and display,University of British Columbia; First Nations partners,,Indigenous-community,collection search link-out only,R3,F1.24,high,
PLC112,Chaco Canyon,"Pueblo Bonito, New Mexico, USA",place,Place,F1.7,AM-WST,850,1150,approx.,"Chaco's great houses held turquoise, macaw feathers, shell and cylinder jars with cacao residue brought along regional roads.",masonry;turquoise working;pottery,site type: ceremonial and trading centre;cylinder jar;turquoise ornament;great house,ritual and belief;exchange and value,archaeologists; Pueblo descendant communities,,sacred;ancestral;Indigenous-community,Wikimedia Commons;open-access excavation reports;Smithsonian Open Access (CC0),R2,F1.13,high,links: CIV024; HOR008; NET038; NET039.
PLC113,Cerrillos Hills turquoise mines,"Mount Chalchihuitl, New Mexico, USA",place,Place,F1.7,AM-WST,900,,"approx.; ancestral Pueblo, Spanish and later mining","Ancestral Pueblo miners dug turquoise at Mount Chalchihuitl, one of several sources that supplied Chaco and later trade.",turquoise mining;stone hammers,site type: mine;turquoise,clothing and adornment;exchange and value,archaeologists; geochemists,,sacred,open-access excavation reports;Wikimedia Commons,R3,F1.22,medium,links: NET039. Isotope studies show Chaco turquoise came from several sources.
PLC114,Paquimé,"Casas Grandes, Chihuahua, Mexico",place,Place,F1.7,AM-WST;AM-MES,1200,1450,approx.,"Paquimé had macaw breeding pens, shell and copper stores and polychrome pottery, a hub between the Southwest and Mesoamerica.",macaw breeding;shell working;polychrome pottery,site type: town and exchange hub;macaw pen;polychrome jar;shell ornament,exchange and value;ritual and belief,archaeologists (Charles Di Peso),,none,Wikimedia Commons;open-access excavation reports,R3,F1.13,high,links: ARC178.
PLC115,Mimbres Valley sites,"Grant County, New Mexico, USA",place,Place,F1.7,AM-WST,1000,1130,approx.; Classic Mimbres,"Painted black-on-white bowls were placed over the dead with a hole broken through them, and bulldozer looting destroyed many sites.",coil pottery;mineral paint,site type: village and burial sites;painted bowl,ritual and belief,archaeologists; Pueblo descendant communities,,funerary;conflict-looting,open-access excavation reports;collection search link-out only,R3,F1.24,high,links: ARC176.
PLC116,Hubbell Trading Post,"Ganado, Arizona, USA",place,Place,F1.7,AM-WST,1878,,founded 1878; ongoing,John Lorenzo Hubbell's post bought Navajo rugs and silver and urged weavers towards designs such as Ganado Red that sold to outside buyers.,weaving;silversmithing,site type: trading post;rug;silver jewellery,exchange and value,the traders; Navajo weavers,Navajo women weavers credited under the trader's name,living-community;Indigenous-community,collection search link-out only;Wikimedia Commons,R2,F1.14;F1.26,high,links: INS013.
PLC117,Acoma Pueblo,"Sky City, New Mexico, USA",place,Place,F1.7,AM-WST,1150,,approx.; ongoing,"Potters at Acoma make thin-walled, painted jars from local clay, one of the longest-inhabited places in North America.",coil pottery;mineral paint,site type: village;painted jar,food and storage;ritual and belief,the Acoma Pueblo,,living-community;Indigenous-community,collection search link-out only,R3,F1.29,high,
PLC118,Sikyátki,"First Mesa, Arizona, USA",place,Place,F1.7,AM-WST,1375,1625,approx.,"Excavations here in 1895 showed Sikyátki polychrome to the Hano potter Nampeyo, whose revival style changed Hopi pottery.",coil pottery;polychrome,site type: ancestral village;polychrome bowl,food and storage,archaeologists (J. W. Fewkes); Nampeyo,the Hopi whose ancestors' graves were dug,funerary;Indigenous-community,Smithsonian Open Access (CC0);collection search link-out only,R3,F1.14;F1.26,high,links: MKR028.
PLC119,Santa Fe Plaza,"Santa Fe, New Mexico, USA",place,Place,F1.7,AM-WST,1922,,Indian Market from 1922; ongoing,"The plaza hosts the Indian Market, whose juried categories and prizes have shaped what Native American makers produce for sale.",jewellery;pottery;weaving,site type: market;pottery;jewellery,exchange and value,SWAIA; Native American artists,,living-community;Indigenous-community,Wikimedia Commons,R3,F1.21;F1.15,high,
PLC120,Pipestone quarries,"Pipestone, Minnesota, USA",place,Place,F1.7,AM-WST,1600,,approx.; quarrying older than date shown; ongoing,"Plains peoples quarry the red catlinite used for pipe bowls here, a right reserved to Native Americans at the national monument.",catlinite quarrying;stone carving,site type: quarry;pipe bowl,ritual and belief,the Dakota and other Plains nations; National Park Service,,sacred;Indigenous-community,Wikimedia Commons,R3,F1.16,medium,Start of quarrying uncertain.
PLC121,Cahokia,"Collinsville, Illinois, USA",place,Place,F1.7,AM-EWD,1050,1350,approx.,"The largest Mississippian town had copper workshops, flint-clay figure carving and mound building, and Mound 72 held mass burials.",earthwork;copper sheet working;flint-clay carving,site type: mound centre;copper plate;figurine;chunkey stone,ritual and belief;rule and display,archaeologists,the people sacrificed in Mound 72,funerary;ancestral,Wikimedia Commons;open-access excavation reports,R2,F1.5,high,links: POL062; CIV023.
PLC122,Poverty Point,"West Carroll Parish, Louisiana, USA",place,Place,F1.7,AM-EWD,-1700,-1100,approx.,Hunter-gatherers built concentric earthen ridges and mounds here and brought stone and copper from hundreds of kilometres away.,earthwork;fired clay cooking balls;stone lapidary,site type: earthwork and exchange centre;clay cooking ball;stone bead,exchange and value;ritual and belief,archaeologists,,ancestral,Wikimedia Commons;open-access excavation reports,R3,F1.13,high,links: ARC181; INV133.
PLC123,Spiro Mounds,"Le Flore County, Oklahoma, USA",place,Place,F1.7,AM-EWD;AM-WST,900,1450,approx.,"The Craig Mound's burial chamber held engraved shell, copper and textiles and was dug out for sale by a mining company in 1933-35.",shell engraving;copper repoussé;textile,site type: mound centre;engraved shell cup;copper plate;textile,ritual and belief;rule and display,archaeologists; the looters,the Caddo and Wichita descendants,funerary;conflict-looting,collection search link-out only;Smithsonian Open Access (CC0),R3,F1.24,high,
PLC124,Hopewell Mound Group,"Ross County, Ohio, USA",place,Place,F1.7,AM-EWD,-100,500,approx.,"Hopewell mounds held objects of mica, copper, Yellowstone obsidian and shark teeth, and were dug in 1891-92 for display at the Chicago fair.",mica cutting;copper working;obsidian,site type: earthwork and burial mounds;mica hand;copper effigy;obsidian blade,ritual and belief;exchange and value,archaeologists (Warren K. Moorehead); UNESCO,,funerary,Wikimedia Commons;open-access excavation reports,R3,F1.24;F1.13,high,links: ARC183; ISP002.
PLC125,Lowell mills,"Lowell, Massachusetts, USA",place,Place,F1.7,AM-EWD,1823,1920,approx.,"Lowell's water-powered cotton mills employed young women from New England farms, who wrote and struck over wages and hours, spinning cotton grown by enslaved people.",power loom;water power;cotton spinning,site type: mill town;cotton cloth;boarding house,clothing and adornment,industrialists (Boston Associates); the mill women; historians,the enslaved people who grew the cotton,human-flow,Library of Congress HABS/HAER (public domain);Library of Congress (public-domain items);Wikimedia Commons,R1,F1.23;F1.18;F1.19,high,links: MKR031; NET056.
PLC126,Highland Park Ford Plant,"Highland Park, Michigan, USA",place,Place,F1.7,AM-EWD,1910,1927,approx.,"Ford introduced the moving assembly line for the Model T here in 1913, dividing car-making into timed tasks.",assembly line;interchangeable parts,site type: factory;car,transport,Ford Motor Company; Albert Kahn (architect),the migrant workers who bore the pace of the line,none,Library of Congress (public-domain items);Library of Congress HABS/HAER (public domain);Wikimedia Commons,R2,F1.19;F1.23,high,links: INS065.
PLC127,Charleston,"Charles Town, South Carolina, USA",place,Place,F1.7;F1.13,AM-EWD,1670,,founded 1670; ongoing,"Charleston was a leading port for enslaved Africans, whose skills in rice growing, Colono pottery and basketry shaped the Lowcountry.",Colono ware;coiled sweetgrass basketry;ironwork,site type: port;sweetgrass basket;Colono ware,exchange and value,historians; the Gullah Geechee community,,human-flow;living-community,Library of Congress (public-domain items);Wikimedia Commons,R2,F1.13;F1.23,high,links: ARC201; DIA008. International African American Museum at Gadsden's Wharf (opened 2023).
PLC128,Jackson Park,"World's Columbian Exposition grounds, Chicago, USA",place,Place,F1.7,AM-EWD;GL,1893,1893,fair May-October 1893,"The 1893 fair displayed industry in the 'White City' and placed peoples in ranked villages on the Midway Plaisance, a model protested by Ida B. Wells and Frederick Douglass.",exhibition building;staff plaster,site type: world's-fair ground;exhibition building;display,rule and display,the fair's organisers; anthropologists (F. W. Putnam),the Indigenous and non-Western people exhibited,none,Library of Congress (public-domain items);Internet Archive (public-domain books);Wikimedia Commons,R2,F1.19;F1.15,high,links: EVT007. Conditions of the people exhibited on the Midway to verify.
PLC129,"Smithsonian Institution, National Mall","Washington, DC, USA",place,Place,F1.7;THEME,AM-EWD,1855,,institution 1846; Castle 1855,"The Smithsonian's museums on the Mall classified American and world material culture, and its Open Access release put millions of images under CC0.",museum display,site type: museum complex;specimen;object,rule and display,the United States government,,none,Smithsonian Open Access (CC0),R2,F1.24;F1.3,high,links: INS080.
PLC130,Metropolitan Museum of Art,"Fifth Avenue, New York, USA",place,Place,F1.7;THEME,AM-EWD,1880,,founded 1870; building opened 1880,"The Met's collections and 2017 Open Access policy make it one of the main free image sources for world making, alongside disputes over looted antiquities.",museum display,site type: museum;object,rule and display,trustees and donors,,conflict-looting,Met Open Access (CC0),R2,F1.24,high,"Several antiquities returned to Italy, Egypt and others after seizures; details to verify."
PLC131,Cranbrook,"Bloomfield Hills, Michigan, USA",place,Place,F1.7,AM-EWD,1932,,academy 1932; ongoing,"Eliel Saarinen's academy campus trained designers such as Charles and Ray Eames, Florence Knoll and Harry Bertoia.",architecture;furniture;textile,site type: campus and workshops;chair;textile,shelter,George Booth; Eliel Saarinen,Loja Saarinen's weaving studio and other women's workshops,none,Wikimedia Commons,R3,F1.20,high,
PLC132,Lake Eden campus,"Black Mountain College, North Carolina, USA",place,Place,F1.7,AM-EWD,1941,1957,college 1933-57; at Lake Eden 1941-57,Students built the Studies Building and worked in the weaving and pottery studios at Lake Eden under teachers including Anni and Josef Albers.,weaving;pottery;building,site type: college campus;textile;pot,shelter,the college,students' and staff labour on the farm and buildings,none,Wikimedia Commons,R3,F1.20,high,links: INS059; DIA011.
PLC133,Templo Mayor precinct,"Tenochtitlan, Mexico City, Mexico",place,Place,F1.7,AM-MES,1325,1521,approx.,"Offerings buried in the Mexica main temple include stone, shell, gold and feather work, found in excavations since 1978.",stone carving;goldwork;shell;featherwork,site type: temple precinct;offering;stone sculpture,ritual and belief;rule and display,the Proyecto Templo Mayor (INAH),,sacred,Wikimedia Commons;open-access excavation reports,R2,F1.16,high,links: POL051; CIV020.
PLC134,Tlatelolco market,"Tlatelolco, Mexico City, Mexico",place,Place,F1.7,AM-MES,1337,1521,approx.,"Spanish writers described the Tlatelolco market's ordered sections for cloth, feathers, obsidian and cacao, and the Colegio de Santa Cruz later produced the Florentine Codex nearby.",obsidian;cloth;featherwork;cacao,site type: market;cotton mantle;obsidian blade;cacao bean,exchange and value,Hernán Cortés; Bernal Díaz; Sahagún's collaborators,the Nahua scholars and painters of the Florentine Codex,none,Wikimedia Commons;Library of Congress (public-domain items),R1,F1.13;F1.28,high,links: INS009; INS007; MKR019.
PLC135,Teotihuacan,"San Juan Teotihuacan, Mexico",place,Place,F1.7,AM-MES,-100,550,approx.,"Apartment compounds at Teotihuacan housed obsidian, lapidary and pottery workshops and a neighbourhood of Oaxacan migrants.",obsidian knapping;lapidary;mural painting,site type: city with craft neighbourhoods;obsidian blade;mask;mural,tools;ritual and belief,archaeologists,,sacred,Wikimedia Commons;open-access excavation reports;Met Open Access (CC0),R2,F1.5,high,links: CIV026; POL044.
PLC136,Sierra de las Navajas,"Pachuca obsidian source, Hidalgo, Mexico",place,Place,F1.7,AM-MES,-100,1521,approx.,Mines here produced the green-gold obsidian traded across Mesoamerica from Teotihuacan to Aztec times.,obsidian mining;blade making,site type: obsidian mine;prismatic blade,tools;exchange and value,archaeologists,,none,open-access excavation reports,R3,F1.22;F1.13,high,links: NET037.
PLC137,San Lorenzo,"Veracruz, Mexico",place,Place,F1.7,AM-MES,-1400,-1000,approx.,Olmec sculptors carved colossal basalt heads at San Lorenzo from stone hauled from the Tuxtla mountains.,basalt carving;earthwork,site type: ceremonial centre;colossal head,rule and display,archaeologists,,none,Wikimedia Commons;open-access excavation reports,R3,F1.28a,high,links: ARC185; CIV019.
PLC138,La Venta,"Tabasco, Mexico",place,Place,F1.7,AM-MES,-900,-400,approx.,Olmec builders at La Venta buried massive serpentine block offerings and jade figurines and celts.,jade carving;serpentine;earthwork,site type: ceremonial centre;jade celt;figurine;mosaic pavement,ritual and belief,archaeologists,,sacred,Wikimedia Commons;open-access excavation reports,R3,,high,links: ARC185.
PLC139,Aguateca,"Petén, Guatemala",place,Place,F1.7,AM-MES,700,810,approx.; abandoned c. 810 after attack,"Elite houses burned and abandoned in haste kept the tools of scribes, carvers and weavers where they worked.",shell carving;writing;weaving;stone,site type: burned elite houses;paint pot;spindle whorl;shell ornament,record and writing;tools,archaeologists (Takeshi Inomata),,none,open-access excavation reports,R3,F1.23,high,
PLC140,Joya de Cerén,"La Libertad, El Salvador",place,Place,F1.7,AM-MES;AM-CAM,580,660,approx.; buried by volcanic ash c. 600-660,"Volcanic ash buried a farming village with its pots, tools, stored food and gardens, showing everyday making outside elite centres.",earthen building;pottery;agriculture,site type: buried village;pot;grinding stone,food and storage;shelter,archaeologists (Payson Sheets),,none,Wikimedia Commons;open-access excavation reports,R3,F1.22a;F1.29,high,
PLC141,Motagua Valley jadeite sources,"Motagua River, Guatemala",place,Place,F1.7,AM-MES,-1500,1521,approx.,"The only known Mesoamerican jadeite came from the Motagua valley, supplying Olmec and Maya carvers.",jadeite;lapidary,site type: stone source;jade celt;jade ornament,ritual and belief;exchange and value,geologists; archaeologists,,none,open-access excavation reports,R3,F1.22;F1.13,medium,Some sources identified after Hurricane Mitch (1998).
PLC142,"Sacred Cenote, Chichén Itzá","Yucatán, Mexico",place,Place,F1.7,AM-MES,800,1500,approx.,"Offerings of gold, jade, copal and textiles were dredged from the cenote in 1904-10 by Edward Thompson and taken to the Peabody Museum.",goldwork;jade;copal;textile,site type: sacred well;gold disc;jade;copal,ritual and belief,the Maya; Edward H. Thompson; Peabody Museum,,sacred;conflict-looting,collection search link-out only;Wikimedia Commons,R3,F1.24,high,Partial returns to Mexico (dates to verify).
PLC143,Sitio Conte,"Coclé, Panama",place,Place,F1.7,AM-CAM,450,900,approx.,"Burials at Sitio Conte held hammered gold plaques, cast pendants and painted pottery excavated by Harvard and Penn in the 1930s-40s.",gold hammering;lost-wax casting;polychrome pottery,site type: cemetery;gold plaque;pendant;polychrome plate,rule and display,archaeologists (Samuel Lothrop; J. Alden Mason),,funerary,collection search link-out only;open-access excavation reports,R3,F1.24,high,links: ARC190; POL054.
PLC144,Diquís stone spheres,"Finca 6, Palmar Sur, Costa Rica",place,Place,F1.7,AM-CAM,500,1500,approx.,Settlements in the Diquís delta have precisely shaped granodiorite spheres placed in alignments.,stone shaping;granodiorite,site type: settlements with stone spheres;stone sphere,ritual and belief;rule and display,archaeologists; UNESCO,,none,Wikimedia Commons,R3,,high,links: ARC191.
PLC145,Teyuna,"Ciudad Perdida, Sierra Nevada de Santa Marta, Colombia",place,Place,F1.7,AM-CAM,800,1600,approx.,"The terraced Tairona town was found by looters in 1972 and remains sacred to the Kogi, Arhuaco, Wiwa and Kankuamo.",stone terracing;goldwork,site type: terraced town;gold ornament;stone path,shelter;ritual and belief,the Sierra Nevada peoples; ICANH,,sacred;conflict-looting;Indigenous-community,Wikimedia Commons,R3,F1.24,medium,links: ARC192.
PLC146,Museo del Oro,"Banco de la República, Bogotá, Colombia",place,Place,F1.7;THEME,AM-CAM;AM-AND,1939,,founded 1939,"The bank's gold museum, begun with the purchase of a Quimbaya poporo, holds large collections of pre-Hispanic metalwork.",museum display,site type: museum;gold ornament;poporo,rule and display,Banco de la República,,none,collection search link-out only;Wikimedia Commons,R3,F1.24,high,
PLC147,Lake Guatavita,"Cundinamarca, Colombia",place,Place,F1.7,AM-CAM;AM-AND,600,1600,approx.,Muisca offerings to the lake behind the El Dorado story led colonial and later companies to try to drain it for gold.,goldwork;tumbaga,site type: sacred lake;tunjo;gold offering,ritual and belief,the Muisca; historians,,sacred;conflict-looting,Wikimedia Commons,R3,F1.24,high,links: POL056; CIV040.
PLC148,San Agustín,"Huila, Colombia",place,Place,F1.7,AM-CAM;AM-AND,1,900,approx.,Hundreds of carved stone statues guard mounds and tombs in the San Agustín region.,stone carving,site type: funerary landscape;statue;tomb,ritual and belief,archaeologists; UNESCO,,funerary;sacred,Wikimedia Commons,R3,,high,links: ARC194.
PLC149,Portobelo,"Colón, Panama",place,Place,F1.7;F1.13,AM-CAM;AM-LAT,1597,1739,approx.,Portobelo held the fairs where Peruvian silver met Spanish fleets and where enslaved Africans were landed and sold.,trade goods;fortification,site type: fair port and fortifications,exchange and value,historians; UNESCO,,human-flow,Wikimedia Commons,R3,F1.13,high,
PLC150,Caguana,"Utuado, Puerto Rico",place,Place,F1.7,AM-CAR,1200,1500,approx.,Stone-lined ball courts at Caguana carry carved petroglyphs of Taíno figures.,stone carving;petroglyph,site type: ceremonial centre;petroglyph;ball court,ritual and belief;play and music,archaeologists,,sacred,Wikimedia Commons,R3,F1.16,medium,links: CIV030.
PLC151,La Isabela,"Puerto Plata, Dominican Republic",place,Place,F1.7;F1.13,AM-CAR;AM-LAT,1494,1498,approx.,"Columbus's first town had a kiln making lead-glazed pottery and metalworking debris, and Taíno were forced to supply it with food and gold.",lead-glazed pottery;metallurgy,site type: colonial town;pottery;kiln,food and storage;exchange and value,archaeologists (Kathleen Deagan),the Taíno forced to supply the settlers,human-flow,open-access excavation reports;Wikimedia Commons,R3,F1.13,high,
PLC152,La Hueca-Sorcé,"Vieques, Puerto Rico",place,Place,F1.7,AM-CAR,-200,600,approx.,"Early ceramic-age lapidaries at Sorcé carved amethyst, carnelian and jadeitite into pendants including condor figures.",lapidary;stone drilling,site type: settlement and lapidary workshop;condor pendant;bead,clothing and adornment;exchange and value,archaeologists (Chanlatte and Narganes),,none,open-access excavation reports,R3,F1.13,medium,links: ARC197; NET042. Chronology and 'Huecoid' label debated.
PLC153,Port Royal,"Kingston Harbour, Jamaica",place,Place,F1.7;F1.13,AM-CAR,1655,1692,sank in earthquake 1692,"Much of the town sank in 1692, preserving pewterers', potters' and pipe-makers' goods in a port that also traded enslaved Africans.",pewter;clay pipes;trade goods,site type: submerged port town;pewter plate;clay pipe,exchange and value,archaeologists (Texas A&M),,human-flow,open-access excavation reports,R3,F1.13,high,
PLC154,Newton Plantation burial ground,"Christ Church, Barbados",place,Place,F1.7,AM-CAR,1660,1820,approx.,"The burial ground of enslaved people at a sugar estate is the most studied in the Caribbean, with beads, pipes and a carnelian necklace.",beads;clay pipes,site type: burial ground;bead necklace;clay pipe,ritual and belief;clothing and adornment,archaeologists (Jerome Handler),,funerary;human-flow,open-access excavation reports,R3,F1.23,high,
PLC155,Partagás cigar factory,"Real Fábrica de Tabacos Partagás, Havana, Cuba",place,Place,F1.7,AM-CAR,1845,,founded 1845,"Cigar rollers in Havana's factories paid lectores to read to them while they worked, a practice begun in the 1860s.",tobacco rolling,site type: factory;cigar,exchange and value,the factory; the workers,the enslaved labour on tobacco and sugar land,human-flow,Wikimedia Commons,R3,F1.23;F1.29;F1.19,medium,Reading practice started 1865 in another Havana factory.
PLC156,Monte Verde,"Llanquihue, Chile",place,Place,F1.7,AM-AND,-12500,,"approx.; c. 14,500 cal BP","Monte Verde preserved wooden foundations, knotted cordage and stored plants, pushing back the date for people in the Americas.",woodworking;cordage;stone tools,site type: open-air camp;cordage;wooden stake;stone tool,shelter;tools,archaeologists (Tom Dillehay),,none,open-access excavation reports,R3,F1.5,medium,Acceptance debated in the 1990s; now widely accepted.
PLC157,Caral,"Supe valley, Peru",place,Place,F1.7,AM-AND,-2600,-2000,approx.,Platform mounds and sunken plazas at Caral were built with shicra bags of stones by a society that grew cotton for nets.,shicra bags;stone masonry;cotton,site type: early urban centre;platform mound;flute,shelter;ritual and belief,archaeologists (Ruth Shady),,none,Wikimedia Commons;open-access excavation reports,R3,F1.5,high,links: CIV031; INV130.
PLC158,Huaca Prieta,"Chicama valley, Peru",place,Place,F1.7,AM-AND,-13000,-1800,approx.,"Twined cotton textiles from the mound include fabric dyed with indigo about 6,200 years ago, the earliest known indigo use.",twining;indigo dyeing;cotton,site type: mound;twined textile;gourd,clothing and adornment,archaeologists (Junius Bird; Tom Dillehay),,none,open-access excavation reports,R3,F1.5;F1.18,high,links: INV102; INV101.
PLC159,Chavín de Huántar,"Áncash, Peru",place,Place,F1.7,AM-AND,-1200,-500,approx.,"Stone galleries at Chavín hold carved slabs and the Lanzón, and its imagery spread on textiles and gold across the Andes.",stone carving;goldwork;textile,site type: temple centre;carved slab;gold crown,ritual and belief,archaeologists (Julio C. Tello),,sacred,Wikimedia Commons,R3,F1.16,high,links: CIV032; HOR001.
PLC160,Huaca Rajada,"Sipán, Lambayeque, Peru",place,Place,F1.7,AM-AND,100,700,approx.; Lord of Sipán c. 250,"After looters broke into a tomb in 1987, archaeologists excavated the intact burial of the 'Lord of Sipán' with gold and copper ornaments.",gold and copper working;shell,site type: burial platform;ear ornament;necklace,rule and display,archaeologists (Walter Alva),,funerary;conflict-looting,open-access excavation reports;Wikimedia Commons,R2,F1.24,high,links: CIV033; POL057.
PLC161,Chan Chan,"La Libertad, Peru",place,Place,F1.7,AM-AND,850,1470,approx.,"The adobe capital of Chimor had walled palaces and artisans' quarters of metalworkers and weavers, many of whom the Inca moved to Cuzco.",adobe relief;metalworking;weaving,site type: capital with artisans' quarters;adobe frieze;textile,rule and display,archaeologists; UNESCO,,human-flow,Wikimedia Commons,R2,F1.23,high,links: MKR025; POL060. human-flow for Inca relocation of artisans.
PLC162,Qorikancha,"Cuzco, Peru",place,Place,F1.7,AM-AND,1440,1533,approx.,The Inca temple's walls were sheathed in gold that was stripped in 1533 for Atahualpa's ransom and melted down.,ashlar masonry;gold sheet,site type: temple;masonry;gold sheet,ritual and belief;rule and display,the Inca; Spanish chroniclers,,sacred;conflict-looting,Wikimedia Commons,R2,F1.24;F1.19a,high,links: POL061.
PLC163,Cerro Rico,"Potosí, Bolivia",place,Place,F1.7;F1.13,AM-AND;AM-LAT,1545,,silver found 1545; mita from 1573; ongoing mining,"Silver from Potosí, mined by Andean men drafted under the mita, fed Spanish coinage and the Manila and Chinese silver trade.",silver mining;mercury amalgamation;coin minting,site type: mine and mint town;peso;ingot,exchange and value,the Spanish Crown; historians,the mitayos and enslaved Africans at the mint; child miners today,human-flow;living-community,Wikimedia Commons;collection search link-out only,R1,F1.22;F1.23;F1.13,high,links: INS008; NET036.
PLC164,Huancavelica,"Santa Bárbara mercury mine, Peru",place,Place,F1.7,AM-AND;AM-LAT,1564,1813,approx.,"Mercury from Huancavelica, dug by drafted mitayos who were poisoned by it, was used to refine Potosí silver.",mercury mining;smelting,site type: mercury mine;mercury flask,exchange and value,the Spanish Crown; historians,the mitayos,human-flow,Wikimedia Commons,R2,F1.22;F1.23,high,
PLC165,Chinchorro sites,"Camarones and Arica, Chile",place,Place,F1.7,AM-AND,-5000,-1500,approx.,"Chinchorro fishers made the earliest known artificially prepared mummies, rebuilt with sticks, reeds and clay.",artificial mummification;reed binding,site type: settlements and cemeteries;mummy;fishhook,ritual and belief,archaeologists; UNESCO,,funerary,open-access excavation reports,R3,F1.5,high,links: ARC202; INV158.
PLC166,Chuquicamata,"Calama, Chile",place,Place,THEME,AM-AND,1915,,open-pit mining from 1915; ongoing,One of the largest open-pit copper mines supplies copper for wiring and electronics.,open-pit mining;electrolytic refining,site type: mine;copper cathode,exchange and value,Anaconda; Codelco,Atacameño communities and water loss,living-community,Wikimedia Commons,R3,F1.22,high,
PLC167,Chulucanas,"Piura, Peru",place,Place,F1.7,AM-AND;AM-LAT,1960,,approx.; ongoing,"Potters in Chulucanas make burnished, smoke-resist decorated ceramics developed from the 1960s with reference to ancient Vicús wares.",paddle and anvil;burnishing;smoke resist,site type: pottery town;jar;figure,food and storage;exchange and value,the potters; the Peruvian state,,living-community,Wikimedia Commons,R3,F1.14;F1.21,medium,"Denomination of origin ""Cerámica de Chulucanas"" granted 26 July 2006; 1960s revival and Vicús reference not independently confirmed."
PLC168,Camutins mounds,"Marajó Island, Pará, Brazil",place,Place,F1.7,AM-AMZ,400,1400,approx.,Marajoara mound builders made polychrome burial urns and pottery with incised and painted designs.,polychrome pottery;earthwork,site type: mound complex;burial urn;tanga,ritual and belief;clothing and adornment,archaeologists (Anna Roosevelt; Denise Schaan),,funerary,open-access excavation reports;collection search link-out only,R2,F1.5,medium,links: ARC214; CIV038; POL081.
PLC169,Taperinha,"Santarém, Pará, Brazil",place,Place,F1.7,AM-AMZ,-5000,-4000,"approx.; c. 7,000 BP",Pottery from the Taperinha shell mound is among the earliest known in the Americas.,pottery,site type: shell mound;potsherd,food and storage,archaeologists (Anna Roosevelt),,none,open-access excavation reports,R3,F1.5,medium,links: INV023.
PLC170,Llanos de Mojos settlements,"Cotoca and Landívar, Beni, Bolivia",place,Place,F1.7,AM-AMZ,500,1400,approx.,Lidar revealed Casarabe towns with platform mounds and causeways in the Amazon savanna.,earthwork;canal building,site type: urban settlements;causeway;platform,shelter;transport,archaeologists (Heiko Prümers et al. 2022),,none,open-access excavation reports,R3,F1.5,medium,links: ARC216.
PLC171,Cueva de las Manos,"Santa Cruz, Argentina",place,Place,F1.7,AM-AMZ,-7300,700,approx.,Stencilled hands and hunting scenes were painted here over thousands of years by Patagonian hunter-gatherers.,mineral pigment;stencil,site type: cave;hand stencil,ritual and belief,archaeologists; UNESCO,,sacred,Wikimedia Commons,R3,,high,
PLC172,São Miguel Arcanjo,"São Miguel das Missões, Rio Grande do Sul, Brazil",place,Place,F1.7,AM-AMZ;AM-LAT,1687,1768,approx.,"Guaraní carvers, masons and musicians worked in the Jesuit reduction whose church and sculpture survive.",stone masonry;wood carving,site type: mission town;church;saint figure,ritual and belief,Jesuits; the Guaraní,the Guaraní makers credited to the Jesuits,none,Wikimedia Commons,R3,F1.26,high,links: MKR027.
PLC173,La Chorrera,"Putumayo, Colombia",place,Place,F1.7,AM-AMZ,1900,1913,approx.,"Rubber collection by the Peruvian Amazon Company at La Chorrera enslaved and killed Uitoto and other peoples, as documented by Roger Casement.",wild rubber tapping,site type: rubber station;rubber,exchange and value,Roger Casement; historians,"the Uitoto, Bora, Andoke and others",human-flow,Wikimedia Commons;Internet Archive (public-domain books),R2,F1.22;F1.23,high,
PLC174,Fordlândia,"Aveiro, Pará, Brazil",place,Place,F1.7,AM-AMZ,1928,1945,approx.,"Ford built a company town to grow rubber for tyres here, and the plantation failed through leaf blight and worker unrest.",plantation;rubber,site type: company town;rubber,exchange and value,Ford Motor Company,Brazilian workers,none,Wikimedia Commons,R3,F1.22;F1.19,high,links: INS065.
PLC175,Puebla potteries,"Puebla de los Ángeles, Mexico",place,Place,F1.7,AM-LAT,1550,,approx.; guild ordinances 1653; ongoing,"Puebla potters made tin-glazed talavera poblana under guild rules, adapting Spanish methods and Chinese blue-and-white designs.",tin glaze;cobalt blue,site type: pottery centre;tile;jar,food and storage;shelter,the potters' guild; the Mexican state,Indigenous and African workers in the potteries,living-community,Wikimedia Commons;Met Open Access (CC0),R2,F1.14,high,links: PRA046.
PLC176,Acapulco,"Guerrero, Mexico",place,Place,F1.7;F1.13,AM-LAT,1565,1815,galleon port 1565-1815,"Acapulco was the American terminus of the Manila galleon, where Chinese silk and porcelain arrived for silver and enslaved Asians were landed.",trade goods,site type: port;porcelain;silk,exchange and value;transport,historians,enslaved Asian 'chinos',human-flow,Wikimedia Commons,R2,F1.13,high,links: INS040; NET036.
PLC177,Veracruz,"Veracruz, Mexico",place,Place,F1.7;F1.13,AM-LAT,1519,,founded 1519; ongoing,Veracruz was New Spain's Atlantic port for the treasure fleets and for enslaved Africans.,trade goods,site type: port;fort,exchange and value,historians,,human-flow,Wikimedia Commons,R3,F1.13,high,links: POL069.
PLC178,Cartagena de Indias,"Bolívar, Colombia",place,Place,F1.7;F1.13,AM-LAT,1533,,founded 1533; ongoing,Cartagena was a main port for enslaved Africans entering Spanish South America and a fortified node of the fleet system.,fortification;trade goods,site type: port and fortifications,exchange and value;war,historians; UNESCO,,human-flow,Wikimedia Commons,R3,F1.13,high,
PLC179,Salvador da Bahia,"Bahia, Brazil",place,Place,F1.7;F1.13,AM-LAT,1549,,founded 1549; ongoing,"Salvador was Brazil's colonial capital and a major port for enslaved Africans, whose carpenters and gilders worked on its churches.",gilding;wood carving;sugar,site type: port city;church;gilded altarpiece,exchange and value;ritual and belief,historians; UNESCO,,human-flow,Wikimedia Commons,R3,F1.13;F1.23,high,links: DIA008.
PLC180,Ouro Preto,"Vila Rica, Minas Gerais, Brazil",place,Place,F1.7,AM-LAT,1698,,approx.; gold rush from 1690s; ongoing,"Enslaved miners dug the gold of Vila Rica, whose churches carry soapstone and wood carving by Aleijadinho and his workshop.",gold mining;soapstone carving;wood carving,site type: mining town;church;soapstone sculpture,ritual and belief;exchange and value,historians; UNESCO,the enslaved miners and the workshop assistants credited to Aleijadinho,human-flow,Wikimedia Commons,R2,F1.26;F1.23,high,
PLC181,Valongo Wharf,"Cais do Valongo, Rio de Janeiro, Brazil",place,Place,F1.7,AM-LAT,1811,1831,approx.,"The stone wharf where hundreds of thousands of enslaved Africans landed was uncovered in 2011 with beads, amulets and pipes.",stone paving;beads,site type: wharf and memorial;bead;amulet,exchange and value,archaeologists; the Brazilian state; UNESCO,,human-flow,Wikimedia Commons;open-access excavation reports,R2,F1.24;F1.23,high,"UNESCO World Heritage 2017 (Valongo Wharf Archaeological Site), verified."
PLC182,Taxco,"Guerrero, Mexico",place,Place,F1.7,AM-LAT,1931,,silver mining from 1530s; design workshops from 1931,"William Spratling's workshop from 1931 trained local silversmiths, making Taxco a centre of modern Mexican silver design.",silversmithing,site type: mining town and workshops;silver jewellery,clothing and adornment,William Spratling; local silversmiths,the Mexican silversmiths who ran the benches,living-community,Wikimedia Commons,R3,F1.20;F1.26,high,
PLC183,Museo Nacional de Antropología,"Chapultepec, Mexico City, Mexico",place,Place,F1.7;THEME,AM-LAT;AM-MES,1964,,opened 1964,"The museum's design placed the Mexica hall at its centre, and the moving of a Tlaloc monolith from Coatlinchan for it met local protest.",museum display,site type: museum;stone sculpture,rule and display,the Mexican state; Pedro Ramírez Vázquez,the Coatlinchan community,none,collection search link-out only;Wikimedia Commons,R2,F1.24;F1.3,high,
PLC184,Xianrendong,"Xianren Cave, Wannian, Jiangxi, China",place,Place,F1.8,AS-CHN,-18000,-15000,"approx.; earliest sherds c. 20,000-19,000 cal BP","Potsherds from Xianrendong, dated to about 20,000 years ago, are among the earliest known pottery anywhere, made by hunter-gatherers.",hand-built pottery;open firing,site type: cave;potsherd,food and storage,archaeologists (Wu et al. 2012),,none,open-access excavation reports,R2,F1.5,high,links: INV020.
PLC185,Liangzhu,"Yuhang, Hangzhou, Zhejiang, China",place,Place,F1.8,AS-CHN,-3300,-2300,approx.,"Elite graves at Liangzhu held jade cong, bi and axes carved with a repeated face motif, in a walled city with large water-control dams.",jade working;abrasive cutting;earthwork,site type: walled city and cemeteries;jade cong;jade bi,ritual and belief;rule and display,archaeologists; UNESCO,,funerary,open-access excavation reports;Wikimedia Commons;Met Open Access (CC0),R3,F1.5,high,links: ARC122.
PLC186,Yinxu,"Anyang, Henan, China",place,Place,F1.8,AS-CHN,-1250,-1046,approx.; late Shang capital,"Foundry sites at the late Shang capital produced piece-mould bronze vessels, and the tomb of Fu Hao held hundreds of bronzes and jades.",piece-mould bronze casting;jade carving;oracle-bone inscription,"site type: royal capital, foundries and tombs;ritual bronze vessel;oracle bone;jade",ritual and belief;record and writing;rule and display,"archaeologists (Academia Sinica, later CASS)",the foundry workers and captives buried in royal tombs,funerary,Met Open Access (CC0);Cleveland Museum of Art Open Access (CC0);Wikimedia Commons;open-access excavation reports,R2,F1.5;F1.16,high,links: POL156; INV003.
PLC187,Mausoleum of the First Qin Emperor,"Lintong, Xi'an, Shaanxi, China",place,Place,F1.8,AS-CHN,-246,-208,approx.,"Terracotta figures for the emperor's tomb were made in standardised parts by workshops whose foremen stamped their names, with convict labourers buried nearby.",modular clay figures;mould and hand building;bronze casting,site type: imperial tomb complex;terracotta figure;bronze chariot;weapon,ritual and belief;war;rule and display,archaeologists; UNESCO,the conscript and convict labourers,funerary;human-flow,Wikimedia Commons;open-access excavation reports,R1,F1.23;F1.26,high,links: POL159.
PLC188,Mogao Caves,"Dunhuang, Gansu, China",place,Place,F1.8;F1.12a;F1.13,AS-CHN;AS-CEN,366,1400,approx.; Library Cave sealed early 11th c.; opened 1900,"Painted cave temples and the sealed Library Cave, whose manuscripts and the dated 868 Diamond Sutra were taken by Stein, Pelliot and others after 1907, record Silk Road making and faith.",wall painting;clay sculpture;woodblock printing;paper,site type: cave-temple complex and manuscript cache;mural;manuscript;printed scroll;banner,ritual and belief;record and writing,Buddhist patrons; archaeologists and explorers; the Dunhuang Academy,the monks and local community who kept the cave; the collectors' dispersal of its contents,sacred;conflict-looting,International Dunhuang Programme (link-out);British Museum collection search (link-out);Wikimedia Commons,R1,F1.13;F1.24;F1.28,high,links: NET001; NET003; INV039.
PLC189,Chang'an,"Daxing-Chang'an, Xi'an, Shaanxi, China",place,Place,F1.8;F1.13,AS-CHN,582,904,Sui-Tang city,The Tang capital's East and West Markets were regulated trading quarters where Sogdian and other foreign merchants sold goods from across Asia.,trade goods;silk;silver,site type: capital with regulated markets;silver vessel;sancai figure,exchange and value,historians; archaeologists,,none,Met Open Access (CC0);Wikimedia Commons,R2,F1.13,high,links: POL162; DIA001.
PLC190,Quanzhou,"Zaitun, Fujian, China",place,Place,F1.8;F1.13,AS-CHN,900,1400,approx.; peak Song-Yuan,Quanzhou was a major Song-Yuan port with a multi-faith merchant community and kilns producing wares for export.,shipbuilding;ceramics;stone carving,site type: port;ship;export ceramic;tombstone,exchange and value;transport,historians; UNESCO,,none,Wikimedia Commons;open-access excavation reports,R2,F1.13,high,A 13th-c. ship excavated at Houzhu in 1974.
PLC191,Guangzhou,"Canton, Guangdong, China",place,Place,F1.8;F1.13,AS-CHN,-200,,approx.; ongoing,"Canton was China's southern port for foreign trade, and under the Canton System (1757-1842) its workshops painted export porcelain, enamels and pictures to order.",overglaze enamel;export painting;lacquer,site type: port and export workshops;export porcelain;painted enamel;export painting,exchange and value,historians; museums,the painters and decorators who worked to foreign order,none,Met Open Access (CC0);Rijksmuseum (CC0);Wikimedia Commons,R2,F1.13;F1.14,high,links: INS021.
PLC192,Jingdezhen,"Jiangxi, China",place,Place,F1.8;F1.13,AS-CHN,1004,,name from 1004; imperial kiln from 1369; ongoing,"Jingdezhen's kilns and imperial factory made porcelain in a divided production line, and its blue-and-white travelled worldwide.",porcelain;cobalt underglaze;dragon kiln;division of labour,site type: kiln town and imperial factory;blue-and-white jar;dish;vase,food and storage;exchange and value;rule and display,"the imperial court; Père d'Entrecolles (letters 1712, 1722)",the many named stages of workers behind each piece,living-community,Met Open Access (CC0);Cleveland Museum of Art Open Access (CC0);National Palace Museum Open Data (licence to verify);Wikimedia Commons,R1,F1.13;F1.14;F1.23,high,links: MKR036; INV031; NET054.
PLC193,Longquan kilns,"Dayao, Longquan, Zhejiang, China",place,Place,F1.8,AS-CHN,950,1650,approx.,Longquan kilns made thick-glazed green celadon traded from Japan to East Africa.,celadon glaze;dragon kiln,site type: kiln complex;celadon dish;vase,food and storage;exchange and value,archaeologists; potters,,living-community,Met Open Access (CC0);Cleveland Museum of Art Open Access (CC0);Wikimedia Commons,R2,F1.13,high,links: PRA073.
PLC194,Ding kilns,"Jiancicun, Quyang, Hebei, China",place,Place,F1.8,AS-CHN,800,1300,approx.,"Ding potters made thin white porcelain fired upside down, whose unglazed rims were then bound in metal.",white porcelain;mould impressing;inverted firing,site type: kiln complex;white bowl;dish,food and storage,archaeologists,,none,Met Open Access (CC0);Cleveland Museum of Art Open Access (CC0);Wikimedia Commons,R3,F1.5,high,
PLC195,Yaozhou kilns,"Huangbao, Tongchuan, Shaanxi, China",place,Place,F1.8,AS-CHN,618,1368,approx.,"Yaozhou kilns made carved and moulded olive-green celadon, especially in the Northern Song.",celadon glaze;carving;moulding,site type: kiln complex;carved celadon bowl,food and storage,archaeologists,,none,Met Open Access (CC0);Cleveland Museum of Art Open Access (CC0);Wikimedia Commons,R3,,high,
PLC196,Yuanmingyuan,"Old Summer Palace, Beijing, China",place,Place,F1.8,AS-CHN,1709,1860,built from 1709; looted and burned October 1860,"British and French troops looted and burned the imperial garden palaces in 1860, dispersing their porcelain, bronzes and jades to Europe.",garden building;imperial collection,site type: imperial palace-garden and looting site;bronze zodiac head;porcelain;jade,rule and display,historians; the Chinese state,,conflict-looting,Wikimedia Commons;collection search link-out only,R2,F1.24;F1.19a,high,links: POL169.
PLC197,Dafen Oil Painting Village,"Longgang, Shenzhen, China",place,Place,F1.8,AS-CHN,1989,,from 1989; ongoing,Painters in Dafen produce hand-painted copies of famous paintings in large numbers for export and decor markets.,oil painting;copying,site type: painting village;copy painting,exchange and value,the painters; dealers,the painters whose skill is sold as reproduction,living-community,Wikimedia Commons,R3,F1.14;F1.21,high,
PLC198,Gangjin celadon kilns,"Sadang-ri, Gangjin, Korea",place,Place,F1.8,AS-KOR,900,1400,approx.,"Gangjin kilns made Goryeo celadon, including inlaid (sanggam) wares and tiles for the court.",celadon glaze;inlay (sanggam);kiln firing,site type: kiln complex;inlaid celadon vase;tile,food and storage;rule and display,archaeologists; the Goryeo court,,none,National Museum of Korea e-museum (KOGL Type 1);Met Open Access (CC0);Cleveland Museum of Art Open Access (CC0),R2,F1.5,high,links: STY139; POL176.
PLC199,Haeinsa Janggyeong Panjeon,"Hapcheon, South Gyeongsang, Korea",place,Place,F1.8,AS-KOR,1237,,woodblocks carved 1237-48; at Haeinsa from 1398,"More than 80,000 woodblocks of the Tripitaka Koreana are stored in ventilated halls built to keep them from decay.",woodblock carving;storage architecture,site type: temple and woodblock repository;printing block,ritual and belief;record and writing,the Goryeo state; the temple; UNESCO,the carvers,sacred,National Museum of Korea e-museum (KOGL Type 1);Wikimedia Commons,R3,F1.28;F1.16,high,links: INV039.
PLC200,Heungdeoksa,"Cheongju, North Chungcheong, Korea",place,Place,F1.8,AS-KOR,1377,,Jikji printed 1377,"The Buddhist text Jikji was printed at Heungdeoksa in 1377 with movable metal type, and the only surviving copy is in the Bibliothèque nationale de France.",movable metal type;printing,site type: temple site and printing museum;printed book,record and writing,historians; the Korean state,,sacred,National Museum of Korea e-museum (KOGL Type 1);Gallica (public-domain items),R3,F1.5;F1.24,high,links: INV042.
PLC201,Gyeongju,"Seorabeol, North Gyeongsang, Korea",place,Place,F1.8,AS-KOR,-57,935,"Silla capital, traditional dates","Silla royal tombs at Gyeongju held gold crowns, glass vessels from the west and ornaments made in local workshops.",goldwork;granulation;glass,site type: royal capital and tombs;gold crown;glass vessel,rule and display;ritual and belief,archaeologists; UNESCO,,funerary,National Museum of Korea e-museum (KOGL Type 1);Wikimedia Commons,R3,F1.13,high,links: POL174.
PLC202,National Museum of Korea,"Yongsan, Seoul, Korea",place,Place,F1.8;THEME,AS-KOR,2005,,Yongsan building 2005; origins in 1909 and 1915 museums,The national museum's collections trace to palace and colonial museums and are released under open reuse terms.,museum display,site type: museum;celadon;Buddhist sculpture,rule and display,the Korean state,the colonial-period collecting it inherited,none,National Museum of Korea e-museum (KOGL Type 1),R2,F1.24,high,
PLC203,Arita,"Izumiyama and Tengudani kiln sites, Saga, Japan",place,Place,F1.8;F1.13,AS-JPN,1616,,porcelain from c. 1616; export via VOC from 1659; ongoing,"Korean potters brought to Japan after the invasions of the 1590s are credited with finding porcelain stone at Izumiyama, starting Japanese porcelain exported as Imari.",porcelain;underglaze blue;overglaze enamel,site type: quarry and kiln town;Imari dish;Kakiemon jar,food and storage;exchange and value,the Nabeshima domain; historians,the Korean potters taken by force,human-flow;living-community,ColBase (Japan Government Standard Terms);Rijksmuseum (CC0);Met Open Access (CC0),R1,F1.13;F1.14,high,links: MKR039; MKR040; DIA012; INS038.
PLC204,Seto kilns,"Seto, Aichi, Japan",place,Place,F1.8,AS-JPN,1200,,approx.; ongoing,"Seto potters made glazed stoneware from about the 13th century, and 'setomono' became a general word for ceramics.",glazed stoneware;kiln firing,site type: kiln town;tea caddy;jar,food and storage,historians; the potters,,living-community,ColBase (Japan Government Standard Terms);Met Open Access (CC0),R3,F1.5,high,
PLC205,Bizen kilns,"Imbe, Okayama, Japan",place,Place,F1.8,AS-JPN,1200,,approx.; ongoing,"Bizen potters fire unglazed stoneware for many days in wood-fired kilns, valued in tea ceremony.",unglazed stoneware;anagama firing,site type: kiln town;water jar;vase,food and storage;ritual and belief,historians; the potters,,living-community,ColBase (Japan Government Standard Terms);Met Open Access (CC0),R3,,high,
PLC206,Nishijin,"Kyoto, Japan",place,Place,F1.8,AS-JPN,1467,,name from the Ōnin War western camp; ongoing,Nishijin weavers make figured silks for kimono and obi and adopted the Jacquard loom after weavers were sent to Lyon in 1872.,drawloom;Jacquard loom;silk,site type: weaving district;obi;kimono,clothing and adornment,the weavers' guilds,family members who do preparatory work,living-community,ColBase (Japan Government Standard Terms);Met Open Access (CC0),R2,F1.18;F1.14,high,links: MKR042; INV107.
PLC207,Nagasaki and Dejima,"Nagasaki, Japan",place,Place,F1.8;F1.13,AS-JPN,1571,1859,port from 1571; Dutch on Dejima 1641-1859,"Dejima was the only European trading post permitted under Tokugawa rule, shipping Japanese porcelain and lacquer and bringing in books and goods.",trade goods;lacquer;porcelain,site type: artificial island trading post;export porcelain;lacquer box,exchange and value,the Tokugawa shogunate; the VOC,Japanese interpreters and workers on the island,none,Rijksmuseum (CC0);ColBase (Japan Government Standard Terms),R2,F1.13,high,links: INS025; POL183.
PLC208,Tokyo National Museum,"Ueno, Tokyo, Japan",place,Place,F1.8;THEME,AS-JPN,1872,,founded 1872,Japan's oldest museum grew from the 1872 Yushima exhibition and built the national categories of Japanese art.,museum display,site type: museum;scroll;ceramic;sword,rule and display,the Japanese state,,none,ColBase (Japan Government Standard Terms),R2,F1.24;F1.3,high,links: EVT002.
PLC209,Sannai-Maruyama,"Aomori, Japan",place,Place,F1.8,AS-JPN,-3900,-2200,approx.,"The Jōmon village used lacquered wares, jade from Itoigawa and obsidian from distant sources, around large post buildings.",lacquer;jade;obsidian;pottery,site type: village;lacquered bowl;jade bead;clay figurine,food and storage;ritual and belief,archaeologists; UNESCO,,none,open-access excavation reports;ColBase (Japan Government Standard Terms),R3,F1.5,high,links: ARC133.
PLC210,Shōsōin,"Tōdai-ji, Nara, Japan",place,Place,F1.8;F1.13,AS-JPN,756,,founded 756; ongoing,"The imperial storehouse holds objects given in 756 and later, including Tang Chinese, Persian-style and Japanese musical instruments, textiles and glass.",lacquer;inlay;textile;glass,site type: storehouse;lute;textile;glass bowl,rule and display;play and music,the Imperial Household Agency,,sacred,collection search link-out only;ColBase (Japan Government Standard Terms),R2,F1.13;F1.24,high,
PLC211,Iwami Ginzan,"Ōda, Shimane, Japan",place,Place,F1.8;F1.13,AS-JPN,1526,1923,approx.,"Silver from Iwami, refined by cupellation from the 1530s, fed Japan's trade with China and the Portuguese.",silver mining;cupellation,site type: mine and mining town;silver ingot,exchange and value,historians; UNESCO,the miners,none,Wikimedia Commons,R3,F1.22,high,
PLC212,Sado Island gold mines,"Sado, Niigata, Japan",place,Place,F1.8,AS-JPN,1601,1989,approx.,"Sado's gold and silver mines ran from the Edo period, and Korean workers were mobilised to them during the Second World War.",gold mining;hand tools,site type: mine;gold coin,exchange and value,historians; UNESCO,the Korean labourers and Edo-period forced labour,human-flow,Wikimedia Commons,R3,F1.22;F1.23,high,Framing of Korean labour disputed between states.
PLC213,Tomioka Silk Mill,"Tomioka, Gunma, Japan",place,Place,F1.8,AS-JPN,1872,1987,approx.,"The state silk-reeling mill, set up with a French engineer, trained young women who spread mechanised reeling across Japan.",mechanised silk reeling,site type: factory;raw silk,clothing and adornment,the Meiji government; Paul Brunat,the women reelers,none,Wikimedia Commons,R3,F1.23;F1.18;F1.19,high,
PLC214,Mehrgarh,"Kachi Plain, Balochistan, Pakistan",place,Place,F1.9,AS-SAS,-7000,-2500,approx.,"Mehrgarh records early farming, cotton, drilled teeth and bead-making in South Asia.",bead drilling;pottery;cotton,site type: settlement and cemetery;bead;pottery;figurine,food and storage;clothing and adornment,archaeologists (Jean-François Jarrige),,funerary,open-access excavation reports,R2,F1.5,high,links: ARC137; INV156; INV100.
PLC215,Harappa,"Sahiwal, Punjab, Pakistan",place,Place,F1.9,AS-SAS,-3300,-1300,approx.,"Workshops at Harappa made stone beads, shell bangles, faience and seals under standard weights.",bead drilling;faience;shell cutting;seal carving,site type: city with craft quarters;carnelian bead;seal;shell bangle,clothing and adornment;record and writing;exchange and value,archaeologists (Harappa Archaeological Research Project),,none,open-access excavation reports;Wikimedia Commons,R2,F1.5,high,links: ARC139; CIV048; INV173.
PLC216,Lothal,"Ahmedabad district, Gujarat, India",place,Place,F1.9,AS-SAS,-2400,-1900,approx.,Lothal had a bead workshop and a large brick basin interpreted as a dock linked to Gulf trade.,bead making;brick building,site type: town with dock and workshop;bead;seal,exchange and value;transport,archaeologists (S. R. Rao),,none,Wikimedia Commons;open-access excavation reports,R3,F1.13,medium,Dock interpretation debated.
PLC217,Zawar,"Udaipur district, Rajasthan, India",place,Place,F1.9,AS-SAS,-500,1800,approx.; mining from 1st millennium BCE,"Retorts at Zawar show zinc distilled on an industrial scale by the medieval period, long before Europe.",zinc distillation;retort;mining,site type: mine and smelting site;retort;zinc,exchange and value,archaeometallurgists (Paul Craddock et al.),,none,open-access excavation reports,R3,F1.5;F1.22,medium,"links: INV091. Distilled zinc from c. 9th c. CE, commercial scale from c. 12th c.; halted c. 1812 (Kharakwal; Craddock)."
PLC218,Arikamedu,"Puducherry, India",place,Place,F1.9;F1.13,AS-SAS,-200,200,approx.,Arikamedu's finds of Mediterranean amphorae and Arretine ware beside local bead-making show a port in the Roman-Indian trade.,bead making;trade goods,site type: port;amphora;Arretine sherd;bead,exchange and value,archaeologists (Mortimer Wheeler; Vimala Begley),,none,open-access excavation reports,R3,F1.13,high,
PLC219,Muziris,"Muchiri; possibly Pattanam, Kerala, India",place,Place,F1.9;F1.13,AS-SAS,-100,400,approx.,"Muziris was the Malabar pepper port named in the Muziris papyrus, probably located at Pattanam.",pepper trade;beads,site type: port;amphora;bead,exchange and value,classical sources; archaeologists (KCHR),,none,open-access excavation reports,R3,F1.13,medium,Identification with Pattanam debated.
PLC220,Barygaza,"Bharuch, Gujarat, India",place,Place,F1.9;F1.13,AS-SAS,-100,300,approx.,"The Periplus describes Barygaza as a port exporting cotton cloth, indigo and agate.",cotton textile;agate,site type: port;cloth;bead,exchange and value,the Periplus of the Erythraean Sea,,none,Wikimedia Commons,R3,F1.13,medium,
PLC221,Calicut,"Kozhikode, Kerala, India",place,Place,F1.9;F1.13,AS-SAS,1300,,approx.; ongoing,"Calicut was a pepper and cotton-cloth port under the Zamorins, reached by Vasco da Gama in 1498, and 'calico' is named after it.",cotton weaving;pepper trade,site type: port;calico,exchange and value,historians,,none,Wikimedia Commons,R3,F1.13;F1.18,high,
PLC222,Chandni Chowk,"Shahjahanabad, Delhi, India",place,Place,F1.9;F1.10,AS-SAS,1650,,approx.; ongoing,"The market street of Shahjahanabad grew with the Mughal karkhanas that made textiles, jewellery and metalwork for court and sale.",goldwork;embroidery;metalwork,site type: market street and workshops;jewellery;embroidery,exchange and value;clothing and adornment,the Mughal court; historians,,living-community,Wikimedia Commons,R3,F1.17,medium,links: MKR044.
PLC223,Varanasi weavers' quarters,"Madanpura and Peeli Kothi, Varanasi, India",place,Place,F1.9,AS-SAS,1600,,approx.; ongoing,"Weavers in Varanasi, many of them Ansari Muslims, weave Banarasi silk brocades on handlooms.",brocade;handloom;silk,site type: weavers' quarters;sari;brocade,clothing and adornment,the weaving communities,the weavers' indebtedness to traders,living-community,Met Open Access (CC0);Wikimedia Commons,R3,F1.18,medium,links: MKR046.
PLC224,Jamdani villages of Rupganj,"Rupganj and Demra, Narayanganj-Dhaka, Bangladesh",place,Place,F1.9,AS-SAS,1700,,approx.; ongoing,"Weavers here make jamdani, a fine cotton with supplementary-weft motifs inserted by hand, successor to Dhaka muslin.",supplementary weft;fine cotton;handloom,site type: weaving villages;jamdani sari,clothing and adornment,"the weavers; UNESCO (intangible heritage: ""Traditional art of Jamdani weaving"", 2013)",women's thread preparation,living-community,Met Open Access (CC0);Wikimedia Commons,R3,F1.18,medium,links: MKR047; PRA103.
PLC225,Patan,"Anhilwad Patan, Gujarat, India",place,Place,F1.9,AS-SAS,1100,,approx.; ongoing,"Salvi families in Patan weave double-ikat patola, dyeing warp and weft separately before weaving.",double ikat;silk,site type: weaving town;patola,clothing and adornment,the Salvi families,,living-community,Met Open Access (CC0);Wikimedia Commons,R3,F1.18,medium,links: MKR048; PRA108.
PLC226,Machilipatnam,"Masulipatnam, Andhra Pradesh, India",place,Place,F1.9;F1.13,AS-SAS,1600,,approx.; ongoing,Machilipatnam's dyers and block-printers made the mordant-dyed chintz sought by the Dutch and English companies.,mordant dyeing;block printing;kalamkari,site type: port and dyeing town;chintz;palampore,clothing and adornment;exchange and value,the dyers; the East India companies,,living-community,Rijksmuseum (CC0);Met Open Access (CC0);Wikimedia Commons,R2,F1.18;F1.13,high,links: MKR049; NET055.
PLC227,Pulicat,"Pazhaverkadu, Tamil Nadu, India",place,Place,F1.9;F1.13,AS-SAS,1613,1825,approx.,The VOC's Fort Geldria at Pulicat bought Coromandel chintz and also shipped enslaved people from the coast.,mordant dyeing;trade goods,site type: port and trading fort;chintz,exchange and value,the VOC; historians,the enslaved people shipped from the Coromandel coast,human-flow,Rijksmuseum (CC0);Wikimedia Commons,R3,F1.13;F1.18,medium,links: INS038.
PLC228,Santiniketan,"Birbhum, West Bengal, India",place,Place,F1.9,AS-SAS,1919,,Kala Bhavana 1919; ongoing,Kala Bhavana under Nandalal Bose taught art alongside local crafts and murals in an open-air setting.,mural;printmaking;leather craft,site type: art school campus;mural;print,ritual and belief;record and writing,Rabindranath Tagore; Nandalal Bose,the Santal and craft teachers,none,Wikimedia Commons,R3,F1.20,high,links: SCH028; INS032.
PLC229,NID Ahmedabad,"Paldi, Ahmedabad, India",place,Place,F1.9,AS-SAS,1961,,founded 1961,The design school founded after the Eames India Report of 1958 trained designers to work with Indian craft and industry.,design education,site type: design school campus;prototype,tools,the Indian government; the Sarabhai family; Charles and Ray Eames,,none,Wikimedia Commons,R3,F1.20,high,links: INS033.
PLC230,Jokhang and Barkhor,"Lhasa, Tibet",place,Place,F1.8,AS-HIM,647,,traditional founding 7th c.; ongoing,The Jokhang temple and the Barkhor pilgrim circuit around it are a centre of Tibetan Buddhist devotion and trade in ritual objects.,metal casting;thangka painting;wood carving,site type: temple and market circuit;statue;thangka,ritual and belief;exchange and value,"Tibetan Buddhists; UNESCO (Jokhang only, added 2000 to the Potala Palace listing)",,sacred;living-community,Wikimedia Commons,R3,F1.16,high,
PLC231,Tabo Monastery,"Spiti, Himachal Pradesh, India",place,Place,F1.8,AS-HIM,996,,founded 996; ongoing,Tabo's clay sculptures and wall paintings are among the earliest surviving in western Tibetan Buddhism.,clay sculpture;wall painting,site type: monastery;mural;clay sculpture,ritual and belief,the Guge kings; Rinchen Zangpo tradition,,sacred;living-community,Wikimedia Commons,R3,F1.16,high,links: POL204.
PLC232,Patan metal workshops,"Lalitpur, Kathmandu Valley, Nepal",place,Place,F1.9,AS-HIM,1400,,approx.; ongoing,Newar metalworkers cast gilded copper images by lost-wax methods for Nepal and Tibet.,lost-wax casting;gilding;repoussé,site type: craft town;gilt-copper image,ritual and belief,the Newar castes,,sacred;living-community,Met Open Access (CC0);Wikimedia Commons,R3,F1.13,medium,
PLC233,Samdzong,"Upper Mustang, Nepal",place,Place,F1.8,AS-HIM,200,650,approx.,"Cave tombs at Samdzong held a gold-and-silver funerary mask, glass beads and textiles showing trade across the Himalaya.",goldwork;glass beads;textile,site type: cave tombs;funerary mask;bead,ritual and belief;exchange and value,archaeologists (Mark Aldenderfer),,funerary,open-access excavation reports,R3,F1.13,medium,links: ARC152.
PLC234,Srinagar,Kashmir,place,Place,F1.9,AS-HIM;AS-SAS,1500,,approx.; ongoing,Srinagar's workshops wove kani shawls and made papier-mâché and walnut carving for trade.,twill-tapestry weaving;papier-mâché;wood carving,site type: craft city;shawl;box,clothing and adornment;exchange and value,historians; the craft communities,,living-community,V&A collections search (link-out);Met Open Access (CC0),R3,F1.14,medium,links: MKR045.
PLC235,Ban Chiang,"Udon Thani, Thailand",place,Place,F1.9,AS-MSE,-2000,200,approx.; chronology debated,"Burials at Ban Chiang contain bronze and painted pottery, and looting for the market in the 1960s-70s damaged the site.",bronze casting;painted pottery,site type: settlement and cemetery;painted jar;bronze bangle,ritual and belief;clothing and adornment,archaeologists (Chester Gorman; Pisit Charoenwongsa),,funerary;conflict-looting,open-access excavation reports;collection search link-out only,R3,F1.24,high,links: ARC155.
PLC236,Óc Eo,"An Giang, Vietnam",place,Place,F1.9;F1.13,AS-MSE,100,700,approx.,"The port of Funan had bead and metal workshops and finds from India, China and Rome.",bead making;goldwork,site type: port town;bead;seal;coin,exchange and value,archaeologists (Louis Malleret),,none,open-access excavation reports,R3,F1.13,high,links: ARC159; POL207.
PLC237,Angkor,"Siem Reap, Cambodia",place,Place,F1.9,AS-MSE,802,1431,approx.,"A royal bronze foundry excavated near the Angkor Thom palace shows how Khmer images were cast, beside quarries and kilns that supplied the temples.",bronze casting;sandstone carving;stoneware,site type: royal capital and foundry;bronze image;stoneware,ritual and belief;rule and display,archaeologists (Polkinghorne et al.); UNESCO,,sacred,Wikimedia Commons;Met Open Access (CC0),R2,F1.16,medium,links: POL209. Foundry excavated from 2012.
PLC238,Si Satchanalai kilns,"Sawankhalok, Sukhothai, Thailand",place,Place,F1.9,AS-MSE,1300,1600,approx.,Kilns along the Yom river made celadon and painted stoneware exported across Southeast Asia.,celadon;cross-draught kiln,site type: kiln complex;celadon dish,food and storage;exchange and value,archaeologists,,none,Met Open Access (CC0);Wikimedia Commons,R3,F1.13,medium,links: POL212.
PLC239,Bagan,"Pagan, Mandalay Region, Myanmar",place,Place,F1.9,AS-MSE,1044,1287,approx.; lacquer industry ongoing,"Thousands of brick temples at Bagan were painted and decorated, and the town is now a centre of lacquerware.",brick building;wall painting;lacquer,site type: temple plain and craft town;mural;lacquer box,ritual and belief,Burmese kings; UNESCO,,sacred;living-community,Wikimedia Commons,R3,F1.16,high,links: POL210; PRA115.
PLC240,Hội An,"Faifo, Quảng Nam, Vietnam",place,Place,F1.9;F1.13,AS-MSE,1500,1800,approx.,Hội An was a trading port where Japanese and Chinese merchants settled and Vietnamese ceramics were shipped.,trade goods;timber building,site type: port town;ceramic,exchange and value,historians; UNESCO,,none,Wikimedia Commons,R3,F1.13,high,
PLC241,Khao Sam Kaeo,"Chumphon, Thailand",place,Place,F1.9;F1.13,AS-MSE,-400,-100,approx.,Glass and stone bead workshops using South Asian techniques show an early cross-Bay of Bengal craft community.,glass beads;stone beads,site type: port settlement and workshops;bead,clothing and adornment;exchange and value,archaeologists (Bérénice Bellina),,none,open-access excavation reports,R3,F1.13,medium,links: NET007.
PLC242,Leang Tedongnge,"Maros-Pangkep, South Sulawesi, Indonesia",place,Place,F1.9,AS-ISE,-43500,,"approx.; at least 45,500 years","A painting of a pig dated to at least 45,500 years ago is among the earliest known figurative images.",mineral pigment;painting,site type: cave;rock painting,ritual and belief,archaeologists (Brumm et al. 2021),,none,open-access excavation reports,R2,F1.5,high,links: INV145.
PLC243,Tabon Caves,"Lipuun Point, Palawan, Philippines",place,Place,F1.9,AS-ISE,-890,-710,approx.; Manunggul jar c. 890-710 BCE,"The Manunggul burial jar's lid shows two figures in a boat, found among long-used burial caves.",earthenware;modelling,site type: burial caves;burial jar,ritual and belief,archaeologists (Robert Fox),,funerary,Wikimedia Commons,R3,F1.16,medium,
PLC244,Manila,"Intramuros and Parián, Manila, Philippines",place,Place,F1.9;F1.13,AS-ISE,1571,1815,galleon trade 1565/71-1815,"Manila joined Chinese junks to the galleons for Acapulco, and Chinese craftsmen in the Parián carved ivory saints for the Americas.",ivory carving;trade goods,site type: port and merchant quarter;ivory santo;porcelain,exchange and value,historians,Sangley Chinese artisans; enslaved people shipped on the galleons,human-flow,Wikimedia Commons;Met Open Access (CC0),R2,F1.13,high,links: INS040; NET036; DIA007.
PLC245,Malacca,"Melaka, Malaysia",place,Place,F1.9;F1.13,AS-ISE,1400,,approx.; ongoing,Malacca was the entrepôt where Indian textiles were exchanged for spices and Chinese goods before and after Portuguese capture in 1511.,textile trade,site type: port city;trade cloth,exchange and value,Tomé Pires; historians; UNESCO,,none,Wikimedia Commons,R3,F1.13,high,
PLC246,Banda Islands,"Maluku, Indonesia",place,Place,F1.9;F1.13,AS-ISE,1400,1860,approx.,"The only source of nutmeg and mace, Banda was conquered by the VOC in 1621 and its people killed or expelled, with plantations worked by enslaved labour.",spice cultivation,site type: spice islands and plantations;nutmeg,exchange and value;food and storage,historians,the Bandanese and the enslaved plantation workers,human-flow,Rijksmuseum (CC0);Wikimedia Commons,R2,F1.22;F1.23,high,links: INS038.
PLC247,Trowulan,"Mojokerto, East Java, Indonesia",place,Place,F1.9,AS-ISE,1293,1500,approx.,"The Majapahit capital had brick temples, canals and workshops making terracotta figures and roof tiles.",terracotta;brick building,site type: royal capital;terracotta figure;roof tile,rule and display,archaeologists,,none,open-access excavation reports;Wikimedia Commons,R3,,medium,links: POL219.
PLC248,Belitung shipwreck,"Batu Hitam, off Belitung, Indonesia",place,Place,F1.9;F1.13,AS-ISE;AS-CHN;WA-ARB,826,850,approx.; sank c. 830s,A ship of Arab or Indian build sank carrying tens of thousands of Changsha bowls and gold and silver; its commercial salvage led museums to refuse to show it.,stitched hull;Changsha ware,site type: shipwreck;bowl;gold cup,transport;exchange and value,commercial salvors; Singapore (owner); archaeologists,,conflict-looting,collection search link-out only,R2,F1.13;F1.24,high,Commercial salvage 1998-99; Smithsonian cancelled exhibition 2011.
PLC249,Samarkand,"Afrasiyab, Samarkand, Uzbekistan",place,Place,F1.12a;F1.13,AS-CEN,-500,,approx.; ongoing,"Samarkand was a Sogdian and later Timurid city whose murals, paper-making and tilework record Silk Road workshops.",wall painting;papermaking;glazed tile,site type: city;mural;paper;tile,exchange and value;record and writing,archaeologists; UNESCO,,none,Wikimedia Commons;Met Open Access (CC0),R2,F1.13,high,links: POL228; POL235; DIA001; INV037.
PLC250,Bukhara,"Bukhara, Uzbekistan",place,Place,F1.10;F1.12a,AS-CEN,800,,approx.; ongoing,"Bukhara's bazaars and domed trading halls served a city known for silk, gold embroidery and suzani.",embroidery;silk;brick architecture,site type: trading city;suzani;domed bazaar,exchange and value;clothing and adornment,historians; UNESCO,,living-community,Met Open Access (CC0);Wikimedia Commons,R3,F1.13,high,links: POL232; POL237.
PLC251,Kashgar,"Kashi, Xinjiang, China",place,Place,F1.12a;F1.13,AS-CEN;AS-CHN,-100,,approx.; ongoing,"Kashgar was an oasis market where routes around the Taklamakan met, trading silk, jade and craft goods.",trade goods,site type: oasis market;textile,exchange and value,historians,,living-community,Wikimedia Commons,R3,F1.13,medium,links: NET003.
PLC252,Hotan jade rivers,"Yurungkash and Karakash rivers, Hotan, Xinjiang, China",place,Place,F1.12a;F1.8,AS-CEN;AS-CHN,-1200,,approx.; ongoing,Nephrite pebbles from Hotan's rivers were carved in China for thousands of years and traded along the southern Silk Road.,nephrite;river collection;lapidary,site type: jade source;jade carving,ritual and belief;exchange and value,historians; geologists,,none,Met Open Access (CC0);National Palace Museum Open Data (licence to verify),R3,F1.22;F1.13,medium,Hotan origin of Shang jades debated.
PLC253,Turfan,"Gaochang, Astana and Bezeklik, Xinjiang, China",place,Place,F1.12a;F1.13,AS-CEN;AS-CHN,300,1300,approx.,"Astana tombs preserved textiles and paper reused in burial goods, and Bezeklik's murals were cut out by German expeditions in 1905.",wall painting;silk;paper,"site type: oasis city, cemetery and cave temples;textile;mural;document",ritual and belief;record and writing,archaeologists; Albert von Le Coq,,funerary;sacred;conflict-looting,International Dunhuang Programme (link-out);collection search link-out only,R2,F1.24;F1.13,high,links: POL231.
PLC254,Sar-i Sang,"Kokcha valley, Badakhshan, Afghanistan",place,Place,F1.12a;F1.13,AS-CEN,-6000,,approx.; ongoing,"Sar-i Sang is the main ancient source of lapis lazuli traded to Mesopotamia, Egypt and South Asia, and later ground for ultramarine.",lapis lazuli mining;ultramarine,site type: mine;lapis bead;pigment,clothing and adornment;exchange and value,geologists; historians,the miners today,living-community,open-access excavation reports,R2,F1.22;F1.13,high,links: NET018. Recent mining revenue linked to armed groups (to verify).
PLC255,Gonur Depe,"Margiana, Mary, Turkmenistan",place,Place,F1.12a,AS-CEN,-2400,-1600,approx.,"A walled BMAC centre with workshops, seals and elite burials in the Murghab delta.",bronze;stone seals;mosaic,site type: walled centre and cemetery;seal;vessel,rule and display;ritual and belief,archaeologists (Viktor Sarianidi),,funerary,open-access excavation reports,R3,,medium,links: ARC104.
PLC256,Bamiyan,"Bamiyan, Afghanistan",place,Place,F1.12a,AS-CEN,500,900,approx.; Buddhas 6th-7th c.; destroyed 2001,"The colossal Buddhas were destroyed in 2001, and cave murals there include some of the earliest known oil-based paint.",rock carving;wall painting;oil paint,site type: cave-monastery complex;colossal statue;mural,ritual and belief,UNESCO; archaeologists,,sacred;conflict-looting,Wikimedia Commons,R2,F1.19a;F1.5;F1.16,high,Oil paint findings: Cotte et al. 2008.
PLC257,Tillya Tepe,"Jowzjan, Afghanistan",place,Place,F1.12a,AS-CEN,-50,50,approx.,"Six graves held thousands of gold ornaments mixing steppe, Greek and Indian motifs, hidden during war and shown again from 2003.",goldwork;inlay,site type: burial mound;crown;pendant,clothing and adornment;ritual and belief,archaeologists (Viktor Sarianidi),,funerary,collection search link-out only,R3,F1.24;F1.13,high,
PLC258,Karakorum,"Kharkhorin, Övörkhangai, Mongolia",place,Place,F1.12a,AS-CEN,1235,1388,approx.,"The Mongol capital housed artisans taken from conquered cities, including the Parisian goldsmith who made a silver fountain tree.",metalwork;kiln,site type: imperial capital;kiln;metalwork,rule and display,the Mongol court; William of Rubruck,the deported artisans,human-flow,open-access excavation reports,R3,F1.23;F1.17,high,links: POL233; MKR092.
PLC259,Mal'ta,"Irkutsk, Russia",place,Place,F1.12a,AS-NTH,-22000,,"approx.; c. 24,000 BP","Ivory figurines, plaques and beads from Mal'ta, and the burial of a child, show Ice Age carving in Siberia.",mammoth-ivory carving,site type: open-air settlement;ivory figurine;bead,ritual and belief;clothing and adornment,archaeologists (Mikhail Gerasimov),,funerary,collection search link-out only,R3,F1.5,high,links: ARC112.
PLC260,Gasya,"Lower Amur, Khabarovsk, Russia",place,Place,F1.12a,AS-NTH,-14000,,approx.,Gasya has some of the earliest known pottery in the Russian Far East.,pottery,site type: open-air site;potsherd,food and storage,archaeologists,,none,open-access excavation reports,R3,F1.5,medium,links: INV021.
PLC261,Pazyryk,"Ulagan, Altai Republic, Russia",place,Place,F1.12a,AS-NTH;AS-CEN,-400,-250,approx.,"Frozen burials held felt hangings, saddles, tattooed bodies and the earliest known knotted-pile carpet.",knotted pile;felt appliqué;leather;woodcarving,site type: burial mounds;carpet;saddle;felt hanging,clothing and adornment;transport;ritual and belief,archaeologists (Sergei Rudenko),,funerary;ancestral,collection search link-out only,R2,F1.5;F1.18,high,links: ARC108; INV103.
PLC262,Kyakhta,"Buryatia, Russia",place,Place,F1.12a;F1.13,AS-NTH,1728,1860,approx.,Kyakhta was the border market where Chinese tea and silk were exchanged for Siberian furs.,trade goods,site type: border market;brick tea;fur,exchange and value,historians,,none,Wikimedia Commons,R3,F1.13,high,links: NET059; NET043.
PLC263,Norilsk,"Krasnoyarsk Krai, Russia",place,Place,THEME,AS-NTH,1935,,Norillag 1935-56; mining ongoing,Nickel and copper mining at Norilsk began with Gulag prisoners and is among the world's most polluting operations.,nickel mining;smelting,site type: mining city;nickel,exchange and value,the Soviet state; Nornickel,the prisoners who built it; Indigenous reindeer herders,human-flow,Wikimedia Commons,R3,F1.22;F1.23,high,links: POL151.
PLC264,Uruk,"Warka, Muthanna, Iraq",place,Place,F1.9a,WA-MES,-4000,-3000,approx.; Uruk period,"Uruk's Eanna precinct yielded early proto-cuneiform tablets, mass-produced bevelled-rim bowls and cone mosaics from one of the earliest cities in Mesopotamia.",proto-cuneiform;cone mosaic;mould-made bowls;cylinder seal,site type: city and temple precinct;clay tablet;bevelled-rim bowl;cylinder seal,record and writing;food and storage;ritual and belief,archaeologists (German excavations from 1912),the workers paid in rations recorded on the tablets,sacred,CDLI (link-out);Wikimedia Commons;Met Open Access (CC0),R1,F1.5;F1.28,high,links: ARC054; INV001; INV172; HOR010.
PLC265,Royal Cemetery of Ur,"Tell el-Muqayyar, Dhi Qar, Iraq",place,Place,F1.9a,WA-MES,-2600,-2450,approx.,"Tombs at Ur held lyres, the 'Standard of Ur', gold headdresses and etched carnelian beads from the Indus, divided in 1922-34 between London, Philadelphia and Baghdad.",goldwork;lapis inlay;shell inlay;etched carnelian,site type: royal cemetery;lyre;headdress;etched bead,ritual and belief;rule and display;play and music,archaeologists (Leonard Woolley),the attendants killed and buried with the dead; Iraqi workmen,funerary,British Museum collection search (link-out);collection search link-out only;Wikimedia Commons,R2,F1.24;F1.13,high,links: POL092; NET016.
PLC266,Nimrud,"Kalhu, Nineveh Governorate, Iraq",place,Place,F1.9a,WA-MES,-879,-612,approx.,"The Assyrian capital's palaces held carved reliefs and thousands of ivories from Levantine workshops, and were deliberately destroyed in 2015.",relief carving;ivory carving;goldwork,site type: royal capital;ivory plaque;relief;gold jewellery,rule and display,archaeologists (Layard; Mallowan),the Levantine carvers whose ivories came as tribute and booty,conflict-looting,British Museum collection search (link-out);Met Open Access (CC0);Wikimedia Commons,R2,F1.19a;F1.24,high,links: POL096.
PLC267,Babylon,"Hillah, Babil, Iraq",place,Place,F1.9a,WA-MES,-605,-539,Neo-Babylonian glazed-brick works,"Moulded, glazed bricks of the Ishtar Gate and Processional Way were excavated by German teams and rebuilt in Berlin.",moulded brick;glazed brick,site type: city and gate;glazed brick panel,rule and display;ritual and belief,archaeologists (Robert Koldewey); UNESCO,,none,Wikimedia Commons;Met Open Access (CC0),R2,F1.24;F1.28a,high,links: POL097.
PLC268,Samarra,"Samarra, Salah al-Din, Iraq",place,Place,F1.10,WA-MES,836,892,Abbasid capital 836-892,"The Abbasid palace city had lustre-painted pottery and tiles, bevelled-style stucco and imported Chinese ceramics.",lustre glazing;stucco;wall painting,site type: palace city;lustre bowl;stucco panel,rule and display;food and storage,archaeologists (Ernst Herzfeld),,none,Met Open Access (CC0);Wikimedia Commons,R2,F1.14;F1.13,high,
PLC269,Raqqa,"al-Rafiqa, Raqqa, Syria",place,Place,F1.10,WA-MES;WA-LEV,772,1259,approx.,"Raqqa had glass and ceramic industries from the Abbasid period to the 13th century, and its sites were heavily looted from 2011.",glassmaking;underglaze painting;lustre,site type: city and industrial quarter;Raqqa-ware jar;glass,food and storage,archaeologists; dealers,,conflict-looting,Met Open Access (CC0);Wikimedia Commons,R3,F1.24;F1.19a,medium,
PLC270,Madinat al-Salam,"Round City of Baghdad, Iraq",place,Place,F1.10,WA-MES,762,1258,approx.,Baghdad's paper mills from the late 8th century supplied a book trade and chancery on a new scale.,papermaking;bookbinding,site type: capital;paper;manuscript,record and writing,historians,,none,Wikimedia Commons,R3,F1.5,medium,links: INV037. Mill founding c. 794-95 per later sources.
PLC271,Iraq Museum,"Baghdad, Iraq",place,Place,THEME,WA-MES,1926,,founded 1926,"The national museum, founded under Gertrude Bell, lost thousands of objects in April 2003 looting, many later recovered.",museum display,site type: museum;cylinder seal;statue,rule and display,the Iraqi state; Gertrude Bell,Iraqi archaeologists who defined the collections,conflict-looting,collection search link-out only,R2,F1.24;F1.19a,high,
PLC272,Susa,"Shush, Khuzestan, Iran",place,Place,F1.9a,WA-IRN,-4200,-330,approx.,"Susa's painted pottery, Elamite works and Achaemenid glazed-brick archers were excavated under a French monopoly and largely sent to the Louvre.",painted pottery;glazed brick;bitumen compound,site type: city;painted beaker;glazed-brick panel,rule and display;food and storage,archaeologists (Jacques de Morgan),Iranian workers; Iran's share of finds,none,Wikimedia Commons;Met Open Access (CC0),R2,F1.24,high,links: CIV059; POL098.
PLC273,Shahr-i Sokhta,"Sistan and Baluchestan, Iran",place,Place,F1.9a,WA-IRN,-3200,-2350,approx.,"Workshops at the 'Burnt City' worked lapis, carnelian and turquoise into beads on the route from Afghanistan westward.",bead making;lapis;textile,site type: city and cemetery;bead;textile,clothing and adornment;exchange and value,archaeologists (IsMEO; Iranian teams),,funerary,open-access excavation reports,R3,F1.13,medium,links: CIV070; NET018.
PLC274,Konar Sandal,"Jiroft, Kerman, Iran",place,Place,F1.9a,WA-IRN,-2600,-2200,approx.,Carved chlorite vessels from Jiroft were looted in large numbers after floods in 2001 before excavation began.,chlorite carving;inlay,site type: mound and cemetery;chlorite vessel,ritual and belief,archaeologists (Yousef Madjidzadeh),,conflict-looting;funerary,collection search link-out only,R3,F1.24,medium,links: CIV069.
PLC275,Persepolis,"Parsa, Fars, Iran",place,Place,F1.9a,WA-IRN,-518,-330,approx.,"Persepolis tablets record rations for kurtas, dependent workers including named craftsmen and women, who built and decorated the palaces.",relief carving;masonry;textile,site type: palace complex;relief;tablet,rule and display;record and writing,archaeologists (Oriental Institute); UNESCO,"the kurtas, many of them deportees",human-flow,ISAC Chicago collection search (link-out);Wikimedia Commons,R2,F1.23;F1.28,high,links: MKR091; POL105.
PLC276,Kashan,"Isfahan province, Iran",place,Place,F1.10,WA-IRN,1150,1350,approx.,"Kashan potters made lustre and mina'i fritware, and Abu'l Qasim of the Abu Tahir family wrote a treatise on it in 1301.",fritware;lustre;overglaze enamel,site type: pottery centre;lustre tile;mina'i bowl,ritual and belief;food and storage,historians; the potter families,,none,Met Open Access (CC0);Cleveland Museum of Art Open Access (CC0);Wikimedia Commons,R2,F1.28;F1.14,high,links: MKR056.
PLC277,Siraf,"Bushehr, Iran",place,Place,F1.10;F1.13,WA-IRN;WA-ARB,800,1100,approx.,"Siraf was a Gulf port of the Abbasid era, where excavations found Chinese ceramics shipped for the Middle East.",trade goods,site type: port;imported ceramic,exchange and value,archaeologists (David Whitehouse),,none,open-access excavation reports,R3,F1.13,high,
PLC278,Hormuz,"Hormuz Island, Iran",place,Place,F1.10;F1.13,WA-IRN;WA-ARB,1300,1622,approx.,"The island kingdom controlled the Gulf entrance and its textile, horse and spice trade until Portuguese and then Safavid control.",trade goods,site type: island port;trade goods,exchange and value,historians,,none,Wikimedia Commons,R3,F1.13,high,
PLC279,Naqsh-e Jahan and Qaysariyya bazaar,"Isfahan, Iran",place,Place,F1.10,WA-IRN,1598,1722,approx.; Safavid capital,"Shah Abbas's square and royal bazaar linked court workshops for carpets, textiles and tiles to merchants, including Armenian traders.",carpet weaving;tilework;silk,site type: royal square and bazaar;carpet;tile panel,exchange and value;rule and display,the Safavid court; UNESCO,,none,Met Open Access (CC0);Wikimedia Commons,R2,F1.17,high,links: POL236; INS046.
PLC280,Nishapur,"Khorasan, Iran",place,Place,F1.10,WA-IRN,800,1200,approx.,"Nishapur potters made slip-painted wares with Arabic inscriptions, excavated by the Met in 1935-40 and divided with Iran.",slip painting;glassmaking,site type: city;epigraphic bowl;glass,food and storage;record and writing,archaeologists (Metropolitan Museum),,none,Met Open Access (CC0),R3,F1.24,high,
PLC281,Jericho,"Tell es-Sultan, West Bank",place,Place,F1.9a,WA-LEV,-9600,-6000,approx.; PPNA and PPNB,Early Neolithic Jericho built a stone tower and walls and plastered and modelled faces on human skulls.,stone building;plaster modelling,site type: settlement mound;plastered skull;tower,ritual and belief;shelter,archaeologists (Kathleen Kenyon),,funerary,British Museum collection search (link-out);Wikimedia Commons,R2,F1.5,high,links: ARC048; ARC049.
PLC282,'Ain Ghazal,"Amman, Jordan",place,Place,F1.9a,WA-LEV,-7250,-5000,approx.,"Lime-plaster statues on reed cores, about 9,000 years old, were buried in caches at 'Ain Ghazal.",lime plaster;reed armature,site type: settlement;plaster statue,ritual and belief,archaeologists (Gary Rollefson),,sacred,Wikimedia Commons;Smithsonian Open Access (CC0),R2,F1.5,high,links: ARC049.
PLC283,Jerusalem glassblowing workshop,"Jewish Quarter, Jerusalem",place,Place,F1.9a,WA-LEV,-80,-1,approx.; 1st c. BCE,Glass tubes and blown bottles from workshop debris are among the earliest evidence of glassblowing.,glassblowing,site type: workshop debris;glass tube;bottle,food and storage,archaeologists (Nahman Avigad; Yael Israeli),,none,open-access excavation reports,R3,F1.5,medium,links: INV027.
PLC284,Timna,"Arava, Israel",place,Place,F1.9a,WA-LEV,-5000,-900,approx.; peaks in New Kingdom and 10th c. BCE,"Timna's mines and smelting camps supplied copper under Egyptian and then local control, with a Hathor shrine at the mines.",copper mining;smelting,site type: mining valley;slag;copper ingot,tools;exchange and value,archaeologists (Beno Rothenberg; Erez Ben-Yosef),,none,open-access excavation reports;Wikimedia Commons,R2,F1.22,high,
PLC285,Faynan,"Wadi Faynan and Khirbat en-Nahas, Jordan",place,Place,F1.9a,WA-LEV,-4500,400,approx.,"Faynan was copper-mined from the Chalcolithic to Roman times, when condemned Christians worked its mines.",copper mining;smelting,site type: mining district;slag;copper,tools;exchange and value,archaeologists (Thomas Levy; Russell Adams),condemned mine labourers under Rome,human-flow,open-access excavation reports,R2,F1.22;F1.23,high,Eusebius records Christians sent to the Phaino mines.
PLC286,Ugarit,"Ras Shamra, Latakia, Syria",place,Place,F1.9a;F1.13,WA-LEV,-1450,-1185,approx.,"Ugarit's archives, including a cuneiform alphabet, and its ivory and bronze workshops record a port linking Cyprus, Egypt and Anatolia.",ivory carving;bronze;cuneiform alphabet,site type: port city and palace;tablet;ivory panel,record and writing;exchange and value,archaeologists (Claude Schaeffer),,none,Wikimedia Commons;collection search link-out only,R3,F1.5;F1.13,high,links: POL100; NET020.
PLC287,Tyre,"Sur, Lebanon",place,Place,F1.9a;F1.11,WA-LEV,-1000,1300,approx.,Tyre gave its name to the murex purple dye whose production left large shell middens.,murex dyeing,site type: port city;dyed textile;shell midden,clothing and adornment;rule and display,historians; archaeologists,the dyers who handled the shells,none,Wikimedia Commons,R3,F1.18,medium,links: POL102.
PLC288,Palmyra,"Tadmor, Homs, Syria",place,Place,F1.9a;F1.13,WA-LEV,1,273,approx.,"The caravan city's tombs held carved portraits and textiles including Chinese silk, and many monuments were destroyed in 2015.",limestone relief;textile,site type: caravan city and tombs;funerary portrait;textile,exchange and value;ritual and belief,archaeologists; UNESCO,,funerary;conflict-looting,Met Open Access (CC0);Wikimedia Commons,R2,F1.19a;F1.13,high,links: POL114.
PLC289,Qal'at al-Bahrain,"Dilmun capital, Bahrain",place,Place,F1.9a;F1.13,WA-ARB,-2300,1600,approx.,"The tell at Qal'at al-Bahrain was the port of Dilmun, whose round stamp seals record trade between Mesopotamia and the Indus.",stamp seals;copper trade,site type: port tell;stamp seal;weight,exchange and value;record and writing,archaeologists (Danish expedition from 1953); UNESCO,,none,open-access excavation reports;Wikimedia Commons,R2,F1.13,high,links: CIV060; POL099; NET016.
PLC290,Dilmun Burial Mounds,"A'ali, Bahrain",place,Place,F1.9a,WA-ARB,-2200,-1750,approx.,"Thousands of burial mounds, including royal ones at A'ali, show how Dilmun society built for its dead.",stone building,site type: burial mounds;pottery;seal,ritual and belief,archaeologists; UNESCO,,funerary,open-access excavation reports,R3,,high,
PLC291,Maysar,"al-Mudaybi, Oman",place,Place,F1.9a,WA-ARB,-2500,-2000,approx.,Smelting sites at Maysar produced the copper of Magan that Mesopotamian texts record being shipped to Ur.,copper smelting,site type: settlement and smelting site;copper ingot,tools;exchange and value,archaeologists (German Mining Museum),,none,open-access excavation reports,R3,F1.22;F1.13,medium,links: CIV061; NET016.
PLC292,Umm an-Nar,"Abu Dhabi, UAE",place,Place,F1.9a,WA-ARB,-2600,-2000,approx.,Circular stone tombs at Umm an-Nar held imported pottery and beads from Mesopotamia and the Indus.,stone masonry,site type: island settlement and tombs;tomb;pottery,ritual and belief,"archaeologists (Danish expedition, 1959)",,funerary,open-access excavation reports,R3,,high,links: ARC061.
PLC293,Sumhuram,"Khor Rori, Dhofar, Oman",place,Place,F1.9a;F1.13,WA-ARB,-300,500,approx.,Sumhuram was a walled port exporting frankincense by sea to India and the Red Sea.,frankincense trade,site type: port;incense burner,exchange and value;ritual and belief,archaeologists; UNESCO,,none,open-access excavation reports,R3,F1.13,medium,links: NET031.
PLC294,Aden,"Aden, Yemen",place,Place,F1.10;F1.13,WA-ARB,1,,approx.; ongoing,"Aden was a transit port whose merchants appear in Cairo Geniza letters handling Indian textiles, pepper and metals.",trade goods,site type: port;trade goods,exchange and value,historians,,none,Wikimedia Commons,R3,F1.13,medium,links: DIA004.
PLC295,Mocha,"al-Mukha, Yemen",place,Place,F1.10;F1.13,WA-ARB,1500,1800,approx.,Mocha was the main export port for Yemeni coffee until plantations elsewhere replaced it.,coffee trade,site type: port;coffee,exchange and value;food and storage,historians,,none,Wikimedia Commons,R3,F1.13,high,links: INV068.
PLC296,Kiswa factory,"Umm al-Joud, Mecca, Saudi Arabia",place,Place,F1.10,WA-ARB,1927,,established 1927; current complex 1977,"The factory weaves and embroiders the black silk cover for the Kaaba each year, work long done in Cairo.",silk weaving;gold and silver embroidery,site type: textile workshop;Kaaba cover,ritual and belief,the Saudi state,,sacred,Wikimedia Commons,R3,F1.16;F1.18,high,
PLC297,Louvre Abu Dhabi,"Saadiyat Island, Abu Dhabi, UAE",place,Place,THEME,WA-ARB,2017,,opened November 2017,"The museum, built under a 2007 agreement with France, arranges works from many cultures in one chronological 'universal' sequence.",museum display,site type: museum;object,rule and display,the Abu Dhabi government; Agence France-Muséums,the migrant workers who built it,none,collection search link-out only,R3,F1.24;F1.3,high,
PLC298,Muharraq pearling sites,"Muharraq, Bahrain",place,Place,F1.10,WA-ARB,1800,1930,approx.,Pearling from Muharraq relied on divers held in debt to boat captains and merchants until cultured pearls ended the trade.,pearl diving,site type: pearling town and oyster beds;pearl,exchange and value;clothing and adornment,UNESCO; historians,"the divers, many of them in debt bondage or enslaved",human-flow,Wikimedia Commons;Qatar Digital Library (open licence to verify),R3,F1.23;F1.22,high,
PLC299,Göbekli Tepe,"Şanlıurfa, Turkey",place,Place,F1.9a,WA-ANA,-9600,-8200,approx.,Hunter-gatherers carved T-shaped limestone pillars with animal reliefs for monumental enclosures before farming was established.,limestone carving;relief,site type: monumental enclosures;T-shaped pillar;sculpture,ritual and belief,archaeologists (Klaus Schmidt; DAI),,sacred,Wikimedia Commons;open-access excavation reports,R1,F1.5;F1.16,high,links: ARC050; INV127.
PLC300,Çatalhöyük,"Konya, Turkey",place,Place,F1.9a,WA-ANA,-7100,-5950,approx.,"Houses at Çatalhöyük had wall paintings, plaster reliefs and burials under floors, and obsidian was ground into mirrors.",wall painting;plaster relief;obsidian polishing,site type: settlement;wall painting;figurine;obsidian mirror,shelter;ritual and belief,archaeologists (James Mellaart; Ian Hodder),,funerary,Wikimedia Commons;open-access excavation reports,R1,F1.5,high,links: ARC051; INV128; INV155.
PLC301,Göllü Dağ,"Cappadocia, Turkey",place,Place,F1.9a,WA-ANA,-12000,-5000,approx.,"Obsidian from Göllü Dağ, knapped at workshops on the volcano, was carried to the Levant and Cyprus.",obsidian knapping,site type: obsidian source and workshops;blade;core,tools;exchange and value,archaeologists,,none,open-access excavation reports,R3,F1.13,high,links: NET019.
PLC302,Kültepe,"Kaneš, Kayseri, Turkey",place,Place,F1.9a;F1.13,WA-ANA,-1950,-1750,approx.,Tens of thousands of letters found in Kaneš's merchant quarter record Assyrian traders exchanging tin and woollen textiles for silver.,cuneiform letters;textile trade,site type: merchant quarter;clay letter;envelope,exchange and value;record and writing,archaeologists (Tahsin Özgüç),the women in Assur who wove the textiles,none,CDLI (link-out);Wikimedia Commons,R2,F1.13;F1.18,high,links: INS093; NET017.
PLC303,Uluburun shipwreck,"Kaş, Antalya, Turkey",place,Place,F1.9a;F1.13,WA-ANA,-1320,-1300,approx.,"A Late Bronze Age ship sank carrying copper and tin ingots, glass ingots, ivory and ebony.",ingot casting;glass;ivory,site type: shipwreck;oxhide ingot;glass ingot,exchange and value;transport,archaeologists (INA; George Bass; Cemal Pulak),,none,open-access excavation reports;Wikimedia Commons,R2,F1.13,high,links: NET020.
PLC304,Sardis,"Sart, Manisa, Turkey",place,Place,F1.9a,WA-ANA,-650,-546,approx.,Excavations found the Lydian gold refinery that separated gold from silver for early coinage.,gold refining;cementation;coin minting,site type: city and refinery;coin,exchange and value,archaeologists (Harvard-Cornell),,none,open-access excavation reports;Wikimedia Commons,R3,F1.5,high,links: INV169; POL104.
PLC305,Iznik,"Nicaea, Bursa, Turkey",place,Place,F1.10,WA-ANA,1470,1700,approx.,"Iznik potters made fritware painted under the glaze, supplying tiles for Ottoman mosques and palaces.",fritware;underglaze painting,site type: pottery town;tile;dish,ritual and belief;food and storage,the Ottoman court; historians,,living-community,Met Open Access (CC0);Cleveland Museum of Art Open Access (CC0);Wikimedia Commons,R2,F1.17,high,links: MKR057.
PLC306,Bursa,"Bursa, Turkey",place,Place,F1.10;F1.13,WA-ANA,1326,,approx.; ongoing,Bursa's silk market and looms made the city the centre of Ottoman silk weaving and trade with Iran.,silk weaving;velvet,site type: silk market and caravanserai;velvet;kaftan,clothing and adornment;exchange and value,historians; UNESCO,,none,Met Open Access (CC0);Wikimedia Commons,R3,F1.18,high,
PLC307,Grand Bazaar,"Kapalıçarşı, Istanbul, Turkey",place,Place,F1.10,WA-ANA;EU-BYZ,1455,,approx.; ongoing,"Mehmed II's covered market grew into a district of shops and workshops for textiles, jewellery and metalwork.",goldwork;textile,site type: covered market;jewellery;textile,exchange and value,historians,,living-community,Wikimedia Commons,R3,F1.13,high,
PLC308,Dmanisi,"Kvemo Kartli, Georgia",place,Place,F1.12a,WA-CAU,-1800000,,approx.,Oldowan tools and hominin fossils about 1.8 million years old are among the earliest outside Africa.,stone knapping,site type: open-air site;core;flake,tools,palaeoanthropologists,,none,open-access excavation reports,R3,F1.5,high,links: ARC002.
PLC309,Dzudzuana Cave,"Imereti, Georgia",place,Place,F1.12a,WA-CAU,-34000,-30000,approx.,"Flax fibres from Dzudzuana, some dyed and twisted, suggest cord or textile making over 30,000 years ago.",flax fibre;twisting;dyeing,site type: cave;fibre,clothing and adornment;tools,archaeologists (Kvavadze et al. 2009),,none,open-access excavation reports,R3,F1.5;F1.18,medium,links: INV093.
PLC310,Areni-1,"Vayots Dzor, Armenia",place,Place,F1.9a,WA-CAU,-4100,-3500,approx.,"The cave preserved a leather shoe about 5,500 years old and a wine-pressing installation.",leather working;winemaking,site type: cave;shoe;wine press,clothing and adornment;food and storage,archaeologists (Boris Gasparyan; Gregory Areshian),,none,open-access excavation reports,R3,F1.5,high,links: INV105; INV065.
PLC311,Gadachrili Gora,"Kvemo Kartli, Georgia",place,Place,F1.9a,WA-CAU,-6000,-5000,approx.,Jar residues from Gadachrili Gora are among the earliest chemical evidence of grape wine.,pottery;winemaking,site type: village;jar,food and storage,archaeologists (McGovern et al. 2017),,none,open-access excavation reports,R3,F1.5,medium,links: ARC064; INV065.
PLC312,Kubachi,"Dagestan, Russia",place,Place,F1.10,WA-CAU,1100,,approx.; ongoing,"Kubachi's metalworkers make engraved silver and weapons, and Iranian pottery kept in its houses was misnamed 'Kubachi ware' by collectors.",silver engraving;niello;metalwork,site type: mountain craft village;engraved silver;dagger,war;clothing and adornment,the Kubachi community; collectors,,living-community,Met Open Access (CC0);Wikimedia Commons,R3,F1.14;F1.24,medium,
PLC313,Matenadaran,"Mesrop Mashtots Institute of Ancient Manuscripts, Yerevan, Armenia",place,Place,F1.9a;THEME,WA-CAU,1959,,building 1959,The manuscript repository keeps Armenian illuminated manuscripts gathered from monasteries and scriptoria.,parchment;illumination;bookbinding,site type: manuscript repository;illuminated manuscript,record and writing;ritual and belief,the Armenian state,,sacred,collection search link-out only;Wikimedia Commons,R3,F1.28,high,
PLC314,Knossos,"Heraklion, Crete, Greece",place,Place,F1.11,EU-GRR,-1950,-1375,approx.; palace periods,"The Minoan palace had workshops and storerooms recorded in Linear B, and Arthur Evans's concrete reconstructions still shape how it is seen.",fresco;faience;stone vessel;Linear B,site type: palace complex;fresco;storage jar;tablet,rule and display;food and storage,archaeologists (Arthur Evans),the Cretan workmen and restorers,none,Wikimedia Commons;open-access excavation reports,R2,F1.28a;F1.3,high,links: POL115; CIV074.
PLC315,Kerameikos,"Athens, Greece",place,Place,F1.11,EU-GRR,-1100,-86,approx.,"The potters' quarter of Athens and its cemetery give painted pottery, including large Geometric grave markers, together with the graves they stood on.",wheel-thrown pottery;black-figure;red-figure,site type: potters' quarter and cemetery;amphora;lekythos,ritual and belief;food and storage,archaeologists (German Archaeological Institute),enslaved and metic workers in the potteries,funerary;human-flow,Met Open Access (CC0);Wikimedia Commons,R2,F1.23,high,links: POL117.
PLC316,Laurion,"Lavrio, Attica, Greece",place,Place,F1.11,EU-GRR,-600,-100,approx.,"Enslaved miners dug the silver of Laurion, which paid for Athens's fleet from 483 BCE and its owl coinage.",silver mining;ore washing;cupellation,site type: mining district;washery;coin,exchange and value,historians; archaeologists,the enslaved miners,human-flow,Wikimedia Commons;open-access excavation reports,R2,F1.22;F1.23,high,links: POL117.
PLC317,Workshop of Pheidias,"Olympia, Elis, Greece",place,Place,F1.11,EU-GRR,-440,-420,approx.,Excavators found moulds and tools for the gold-and-ivory statue of Zeus and a cup inscribed 'I belong to Pheidias'.,chryselephantine;clay moulds;glass,site type: sculptor's workshop;mould;cup,ritual and belief,"archaeologists (DAI, 1950s)",the workshop's assistants,sacred,Wikimedia Commons,R3,F1.26,high,
PLC318,Delos,"Cyclades, Greece",place,Place,F1.11;F1.13,EU-GRR,-166,-69,free port period,As a Roman-era free port Delos became a large market for enslaved people and for goods traded across the eastern Mediterranean.,trade goods;mosaic,site type: island port and market;mosaic,exchange and value,historians (Strabo); archaeologists,,human-flow;sacred,Wikimedia Commons,R3,F1.13,high,
PLC319,Arretine workshops,"Arezzo, Tuscany, Italy",place,Place,F1.11,EU-GRR,-30,100,approx.,Arezzo's workshops made mould-decorated red-gloss tableware stamped with the names of owners and slave workers.,terra sigillata;mould decoration;stamping,site type: pottery workshops;sigillata bowl;potter's stamp,food and storage,archaeologists,the enslaved potters named on stamps,human-flow,Met Open Access (CC0);Wikimedia Commons,R2,F1.14;F1.26,high,Workers such as those of Perennius and Ateius signed stamps.
PLC320,Pompeii,"Campania, Italy",place,Place,F1.11,EU-GRR,-80,79,Roman town to eruption of 79,"The buried town preserves fulleries, bakeries and workshops alongside houses and the bodies of victims.",fresco;fulling;bronze,site type: buried town with workshops;fresco;bronze;oven,shelter;food and storage,archaeologists,the enslaved workforce of households and workshops,funerary;human-flow,Wikimedia Commons;Met Open Access (CC0),R2,F1.23;F1.22a,high,
PLC321,Carrara marble quarries,"Apuan Alps, Tuscany, Italy",place,Place,F1.11;THEME,EU-GRR;EU-WCE,-50,,approx.; ongoing,Marble from the quarries above Carrara was used from Roman times through Michelangelo to present-day extraction.,marble quarrying,site type: quarry;sculpture;block,rule and display,historians,quarry workers killed in accidents,living-community,Wikimedia Commons,R3,F1.22,high,
PLC322,Banditaccia necropolis,"Cerveteri, Lazio, Italy",place,Place,F1.11,EU-GRR,-900,-300,approx.,"Etruscan tombs at Cerveteri were looted for vases, including the Euphronios krater sold to the Met in 1972 and returned to Italy in 2008.",tomb carving;painted pottery,site type: necropolis;krater;sarcophagus,ritual and belief,archaeologists; UNESCO,,funerary;conflict-looting,Wikimedia Commons,R3,F1.24,high,links: POL118.
PLC323,Constantinople,"Istanbul, Turkey",place,Place,F1.11,EU-BYZ;WA-ANA,330,1453,Byzantine capital,"Imperial workshops in Constantinople made silk, ivories and enamels under guild rules set in the Book of the Eparch.",silk weaving;ivory carving;cloisonné enamel,site type: imperial capital and workshops;silk textile;ivory;enamel,rule and display;clothing and adornment,historians,,none,Met Open Access (CC0);Cleveland Museum of Art Open Access (CC0);Wikimedia Commons,R2,F1.17,high,links: MKR059; POL121.
PLC324,Varna Necropolis,"Varna, Bulgaria",place,Place,F1.11,EU-BYZ,-4600,-4300,approx.,"Graves at Varna held some of the earliest worked gold objects, with copper and shell.",goldwork;copper;spondylus,site type: cemetery;gold ornament;copper axe,rule and display;ritual and belief,archaeologists,,funerary,Wikimedia Commons;open-access excavation reports,R2,F1.5,high,links: ARC081; INV078.
PLC325,Rudna Glava,"Majdanpek, Serbia",place,Place,F1.11,EU-BYZ,-5000,-4500,approx.,Vinča-period miners sank shafts into copper ore at Rudna Glava.,copper mining,site type: mine;shaft,tools,archaeologists (Borislav Jovanović),,none,open-access excavation reports,R3,F1.22;F1.5,medium,links: ARC080.
PLC326,Belovode,"Veliko Laole, Serbia",place,Place,F1.11,EU-BYZ,-5000,,approx.,Slag from Belovode is among the earliest known evidence of copper smelting.,copper smelting,site type: settlement;slag,tools,archaeologists (Radivojević et al. 2010),,none,open-access excavation reports,R3,F1.5,medium,links: INV076.
PLC327,Mount Athos,"Chalkidiki, Greece",place,Place,F1.11,EU-BYZ,963,,Great Lavra 963; ongoing,"Monasteries on Athos keep icon, manuscript and woodcarving workshops and libraries of Byzantine material.",icon painting;manuscript;woodcarving,site type: monastic peninsula;icon;manuscript,ritual and belief,the monastic community; UNESCO,"women, barred from the peninsula",sacred;living-community,Wikimedia Commons,R3,F1.16,high,
PLC328,Chauvet Cave,"Chauvet-Pont d'Arc, Ardèche, France",place,Place,F1.11,EU-WCE,-35000,-26000,"approx.; two phases c. 37,000-33,500 and 31,000-28,000 cal BP","Charcoal and ochre paintings of lions, horses and rhinoceroses in Chauvet are among the oldest known figurative cave art, now closed and shown by a replica.",charcoal drawing;ochre;engraving,site type: painted cave;wall painting,ritual and belief,archaeologists (Jean Clottes),,sacred,Wikimedia Commons,R2,F1.28a;F1.5,high,
PLC329,Lascaux,"Montignac, Dordogne, France",place,Place,F1.11,EU-WCE,-17000,,approx.,Painted and engraved animals at Lascaux were closed to the public in 1963 and are shown through successive replicas.,mineral pigment;engraving;scaffolding,site type: painted cave;wall painting,ritual and belief,archaeologists (Henri Breuil),,sacred,Wikimedia Commons,R2,F1.28a,high,links: ARC073.
PLC330,Dolní Věstonice,"South Moravia, Czech Republic",place,Place,F1.11,EU-WCE,-29000,-25000,approx.,"Gravettian hunters fired clay figurines, including the 'Venus' of Dolní Věstonice, in hearths long before pottery.",fired clay;ivory carving,site type: open-air camp;clay figurine;burial,ritual and belief,archaeologists (Karel Absolon),,funerary,Wikimedia Commons,R3,F1.5,high,links: ARC071; INV025.
PLC331,Hohle Fels,"Schelklingen, Swabian Jura, Germany",place,Place,F1.11,EU-WCE,-40000,-33000,approx.,"Hohle Fels yielded a mammoth-ivory female figurine and a bone flute about 40,000 years old.",ivory carving;bone flute,site type: cave;figurine;flute,ritual and belief;play and music,archaeologists (Nicholas Conard),,none,Wikimedia Commons,R3,F1.5,high,links: ARC070; INV146.
PLC332,Hallstatt salt mine,"Salzkammergut, Austria",place,Place,F1.11,EU-WCE,-1500,-350,approx.; mining continues,"Salt preserved Bronze and Iron Age miners' tools, textiles and leather in Hallstatt's mine beside a rich cemetery.",salt mining;twill weaving;leather,site type: salt mine and cemetery;textile;carrying pack,tools;food and storage,archaeologists (Natural History Museum Vienna),,funerary,open-access excavation reports;Wikimedia Commons,R3,F1.18;F1.22,high,links: ARC094.
PLC333,La Graufesenque,"Millau, Aveyron, France",place,Place,F1.11,EU-WCE,-10,120,approx.,Firing lists scratched on plates name the potters sharing each kiln load of samian ware that went across the Roman west.,terra sigillata;mould decoration;kiln,site type: pottery workshops;samian bowl;firing list,food and storage;record and writing,archaeologists,the potters named in the lists,none,open-access excavation reports;Wikimedia Commons,R2,F1.23;F1.28,high,
PLC334,Rialto,"Venice, Italy",place,Place,F1.11;F1.13,EU-WCE;EU-GRR,1097,1797,approx.,"The Rialto market and nearby fondaci linked Venice's trade with Byzantium, Egypt and the Levant to its crafts.",trade goods;glass;textile,site type: market and trading houses;textile;glass,exchange and value,historians,,none,Wikimedia Commons,R3,F1.13,high,links: POL131; NET024; INS048.
PLC335,Murano,"Venice, Italy",place,Place,F1.11,EU-WCE,1291,,glassmakers moved to Murano 1291; ongoing,"Venice's glassmakers were concentrated on Murano, where clear cristallo and later techniques were developed under guild control.",glassblowing;cristallo;enamelling,site type: glassmaking island;goblet;bead,food and storage;clothing and adornment,the guild; the Venetian state,,living-community,Met Open Access (CC0);Wikimedia Commons,R2,F1.14,high,links: MKR065.
PLC336,Genoa,"Genova, Liguria, Italy",place,Place,F1.11;F1.13,EU-WCE;EU-GRR,1100,1797,approx.,"Genoa's merchants ran Black Sea and Mediterranean trade, including in enslaved people from the Black Sea, and banked the Spanish Crown.",trade goods;banking,site type: port city;trade goods,exchange and value,historians,enslaved people from the Black Sea,human-flow,Wikimedia Commons,R3,F1.13,high,links: NET024.
PLC337,Albrechtsburg porcelain factory,"Meissen, Saxony, Germany",place,Place,F1.11,EU-WCE,1710,1863,approx.,"Meissen made the earliest European hard-paste porcelain, building on Böttger and Tschirnhaus's experiments.",hard-paste porcelain;modelling;enamel,site type: porcelain manufactory;figure;tableware,rule and display;food and storage,Augustus the Strong; J. F. Böttger,the modellers and painters,none,Met Open Access (CC0);Wikimedia Commons,R2,F1.14,high,links: MKR069; INV032.
PLC338,Sèvres,"Hauts-de-Seine, France",place,Place,F1.11,EU-WCE,1756,,moved from Vincennes 1756; ongoing,The royal porcelain manufactory made soft-paste and later hard-paste porcelain for the French court.,soft-paste porcelain;hard-paste porcelain;gilding,site type: porcelain manufactory;vase;tableware,rule and display,the French crown; the state,,none,Met Open Access (CC0);Wikimedia Commons,R2,F1.17,high,links: MKR070.
PLC339,Gobelins,"Paris, France",place,Place,F1.11,EU-WCE,1662,,royal manufactory from 1662; ongoing,Colbert's royal manufactory brought tapestry and furniture makers together under Charles Le Brun.,high-warp tapestry;furniture,site type: manufactory;tapestry,rule and display,Louis XIV; Colbert,Flemish weavers recruited to Paris,none,Wikimedia Commons,R2,F1.17,high,links: MKR068.
PLC340,Aubusson,"Creuse, France",place,Place,F1.11,EU-WCE,1500,,approx.; ongoing,Low-warp tapestry workshops in Aubusson were made royal manufactories in 1665 and revived by Jean Lurçat from 1939.,low-warp tapestry,site type: tapestry town;tapestry,rule and display,the workshops; the French state,the weavers behind named designers,living-community,Wikimedia Commons,R3,F1.18,medium,"UNESCO Representative List of the Intangible Cultural Heritage 2009 (""Aubusson tapestry""), verified."
PLC341,Bauhaus Dessau,"Dessau, Saxony-Anhalt, Germany",place,Place,F1.11,EU-WCE,1925,1932,school in Dessau 1925-32,"Gropius's school building housed workshops for furniture, textiles and metal whose products were licensed to industry.",weaving;tubular steel;metalwork,site type: school building and workshops;chair;textile;lamp,shelter,Walter Gropius; the Bauhaus,women weavers steered into the weaving workshop,none,Wikimedia Commons,R2,F1.20,high,links: INS057.
PLC342,Bauhaus Weimar,"Weimar, Thuringia, Germany",place,Place,F1.11,EU-WCE,1919,1925,approx.,The Bauhaus began in Henry van de Velde's arts and crafts school buildings in Weimar.,craft workshops,site type: school buildings;textile;ceramic,shelter,Walter Gropius,,none,Wikimedia Commons,R3,F1.20,high,links: INS057.
PLC343,HfG Ulm,"Ulm, Baden-Württemberg, Germany",place,Place,F1.11,EU-WCE,1953,1968,approx.,"Max Bill's building for the Ulm School of Design housed teaching tied to industry, notably with Braun.",industrial design;systems design,site type: school building;radio;appliance,tools,Max Bill; Inge Aicher-Scholl; Otl Aicher,,none,Wikimedia Commons,R3,F1.20,high,links: INS060; INS067.
PLC344,Champ de Mars,"Paris, France",place,Place,F1.11,EU-WCE;GL,1867,1937,exposition grounds 1867-1937,"The Paris universal expositions on the Champ de Mars displayed industry and colonies side by side, including exhibited villages of colonised people.",exhibition building;iron,site type: world's-fair ground;exhibition building,rule and display,the French state,the colonised people exhibited,none,Gallica (public-domain items);Paris Musées Collections (CC0);Wikimedia Commons,R2,F1.19;F1.15,high,links: EVT006.
PLC345,Louvre,"Paris, France",place,Place,F1.11;THEME,EU-WCE,1793,,museum opened 1793,"The Louvre filled its galleries with works seized by Napoleon's armies, many of which were returned in 1815.",museum display,site type: museum;painting;sculpture,rule and display,the French state,,conflict-looting,collection search link-out only;Wikimedia Commons,R2,F1.24,high,
PLC346,Musée du quai Branly,"Musée du quai Branly-Jacques Chirac, Paris, France",place,Place,F1.11;THEME,EU-WCE,2006,,opened 2006,"The museum gathered colonial-era collections of African, Oceanian, Asian and American objects, and returned 26 Abomey objects to Benin in 2021.",museum display,site type: museum;mask;textile,rule and display,the French state,,conflict-looting,collection search link-out only,R2,F1.24,high,
PLC347,Humboldt Forum,"Berlin Palace, Berlin, Germany",place,Place,F1.11;THEME,EU-WCE,2021,,opened 2020-21,"The rebuilt palace houses Berlin's ethnological and Asian art collections, and Germany transferred ownership of its Benin bronzes to Nigeria in 2022.",museum display,site type: museum;brass plaque;boat,rule and display,the German state (Stiftung Preußischer Kulturbesitz),,conflict-looting,collection search link-out only,R2,F1.24,high,links: INS082.
PLC348,Great Orme mines,"Llandudno, Wales",place,Place,F1.11,EU-BLC,-1800,-600,approx.,Bronze Age miners dug kilometres of tunnels with bone and stone tools to reach copper ore.,copper mining;bone tools,site type: mine;bone tool;hammerstone,tools,archaeologists,,none,Wikimedia Commons;Portable Antiquities Scheme (CC BY),R2,F1.22,high,
PLC349,Grime's Graves,"Norfolk, England",place,Place,F1.11,EU-BLC,-2600,-2300,approx.,Neolithic miners sank hundreds of shafts to reach high-quality flint for axes.,flint mining;antler picks,site type: flint mine;antler pick;axe,tools,archaeologists,,none,Wikimedia Commons;Portable Antiquities Scheme (CC BY),R3,F1.22,high,
PLC350,Sutton Hoo,"Suffolk, England",place,Place,F1.11,EU-BLC,600,650,approx.,"The Mound 1 ship burial held gold and garnet fittings, a helmet and imported silver.",cloisonné garnet;goldwork,site type: ship burial;buckle;helmet;shoulder clasp,rule and display;war,archaeologists (Basil Brown; British Museum),,funerary,British Museum collection search (link-out);Wikimedia Commons,R2,F1.13,high,links: POL122.
PLC351,Bruges,"Brugge, Belgium",place,Place,F1.11;F1.13,EU-BLC,1200,1500,approx.,"Bruges was a cloth town and trading hub where Hanseatic, Italian and Iberian merchants met.",wool cloth;painting,site type: trading city;cloth;panel painting,exchange and value,historians; UNESCO,,none,Wikimedia Commons;Rijksmuseum (CC0),R3,F1.13,high,links: POL128.
PLC352,Antwerp,"Antwerpen, Belgium",place,Place,F1.11;F1.13,EU-BLC,1500,1585,approx.,"Sixteenth-century Antwerp's bourse, printers and painters' guild made it a market for spices, paintings and books.",printing;panel painting;tapestry,site type: trading city;printed book;painting,exchange and value,historians,,none,Rijksmuseum (CC0);Wikimedia Commons,R3,F1.13,high,links: MKR064; MKR067.
PLC353,Amsterdam,"Amsterdam, Netherlands",place,Place,F1.11;F1.13,EU-BLC,1600,1800,approx.,"Amsterdam was the seat of the VOC and WIC and a market for Asian goods, sugar and the trade in enslaved Africans.",trade goods;shipbuilding;diamond cutting,site type: port and exchange;ship;export goods,exchange and value,historians,,human-flow,Rijksmuseum (CC0);Wikimedia Commons,R2,F1.13,high,links: INS038; INS090; POL129.
PLC354,Delft potteries,"Delft, South Holland, Netherlands",place,Place,F1.11,EU-BLC,1640,,approx.; one pottery survives,Delft potters made tin-glazed earthenware imitating Chinese blue-and-white when Chinese supply fell after 1644.,tin glaze;cobalt blue,site type: pottery town;tile;dish,food and storage;shelter,historians; the potteries,,none,Rijksmuseum (CC0);Met Open Access (CC0),R2,F1.14,high,links: MKR071.
PLC355,Stoke-on-Trent,"The Potteries, Staffordshire, England",place,Place,F1.11,EU-BLC,1700,,approx.; ongoing,"Stoke's bottle-oven works made earthenware and bone china for world markets, with children employed in many tasks.",earthenware;bone china;transfer printing,site type: pottery district;plate;teapot,food and storage,historians; the manufacturers,children and women workers,none,Wikimedia Commons,R2,F1.19;F1.23,high,
PLC356,Etruria Works,"Stoke-on-Trent, England",place,Place,F1.11,EU-BLC,1769,1950,approx.,Josiah Wedgwood's factory divided work into specialist tasks and made jasperware and the 1787 anti-slavery medallion.,jasperware;division of labour;moulding,site type: factory;jasperware vase;medallion,food and storage;rule and display,Josiah Wedgwood,the workers and modellers,human-flow,Met Open Access (CC0);Wikimedia Commons,R1,F1.19;F1.23,high,links: MKR072.
PLC357,Coalbrookdale,"Shropshire, England",place,Place,F1.11,EU-BLC,1709,,approx.,"Abraham Darby smelted iron with coke at Coalbrookdale in 1709, and the nearby Iron Bridge was cast there in 1779.",coke smelting;cast iron,site type: ironworks;iron pot;bridge,tools;transport,Abraham Darby; UNESCO,,none,Wikimedia Commons,R2,F1.19,high,links: MKR073.
PLC358,Soho Manufactory,"Handsworth, Birmingham, England",place,Place,F1.11,EU-BLC,1766,1863,approx.,"Matthew Boulton's works gathered button-making, silver plate and ormolu under one roof and was linked to Boulton and Watt's engines.",stamping;silver plating;ormolu,site type: manufactory;button;candlestick,clothing and adornment;rule and display,Matthew Boulton,,none,Wikimedia Commons,R3,F1.19,high,
PLC359,Ancoats,"Manchester, England",place,Place,F1.11,EU-BLC,1790,1900,approx.,Steam-powered cotton mills in Ancoats spun cotton grown largely by enslaved people in the American South.,cotton spinning;steam power,site type: mill district;cotton yarn,clothing and adornment,historians,the enslaved cotton growers; child workers,human-flow,Wikimedia Commons,R2,F1.19;F1.23,high,links: NET056.
PLC360,Liverpool,"Liverpool, England",place,Place,F1.11;F1.13,EU-BLC,1700,1807,approx.,"Liverpool's ships carried a large share of the British trade in enslaved Africans, loaded with textiles and metal goods for Africa.",trade goods,site type: port;manilla;textile,exchange and value,historians; International Slavery Museum,,human-flow,Wikimedia Commons,R2,F1.13;F1.24,high,links: NET035.
PLC361,Crystal Palace,"Hyde Park, London, England",place,Place,F1.11,EU-BLC;GL,1851,1851,on Hyde Park May-October 1851,"Joseph Paxton's prefabricated iron-and-glass hall housed the Great Exhibition, which ranked the goods of nations and colonies.",cast iron;sheet glass;prefabrication,site type: exhibition building;exhibit,rule and display,the Royal Commission; Prince Albert; Henry Cole,the builders and the colonial makers of exhibits,none,Internet Archive (public-domain books);Wikimedia Commons,R1,F1.19;F1.15,high,links: EVT001.
PLC362,British Museum,"Bloomsbury, London, England",place,Place,F1.11;THEME,EU-BLC,1759,,opened 1759; founded 1753,"The museum's collections, from Sloane's founding bequest to Benin and Maqdala, are at the centre of restitution debates.",museum display,site type: museum;object,rule and display,Parliament; the trustees,,conflict-looting,British Museum collection search (link-out),R2,F1.24;F1.3,high,links: INS051.
PLC363,South Kensington Museum,"V&A, London, England",place,Place,F1.11;THEME,EU-BLC,1857,,opened 1857; renamed 1899,"Founded after the Great Exhibition to improve design, the museum collected decorative arts as models for industry.",museum display,site type: museum;decorative art,rule and display,Henry Cole; the state,,conflict-looting,V&A collections search (link-out),R2,F1.24;F1.19,high,links: INS052.
PLC364,Pitt Rivers Museum,"Oxford, England",place,Place,F1.11;THEME,EU-BLC,1884,,founded 1884,"The museum arranges objects by type rather than place, following Augustus Pitt Rivers's evolutionary ideas, and removed human remains from display in 2020.",museum display,site type: museum;object,rule and display,Augustus Pitt Rivers; University of Oxford,,conflict-looting;funerary,collection search link-out only,R2,F1.24;F1.3,high,links: INS053.
PLC365,Altamira,"Santillana del Mar, Cantabria, Spain",place,Place,F1.11,EU-IBE,-34000,-11000,approx.,Polychrome bison at Altamira were dismissed as fakes after their 1879 discovery until Paleolithic art was accepted in 1902.,mineral pigment;engraving,site type: painted cave;wall painting,ritual and belief,archaeologists (Marcelino Sanz de Sautuola),"María Sanz de Sautuola, credited with first seeing the paintings",sacred,Wikimedia Commons,R2,F1.3;F1.28a,high,links: ARC073.
PLC366,Lagar Velho,"Lapedo valley, Leiria, Portugal",place,Place,F1.11,EU-IBE,-27000,,"approx.; c. 29,000 cal BP",The burial of a child with ochre and a shell pendant is one of the best-studied Gravettian burials in Iberia.,ochre;shell pendant,site type: rock shelter;burial,ritual and belief,archaeologists (João Zilhão),,funerary,open-access excavation reports,R3,,medium,links: ARC071.
PLC367,Rio Tinto,"Minas de Riotinto, Huelva, Spain",place,Place,F1.11,EU-IBE,-3000,,approx.; ongoing,Copper and silver have been mined at Rio Tinto from prehistory through Rome to the company founded in 1873.,copper and silver mining;smelting,site type: mining district;slag,exchange and value,historians; Rio Tinto Company,the miners and their 1888 protest,none,Wikimedia Commons,R3,F1.22,high,
PLC368,Almadén,"Ciudad Real, Spain",place,Place,F1.11,EU-IBE,1550,2003,approx.; ancient mining older,"Almadén's mercury, mined partly by convicts and enslaved people, was shipped to the Americas to refine silver.",mercury mining;distillation,site type: mine;mercury,exchange and value,historians; UNESCO,convict and enslaved miners,human-flow,Wikimedia Commons,R3,F1.22;F1.23,high,
PLC369,Madinat al-Zahra,"Córdoba, Spain",place,Place,F1.10,EU-IBE,936,1010,approx.,"The caliphal palace city had workshops for carved ivory boxes, marble and textiles.",ivory carving;marble carving,site type: palace city;ivory pyxis;capital,rule and display,the Umayyad caliphs; UNESCO,,none,Met Open Access (CC0);Wikimedia Commons,R3,F1.17,high,links: POL153.
PLC370,Seville,"Sevilla, Spain",place,Place,F1.11;F1.13,EU-IBE,1503,1717,approx.,"Seville held the royal monopoly on trade with the Americas, and its Triana potters made tiles for both sides of the Atlantic.",tin-glazed tile;trade goods,site type: port city;tile;silver,exchange and value,historians,enslaved Africans in the city,human-flow,Wikimedia Commons,R2,F1.13,high,links: INS089.
PLC371,Lisbon,"Lisboa, Portugal",place,Place,F1.11;F1.13,EU-IBE,1500,1755,approx.,Lisbon received Asian and African goods and enslaved Africans through the Casa da Índia until the 1755 earthquake.,trade goods;ivory,site type: port city;saltcellar;porcelain,exchange and value,historians,,human-flow,Wikimedia Commons,R3,F1.13,high,links: POL136.
PLC372,Talavera de la Reina,"Toledo, Spain",place,Place,F1.11,EU-IBE,1500,,approx.; ongoing,Talavera's tin-glazed potters supplied tiles and wares that gave their name to Mexican talavera.,tin glaze;painted tile,site type: pottery town;tile;jar,food and storage;shelter,the potters,,living-community,Wikimedia Commons,R3,F1.14,high,links: PRA046.
PLC373,Manises,"Valencia, Spain",place,Place,F1.10;F1.11,EU-IBE,1300,1500,approx.,"Manises potters made lustreware exported across Europe, including to Italian patrons.",lustre;tin glaze,site type: pottery town;lustre dish,food and storage;rule and display,historians,,none,Met Open Access (CC0);Wikimedia Commons,R3,F1.14,high,
PLC374,Sungir,"Vladimir, Russia",place,Place,F1.11,EU-EER,-32000,,approx.,Burials at Sungir held thousands of mammoth-ivory beads sewn on clothing.,ivory beads,site type: burials;bead;spear,clothing and adornment;ritual and belief,archaeologists (Otto Bader),,funerary,open-access excavation reports,R3,F1.5,high,
PLC375,Nerev End,"Veliky Novgorod, Russia",place,Place,F1.11,EU-EER,950,1500,approx.,Excavations here found birch-bark letters and workshops of leatherworkers and jewellers.,birch-bark writing;leather;amber,site type: excavated town;birch-bark letter;shoe,record and writing,archaeologists (Artemiy Artsikhovsky),,none,Wikimedia Commons,R3,F1.28,high,links: POL142.
PLC376,Kremlin Armoury,"Moscow, Russia",place,Place,F1.11,EU-EER,1500,1700,approx.,"The tsars' workshops made arms, icons, goldwork and textiles, including work by Simon Ushakov.",goldwork;icon painting;arms,site type: court workshops;icon;helmet,rule and display;war,the tsars,,none,Wikimedia Commons,R3,F1.17,medium,links: POL143.
PLC377,Imperial Porcelain Factory,"St Petersburg, Russia",place,Place,F1.11,EU-EER,1744,,founded 1744; ongoing,The factory made court porcelain and after 1917 painted agitprop designs on its stock.,porcelain;overglaze painting,site type: porcelain manufactory;plate,rule and display,the court; the Soviet state,,none,Wikimedia Commons,R3,F1.20,high,
PLC378,Vkhutemas building,"Myasnitskaya Street, Moscow, Russia",place,Place,F1.11,EU-EER,1920,1930,approx.,The Higher Art and Technical Studios taught Constructivist design here.,design education;metalwork;textile,site type: school building;textile;poster,tools,the Soviet state; Rodchenko; Popova,,none,Wikimedia Commons,R3,F1.20,medium,links: INS058.
PLC379,Wieliczka Salt Mine,"Kraków, Poland",place,Place,F1.11,EU-EER,1250,1996,approx.,Miners at Wieliczka carved chapels and statues out of rock salt.,salt mining;salt carving,site type: mine;salt sculpture,ritual and belief;food and storage,historians; UNESCO,,sacred,Wikimedia Commons,R3,F1.22,high,
PLC380,Magnitogorsk,"Chelyabinsk Oblast, Russia",place,Place,F1.11,EU-EER;AS-NTH,1929,,approx.; ongoing,The Soviet steel city was built from 1929 largely by deported peasants and prisoners.,steelmaking,site type: steel city;steel,tools,the Soviet state,the deported and imprisoned labourers,human-flow,Wikimedia Commons,R3,F1.23;F1.22;F1.20,high,links: POL151.
PLC381,Birka,"Björkö, Sweden",place,Place,F1.11;F1.13,EU-SCA,750,975,approx.,"Graves at Birka held silks and silver from far away, and workshops made beads and combs.",beads;comb-making;textile,site type: trading town and cemetery;bead;comb;silk,exchange and value;clothing and adornment,archaeologists (Hjalmar Stolpe),,funerary,Wikimedia Commons,R3,F1.13,high,links: NET027.
PLC382,Hedeby,"Haithabu, Schleswig-Holstein, Germany",place,Place,F1.11;F1.13,EU-SCA,800,1066,approx.,"Hedeby's workshops made glass beads, combs and metalwork in a trading town between the Baltic and North Sea.",beads;comb-making;metalwork,site type: trading town;bead;mould,exchange and value,archaeologists; UNESCO,,none,Wikimedia Commons,R3,F1.13,high,
PLC383,Oseberg ship burial,"Tønsberg, Vestfold, Norway",place,Place,F1.11,EU-SCA,834,,burial 834,"The ship burial of two women held a carved cart and sleighs, looms and tapestry fragments.",wood carving;weaving,site type: ship burial;cart;tapestry,ritual and belief;transport,archaeologists,,funerary,Wikimedia Commons,R3,F1.18,high,links: POL148.
PLC384,Falun Mine,"Falun, Dalarna, Sweden",place,Place,F1.11,EU-SCA,1000,1992,approx.,"Copper from Falun funded Sweden's empire, and its by-product became the red paint on Swedish wooden houses.",copper mining;pigment,site type: mine;copper;red paint,exchange and value;shelter,historians; UNESCO,,none,Wikimedia Commons,R3,F1.22,high,links: POL149.
PLC385,Bryggen,"Bergen, Norway",place,Place,F1.11;F1.13,EU-SCA,1360,1754,Hanseatic Kontor period,"Hanseatic merchants at Bryggen traded stockfish for grain and goods, and runic sticks found there record everyday messages.",stockfish trade;timber building;runes,site type: wharf and trading houses;runic stick,exchange and value;record and writing,historians; UNESCO,,none,Wikimedia Commons,R3,F1.13,high,links: INS088.
PLC386,Jokkmokk winter market,"Jokkmokk, Sápmi, Sweden",place,Place,F1.11,EU-SCA,1605,,from 1605; ongoing,"Sámi makers sell duodji at the market, which the Swedish crown set up to collect taxes.",duodji;antler carving;leather,site type: market;knife;belt,exchange and value,the Sámi; the Swedish crown,,Indigenous-community;living-community,Wikimedia Commons,R3,F1.29,high,
PLC387,Kiruna,"Kiruna, Sápmi, Sweden",place,Place,THEME,EU-SCA,1900,,approx.; ongoing,Iron-ore mining at Kiruna now requires moving the town and conflicts with Sámi reindeer herding.,iron-ore mining,site type: mine;iron ore,tools,LKAB,Sámi reindeer herders,Indigenous-community,Wikimedia Commons,R3,F1.22,high,
PLC388,Madjedbebe,"Mirarr Country, Northern Territory, Australia",place,Place,F1.12,OC-AUS,-63000,,"approx.; c. 65,000 years (Clarkson et al. 2017), contested","Ground-edge axe fragments, grindstones and ochre from Madjedbebe are dated by the excavators to around 65,000 years ago, a date other archaeologists contest.",ground-edge axe;ochre;grindstone,site type: rock shelter;axe;grindstone,tools;ritual and belief,the Mirarr; archaeologists (Chris Clarkson),,Indigenous-community;sacred,community-published site (link-out),R2,F1.5,medium,links: INV148.
PLC389,Carpenter's Gap,"Windjana Gorge, Kimberley, Australia",place,Place,F1.12,OC-AUS,-47000,,approx.,"A fragment of a ground-edge axe from Carpenter's Gap is dated to about 45,000-49,000 years ago.",ground-edge axe,site type: rock shelter;axe fragment,tools,the Bunuba; archaeologists,,Indigenous-community,open-access excavation reports,R3,F1.5,medium,links: INV148.
PLC390,Nawarla Gabarnmang,"Jawoyn Country, Arnhem Land, Australia",place,Place,F1.12,OC-AUS,-44000,,approx.,"Jawoyn rock shelter with a painted ceiling, a charcoal drawing about 28,000 years old and an early ground-edge axe fragment.",charcoal drawing;painting;ground-edge axe,site type: rock shelter;painting;axe fragment,ritual and belief;tools,the Jawoyn; archaeologists (Bruno David),,sacred;Indigenous-community,open-access excavation reports,R3,F1.5,medium,
PLC391,Budj Bim,"Gunditjmara Country, Victoria, Australia",place,Place,F1.12,OC-AUS,-4600,,"approx.; at least 6,600 years; ongoing","The Gunditjmara built channels, weirs and traps in lava flows to farm eels.",stone channel building;woven eel trap,site type: aquaculture landscape;eel trap;stone house,food and storage,the Gunditjmara; UNESCO,,Indigenous-community;sacred,community-published site (link-out),R1,F1.5;F1.22,high,links: INV062.
PLC392,Willandra Lakes,"Lake Mungo, NSW, Australia",place,Place,F1.12,OC-AUS,-40000,,approx.,"Mungo Lady and Mungo Man, about 40,000 years old, were taken for study and later returned to their people.",cremation;ochre burial,site type: lakes landscape;burial,ritual and belief,"the Paakantyi, Mutthi Mutthi and Ngiyampaa; UNESCO",,funerary;Indigenous-community,community-published site (link-out),R3,F1.24,high,
PLC393,Murujuga,"Burrup Peninsula, Western Australia",place,Place,F1.12,OC-AUS,-40000,,approx.; ongoing,"Murujuga has more than a million rock engravings, now beside heavy industry.",petroglyph,site type: rock engravings;petroglyph,ritual and belief,the Ngarda-Ngarli; UNESCO (inscribed July 2025),,sacred;Indigenous-community,community-published site (link-out),R3,F1.22,high,
PLC394,Wilgie Mia,"Weld Range, Western Australia",place,Place,F1.12,OC-AUS,-28000,,"approx.; c. 30,000 years is an estimate from the volume mined (V. Winton), not a scientific date","Aboriginal miners dug red and yellow ochre at Wilgie Mia, traded widely.",ochre mining,site type: ochre mine;ochre,ritual and belief;exchange and value,the Wajarri Yamatji,,sacred;Indigenous-community,community-published site (link-out),R3,F1.22;F1.13,low,"Start date uncertain: no published dates; National Heritage List (2011) gives none; the 27,000-40,000-year figures in popular sources are unsupported."
PLC395,Mount William,"Wil-im-ee Moor-ring, Victoria, Australia",place,Place,F1.12,OC-AUS,-1000,1840,approx.,Wurundjeri quarried greenstone at Mount William for axes traded across southeast Australia.,greenstone quarrying;ground axe,site type: stone quarry;axe,tools;exchange and value,the Wurundjeri; archaeologists (Isabel McBryde),,sacred;Indigenous-community,community-published site (link-out),R3,F1.13,medium,links: NET053.
PLC396,Juukan Gorge,"Pilbara, Western Australia",place,Place,F1.12,OC-AUS,-46000,2020,approx.; destroyed May 2020,Two rock shelters were blown up by Rio Tinto in 2020 to expand an iron-ore mine.,,site type: rock shelters;stone tool,ritual and belief,the Puutu Kunti Kurrama and Pinikura,,sacred;conflict-looting;Indigenous-community,community-published site (link-out),R2,F1.22;F1.24,high,
PLC397,Port Arthur,"Tasmania, Australia",place,Place,F1.12,OC-AUS,1830,1877,approx.,Convicts at Port Arthur built ships and made shoes and other goods.,shipbuilding;shoemaking,site type: penal settlement;ship,tools,the colonial state; UNESCO,,human-flow,Wikimedia Commons,R3,F1.23,high,
PLC398,Kuk Swamp,"Wahgi valley, Papua New Guinea",place,Place,F1.12,OC-MEL,-8000,,approx.,"Mounds and drainage ditches at Kuk show plant cultivation in the New Guinea highlands by about 7,000 years ago, with earlier plant use around 10,000 years ago.",drainage;mounding;plant cultivation,site type: wetland;ditch,food and storage,archaeologists (Jack Golson; Tim Denham); UNESCO,,Indigenous-community,open-access excavation reports,R3,F1.5,high,links: INV055.
PLC399,Talasea obsidian sources,"Kutau-Bao, Willaumez Peninsula, New Britain, Papua New Guinea",place,Place,F1.12,OC-MEL,-20000,,approx.,Obsidian from Talasea was carried as far as Borneo and Fiji during the Lapita period.,obsidian,site type: obsidian source;flake,tools;exchange and value,archaeologists,,none,open-access excavation reports,R3,F1.13,medium,links: NET046.
PLC400,Lapita type site,"Site 13, Foué peninsula, Koné, New Caledonia",place,Place,F1.12,OC-MEL,-1100,-800,approx.,"Pottery from the Koné site named the Lapita culture, known for its dentate-stamped designs.",dentate stamping,site type: excavated site;potsherd,food and storage;ritual and belief,"archaeologists (Gifford and Shutler, 1952)",,none,open-access excavation reports,R2,F1.13,high,links: ARC224; CIV091.
PLC401,Teouma,"Efate, Vanuatu",place,Place,F1.12,OC-MEL,-1000,-800,"approx.; c. 3,000 years ago","The earliest known cemetery of the first settlers of Vanuatu held dentate-stamped Lapita pots, some used as burial vessels, and headless burials whose skulls were moved.",dentate stamping;shell ornament,site type: cemetery;Lapita pot;shell bracelet,ritual and belief,archaeologists (Stuart Bedford; Matthew Spriggs; Vanuatu Cultural Centre),,funerary;ancestral,open-access excavation reports,R3,F1.16,high,links: ARC224; HOR013.
PLC402,Langa Langa Lagoon,"Malaita, Solomon Islands",place,Place,F1.12,OC-MEL,1600,,approx.; start uncertain; ongoing,"Langa Langa makers grind, drill and string small shell discs into shell money still used for bride price and compensation.",shell grinding;drilling;stringing,site type: lagoon villages;shell money strand,exchange and value;ritual and belief,the Langa Langa people,,living-community;Indigenous-community,community-published site (link-out),R3,F1.29,medium,links: PRA214. Start date uncertain.
PLC403,Roi Mata's Domain,"Efate, Lelepa and Artok, Vanuatu",place,Place,F1.12,OC-MEL,1600,,approx.; burial c. 1600; ongoing custom,"The residence, death place and burial of the chief Roi Mata remain governed by oral tradition and a tabu kept by local communities.",oral tradition;burial,site type: chiefly residence and burial site;burial,ritual and belief,the local communities; UNESCO,,funerary;sacred;living-community,Wikimedia Commons,R3,F1.16;F1.29,medium,
PLC404,Kiriwina,"Trobriand Islands, Milne Bay, Papua New Guinea",place,Place,F1.12,OC-MEL,1800,,approx.; ongoing,"Kiriwina's carvers make canoe prow-boards and splashboards for voyages in the kula ring, which exchanges shell necklaces and armbands between islands.",wood carving;shell valuables;canoe building,site type: island villages;canoe prow-board;shell necklace;armband,exchange and value;transport,the Trobriand islanders; Bronisław Malinowski,,living-community;Indigenous-community,community-published site (link-out);collection search link-out only,R3,F1.13,medium,links: NET047.
PLC405,Nan Madol,"Pohnpei, Federated States of Micronesia",place,Place,F1.12,OC-MIC,1180,1628,approx.; monumental phase from c. 1180-1200,The Saudeleur built nearly a hundred artificial islets of stacked basalt columns and coral fill for chiefly residences and tombs.,columnar basalt stacking;coral fill,site type: islet ceremonial centre;tomb;stone wall,ritual and belief;rule and display,the Pohnpeian people; UNESCO,the labour levied from across Pohnpei,sacred;funerary,Wikimedia Commons;open-access excavation reports,R2,F1.28a,high,links: ARC230; POL088.
PLC406,Leluh,"Kosrae, Federated States of Micronesia",place,Place,F1.12,OC-MIC,1250,1850,approx.,"High walls of basalt columns on Leluh island enclosed a chiefly town with compounds, canals and tombs.",columnar basalt stacking,site type: walled chiefly town;wall;tomb,rule and display;shelter,archaeologists,,sacred;funerary,Wikimedia Commons;open-access excavation reports,R3,,medium,
PLC407,Yap stone money banks,"Yap, Federated States of Micronesia",place,Place,F1.12,OC-MIC,1600,,approx.; ongoing,"Stone money discs in Yapese village banks change owner without being moved, their history held in shared memory.",stone money,site type: village stone-money bank;stone money disc,exchange and value,the Yapese,,living-community;Indigenous-community,Wikimedia Commons,R3,F1.13;F1.29,medium,
PLC408,House of Taga,"San José, Tinian, Northern Mariana Islands",place,Place,F1.12,OC-MIC,1300,1700,approx.,"The tallest known latte stones, two-part limestone pillars that raised Chamorro buildings, stand at the House of Taga.",limestone quarrying;latte building,site type: latte-stone site;latte stone,shelter,the Chamorro; archaeologists,,ancestral,Wikimedia Commons,R3,,medium,links: ARC229.
PLC409,Bikini Atoll,Marshall Islands,place,Place,THEME,OC-MIC,1946,1958,nuclear tests 1946-58,"The United States tested 23 nuclear devices at Bikini after removing its people, and those who returned in the 1970s were moved out again in 1978.",,site type: nuclear test site;shipwreck,war,the United States government; UNESCO,the Bikinians,living-community,Wikimedia Commons,R3,F1.19a;F1.22,high,23 tests at Bikini per UNESCO; World Heritage 2010 (Bikini Atoll Nuclear Test Site).
PLC410,Nauru phosphate fields,Nauru,place,Place,THEME,OC-MIC,1906,,approx.; ongoing,"Phosphate mined for fertiliser by colonial companies, with indentured Chinese and Pacific Islander labour, left most of Nauru's interior stripped.",phosphate mining,site type: mining landscape;phosphate,exchange and value,the Pacific Phosphate Company; British Phosphate Commissioners,the Nauruans and indentured miners,human-flow,Wikimedia Commons,R3,F1.22;F1.23,high,
PLC411,Taputapuātea,"Ra'iātea, French Polynesia",place,Place,F1.12,OC-POL,1000,,approx.; ongoing,"Taputapuātea's stone marae were a centre for voyaging chiefs and priests, and it is still a meeting point for canoe revival voyages.",stone marae building;canoe voyaging,site type: marae complex;marae,ritual and belief;transport,the Mā'ohi; UNESCO,,sacred;Indigenous-community,Wikimedia Commons,R2,F1.13;F1.16,high,links: NET045; CIV090.
PLC412,Rano Raraku,Rapa Nui,place,Place,F1.12,OC-POL,1100,1680,approx.,"Most of Rapa Nui's moai were carved from the volcanic tuff of Rano Raraku, where hundreds of unfinished figures remain.",tuff carving;basalt tools,site type: quarry;moai;basalt pick,ritual and belief,the Rapanui; archaeologists,,sacred;ancestral;Indigenous-community,Wikimedia Commons,R2,F1.28a,high,links: CIV092.
PLC413,Orongo,Rapa Nui,place,Place,F1.12,OC-POL,1500,1868,approx.,"The birdman ceremonial village has carved petroglyphs, and the basalt moai Hoa Hakananai'a was taken from it by a British ship's crew in 1868.",basalt carving;petroglyph,site type: ceremonial village;moai;petroglyph,ritual and belief,the Rapanui,,sacred;conflict-looting;Indigenous-community,British Museum collection search (link-out);Wikimedia Commons,R3,F1.24,high,Rapanui have asked for its return.
PLC414,Te Papa Tongarewa,"Wellington, Aotearoa New Zealand",place,Place,THEME,OC-POL,1998,,opened 1998,The national museum is run on a bicultural partnership with Māori and leads the repatriation of Māori and Moriori ancestral remains.,museum display,site type: museum;taonga;cloak,rule and display,the New Zealand state; iwi partners,,Indigenous-community;ancestral,Te Papa Collections Online (CC BY where marked),R2,F1.24,high,links: INS087.
PLC415,Bishop Museum,"Honolulu, Hawaiʻi",place,Place,THEME,OC-POL,1889,,founded 1889,"Founded in memory of the Hawaiian aliʻi Bernice Pauahi Bishop, the museum holds royal feather cloaks and Pacific collections.",museum display,site type: museum;feather cloak;feather image,rule and display,Charles Reed Bishop,,Indigenous-community,collection search link-out only,R3,F1.24,high,
PLC416,Wairau Bar,"Marlborough, Aotearoa New Zealand",place,Place,F1.12,OC-POL,1280,1350,approx.,"One of the earliest settlements in Aotearoa held stone adzes, moa-egg vessels and burials, whose remains were returned to Rangitāne in 2009.",stone adzes;moa-bone ornaments,site type: settlement and burial ground;adze;necklace,tools;ritual and belief,Rangitāne o Wairau; archaeologists,,funerary;ancestral;Indigenous-community,open-access excavation reports,R3,F1.24,high,
PLC417,Arahura River,"Te Tai Poutini (West Coast), Aotearoa New Zealand",place,Place,F1.12,OC-POL,1300,,approx.; ongoing,"The Arahura is a main source of pounamu (nephrite), shaped into adzes and hei-tiki and now owned by Ngāi Tahu.",pounamu working;abrasion,site type: stone source;hei-tiki;adze;mere,ritual and belief;tools,Ngāi Tahu (Ngāti Waewae),,sacred;Indigenous-community,Te Papa Collections Online (CC BY where marked);Auckland Museum Collections Online (CC BY where marked),R3,F1.22,high,
PLC418,Keanakākoʻi,"Mauna Kea, Hawaiʻi",place,Place,F1.12,OC-POL,1100,1800,approx.,Hawaiian adze makers worked fine basalt near the summit of Mauna Kea.,basalt knapping;adze making,site type: adze quarry;adze,tools,Native Hawaiians; archaeologists,,sacred;Indigenous-community,open-access excavation reports,R3,F1.22,medium,
PLC419,Nukuleka,"Tongatapu, Tonga",place,Place,F1.12,OC-POL,-900,-700,approx.,Nukuleka has some of the earliest dated Lapita pottery in Polynesia.,dentate stamping,site type: settlement;potsherd,food and storage,archaeologists (David Burley),,none,open-access excavation reports,R3,F1.13,medium,links: ARC224.
