id,name,other_names,kind,family,world,sub_regions,start,end,date_note,making_significance,materials_techniques,object_types,functions,defined_by,leaves_out,sensitivity,free_sources,tier,units,confidence,notes
PER001,Imhotep,Imhotep of Heliopolis,person,People,F1.6,AF-EGY,-2680,-2640,"fl.; reign of Djoser (3rd Dynasty), approximate","Later Egyptian tradition credits the official Imhotep with designing the Step Pyramid of Djoser at Saqqara, the earliest large cut-stone monument in Egypt.",cut limestone;stepped mastaba construction,pyramid;funerary complex,ritual and belief;rule and display,"Egyptian tradition (Manetho); Egyptologists, from his name on a Djoser statue base","the quarrymen, masons and rotating labour gangs who built the complex",funerary,Met Open Access (CC0);Wikimedia Commons,R3,F1.23;F1.26,medium,His name and titles on a Djoser statue base are contemporary; the architect role is later tradition; he was later deified. links: DYN002; POL001
PER002,Irtysen,Irtisen,person,People,F1.6,AF-EGY,-2050,-2000,"fl.; reign of Mentuhotep II (11th Dynasty), approximate","His funerary stela (Louvre C 14) is a rare Egyptian text in which a craftsman describes his own skills in carving and in preparing materials, which he says he taught only to his eldest son.",stone carving;pigment or inlay preparation,stela;statue,ritual and belief;record and writing,Egyptologists (Louvre stela C 14),the workshop whose methods were kept within the family; the labourers who quarried and moved stone,funerary,Wikimedia Commons,R3,F1.28;F1.26,medium,Translations of the technical passage differ; check against the Louvre record. links: DYN003
PER003,Senenmut,Senmut,person,People,F1.6,AF-EGY,-1480,-1460,"fl.; under Hatshepsut, death date unknown",The steward of Hatshepsut is associated with the design of her temple at Deir el-Bahari and appears in unusual block statues holding the princess Neferure.,limestone temple building;block statue,temple;statue,rule and display;ritual and belief,"Egyptologists (titles, statues and tombs)",the builders and quarry labourers; the uncertainty over how much he himself designed,funerary,Met Open Access (CC0);Wikimedia Commons,R3,F1.17;F1.26,medium,Architect attribution is inferred from titles and proximity. links: DYN004
PER004,Hatshepsut,Maatkare Hatshepsut,person,People,F1.6,AF-EGY,-1479,-1458,"reign dates, approximate","As king she commissioned the temple at Deir el-Bahari, obelisks at Karnak and an expedition to Punt whose return with incense trees is carved in her temple reliefs.",limestone architecture;granite obelisks;relief carving,temple;obelisk;statue,rule and display;ritual and belief;exchange and value,Egyptologists; her own inscriptions,the builders and voyagers; the people of Punt shown in the reliefs,funerary,Met Open Access (CC0);Wikimedia Commons,R3,F1.17;F1.13,high,The Met holds many statues from Deir el-Bahari. links: DYN004; POL001
PER005,Thutmose (sculptor),Djehutymose,person,People,F1.6,AF-EGY,-1350,-1330,"fl.; Amarna period, approximate",Excavators identified a house and workshop at Amarna as his from an inscribed fragment; it held plaster studies and the painted bust of Nefertiti.,limestone;gypsum plaster;painted surface,bust;portrait head;plaster study,rule and display,German excavators under Ludwig Borchardt (1912),the assistants whose plaster and stone studies were found in the workshop,none,Wikimedia Commons,R3,F1.26;F1.24,medium,Identification rests on an ivory horse blinker naming a sculptor Thutmose; the bust is in Berlin and Egypt has asked for its return. links: STY082
PER006,Sennedjem,Sennedjem of Deir el-Medina,person,People,F1.6,AF-EGY,-1300,-1250,"fl.; reigns of Seti I and Ramesses II, approximate","A workman of the royal tomb-builders' village, his painted tomb (TT1) and its coffins and furniture show what the royal craftsmen made for their own families.",wall painting;painted wooden coffins;rock-cut tomb,tomb painting;coffin;shabti;furniture,ritual and belief;rule and display,"Egyptologists (tomb found intact in 1886); his own titles (""Servant in the Place of Truth"")",his wife Iyneferti and relatives shown in the tomb; the fellow workmen who helped cut and paint it,funerary,Met Open Access (CC0);Wikimedia Commons,R2,F1.23;F1.28,high,"Verified round 2: the Met holds about 29 items from TT1, including the coffin sets of Iyneferti and of Khonsu; Sennedjem's own coffin set and sarcophagus are in Cairo (National Museum of Egyptian Civilization). links: MKR090"
PER007,Amanishakheto,Kandake Amanishakheto,person,People,F1.6,AF-NUB,-10,10,"fl.; late 1st century BCE to early 1st century CE, approximate",The Meroitic queen's pyramid at Meroe held gold jewellery that Giuseppe Ferlini found when he pulled down its top in 1834; the pieces are now in Munich and Berlin.,gold;cloisonné;glass inlay,jewellery;shield ring;armlet,clothing and adornment;rule and display,Meroitic inscriptions; Egyptologists,the Meroitic goldsmiths; Sudanese claims to objects now held abroad,funerary;conflict-looting,Wikimedia Commons,R3,F1.24;F1.18,medium,Reign dates uncertain; parts of Ferlini's account are doubted. links: POL003
PER008,Giuseppe Ferlini,,person,People,F1.6;F1.11,AF-NUB,1797,1870,birth year given as 1797 or 1800,The Italian physician and treasure hunter pulled down pyramids at Meroe in 1834 and sold the gold he found to the royal collections in Munich and Berlin.,demolition;treasure hunting,jewellery,rule and display,himself (his published account); museum records,the Meroitic makers and the people buried there; Sudanese claims to the objects,conflict-looting;funerary,Wikimedia Commons,R3,F1.24,high,Treated as looting in current scholarship. links: POL003
PER009,Gebre Mesqel Lalibela,Lalibela,person,People,F1.6,AF-HRN,1181,1221,"reign dates, approximate","Ethiopian tradition credits the Zagwe king with ordering the rock-hewn churches of Lalibela, though archaeologists date parts of the complex earlier.",rock-cut architecture;relief carving,church,ritual and belief;rule and display,Ethiopian Orthodox tradition; hagiography (Gadla Lalibela),"the stone-cutters, whose names do not survive; builders of the earlier parts of the complex",sacred,Wikimedia Commons,R3,F1.17;F1.16,medium,The churches are active places of worship. links: DYN033
PER010,Zara Yaqob,Zar'a Ya'eqob,person,People,F1.6,AF-HRN,1434,1468,reign dates,"The Solomonic emperor promoted devotion to Mary, which increased demand for painted Marian icons and illuminated books of the Miracles of Mary.",panel painting;manuscript illumination,icon;manuscript,ritual and belief;rule and display,Ethiopian royal chronicles; art historians,"the monastic painters, among them Fre Seyon, and the scribes",sacred,Wikimedia Commons;Walters Art Museum (CC0),R3,F1.17;F1.16,high,links: POL007
PER011,Fre Seyon,,person,People,F1.6,AF-HRN,1445,1480,fl.; approximate,"The monk-painter is the earliest named Ethiopian painter to whom surviving icons of Mary and Child are attributed, working in the reign of Zara Yaqob.",tempera on gessoed panel,icon;diptych,ritual and belief,"art historians (Marilyn Heldman), from inscriptions naming him",workshop assistants and unnamed monastic painters,sacred,Wikimedia Commons,R3,F1.26;F1.16,medium,Attributions rest on a few inscribed icons.
PER012,Tewodros II,Kassa Hailu,person,People,F1.6,AF-HRN,1818,1868,born c. 1818; reigned 1855–1868,"The emperor gathered manuscripts, crowns and church objects at Maqdala, which British forces took after his death in 1868; hundreds of manuscripts went to British libraries and museums.",manuscript collecting;court patronage,manuscript;crown;tabot,rule and display;ritual and belief,Ethiopian chronicles; British expedition records,the scribes and craftsmen whose work he gathered; the Ethiopian Church's claim to the tabotat,conflict-looting;sacred,British Library digitised manuscripts (public-domain items);Wikimedia Commons,R3,F1.24;F1.19a,high,Tabotat must not be displayed. links: POL007
PER013,Richard Rivington Holmes,Richard Holmes,person,People,F1.6;F1.11,AF-HRN;EU-BLC,1835,1911,,The British Museum's representative on the 1868 Maqdala expedition bought looted manuscripts and objects at the army's prize auction for British collections.,purchase at prize auction,manuscript;processional cross;crown,rule and display,British Museum records,the Ethiopian makers and owners; the soldiers' looting that came before the auction,conflict-looting,"British Museum Collection Online (CC BY-NC-SA, link out);Wikimedia Commons",R3,F1.24,high,Later Royal Librarian at Windsor.
PER014,Olowe of Ise,Olowe,person,People,F1.6,AF-GUI,1873,1938,"born c. 1873–75, died 1938","The Yorùbá carver made palace doors, veranda posts and lidded bowls for Ekiti rulers; a door he carved for the Ogoga of Ikere went to the British Empire Exhibition in 1924 and then to the British Museum.",wood carving;high relief;polychromy,veranda post;palace door;lidded bowl,rule and display;ritual and belief,Yorùbá oral praise (oriki); art historians (Roslyn Walker),the assistants who roughed out his work; the exchange by which the Ikere door left Nigeria,none,"British Museum Collection Online (CC BY-NC-SA, link out);Wikimedia Commons;collection search link-out only (works in copyright)",R1,F1.26;F1.24;F1.17,high,"Useful for attribution: named by praise poetry, not signature. links: EVT012"
PER015,Areogun,Areogun of Osi-Ilorin,person,People,F1.6,AF-GUI,1880,1954,approximate,"The Yorùbá carver from Osi-Ilorin made Epa masks, doors and figures for shrines and palaces, and later also for church and colonial patrons.",wood carving,Epa mask;door;figure,ritual and belief;rule and display,art historians; Yorùbá oral record,"his workshop, including his son George Bandele",none,Wikimedia Commons;collection search link-out only (works in copyright),R3,F1.26,high,
PER016,Lamidi Olonade Fakeye,,person,People,F1.6,AF-GUI,1928,2009,,"The Yorùbá carver trained at the Oye-Ekiti Catholic workshop and made doors and figures for churches, universities and collectors, carrying an Ekiti carving lineage into modern institutions.",wood carving,door;panel;figure,ritual and belief;rule and display,himself; art historians,his teacher George Bandele and the lineage workshop,none,collection search link-out only (works in copyright);Wikimedia Commons,R3,F1.29;F1.17,high,
PER017,Esigie,Oba Esigie,person,People,F1.6,AF-GUI,1504,1550,"reign dates, approximate","Benin tradition links the Oba's reign to brass plaques, ivory pendant masks made for his mother Idia and early trade with the Portuguese that brought brass in quantity.",lost-wax casting;ivory carving,plaque;pendant mask;commemorative head,rule and display;ritual and belief,Benin court historians; art historians,the Igun Eronmwon casters and Igbesanmwan carvers who made the works,conflict-looting,"Digital Benin (licence per lending museum);Met Open Access (CC0);British Museum Collection Online (CC BY-NC-SA, link out);Wikimedia Commons",R3,F1.17;F1.24,medium,Dating plaques to his reign is debated. links: DYN038; POL026; MKR001; MKR002
PER018,Idia,Iyoba Idia,person,People,F1.6,AF-GUI,1504,1550,"fl.; mother of Esigie, approximate","The first Iyoba (Queen Mother) of Benin is associated with ivory pendant masks worn at court, several of which were taken in 1897.",ivory carving;iron inlay,pendant mask;commemorative head,rule and display;ritual and belief,Benin court tradition; art historians,the ivory carvers; the women of the court beyond royal title-holders,conflict-looting,"Met Open Access (CC0);British Museum Collection Online (CC BY-NC-SA, link out);Digital Benin (licence per lending museum);Wikimedia Commons",R3,F1.17;F1.24;F1.18,medium,The masks' identification with Idia is traditional. links: MKR002
PER019,Ovonramwen Nogbaisi,Oba Ovonramwen,person,People,F1.6,AF-GUI,1857,1914,born c. 1857; reigned 1888–1897,The Oba reigned when British forces took Benin City in 1897 and removed thousands of court objects; he died in exile in Calabar.,court patronage,altar object;plaque;commemorative head,rule and display,Benin court; British records,the guild casters and carvers whose work was taken,conflict-looting,Digital Benin (licence per lending museum);Wikimedia Commons,R3,F1.24;F1.19a,high,links: DYN038; POL026
PER020,Ewuare II,Oba Ewuare II,person,People,F1.6,AF-GUI,1953,,born 1953; crowned 2016; living,The present Oba is a leading claimant for the return of Benin works taken in 1897 and the head of the court under which the casting and carving guilds still work.,court patronage,altar object,rule and display,Benin palace,the guild members; other Nigerian bodies in disputes over custody,conflict-looting;living-community,Digital Benin (licence per lending museum);community-published site (link-out),R3,F1.24,high,Custody of returned objects has been disputed between the palace and state bodies. links: INS082
PER021,Harry Rawson,Sir Harry Holdsworth Rawson,person,People,F1.6;F1.11,AF-GUI;EU-BLC,1843,1910,,"The British admiral commanded the 1897 punitive expedition that burned Benin City and removed its brass and ivory works, many later auctioned in London.",military expedition,plaque;commemorative head;carved tusk,war,British Admiralty records,the Benin guild makers; the people killed in the attack,conflict-looting,Wikimedia Commons,R3,F1.24;F1.19a,high,links: POL026; POL137
PER022,Felix von Luschan,,person,People,F1.11;F1.6,EU-WCE;AF-GUI,1854,1924,,"The Berlin museum curator acquired hundreds of Benin works after 1897 and published Die Altertümer von Benin (1919), building one of the largest holdings.",museum acquisition;catalogue,plaque;commemorative head,rule and display,himself,the Benin makers; the soldiers and dealers who supplied him,conflict-looting,Digital Benin (licence per lending museum);Internet Archive (public-domain scans),R3,F1.24;F1.3,high,He also collected human remains; that collection raises further issues.
PER023,Augustus Pitt Rivers,Augustus Henry Lane Fox Pitt Rivers,person,People,F1.11,EU-BLC,1827,1900,,The army officer and collector arranged objects in typological series meant to show technical evolution and gave his collection to Oxford in 1884.,typological display;excavation,weapon;tool;lock and key,tools;war,himself; Oxford University,the makers of the objects; the people from whom Benin and other works were taken,conflict-looting,Pitt Rivers Museum Collections Online (link out);Wikimedia Commons,R2,F1.24;F1.3,high,"He bought Benin works after 1897 for his second, private museum at Farnham. links: INS053"
PER024,Mansa Musa,Musa Keita I,person,People,F1.6,AF-SAH,1312,1337,"reign dates, approximate","The Mali ruler's pilgrimage to Mecca in 1324 spent so much gold in Cairo that chroniclers noted its effect, and tradition says he brought the poet-architect al-Sahili back with him.",patronage;gold exchange,mosque;manuscript,rule and display;exchange and value;ritual and belief,Arabic chroniclers (al-Umari); the Catalan Atlas (1375),the gold miners of Bambuk and Bure; the enslaved people who travelled in his caravan,human-flow,Wikimedia Commons,R3,F1.17;F1.13,high,links: POL036; DYN034; NET010
PER025,Abu Ishaq al-Sahili,Abu Ishaq Ibrahim al-Sahili,person,People,F1.10;F1.6,AF-SAH;EU-IBE,1290,1346,born c. 1290 in Granada; died 1346 in Timbuktu,"The Andalusi poet is credited by tradition with designing a palace and the Djinguereber mosque for Mansa Musa, though the earthen building tradition he worked in was local.",earthen architecture,mosque;palace,ritual and belief;rule and display,Ibn Battuta and Ibn Khaldun; later tradition,the local masons who built and maintain the mosques,none,Wikimedia Commons,R3,F1.26;F1.13,medium,Attribution is traditional and debated. links: POL036
PER026,Ismaila Traoré,Ismaïla Traoré,person,People,F1.6,AF-SAH,1906,1907,fl.; life dates unknown,"As head of the Djenné masons' guild he led the rebuilding of the Great Mosque of Djenné, completed in 1907.",mud brick;earth plaster;toron beams,mosque,ritual and belief,Djenné oral tradition; French colonial records,the masons' guild and the townspeople who replaster the mosque each year,none,Wikimedia Commons,R3,F1.29;F1.23,medium,Dates are his floruit only.
PER027,Abdel Kader Haidara,,person,People,F1.6,AF-SAH,1981,,fl.; took charge of his family library in 1981; birth year not verified; living,The Timbuktu librarian organised the evacuation of hundreds of thousands of manuscripts to Bamako in 2012–13 to protect them from occupying armed groups.,conservation;manuscript rescue,manuscript,record and writing,himself; press reports,the families who own the manuscripts and the couriers who carried them,living-community,community-published site (link-out),R3,F1.24;F1.19a,high,"Figures for manuscripts moved vary (about 350,000–377,000). links: MKR010"
PER028,Osei Tutu,,person,People,F1.6,AF-GUI,1660,1717,approximate; died c. 1717,"The founder of the Asante state is linked by tradition with the Golden Stool, the sacred seat of the nation, and with the rise of Kumasi's goldsmith and weaving crafts.",gold casting;regalia,stool;regalia,rule and display;ritual and belief,Asante oral tradition,the priest Okomfo Anokye whom tradition credits with bringing the Stool; the goldsmiths,sacred,Wikimedia Commons,R3,F1.16;F1.17,medium,The Golden Stool is not displayed; do not illustrate. links: POL029; DYN039
PER029,Njoya,Ibrahim Njoya,person,People,F1.6,AF-CEN,1860,1933,born c. 1860s; ruled from c. 1886/89,"The Bamum king created the Bamum script, ran royal workshops for brass casting, beadwork and weaving at Foumban and designed a new palace.",script invention;brass casting;beadwork,throne;manuscript;palace,record and writing;rule and display,Bamum court; German and French colonial records,the palace artisans and scribes; the women of the court who did much of the beadwork,none,Wikimedia Commons,R3,F1.5;F1.17,high,His beaded throne was given to Kaiser Wilhelm II in 1908 (now Berlin). links: MKR004; POL025
PER030,Emil Torday,Torday Emil,person,People,F1.6;F1.11,AF-CEN;EU-BLC,1875,1931,,"The Hungarian ethnographer collected thousands of Kuba and other Congo objects for the British Museum in 1907–09, including ndop figures.",collecting;ethnography,ndop figure;textile;cup,rule and display,himself; British Museum,the Kuba makers; the colonial conditions of acquisition,none,"British Museum Collection Online (CC BY-NC-SA, link out);Wikimedia Commons",R3,F1.24,high,links: POL022; POL140
PER031,Leo Frobenius,,person,People,F1.11;F1.6,EU-WCE;AF-GUI,1873,1938,,The German ethnologist removed objects from Ife in 1910 and built theories of African culture circles from collections gathered on his expeditions.,expedition collecting;rock-art copying,head;rock-art copy,ritual and belief,himself,the Ife people and court from whom works were taken; his African assistants,conflict-looting,Wikimedia Commons,R3,F1.24;F1.3,high,The Olokun head he acquired was seized by the colonial authorities; the one in Ife may be a later copy. links: CIV011
PER032,Ladi Kwali,Hadiza Ladi Kwali,person,People,F1.6,AF-GUI,1925,1984,born c. 1925; joined the Abuja Pottery Training Centre (founded 1952; 1951 is Cardew's appointment) in December 1954,"The Gbari potter from Kwali made hand-built water pots and then, at the Abuja Pottery Training Centre, glazed stoneware that was shown in London (Berkeley Galleries, 1958–62), Paris and Washington.",coil building;wheel throwing;stoneware glaze,water pot;jar;bowl,food and storage;ritual and belief,herself; Michael Cardew; exhibitions,"the Gbari women potters, including her aunt, from whom she learned",none,collection search link-out only (works in copyright);Wikimedia Commons,R2,F1.18;F1.26;F1.20,high,Pictured on the Nigerian 20 naira note. links: INS122
PER033,Michael Cardew,,person,People,F1.11;F1.6,EU-BLC;AF-GUI,1901,1983,,"The English potter ran the Abuja Pottery Training Centre in northern Nigeria from 1951, after working at Vumë in Ghana, joining Leach-style stoneware to local potters' skills.",wheel throwing;stoneware;wood firing,jar;bowl;teapot,food and storage,"himself (Pioneer Pottery, 1969)","the Nigerian and Ghanaian potters at Abuja and Vumë, few of whom are named",none,collection search link-out only (works in copyright);Wikimedia Commons,R3,F1.20;F1.26,high,links: MOV041
PER034,Uche Okeke,,person,People,F1.6,AF-GUI,1933,2016,,"The Nigerian artist adapted Igbo uli body and wall designs, traditionally painted by women, into modern drawing and painting and taught this approach at Nsukka.",uli line drawing;ink,drawing;painting,clothing and adornment;ritual and belief,himself; the Zaria Art Society,the Igbo women uli painters whose motifs he adapted,none,collection search link-out only (works in copyright),R3,F1.20;F1.2;F1.18,high,links: MOV072; SCH015
PER035,Ben Enwonwu,,person,People,F1.6,AF-GUI,1917,1994,,"The Nigerian sculptor and painter, son of an Igbo carver, made public sculptures such as Anyanwu (1955) and had an early international career.",bronze casting;wood carving;painting,public sculpture;painting,rule and display,himself; art historians (Sylvester Ogbechie),his father's carving practice; the Onitsha masquerade makers whose forms he painted,none,collection search link-out only (works in copyright),R3,F1.20,high,
PER036,El Anatsui,,person,People,F1.6,AF-GUI,1944,,born 1944; living,"The Ghanaian artist, long based at Nsukka, joins flattened bottle caps and foil seals with copper wire into large hangings that recall kente cloth and trade histories.",aluminium bottle caps;copper wire;assemblage,wall hanging;sculpture,exchange and value;ritual and belief,himself; museums,"the studio assistants who cut, fold and join the caps",living-community,collection search link-out only (works in copyright),R3,F1.20;F1.22;F1.13,high,links: MKR003; SCH015
PER037,Demas Nwoko,,person,People,F1.6,AF-GUI,1935,,born 1935; living,"The Nigerian artist and architect built the Dominican Chapel in Ibadan and his New Culture Studio, using local materials and forms shaped by climate.",architecture;concrete;earth;carving,chapel;studio;furniture,shelter;ritual and belief,himself; architectural critics,the builders and craftsmen who worked on his buildings,living-community,collection search link-out only (works in copyright),R3,F1.20;F1.29,high,links: MOV072
PER038,Ibrahim El-Salahi,,person,People,F1.6;F1.10,AF-NUB,1930,,born 1930; living,The Sudanese painter drew on Arabic calligraphy and Sudanese decorative forms to help found the modernism of the Khartoum School.,drawing;painting;calligraphic line,painting;drawing,record and writing,himself; art historians (Salah Hassan),the calligraphers and craft makers whose forms he adapted,living-community,collection search link-out only (works in copyright),R3,F1.20,high,links: SCH017; MOV077
PER039,Kamala Ibrahim Ishaq,,person,People,F1.6,AF-NUB,1939,,born 1939; living,The Sudanese painter co-founded the Crystalist group in 1976 and drew on women's zar spirit-possession gatherings in her work.,painting,painting,ritual and belief,herself; the Crystalist Manifesto,the women of the zar gatherings she painted,living-community,collection search link-out only (works in copyright),R3,F1.20;F1.18,high,
PER040,Chaibia Tallal,Chaïbia Talal,person,People,F1.6;F1.10,AF-MAG,1929,2004,,"The self-taught Moroccan painter began in the 1960s and was exhibited in Europe, where critics framed her work as 'naive' or art brut, a label later questioned.",painting,painting,rule and display,herself; critics (Pierre Gaudibert),the rural colour and textile traditions she drew on,none,collection search link-out only (works in copyright),R3,F1.26;F1.20,high,Check the critic credited with her 1966 debut.
PER041,Farid Belkahia,,person,People,F1.6;F1.10,AF-MAG,1934,2014,,"The Casablanca School artist worked on hammered copper and on lambskin coloured with henna, taking materials and signs from Amazigh and urban crafts.",copper repoussé;henna on skin;natural dyes,wall piece;relief,rule and display,himself; the Casablanca School,"the tanners, dyers and coppersmiths of Marrakech who prepared his materials",none,collection search link-out only (works in copyright),R3,F1.20;F1.2,high,links: SCH018
PER042,Mohamed Melehi,,person,People,F1.6;F1.10,AF-MAG,1936,2020,,"The Moroccan painter and designer of the Casablanca School made hard-edge wave paintings and covers for the review Souffles, and brought Amazigh crafts into art teaching.",painting;graphic design,painting;magazine cover;poster,record and writing,himself; the Casablanca School,"fellow teachers Farid Belkahia, Toni Maraini and Bert Flint; the artisans whose work entered the syllabus",none,collection search link-out only (works in copyright),R3,F1.20;F1.2,high,links: SCH018
PER043,Hassan Fathy,,person,People,F1.6,AF-EGY,1900,1989,,The Egyptian architect built New Gourna (from 1946) in mud brick with Nubian vault-building masons and argued for local building in Architecture for the Poor.,mud brick;Nubian vault;dome,house;village;mosque,shelter,"himself (Gourna: A Tale of Two Villages, 1969)",the Nubian masons whose vaulting technique he used; the Gourna residents who resisted being moved,none,Wikimedia Commons;collection search link-out only (works in copyright),R2,F1.22;F1.29,high,links: STY054
PER044,Ramses Wissa Wassef,,person,People,F1.6,AF-EGY,1911,1974,,The Egyptian architect founded a tapestry workshop at Harrania in 1952 where village children learned to weave their own designs directly on the loom without cartoons.,tapestry weaving;natural dyes,tapestry,clothing and adornment,himself; the art centre,"his wife Sophie Habib Gorgy, who continued the centre; the weavers themselves",none,collection search link-out only (works in copyright),R3,F1.18;F1.29,high,links: MKR017
PER045,Susanne Wenger,Adunni Olorisha,person,People,F1.6,AF-GUI,1915,2009,,"The Austrian artist, who became an Osun priestess, worked with Yorùbá builders and sculptors of the New Sacred Art group to rebuild shrines in the Osun-Osogbo grove.",cement sculpture;earth architecture,shrine;sculpture,ritual and belief,herself; the Osun-Osogbo community,"the Nigerian artists of the New Sacred Art group, such as Adebisi Akanji",sacred,Wikimedia Commons,R3,F1.16,high,The grove is a World Heritage site and active shrine.
PER046,Ulli Beier,,person,People,F1.6;F1.12,AF-GUI;OC-MEL,1922,2011,,"The German editor co-founded the Mbari Club in Ibadan and the journal Black Orpheus and backed the Oshogbo workshops, shaping how Nigerian modern art reached foreign audiences; he later worked in Papua New Guinea.",editing;workshop organising,journal;exhibition,record and writing,himself,"Georgina Beier, who ran workshops; the Nigerian co-founders of Mbari",none,collection search link-out only (works in copyright),R3,F1.20;F1.17,high,links: INS001; SCH014
PER047,Nike Davies-Okundaye,Nike Okundaye,person,People,F1.6,AF-GUI,1951,,born 1951; living,"The Yorùbá textile artist teaches adire indigo resist-dyeing through art centres in Osogbo, Lagos and elsewhere, keeping a women's craft in active training.",adire resist-dyeing;indigo;batik,textile;wrapper,clothing and adornment,herself,the women dyers of Osogbo from whom she learned,living-community,collection search link-out only (works in copyright),R3,F1.18;F1.29,high,links: MKR006
PER048,Esther Mahlangu,,person,People,F1.6,AF-SOU,1935,,born 1935; living,"The Ndebele painter carried women's homestead-painting designs onto canvas and objects, including a BMW Art Car in 1991.",wall painting;acrylic;feather brush,mural;car;canvas,shelter;clothing and adornment,herself; museums,the Ndebele women who paint homesteads without public credit,living-community,collection search link-out only (works in copyright),R3,F1.18;F1.2,high,links: STY090
PER049,Noria Mabasa,,person,People,F1.6,AF-SOU,1938,,born 1938; living,"The Venda artist worked first in clay and then in wood, a medium locally reserved for men, making large carved figures.",clay modelling;wood carving,figure;sculpture,ritual and belief,herself,the women potters whose practice she began in,living-community,collection search link-out only (works in copyright),R3,F1.18,high,
PER050,Nesta Nala,,person,People,F1.6,AF-SOU,1940,2005,,The Zulu potter made burnished beer vessels (izinkamba) with raised amasumpa patterns and trained her daughters in the craft.,coil building;burnishing;pit firing,beer vessel,food and storage;ritual and belief,herself; museums,"the women potters who taught her, including her mother",none,collection search link-out only (works in copyright),R3,F1.18;F1.29,high,
PER051,Bonnie Ntshalintshali,,person,People,F1.6,AF-SOU,1967,1999,,The Ardmore ceramicist made painted figurative sculptures of biblical and everyday scenes.,modelled earthenware;painted glaze,figure group,ritual and belief,herself; Ardmore studio,"Fée Halsted, who founded Ardmore, and the other Ardmore artists",none,collection search link-out only (works in copyright),R3,F1.20,medium,
PER052,Kane Kwei,Seth Kane Kwei,person,People,F1.6,AF-GUI,1922,1992,,The Ga carpenter from Teshie is credited with popularising figurative coffins shaped as objects linked to the dead person's life.,wood carving;carpentry;painting,figurative coffin,ritual and belief,himself; Western collectors after 1974,"other carpenters making such coffins, such as Ataa Oko; his apprentices, including Paa Joe",funerary,collection search link-out only (works in copyright),R3,F1.26;F1.16,medium,Who first made such coffins is disputed. links: STY179
PER053,Edward Saidi Tingatinga,,person,People,F1.6,AF-SWA,1932,1972,,"The Tanzanian painter began painting with enamel house paint on ceiling board in Dar es Salaam around 1968, founding a style continued by a cooperative.",enamel paint;board,painting,rule and display,himself; the Tingatinga cooperative,the relatives and apprentices who continued the style,none,collection search link-out only (works in copyright),R3,F1.29,high,links: SCH013
PER054,Chéri Samba,,person,People,F1.6,AF-CEN,1956,,born 1956; living,The Kinshasa painter started as a sign painter and made text-and-image paintings central to Congolese popular painting.,acrylic painting;sign painting,painting,record and writing,"himself; exhibitions (Magiciens de la Terre, 1989)",the sign-painting workshops and fellow popular painters,living-community,collection search link-out only (works in copyright),R3,F1.21;F1.20,high,links: STY093; EVT027
PER055,Papa Ibra Tall,,person,People,F1.6,AF-SAH,1935,2015,,"The Senegalese artist directed the tapestry workshop at Thiès from 1966, turning paintings of the École de Dakar into woven hangings.",tapestry weaving,tapestry,rule and display,himself; the Senegalese state,the weavers of Thiès who wove the tapestries,none,collection search link-out only (works in copyright),R3,F1.20;F1.17,high,links: SCH016; POL240
PER056,Léopold Sédar Senghor,,person,People,F1.6,AF-SAH,1906,2001,,"As Senegal's first president he funded the École de Dakar, the Thiès tapestry works and the 1966 World Festival of Negro Arts as state cultural policy.",state patronage,tapestry;painting,rule and display,himself; the Senegalese state,artists working outside the Negritude style the state favoured,none,Wikimedia Commons,R3,F1.17;F1.15,high,links: MOV073; EVT022; POL240
PER057,Felwine Sarr,,person,People,F1.6;THEME,AF-SAH,1972,,born 1972; living,The Senegalese economist co-wrote with Bénédicte Savoy the 2018 report to the French president that recommended returning African objects taken in the colonial period.,report writing;provenance review,report,record and writing,himself; the French presidency,the communities of origin consulted unevenly; museum staff in Africa,living-community,open-access report or journal article (link out),R3,F1.24,high,The report is openly available.
PER058,Bénédicte Savoy,,person,People,F1.11;THEME,EU-WCE,1972,,born 1972; living,The French art historian co-wrote the 2018 restitution report and has written on the history of European museums' demands for and refusals of returns.,provenance research,report;book,record and writing,herself,"earlier African restitution claims and claimants, such as those of the 1970s",living-community,open-access report or journal article (link out),R3,F1.24;F1.3,high,
PER059,Nana Oforiatta Ayim,,person,People,F1.6,AF-GUI,2019,,fl.; curated Ghana's first Venice Biennale pavilion in 2019; birth year not verified; living,The Ghanaian writer and art historian curated Ghana's first Venice Biennale pavilion (2019) and leads a pan-African cultural encyclopaedia project.,curating;writing,exhibition;encyclopaedia,record and writing,herself,the makers and archivists documented by the encyclopaedia,living-community,community-published site (link-out),R3,F1.24;F1.3,medium,"Birth year could not be verified from a reliable source in the round-2 check, so a floruit is given."
PER060,Ranavalona I,,person,People,F1.6,AF-MAD,1778,1861,born c. 1778; reigned 1828–1861,"The Merina queen used forced labour (fanompoana) to build Jean Laborde's foundries and workshops at Mantasoa, which made guns, glass, soap and textiles.",state workshops;forced labour,gun;glass;cloth,war;rule and display,Merina court records; missionary accounts,"the forced labourers at Mantasoa, many of whom died",human-flow,Wikimedia Commons,R3,F1.19;F1.23,high,links: POL018
PER061,Jean Laborde,,person,People,F1.6,AF-MAD,1805,1878,,"The French adventurer built an industrial complex at Mantasoa for Ranavalona I, casting cannon and making glass, soap and silk with thousands of forced labourers.",iron founding;glassmaking;soap making,cannon;glass;soap,war;tools,himself; Merina court,the forced labourers who did the work,human-flow,Wikimedia Commons,R3,F1.19;F1.23,high,links: POL018
PER062,Tippu Tip,Hamad bin Muhammad al-Murjabi,person,People,F1.6,AF-SWA;AF-CEN,1837,1905,born c. 1837,"The Zanzibari trader ran caravans into the Congo basin that moved ivory to the coast for Indian, European and American workshops, using enslaved porters and trading enslaved people.",ivory trade;caravan trade,ivory tusk,exchange and value,himself (his autobiography); colonial records,the enslaved porters and captives; the elephant hunters,human-flow,Wikimedia Commons,R3,F1.13;F1.23,high,links: NET014; POL011
PER063,Ghezo,Guezo,person,People,F1.6,AF-GUI,1818,1858,reign dates,"The Dahomey king's reign saw court appliqué cloths and brass works expand, funded in part by the Atlantic trade in enslaved people.",appliqué;brass casting,appliqué cloth;brass figure,rule and display;war,Dahomey court; European visitors' accounts,the enslaved people sold; the Yemadje and other court artisans,human-flow,Wikimedia Commons,R3,F1.17;F1.23,high,links: POL030; MKR005
PER064,Béhanzin,Gbêhanzin,person,People,F1.6,AF-GUI,1845,1906,born c. 1845; reigned 1889–1894,"The last independent king of Dahomey's palace works, including royal statues, were taken by French forces in 1892; 26 of them were returned to Benin in 2021.",court patronage;wood carving;appliqué,royal statue;throne;door,rule and display,Dahomey court; French military records,"the court artists who carved the royal statues, such as Sosa Adede",conflict-looting,Wikimedia Commons,R3,F1.24,high,Attributions of the royal statues to named carvers need checking. links: POL030
PER065,Ibn Khaldun,Abd al-Rahman ibn Khaldun,person,People,F1.10;F1.6;THEME,AF-MAG,1332,1406,,The North African historian's Muqaddimah (1377) treats crafts as a product of settled urban life and explains their decline with the decline of cities.,historiography,text,record and writing,himself,rural and nomadic makers whom his model ranked below urban crafts,none,Internet Archive (public-domain scans);Wikimedia Commons,R3,F1.3;F1.28,high,
PER066,Muhammad Ali Pasha,Muhammad Ali of Egypt,person,People,F1.6,AF-EGY,1769,1849,,"The governor of Egypt set up state factories for cotton spinning and weaving, arms and shipbuilding from the 1810s, staffed largely with conscripted workers.",state factories;cotton spinning;weaving,cloth;gun;ship,war;clothing and adornment,historians,the conscripted workers and the peasants forced to grow cotton,human-flow,Wikimedia Commons,R3,F1.19,high,links: DYN008
PER067,Amina of Zazzau,Queen Amina,person,People,F1.6,AF-SAH,1550,1610,"fl.; dates disputed: often given as reign c. 1576–1610 (16th century), but the Kano Chronicle makes her a contemporary of Muhammad Dauda (r. 1421–38)",Hausa tradition credits the queen of Zazzau with fortifying towns with earthen walls (ganuwar Amina).,earthen walls,town wall,war;shelter,Hausa oral tradition; the Kano Chronicle,the labourers and later rulers who built and kept the walls,none,Wikimedia Commons,R3,F1.29,low,Historicity is debated; written accounts are late. links: POL032
PER068,Reinata Sadimba,,person,People,F1.6,AF-SWA,1945,,born 1945; living,"The Makonde artist makes figurative ceramic sculptures, extending a pot-making practice associated with Makonde women.",coil-built clay;open firing,sculpture;pot,ritual and belief,herself,the Makonde women potters from whom she learned,living-community,collection search link-out only (works in copyright),R3,F1.18,medium,Birth year verified (AWARE). links: STY177
PER069,Magdalene Odundo,,person,People,F1.6;F1.11,AF-SWA;EU-BLC,1950,,born 1950; living,"The Kenyan-born potter, based in Britain, makes hand-built burnished vessels fired to black and orange, drawing on potters she studied in Nigeria and Kenya.",coil building;burnishing;reduction firing,vessel,food and storage,herself,"the Gbari and other potters she learned from, including at Abuja",living-community,collection search link-out only (works in copyright),R3,F1.20;F1.18,high,
PER070,Margaret Trowell,,person,People,F1.6,AF-SWA,1904,1985,,The British teacher started art classes at Makerere in Kampala in 1937 that became East Africa's leading art school.,art teaching,painting;craft,rule and display,"herself (African Tapestry, 1957)",the Ugandan students and teachers who shaped the school,none,collection search link-out only (works in copyright),R3,F1.20,high,links: INS002
PER071,K'inich Janaab Pakal,Pakal the Great,person,People,F1.7,AM-MES,603,683,reigned 615–683,"The Palenque king commissioned the Temple of the Inscriptions, whose tomb held his jade mosaic mask and a carved sarcophagus lid.",limestone relief;jade mosaic;stucco,sarcophagus;funerary mask;temple,rule and display;ritual and belief,Maya inscriptions; epigraphers,the sculptors and stucco workers of Palenque,funerary,Wikimedia Commons,R3,F1.17,high,links: CIV018
PER072,Lady Six Sky,Ix Wak Chanil Ajaw,person,People,F1.7,AM-MES,682,741,"fl.; arrived at Naranjo 682, died 741",The noblewoman from Dos Pilas held power at Naranjo and is shown on stelae she commissioned standing over a captive.,limestone relief,stela,rule and display;war,Maya inscriptions; epigraphers,the sculptors of the Naranjo stelae; the captives shown,none,Wikimedia Commons,R3,F1.17;F1.18,medium,Her exact title and role are debated. links: CIV018
PER073,Aj Maxam,Ah Maxam,person,People,F1.7,AM-MES,750,810,"fl.; mid-to-late 8th century (Art Institute of Chicago); his father acceded at Naranjo in 765 and one study puts his birth in the 770s, so activity may run to c. 800","A painter-scribe of Naranjo, son of a Naranjo king and a noblewoman from Yaxha, signed polychrome drinking vessels, showing that elite Maya painters could be named.",slip painting;polychrome ceramic,cylinder vessel,record and writing;ritual and belief,"epigraphers, from signatures on vessels",the potters who formed the vessels he painted,funerary,Wikimedia Commons,R3,F1.26;F1.28,medium,"Verified round 2: the Water-Lily Vessel inscription names him, his royal Naranjo lineage and his parents; his mother was a lady of Yaxha. links: MKR021"
PER074,Moctezuma II,Motecuhzoma Xocoyotzin,person,People,F1.7,AM-MES,1466,1520,reigned 1502–1520,"The Mexica ruler kept featherworkers, goldsmiths and lapidaries whose work reached Europe through Cortés; a feather headdress in Vienna was later linked to him by tradition.",featherwork;gold casting;turquoise mosaic,headdress;shield;mosaic mask,rule and display;ritual and belief,Spanish chroniclers; Nahua accounts (Florentine Codex),the amanteca featherworkers and other artisans who made the objects,conflict-looting,"Wikimedia Commons;Digital Florentine Codex, Getty Research Institute (link out)",R3,F1.17;F1.24,high,The Vienna headdress's link to him is not proven; Mexico has asked for its return. links: POL051; MKR019
PER075,Diego de Alvarado Huanitzin,Huanitzin,person,People,F1.7,AM-MES;AM-LAT,1500,1541,born c. 1500,"The Nahua governor of Mexico-Tenochtitlan sent the feather mosaic Mass of Saint Gregory (1539) to Pope Paul III, the earliest dated colonial featherwork.",feather mosaic,feather painting,ritual and belief,inscription on the work; art historians,the amanteca featherworkers who made it,none,Wikimedia Commons,R3,F1.17;F1.2,high,"The work is in the Musée des Jacobins, Auch. links: MKR019"
PER076,Bernardino de Sahagún,,person,People,F1.7,AM-LAT,1499,1590,,"The Franciscan friar directed the Florentine Codex (completed c. 1577), in which Nahua scholars and painters recorded crafts such as featherwork, goldsmithing and lapidary work.",ethnographic compilation;manuscript,codex,record and writing,himself,"the Nahua scholars (Antonio Valeriano, Martín Jacobita, Pedro de San Buenaventura, Alonso Vegerano, Diego de Grado, Bonifacio Maximiliano, Mateo Severino), the painters and the elders they interviewed",none,"Digital Florentine Codex, Getty Research Institute (link out);Wikimedia Commons",R2,F1.28;F1.3;F1.26,high,links: INS009
PER077,Martín de la Cruz,,person,People,F1.7,AM-LAT,1552,1552,fl.; 1552,"A Nahua physician at Tlatelolco wrote the illustrated herbal known as the Libellus de Medicinalibus Indorum Herbis (1552), translated into Latin by Juan Badiano.",herbal compilation;manuscript painting,herbal manuscript,care and access;record and writing,the manuscript; historians,the unnamed painters of the plant images; the translator Juan Badiano,none,Wikimedia Commons,R3,F1.28,high,The manuscript was returned from the Vatican to Mexico in 1990. links: INS009
PER078,Felipe Guaman Poma de Ayala,,person,People,F1.7,AM-AND,1535,1616,born c. 1535; died after 1615,"The Andean author drew nearly 400 pages of images in his letter to the Spanish king, the Nueva corónica y buen gobierno (c. 1615), recording Andean labour, crafts and colonial abuse.",pen drawing;manuscript,chronicle,record and writing,"himself; the Royal Danish Library, which holds it","the Andean weavers, khipu keepers and workers he drew",human-flow,community-published site (link-out);Wikimedia Commons,R2,F1.28;F1.23,high,The Royal Danish Library publishes a free facsimile; the drawings show forced labour. links: MKR024; MKR023
PER079,Pachacuti,Pachacuti Inca Yupanqui,person,People,F1.7,AM-AND,1438,1471,"reign dates, approximate",Inca tradition credits the ruler with rebuilding Cuzco in fitted stone masonry and expanding a state that moved craft specialists and organised cloth production across the Andes.,fitted stone masonry;state cloth production,palace;terrace;textile,rule and display;shelter,Spanish chroniclers from Inca oral histories,"the mit'a labourers, aqllakuna and relocated artisans who did the work",human-flow,Wikimedia Commons,R3,F1.17;F1.23,medium,Chronology is from chroniclers and debated. links: POL061; MKR023; MKR025
PER080,Diego Quispe Tito,,person,People,F1.7,AM-LAT;AM-AND,1611,1681,died c. 1681,"The Quechua painter was a leading master of the Cuzco School, signing religious paintings that set European print compositions among Andean birds and landscapes.",oil painting;print-based composition,religious painting,ritual and belief,signatures; art historians,workshop assistants; the European printmakers whose compositions he adapted,none,Wikimedia Commons;collection search link-out only (works in copyright),R3,F1.26;F1.14,high,links: SCH004
PER081,Aleijadinho,Antônio Francisco Lisboa,person,People,F1.7,AM-LAT,1738,1814,born c. 1738,"The Brazilian sculptor and architect, son of a Portuguese builder and an enslaved African woman, carved soapstone prophets at Congonhas and church façades in Minas Gerais.",soapstone carving;wood carving;architecture,church façade;statue,ritual and belief,contracts; an 1858 biography by Rodrigo Bretas,the enslaved assistants in his workshop,human-flow,Wikimedia Commons,R3,F1.26;F1.23,high,Some biographical details rest on the 1858 biography. links: POL072
PER082,Juan Correa,,person,People,F1.7,AM-LAT,1646,1716,approximate,"The Afro-Mexican painter ran a large Mexico City workshop producing altarpieces, folding screens and religious paintings.",oil painting;folding screen,altarpiece;folding screen,ritual and belief;rule and display,art historians,his workshop assistants,none,Wikimedia Commons;LACMA Collections Online (public-domain images),R3,F1.26,medium,links: POL069
PER083,José Guadalupe Posada,,person,People,F1.7,AM-LAT,1852,1913,,"The Mexican printmaker engraved images for cheap broadsides, including the calavera skeletons later taken up as national symbols.",type-metal engraving;zinc etching,broadside;print,record and writing,"himself; later artists who promoted him (Diego Rivera, Jean Charlot)",his publisher Antonio Vanegas Arroyo and other workshop engravers,none,Library of Congress (public-domain items);Wikimedia Commons,R2,F1.29;F1.2,high,
PER084,Gerardo Murillo,Dr. Atl,person,People,F1.7,AM-LAT,1875,1964,,"The Mexican painter co-organised the 1921 exhibition of popular arts and wrote Las artes populares en México (1922), helping make folk craft a national emblem.",exhibition;writing,book;painting,rule and display,himself; the Mexican state,"the makers whose work was shown, often without names",none,Internet Archive (public-domain scans);Wikimedia Commons,R3,F1.3;F1.29,high,links: POL076
PER085,Frida Kahlo,,person,People,F1.7,AM-LAT,1907,1954,,"The Mexican painter wore Tehuana dress from the Isthmus of Tehuantepec as self-presentation, making Zapotec women's clothing an internationally known image.",painting;dress,painting;huipil,clothing and adornment,herself; museums (her clothes shown from 2004),the Zapotec women who wove and embroidered the huipiles and skirts she wore,none,collection search link-out only (works in copyright),R3,F1.2;F1.18,high,
PER086,Clara Porset,,person,People,F1.7,AM-LAT;AM-CAR,1895,1981,,"The Cuban-born designer, working in Mexico, redesigned the butaque chair with rural makers and organised the exhibition El arte en la vida diaria (1952).",furniture design;woven palm and ixtle,chair;furniture,shelter,herself,the rural carpenters and weavers who made her furniture,none,collection search link-out only (works in copyright),R3,F1.20;F1.29,high,
PER087,Pedro Friedeberg,,person,People,F1.7,AM-LAT,1936,2026,born 11 January 1936 in Florence; died 5 March 2026,"The Italian-born Mexican artist is known for the Hand-Foot Chair (from 1962), a carved sculptural chair made by artisans.",carved wood;gilding,chair,shelter,himself,the carpenters who carve the chairs,none,collection search link-out only (works in copyright),R3,F1.20,high,
PER088,Juan Quezada,,person,People,F1.7,AM-LAT;AM-WST,1940,2022,,"The Chihuahua potter taught himself to make pots in the manner of ancient Paquimé (Casas Grandes) ware, starting the Mata Ortiz pottery revival in the 1970s.",coil building;burnishing;mineral paint,jar,food and storage,himself; the promoter Spencer MacCallum,"the family potters of Mata Ortiz, such as his sister Lydia Quezada",none,collection search link-out only (works in copyright),R3,F1.29;F1.28,high,
PER089,Teodora Blanco,,person,People,F1.7,AM-LAT,1928,1980,,The Oaxacan potter of Santa María Atzompa modelled clay figures of women with applied decoration that became widely collected.,modelled clay;appliqué,figure,ritual and belief,herself; collectors,the Atzompa family potters who continued her designs,none,collection search link-out only (works in copyright),R3,F1.29;F1.18,medium,
PER090,Rosa Real Mateo,Doña Rosa,person,People,F1.7,AM-LAT,1900,1980,born c. 1900,The potter of San Bartolo Coyotepec is credited with burnishing black clay before firing to give it a shiny surface in the 1950s.,burnishing;reduction firing,jar;figure,food and storage,her family workshop; tourism writers,the earlier Coyotepec potters whose matte black ware she changed,none,collection search link-out only (works in copyright),R3,F1.29;F1.18,medium,
PER091,Hector Hyppolite,,person,People,F1.7,AM-CAR,1894,1948,,"The Haitian Vodou priest and painter joined the Centre d'Art in 1944 and became its best-known artist, painting the lwa with house paint and feathers.",enamel house paint;painting,painting,ritual and belief,himself; the Centre d'Art; André Breton,the Vodou communities whose spirits he painted,sacred,collection search link-out only (works in copyright),R3,F1.20;F1.26,high,links: INS018
PER092,Edna Manley,,person,People,F1.7,AM-CAR,1900,1987,,The English-born Jamaican sculptor carved figures such as Negro Aroused (1935) and helped found Jamaica's school of art.,wood carving;bronze,sculpture,rule and display,herself,the Jamaican students and artists at the school,none,collection search link-out only (works in copyright),R3,F1.20,high,
PER093,Amelia Peláez,,person,People,F1.7,AM-CAR,1896,1968,,"The Cuban painter took the stained-glass fanlights and ironwork of colonial Havana houses into paintings, ceramics and murals.",painting;ceramics;mural,painting;ceramic;mural,shelter,herself,the anonymous glaziers and ironworkers of colonial Havana,none,collection search link-out only (works in copyright),R3,F1.20;F1.15,high,
PER094,Lina Bo Bardi,,person,People,F1.7,AM-LAT,1914,1992,,The Italian-born Brazilian architect designed the São Paulo Museum of Art and SESC Pompéia and collected and exhibited northeastern Brazilian popular objects.,concrete;architecture;exhibition design,museum;chair;exhibition,shelter,herself,the northeastern makers whose objects she exhibited,none,collection search link-out only (works in copyright),R3,F1.20;F1.29,high,
PER095,Oscar Niemeyer,,person,People,F1.7,AM-LAT,1907,2012,,The Brazilian architect designed the main buildings of Brasília in curved reinforced concrete.,reinforced concrete,public building;church,shelter;rule and display,himself,the migrant workers (candangos) who built Brasília; engineer Joaquim Cardozo,none,collection search link-out only (works in copyright),R3,F1.20,high,links: STY075
PER096,Roberto Burle Marx,,person,People,F1.7,AM-LAT,1909,1994,,The Brazilian landscape designer planted gardens with native species and designed the wave-patterned pavements of Copacabana.,landscape design;mosaic paving;tile,garden;pavement,shelter,himself,"the gardeners and plant collectors, and local plant knowledge he drew on",none,collection search link-out only (works in copyright),R3,F1.20;F1.22,high,
PER097,Lygia Clark,,person,People,F1.7,AM-LAT,1920,1988,,The Brazilian artist moved from hinged metal Bichos (1960) to objects made to be handled by participants in therapeutic sessions.,hinged metal;fabric;found materials,sculpture;relational object,care and access;play and music,herself,the participants whose handling completed the works,none,collection search link-out only (works in copyright),R3,F1.20,high,links: MOV064
PER098,Hélio Oiticica,,person,People,F1.7,AM-LAT,1937,1980,,"The Brazilian artist made the Parangolés (from 1964), capes and banners worn in movement by samba dancers of Mangueira.",fabric;plastic;paint,cape;banner;installation,clothing and adornment;play and music,himself,the Mangueira samba school members who wore and helped shape the capes,none,collection search link-out only (works in copyright),R3,F1.20;F1.4,high,links: MOV064; MOV065
PER099,Lygia Pape,,person,People,F1.7,AM-LAT,1927,2004,,"The Brazilian artist made the Livro da criação and Divisor (1968), a huge cloth pierced for many heads worn by a crowd.",woodcut;book object;cloth,book;performance cloth,clothing and adornment;play and music,herself,the participants who wore Divisor,none,collection search link-out only (works in copyright),R3,F1.20,high,links: MOV064
PER100,Geraldo de Barros,,person,People,F1.7,AM-LAT,1923,1998,,"The Brazilian artist co-founded the furniture cooperative Unilabor in 1954, where workers shared ownership of production.",furniture design;cooperative production,chair;table,shelter,himself,the Unilabor workers and the Dominican friar João Batista Pereira dos Santos who co-founded it,none,collection search link-out only (works in copyright),R3,F1.20;F1.17,high,links: MOV063
PER101,Tarsila do Amaral,,person,People,F1.7,AM-LAT,1886,1973,,The Brazilian painter's Abaporu (1928) prompted the Antropofagia movement's idea of 'devouring' European culture.,oil painting,painting,rule and display,herself; Oswald de Andrade,the Afro-Brazilian and Indigenous imagery she drew on,none,collection search link-out only (works in copyright),R3,F1.2;F1.20,high,links: MOV060
PER102,Joaquín Torres-García,,person,People,F1.7,AM-LAT,1874,1949,,The Uruguayan artist made wooden toys and constructive paintings and ran a workshop in Montevideo (from 1943) joining Andean signs with modernist grids.,painting;wood toys;workshop teaching,painting;toy,play and music,himself,the workshop members; the Andean makers whose signs he borrowed,none,collection search link-out only (works in copyright),R3,F1.20;F1.2,high,links: SCH007
PER103,Gego,Gertrud Goldschmidt,person,People,F1.7,AM-LAT,1912,1994,,"The German-born Venezuelan artist, trained as an architect, made the Reticulárea, room-filling nets of linked wire (from 1969).",wire;linking,installation,shelter,herself,the assistants who helped assemble the nets,none,collection search link-out only (works in copyright),R3,F1.20,high,
PER104,Olga de Amaral,,person,People,F1.7,AM-LAT,1932,,born 1932; living,"The Colombian textile artist makes woven and gilded hangings that combine fibre, gesso and gold leaf.",weaving;gold leaf;gesso,wall hanging,rule and display,herself,the weavers who work in her studio,living-community,collection search link-out only (works in copyright),R3,F1.18;F1.20,high,
PER105,Violeta Parra,,person,People,F1.7,AM-LAT,1917,1967,,"The Chilean singer and artist made embroidered arpilleras and wool tapestries, shown at the Musée des Arts Décoratifs in Paris in 1964.",embroidery;arpillera;wool,tapestry,rule and display,herself,the rural women embroiderers whose techniques she used,none,collection search link-out only (works in copyright),R3,F1.18;F1.29,high,
PER106,Sheila Hicks,,person,People,F1.11;F1.7,AM-EWD;EU-WCE,1934,,born 1934; living,"The American textile artist studied Andean weaving and worked in Mexico, Chile and India, making woven and wrapped works from miniatures to architectural scale.",weaving;wrapping,textile;wall hanging,rule and display,herself,the Andean weavers she studied; the workshops that wove her designs,living-community,collection search link-out only (works in copyright),R3,F1.18;F1.20,high,
PER107,Nampeyo,,person,People,F1.7,AM-WST,1859,1942,born c. 1859,"The Hopi-Tewa potter of Hano developed a style from ancient Sikyatki pottery designs, starting a family line of potters.",coil building;polished slip;mineral paint,jar;bowl,food and storage,herself; archaeologists and tourist promoters,"her daughters, who painted her pots as her eyesight failed; the Hopi women potters around her",Indigenous-community,Smithsonian Open Access (CC0);Smithsonian NMNH Anthropology via Smithsonian Open Access (CC0 where marked);community-published site (link-out),R1,F1.26;F1.29;F1.2,high,Some communities follow protocols about images of the deceased; consult. links: MKR028; STY077
PER108,Maria Martinez,,person,People,F1.7,AM-WST,1887,1980,,"The San Ildefonso Pueblo potter and her husband Julian developed polished black-on-black ware around 1918–19, and her signature on pots from the 1920s changed how Pueblo pottery was sold.",coil building;burnishing;smudge firing,jar;plate,food and storage,herself; museum and dealer promotion,Julian and later relatives who painted her pots; other San Ildefonso potters whose pots she is said to have signed,Indigenous-community,Smithsonian Open Access (CC0);Smithsonian NMNH Anthropology via Smithsonian Open Access (CC0 where marked);collection search link-out only (works in copyright),R2,F1.26;F1.29;F1.18,high,Signing of other potters' work is reported; verify. links: STY077
PER109,Julian Martinez,,person,People,F1.7,AM-WST,1879,1943,,"The San Ildefonso painter decorated Maria Martinez's pots, developing matte-on-polished black designs such as the avanyu water serpent.",mineral paint;slip painting,jar;plate,food and storage,museum records,"his role, often hidden by Maria's signature",Indigenous-community,Smithsonian Open Access (CC0);collection search link-out only (works in copyright),R3,F1.26;F1.18,high,links: STY077
PER110,Margaret Tafoya,,person,People,F1.7,AM-WST,1904,2001,,The Santa Clara Pueblo potter made large carved and polished black and red storage jars and passed her techniques to many descendants.,coil building;carving;burnishing,storage jar,food and storage,herself; family,the older Santa Clara potters she learned from,Indigenous-community,collection search link-out only (works in copyright);Smithsonian Open Access (CC0),R3,F1.29;F1.18,high,
PER111,Lucy M. Lewis,,person,People,F1.7,AM-WST,1898,1992,birth year given as 1890 to 1898,The Acoma Pueblo potter revived fine-line black-on-white designs from ancient Mimbres and other sherds.,coil building;fine-line painting,jar;bowl,food and storage,herself; museums,the ancestral potters whose designs she studied,Indigenous-community,collection search link-out only (works in copyright);Smithsonian Open Access (CC0),R3,F1.29;F1.2,high,
PER112,Hosteen Klah,Hastiin Tłʼah,person,People,F1.7,AM-WST,1867,1937,,"The Diné medicine man and weaver, recognised as nádleehí, wove textiles with sandpainting designs, which many Diné thought improper, and co-founded a museum with Mary Cabot Wheelwright.",handspun wool;tapestry weaving,rug;sandpainting textile,ritual and belief,himself; Wheelwright Museum,the Diné singers whose ceremonies the designs come from; his nieces who helped weave,Indigenous-community;sacred,collection search link-out only (works in copyright);community-published site (link-out),R3,F1.16;F1.18,high,Ceremonial designs are sacred; consult before showing. links: STY078
PER113,Mary Cabot Wheelwright,,person,People,F1.7,AM-WST,1878,1958,,"The Boston collector founded the House of Navajo Religion (1937, now the Wheelwright Museum) in Santa Fe with Hosteen Klah.",collecting;museum founding,sandpainting textile;recording,ritual and belief,herself,the Diné singers whose knowledge she recorded,sacred;Indigenous-community,community-published site (link-out),R3,F1.24,high,Museum returned some ceremonial items in the 1970s; verify.
PER114,Daisy Taugelchee,,person,People,F1.7,AM-WST,1909,1990,,The Diné weaver from Two Grey Hills spun very fine wool and wove tapestries of exceptional thread count in natural fleece colours.,handspinning;tapestry weaving,rug;tapestry,clothing and adornment;shelter,herself; museums,the Two Grey Hills weavers and traders who set the regional style,Indigenous-community,collection search link-out only (works in copyright),R3,F1.18;F1.29,high,links: STY078
PER115,Juan Lorenzo Hubbell,,person,People,F1.7,AM-WST,1853,1930,,"The trader at Ganado encouraged Diné weavers to make rugs from designs painted for his catalogue, steering weaving towards a market of floor rugs.",trading;design catalogue,rug,exchange and value,himself; trading post records,"the weavers, whose names were rarely recorded",Indigenous-community,community-published site (link-out);Wikimedia Commons,R3,F1.17;F1.21,high,links: INS013
PER116,Sequoyah,,person,People,F1.7,AM-EWD,1770,1843,born c. 1770,"The Cherokee silversmith devised the Cherokee syllabary (1821), which spread quickly and was cast in type for the Cherokee Phoenix (1828).",syllabary design;silversmithing,syllabary;newspaper,record and writing,Cherokee Nation; historians,the Cherokee printers and his daughter Ayoka who helped demonstrate it,Indigenous-community,Library of Congress (public-domain items);Wikimedia Commons,R3,F1.5,high,links: POL065
PER117,Dat So La Lee,Louisa Keyser,person,People,F1.7,AM-WST,1850,1925,birth year uncertain; promoters claimed c. 1829,"The Washoe basket weaver made fine coiled degikup baskets sold by the Carson City dealers Abe and Amy Cohn, who invented stories about her age and her designs' meanings.",coiled basketry;willow;bracken fern root,basket,food and storage;ritual and belief,herself; her dealers' certificates,the Washoe women weavers whose tradition she worked in; the dealers' fabrications,Indigenous-community,collection search link-out only (works in copyright);community-published site (link-out),R2,F1.26;F1.21,high,Useful for how dealers built authorship.
PER118,Elsie Allen,,person,People,F1.7,AM-WST,1899,1990,,The Pomo basket weaver broke with the custom of destroying a weaver's baskets at death and taught Pomo basketry to keep it alive.,coiled and twined basketry;sedge root;feathers,basket,food and storage;ritual and belief,"herself (Pomo Basketmaking, 1972)","her mother and grandmother, whose baskets she kept",Indigenous-community,collection search link-out only (works in copyright);community-published site (link-out),R3,F1.18;F1.29,high,
PER119,Charles Edenshaw,Da.axiigang,person,People,F1.7,AM-NWC,1839,1920,born c. 1839,"The Haida carver and jeweller made argillite carvings, engraved silver bracelets and painted hats, and drew designs for anthropologists Franz Boas and John Swanton.",argillite carving;silver engraving;painting,bracelet;argillite carving;hat,clothing and adornment;rule and display,himself; anthropologists; museums,"his wife Isabella Edenshaw, who wove the spruce-root hats he painted",Indigenous-community,collection search link-out only (works in copyright);Smithsonian Open Access (CC0),R2,F1.26;F1.18,high,links: STY076
PER120,Isabella Edenshaw,Kwii.aang,person,People,F1.7,AM-NWC,1858,1926,"born c. 1858 (Museum of Anthropology, UBC; some sources give c. 1842); died 1926","The Haida weaver made spruce-root hats and baskets, several painted by her husband Charles Edenshaw, and is often left out of attributions to him.",spruce-root weaving,hat;basket,clothing and adornment,museum records; Haida family history,"herself, when works are credited to Charles alone",Indigenous-community,collection search link-out only (works in copyright),R3,F1.26;F1.18,medium,Dates checked round 2: MOA gives 1858–1926; birth year is disputed.
PER121,Willie Seaweed,Hilamas,person,People,F1.7,AM-NWC,1873,1967,born c. 1873,"The Kwakwaka'wakw carver made masks, poles and potlatch objects with compass-drawn forms and continued carving while potlatches were banned.",wood carving;painting,mask;pole;headdress,ritual and belief;rule and display,himself; art historian Bill Holm,the potlatch hosts and dancers for whom the masks were made,Indigenous-community;sacred,collection search link-out only (works in copyright),R3,F1.16;F1.26,high,
PER122,Mungo Martin,Nakapankam,person,People,F1.7,AM-NWC,1879,1962,born c. 1879,The Kwakwaka'wakw carver restored and replicated poles for the University of British Columbia and the BC Provincial Museum from 1947 and built a big house in Victoria in 1953.,wood carving;painting,totem pole;house,rule and display;ritual and belief,himself; museum programmes,"the apprentices he trained, including Henry Hunt and Tony Hunt",Indigenous-community,collection search link-out only (works in copyright),R3,F1.24;F1.29,high,
PER123,Ellen Neel,,person,People,F1.7,AM-NWC,1916,1966,,"The Kwakwaka'wakw carver, among the first women to carve totem poles professionally, ran a carving business in Vancouver's Stanley Park and carved poles for public sites.",wood carving;painting,totem pole;souvenir carving,rule and display,herself,the family carvers who worked with her,Indigenous-community,collection search link-out only (works in copyright),R3,F1.18;F1.21,high,
PER124,Bill Reid,,person,People,F1.7,AM-NWC,1920,1998,,The Haida artist relearned Haida design from museum pieces and made jewellery and large sculptures such as The Spirit of Haida Gwaii (1991).,gold and silver engraving;wood carving;bronze casting,jewellery;sculpture,clothing and adornment;rule and display,himself,the many assistants who carved and cast his large works,Indigenous-community,collection search link-out only (works in copyright),R3,F1.26;F1.24,high,links: STY076
PER125,Florence Davidson,Jaadal q'egangaa,person,People,F1.7,AM-NWC,1896,1993,,"The Haida button-blanket maker, daughter of Charles and Isabella Edenshaw, kept regalia making alive in Old Massett.",appliqué;button blanket,button blanket,clothing and adornment;rule and display,"her life history recorded by Margaret Blackman (During My Time, 1982)",the other women regalia makers,Indigenous-community,collection search link-out only (works in copyright),R3,F1.18,high,
PER126,Jennie Thlunaut,Shax'saani Keek',person,People,F1.7,AM-NWC,1892,1986,born c. 1890–92,The Tlingit weaver made some fifty Chilkat robes and taught the technique to younger weavers in the 1980s.,Chilkat weaving;mountain goat wool;cedar bark,robe;tunic,clothing and adornment;ritual and belief,herself; weaving students,the earlier Chilkat weavers she learned from,Indigenous-community,collection search link-out only (works in copyright),R3,F1.18;F1.29,high,
PER127,George Hunt,,person,People,F1.7,AM-NWC,1854,1933,,The Tlingit-English Kwakwaka'wakw interpreter collected objects for museums and wrote much of the Kwakwaka'wakw material published under Franz Boas's name.,collecting;ethnographic writing,mask;text,record and writing,Boas's publications; historians,"himself, as uncredited co-author; the families from whom objects were bought",Indigenous-community,Internet Archive (public-domain scans),R3,F1.26;F1.24,high,
PER128,Franz Boas,,person,People,F1.7;THEME,AM-NWC;AM-EWD,1858,1942,,The German-American anthropologist's Primitive Art (1927) analysed Northwest Coast design as a formal system and shaped museum collecting in New York.,ethnography;museum collecting,text,record and writing,himself,George Hunt and other Indigenous co-researchers,Indigenous-community,Internet Archive (public-domain scans),R3,F1.3;F1.24,high,links: STY076
PER129,Kenojuak Ashevak,,person,People,F1.7,AM-ARC,1927,2013,,The Inuk artist from Kinngait (Cape Dorset) made drawings translated into prints such as The Enchanted Owl (1960).,drawing;stone-cut print;stencil,print;drawing,rule and display,herself; West Baffin Eskimo Co-operative,the printmakers who cut the stones from her drawings,Indigenous-community,collection search link-out only (works in copyright),R3,F1.20;F1.26,high,links: MKR029
PER130,Pitseolak Ashoona,,person,People,F1.7,AM-ARC,1904,1983,born c. 1904,The Inuk artist of Kinngait made thousands of drawings of camp life that were printed by the co-operative.,drawing;print,print;drawing,rule and display,"herself (Pictures Out of My Life, 1971)",the printmakers who cut her images,Indigenous-community,collection search link-out only (works in copyright),R3,F1.20;F1.29,high,links: MKR029
PER131,Jessie Oonark,,person,People,F1.7,AM-ARC,1906,1985,,"The Inuk artist of Qamani'tuaq (Baker Lake) made drawings, prints and large wall hangings of appliquéd felt and stroud.",appliqué;drawing;stencil print,wall hanging;print,clothing and adornment;rule and display,herself; Baker Lake studio,"her children, several of whom became artists; the women sewers of Baker Lake",Indigenous-community,collection search link-out only (works in copyright),R3,F1.18;F1.20,high,
PER132,Aron of Kangeq,,person,People,F1.7,AM-ARC,1822,1869,,"The Greenlandic hunter and artist made woodcuts and watercolours of Inuit tales for Hinrich Rink's collection, printed at Godthåb (Nuuk).",woodcut;watercolour,print;illustration,record and writing,Hinrich Rink; Greenland National Museum,other Greenlandic contributors to Rink's collection,Indigenous-community,Wikimedia Commons,R3,F1.29;F1.28,high,links: POL080
PER133,David Drake,Dave the Potter,person,People,F1.7,AM-EWD,1801,1870,born c. 1801; died c. 1870s,"An enslaved potter at Edgefield, South Carolina, he turned large alkaline-glazed stoneware storage jars and inscribed some with his name, dates and couplets, though literacy was banned for enslaved people.",wheel throwing;alkaline glaze,storage jar,food and storage,his inscriptions; museums,the other enslaved potters of Edgefield whose names are not on their jars,human-flow,Met Open Access (CC0);Smithsonian Open Access (CC0),R1,F1.23;F1.26;F1.28,high,Content note needed.
PER134,Harriet Powers,,person,People,F1.7,AM-EWD,1837,1910,,"Born enslaved in Georgia, she made appliqué quilts with Bible and local scenes; two survive, in the Smithsonian and the Museum of Fine Arts, Boston.",appliqué;hand and machine stitching,quilt,clothing and adornment;ritual and belief,"herself; Jennie Smith, who bought and described a quilt",the enslaved women quilters whose names are lost,human-flow,Smithsonian Open Access (CC0),R2,F1.23;F1.18,high,Content note needed. links: MKR034
PER135,Elizabeth Keckley,,person,People,F1.7,AM-EWD,1818,1907,born c. 1818,"Born enslaved, she bought her freedom through dressmaking and became Mary Todd Lincoln's dressmaker, writing Behind the Scenes (1868).",dressmaking,dress,clothing and adornment,herself (Behind the Scenes),the seamstresses she employed; the enslaved women whose sewing supported slaveholding households,human-flow,Smithsonian Open Access (CC0);Library of Congress (public-domain items),R3,F1.23;F1.18,high,Content note needed.
PER136,Thomas Day,,person,People,F1.7,AM-EWD,1801,1861,died c. 1861,"The free Black cabinetmaker of Milton, North Carolina, ran one of the state's largest furniture workshops and himself held enslaved workers.",cabinetmaking;joinery,chair;cabinet;interior woodwork,shelter,historians; museum records,the enslaved and hired workers in his shop,human-flow,community-published site (link-out),R3,F1.23;F1.26,high,Context: he both faced racial restriction and enslaved others.
PER137,John Hemmings,,person,People,F1.7,AM-EWD,1776,1833,,The enslaved joiner at Monticello made furniture and woodwork for Thomas Jefferson's houses and was freed by Jefferson's will.,joinery;cabinetmaking,furniture;interior woodwork,shelter,Monticello records,the other enslaved craftsmen at Monticello,human-flow,community-published site (link-out),R3,F1.23,high,
PER138,Mary Lee Bendolph,,person,People,F1.7,AM-EWD,1935,,born 1935; living,"The Gee's Bend quilter makes quilts from worn clothing and scraps in improvised patterns, shown in museums since 2002.",piecing;quilting;reused cloth,quilt,clothing and adornment,herself; museums,the other Gee's Bend quilters and the collectors who framed their work as art,living-community,collection search link-out only (works in copyright),R3,F1.18;F1.22a,high,links: MKR034
PER139,Annie Mae Young,,person,People,F1.7,AM-EWD,1928,2012,,"The Gee's Bend quilter pieced quilts from work clothes, including a well-known quilt of denim and corduroy made around 1976.",piecing;quilting;reused cloth,quilt,clothing and adornment,herself; museums,the other Gee's Bend quilters,none,collection search link-out only (works in copyright),R3,F1.18;F1.22a,high,links: MKR034
PER140,Faith Ringgold,,person,People,F1.7,AM-EWD,1930,2024,,"The American artist made story quilts from 1980, joining painting with quilting learned from her mother's family.",painting on cloth;quilting,story quilt,record and writing;clothing and adornment,herself,"her mother Willi Posey, a dressmaker who sewed early quilts with her",none,collection search link-out only (works in copyright),R3,F1.18;F1.20,high,
PER141,Ann Lee,Mother Ann Lee,person,People,F1.7,AM-EWD;EU-BLC,1736,1784,,"The English-born founder of the Shakers in America led the community whose rules later shaped its plain furniture, oval boxes and tools.",religious leadership,chair;box,ritual and belief,Shaker tradition,"the Shaker makers, many unnamed, who made the objects after her death",none,Met Open Access (CC0);Wikimedia Commons,R3,F1.16,high,links: MKR030
PER142,Eli Whitney,,person,People,F1.7,AM-EWD,1765,1825,,The American inventor patented a cotton gin (1794) that made short-staple cotton profitable and helped expand slavery in the US South.,cotton ginning,cotton gin,tools,patent records; historians,the enslaved people whose forced labour grew the cotton; earlier gin makers,human-flow,Library of Congress (public-domain items);Wikimedia Commons,R3,F1.19;F1.23,high,His claims about interchangeable musket parts are exaggerated. links: NET056
PER143,Henry Ford,,person,People,F1.7,AM-EWD,1863,1947,,The American manufacturer introduced the moving assembly line at Highland Park in 1913 to build the Model T.,assembly line;interchangeable parts,car,transport,himself; Ford Motor Company,the engineers who designed the line and the workers who ran it; the rubber workers at Fordlândia,none,Library of Congress (public-domain items),R3,F1.19,high,links: INS065
PER144,Candace Wheeler,,person,People,F1.7,AM-EWD,1827,1923,,The American textile designer co-founded the Society of Decorative Art (1877) to sell women's needlework and directed the Women's Building interiors at the 1893 Chicago fair.,textile design;embroidery,textile;interior,shelter;clothing and adornment,herself,the women needleworkers whose work the society sold,none,"Met Open Access (CC0);Cooper Hewitt Open Access (CC0 metadata, images where PD)",R3,F1.18;F1.17,high,links: EVT007
PER145,Louis Comfort Tiffany,,person,People,F1.7,AM-EWD,1848,1933,,The American designer ran the studios whose leaded-glass windows and lamps used opalescent glass made in his own furnaces.,opalescent glass;leaded glass;favrile glass,lamp;window;vase,shelter,himself; Tiffany Studios,Clara Driscoll and the women glass cutters who designed and made many lamps,none,"Met Open Access (CC0);Cooper Hewitt Open Access (CC0 metadata, images where PD)",R2,F1.26;F1.18,high,links: MKR032
PER146,Clara Driscoll,,person,People,F1.7,AM-EWD,1861,1944,,"She headed Tiffany Studios' women's glass-cutting department and designed lamps such as the Dragonfly, credited only after her letters were found in 2005.",leaded glass;design,lamp,shelter,her letters (found 2005); curators,herself and the 'Tiffany Girls' she supervised,none,Met Open Access (CC0),R2,F1.26;F1.18;F1.23,high,links: MKR032
PER147,Maria Longworth Nichols,,person,People,F1.7,AM-EWD,1849,1932,,"The Cincinnati heiress founded Rookwood Pottery in 1880, employing decorators, many of them women, to paint underglaze art pottery.",underglaze slip painting,vase,rule and display,herself,"the Rookwood decorators and throwers, including many women",none,"Met Open Access (CC0);Cooper Hewitt Open Access (CC0 metadata, images where PD)",R3,F1.18;F1.17,high,
PER148,Adelaide Alsop Robineau,,person,People,F1.7,AM-EWD,1865,1929,,"The American potter carved porcelain with great patience, including the Scarab Vase (1910), and edited the magazine Keramic Studio.",carved porcelain;high-fire glaze,vase,rule and display,herself,the china painters who read and wrote for her magazine,none,"collection search link-out only (works in copyright);Cooper Hewitt Open Access (CC0 metadata, images where PD)",R3,F1.20;F1.18,high,
PER149,Marion Mahony Griffin,,person,People,F1.7;F1.12,AM-EWD;OC-AUS,1871,1961,,The American architect made many of the presentation drawings for Frank Lloyd Wright's early work and co-designed Canberra's plan with Walter Burley Griffin.,architectural drawing;town planning,drawing;house;town plan,shelter,herself (The Magic of America),"herself, when drawings are credited to Wright or Griffin",none,collection search link-out only (works in copyright);Wikimedia Commons,R3,F1.26;F1.18,high,
PER150,Raymond Loewy,,person,People,F1.7,AM-EWD,1893,1986,,"The French-born American industrial designer restyled products from locomotives to the Coldspot refrigerator (1934) to sell them, calling his rule 'most advanced yet acceptable'.",industrial design;streamlining,refrigerator;locomotive;logo,food and storage;transport,"himself (Never Leave Well Enough Alone, 1951)",the staff designers in his firm,none,"collection search link-out only (works in copyright);Cooper Hewitt Open Access (CC0 metadata, images where PD)",R3,F1.21;F1.19,high,links: STY043
PER151,Henry Dreyfuss,,person,People,F1.7,AM-EWD,1904,1972,,"The American industrial designer published body-measurement charts (The Measure of Man, 1960) and designed telephones for Bell and tractors for John Deere.",industrial design;anthropometry,telephone;tractor,care and access;tools,"himself (Designing for People, 1955)",Alvin Tilley and the staff who drew the anthropometric charts,none,"Cooper Hewitt Open Access (CC0 metadata, images where PD);collection search link-out only (works in copyright)",R3,F1.19;F1.21,high,links: MOV047
PER152,Charles Eames,,person,People,F1.7;F1.9,AM-WST;AS-SAS,1907,1978,,"The American designer, with Ray Eames, developed moulded plywood and fibreglass furniture, films and the 1958 India Report that led to the National Institute of Design.",moulded plywood;fibreglass;film,chair;film;exhibition,shelter,himself and Ray Eames; Herman Miller,"Ray Eames, often cast as his assistant; the office staff",none,"collection search link-out only (works in copyright);Cooper Hewitt Open Access (CC0 metadata, images where PD)",R3,F1.20;F1.26,high,links: INS033
PER153,Ray Eames,Bernice Alexandra Kaiser,person,People,F1.7;F1.9,AM-WST;AS-SAS,1912,1988,,"The American designer and painter was an equal partner in the Eames Office's furniture, films and exhibitions, a role long described as secondary.",moulded plywood;graphic design;film,chair;textile;film,shelter,herself; historians,"herself, when work is credited to Charles alone",none,"collection search link-out only (works in copyright);Cooper Hewitt Open Access (CC0 metadata, images where PD)",R3,F1.18;F1.26;F1.19b,high,links: INS033
PER154,Florence Knoll,Florence Knoll Bassett,person,People,F1.7,AM-EWD,1917,2019,,"The American architect and designer ran Knoll's Planning Unit, shaping the modern office interior and its furniture.",interior planning;furniture design,office interior;table;sofa,shelter,herself,the designers and upholsterers in the Planning Unit,none,collection search link-out only (works in copyright),R3,F1.17;F1.18,high,
PER155,Eva Zeisel,,person,People,F1.7;F1.11,AM-EWD;EU-EER,1906,2011,,"The Hungarian-born ceramic designer worked in German and Soviet factories, was imprisoned in the Soviet Union in 1936–37, and designed mass-produced tableware in the US.",slip casting;industrial ceramic design,tableware,food and storage,herself,the factory workers who made her designs,none,"collection search link-out only (works in copyright);Cooper Hewitt Open Access (CC0 metadata, images where PD)",R3,F1.18;F1.19,high,
PER156,Ruth Asawa,,person,People,F1.7,AM-WST,1926,2013,,"The Japanese American artist, interned as a teenager, made looped-wire hanging sculptures from a crochet technique she learned from basket makers in Toluca, Mexico, in 1947.",looped wire,hanging sculpture,rule and display,herself,the Toluca basket makers whose loop she adapted,none,collection search link-out only (works in copyright),R3,F1.20;F1.2,high,
PER157,Isamu Noguchi,,person,People,F1.7;F1.8,AM-EWD;AS-JPN,1904,1988,,"The Japanese American sculptor designed the Akari paper lanterns (from 1951), made in Gifu by lantern workshops such as Ozeki.",washi paper;bamboo;stone carving,lamp;table;garden,shelter,himself,the Gifu lantern makers who make the Akari,none,collection search link-out only (works in copyright),R3,F1.20;F1.14,high,
PER158,George Gustav Heye,,person,People,F1.7,AM-EWD,1874,1957,,"The American collector amassed hundreds of thousands of Indigenous objects for his Museum of the American Indian (1916), now part of the Smithsonian's NMAI.",collecting;museum founding,ceremonial object;textile,ritual and belief,himself,"the communities whose objects, including burial goods, he bought",Indigenous-community;funerary,Smithsonian Open Access (CC0),R3,F1.24,high,links: INS080
PER159,Leizu,Xiling Shi,person,People,F1.8,AS-CHN,-2700,-2600,legendary; traditional date only,"Chinese legend credits the consort of the Yellow Emperor with discovering silk reeling and starting sericulture, a story used to give silk an origin in women's work.",sericulture;silk reeling,silk,clothing and adornment,Chinese tradition; later ritual cult of the silkworm deity,"the unnamed Neolithic women and men who domesticated the silkworm, shown by archaeology",none,Wikimedia Commons,R3,F1.18;F1.29,low,"Legend, not a historical person; archaeological silk is older than the traditional date. links: POL156"
PER160,Lu Ban,Gongshu Ban,person,People,F1.8,AS-CHN,-507,-444,traditional dates; attributions legendary,Chinese tradition names Lu Ban as the patron of carpenters and credits him with tools such as the saw and carpenter's square; the Lu Ban Jing building manual was attributed to him centuries later.,carpentry;joinery,tool;building manual,tools;shelter,"carpenters' guild tradition; later texts (Lu Ban Jing, Ming)",the carpenters whose inventions were gathered under his name,none,Wikimedia Commons;Chinese Text Project (link out),R3,F1.26;F1.29,low,Treat as legend; the Lu Ban Jing is a Ming compilation.
PER161,Cai Lun,,person,People,F1.8,AS-CHN,50,121,"born c. 50–62, died 121","The Han court eunuch is credited in the Hou Hanshu with presenting an improved paper made from bark, hemp and rags in 105 CE, though earlier paper has been excavated.",papermaking,paper,record and writing,the Hou Hanshu (5th century); later tradition,"the earlier, unnamed papermakers whose paper predates him",none,Wikimedia Commons;Chinese Text Project (link out),R3,F1.5;F1.26,high,links: POL160
PER162,Bi Sheng,,person,People,F1.8,AS-CHN,990,1051,fl. 1040s; dates approximate,Shen Kuo's Dream Pool Essays credits the commoner Bi Sheng with printing from movable type made of baked clay in the 1040s.,movable clay type,printed book,record and writing,Shen Kuo's Dream Pool Essays,"the printers who kept using woodblocks, which suited Chinese script better",none,Wikimedia Commons;Chinese Text Project (link out),R3,F1.5,high,No book printed by him survives. links: POL166
PER163,Shen Kuo,,person,People,F1.8,AS-CHN,1031,1095,,"The Song official's Dream Pool Essays (c. 1088) record techniques including movable type, the magnetic needle and steelmaking.",observation;technical writing,text,record and writing,himself,"the craftsmen whose methods he recorded, such as Bi Sheng and the builder Yu Hao",none,Chinese Text Project (link out);Wikimedia Commons,R3,F1.28;F1.5,high,links: POL166
PER164,Li Jie,,person,People,F1.8,AS-CHN,1065,1110,,"The Song court architect compiled the Yingzao fashi (1103), a building standard with modular timber units and labour quotas.",timber framing;modular bracketing,building manual,shelter;record and writing,himself; the Song court,the carpenters whose practice the manual codified,none,Chinese Text Project (link out);Wikimedia Commons,R3,F1.28;F1.19,high,links: POL166
PER165,Huang Daopo,,person,People,F1.8,AS-CHN,1245,1330,approximate; partly legendary,"Songjiang tradition credits her with bringing cotton ginning, spinning and weaving tools and methods from the Li people of Hainan, founding the Songjiang cotton industry.",cotton ginning;spinning;weaving,cloth;tool,clothing and adornment,local gazetteers; a Yuan poem by Tao Zongyi,the Li women of Hainan who taught her,none,Wikimedia Commons,R3,F1.18;F1.14,medium,Details are traditional.
PER166,Huizong,Emperor Huizong of Song,person,People,F1.8,AS-CHN,1082,1135,,"The Song emperor collected antiquities, ran a painting academy and is associated with Ru ware made for the court.",calligraphy (slender gold script);court patronage,painting;ceramic;catalogue,rule and display,Song court records; historians,the academy painters and Ru kiln potters,none,National Palace Museum Taipei Open Data (check per-item terms);Wikimedia Commons,R3,F1.17,high,links: POL166
PER167,Song Yingxing,,person,People,F1.8,AS-CHN,1587,1666,died c. 1666,"The Ming scholar's Tiangong kaiwu (1637) describes and illustrates crafts from rice growing and silk weaving to ceramics, metal casting and papermaking.",technical writing;illustration,book,record and writing,himself,"the artisans he watched and drew, who are unnamed",none,Chinese Text Project (link out);Internet Archive (public-domain scans);Wikimedia Commons,R2,F1.28;F1.19,high,links: POL168
PER168,Tang Ying,,person,People,F1.8,AS-CHN,1682,1756,,The superintendent of the imperial kilns at Jingdezhen wrote captions for the illustrated Taoye tushuo (1743) describing twenty stages of porcelain making.,porcelain production;technical writing,porcelain;treatise,food and storage;rule and display,himself; Qing court,"the potters, painters and kiln workers, divided into many specialisms",none,National Palace Museum Taipei Open Data (check per-item terms);Wikimedia Commons,R3,F1.28;F1.19,high,links: MKR036
PER169,Qianlong Emperor,,person,People,F1.8,AS-CHN,1711,1799,,"The Qing emperor ordered objects and archaistic copies from the palace workshops, inscribed poems on antiques and catalogued a large collection.",court patronage;cataloguing,porcelain;jade;catalogue,rule and display,Qing court records,the workshop artisans and the Uyghur jade carvers whose stone came from Khotan,none,National Palace Museum Taipei Open Data (check per-item terms);Met Open Access (CC0),R3,F1.17;F1.14,high,links: INS020; POL169
PER170,Giuseppe Castiglione,Lang Shining,person,People,F1.8;F1.11,AS-CHN,1688,1766,,The Italian Jesuit painter at the Qing court joined European perspective with Chinese painting and helped design the European-style palaces at the Yuanmingyuan.,painting;architectural design,painting;palace,rule and display,Qing court records; art historians,the Chinese court painters who worked with him,none,National Palace Museum Taipei Open Data (check per-item terms);Wikimedia Commons,R3,F1.2;F1.13,high,The Yuanmingyuan was looted and burned in 1860.
PER171,Empress Dowager Cixi,,person,People,F1.8,AS-CHN,1835,1908,,The Qing empress dowager commissioned porcelain with her Dayazhai mark and had Western-style portraits painted and photographed for display.,court patronage;photography,porcelain;portrait,rule and display,Qing court records,the court painters and potters; the photographer Xunling,none,National Palace Museum Taipei Open Data (check per-item terms);Wikimedia Commons,R3,F1.17;F1.18,high,links: POL169
PER172,Lu Yu,,person,People,F1.8,AS-CHN,733,804,,"The Tang writer's Classic of Tea (Chajing) set out the equipment and ceramics for preparing tea, ranking kiln wares by how they showed the tea's colour.",technical writing,treatise;tea bowl,food and storage,himself,the tea pickers and potters of Yue and Xing kilns,none,Chinese Text Project (link out);Wikimedia Commons,R3,F1.28,high,links: POL162
PER173,Zheng He,,person,People,F1.8;F1.13,AS-CHN,1371,1433,died 1433 or 1435,The Ming admiral led seven fleets across the Indian Ocean (1405–33) that carried porcelain and silk as gifts and brought back goods and animals.,shipbuilding;navigation,treasure ship;porcelain,transport;exchange and value,Ming records; stelae he set up,the shipwrights and sailors; the Hui Muslim and other interpreters,none,Wikimedia Commons,R3,F1.13,high,links: NET005; NET054
PER174,Liang Sicheng,,person,People,F1.8,AS-CHN,1901,1972,,The Chinese architectural historian surveyed early timber buildings in the 1930s and decoded the Yingzao fashi.,building survey;architectural history,measured drawing;text,shelter;record and writing,himself; Society for Research in Chinese Architecture,Lin Huiyin and the surveyors who worked with him,none,collection search link-out only (works in copyright),R3,F1.3;F1.28,high,
PER175,Lin Huiyin,,person,People,F1.8,AS-CHN,1904,1955,,The Chinese architect and historian surveyed early temples with Liang Sicheng and helped design the national emblem of the People's Republic (1950).,building survey;design,measured drawing;emblem,shelter;rule and display,herself; historians,"herself, when survey work is credited to Liang alone",none,collection search link-out only (works in copyright),R3,F1.3;F1.18,high,links: POL171
PER176,Wang Shixiang,,person,People,F1.8,AS-CHN,1914,2009,,The Chinese scholar's studies of Ming furniture and lacquer established how these crafts were constructed and dated.,furniture study;lacquer study,chair;table;lacquer,shelter,himself,the cabinetmakers and lacquerers whose techniques he recorded,none,collection search link-out only (works in copyright),R3,F1.3;F1.28,high,
PER177,Xu Bing,,person,People,F1.8,AS-CHN,1955,,born 1955; living,"The Chinese artist hand-carved thousands of invented characters for Book from the Sky (1987–91), printed and bound in traditional form.",woodblock carving;printing;bookbinding,book;installation,record and writing,himself,the printers and binders who helped produce the books,living-community,collection search link-out only (works in copyright),R3,F1.5;F1.20,high,
PER178,Ai Weiwei,,person,People,F1.8,AS-CHN,1957,,born 1957; living,"The Chinese artist had about 1,600 Jingdezhen artisans make some 100 million porcelain seeds for Sunflower Seeds (2010).",porcelain;hand painting,installation,rule and display,himself,the Jingdezhen workers who made the seeds,living-community,collection search link-out only (works in copyright),R3,F1.23;F1.21,high,links: MKR036
PER179,Wang Shu,,person,People,F1.8,AS-CHN,1963,,born 1963; living,The Chinese architect built the Ningbo History Museum (2008) with walls of salvaged bricks and tiles laid by local masons in the wapan technique.,reused brick and tile;wapan masonry,museum;campus,shelter,himself; Pritzker Prize (2012),"Lu Wenyu, his partner, who was not named in the prize; the masons",living-community,collection search link-out only (works in copyright),R3,F1.22a;F1.29,high,
PER180,Lu Wenyu,,person,People,F1.8,AS-CHN,1967,,born 1967; living,"The Chinese architect co-founded Amateur Architecture Studio with Wang Shu and co-designed its buildings, though the 2012 Pritzker Prize went to him alone.",reused brick and tile;wapan masonry,museum;campus,shelter,herself; press,"herself, when the studio's work is credited to Wang alone",living-community,collection search link-out only (works in copyright),R3,F1.26;F1.18,medium,Birth year 1967 per Wikipedia and Bloomsbury Encyclopedia; some web sources give 1966.
PER181,Aurel Stein,,person,People,F1.8;F1.12a;F1.13,AS-CHN;AS-CEN,1862,1943,,The Hungarian-British archaeologist bought thousands of manuscripts and paintings from the Dunhuang library cave in 1907 and removed murals and objects from Silk Road sites.,expedition collecting,manuscript;painting;textile,record and writing;ritual and belief,himself,the monks and communities of Dunhuang; Chinese scholars who later called it plunder,conflict-looting,"International Dunhuang Programme (link out);British Museum Collection Online (CC BY-NC-SA, link out)",R3,F1.24,high,Whether to call this looting is debated; the flag follows Chinese claims. links: NET001
PER182,Wang Yuanlu,,person,People,F1.8,AS-CHN,1849,1931,born c. 1849,"The Daoist abbot who looked after the Mogao caves found the sealed library cave in 1900 and sold much of its contents to Stein, Pelliot and others to fund repairs.",custodianship;sale,manuscript;painting,record and writing;ritual and belief,Stein's and Pelliot's accounts,the Buddhist monks who sealed the cave; Chinese officials who failed to protect it,none,International Dunhuang Programme (link out),R3,F1.24,high,
PER183,Albert von Le Coq,,person,People,F1.12a;F1.11,AS-CEN;EU-WCE,1860,1930,,"The German archaeologist led Turfan expeditions (1904–14) that sawed Buddhist murals from the walls of Bezeklik and other caves and took them to Berlin, where some were destroyed in 1945.",mural removal;expedition collecting,mural;manuscript,ritual and belief,himself,the Uyghur communities of Turfan; the painters of the murals,conflict-looting,Staatliche Museen zu Berlin SMB-digital (check per-item terms);International Dunhuang Programme (link out),R3,F1.24;F1.19a,high,links: POL231
PER184,Kublai Khan,Emperor Shizu of Yuan,person,People,F1.8;F1.12a,AS-CHN;AS-CEN,1215,1294,,"The Mongol ruler of China brought artisans from across his empire to his capital Dadu, including the Nepalese maker Araniko.",court patronage;artisan relocation,temple;stupa;textile,rule and display,Yuan records; historians,the artisans moved or registered in hereditary artisan households,human-flow,Wikimedia Commons,R3,F1.17;F1.13,high,links: POL167; MKR092
PER185,Zanabazar,Öndör Gegeen,person,People,F1.12a;F1.8,AS-CEN,1635,1723,,The first Mongolian Jebtsundamba Khutuktu cast gilt-bronze Buddhist figures and created the Soyombo script.,lost-wax casting;gilding;script design,gilt-bronze figure;script,ritual and belief;record and writing,Mongolian Buddhist tradition; art historians,the workshop casters; Newar and Tibetan traditions he learned from,sacred,Wikimedia Commons,R3,F1.16;F1.5,high,links: SCH045
PER186,François Xavier d'Entrecolles,,person,People,F1.8;F1.11,AS-CHN,1664,1741,,"The French Jesuit's letters from Jingdezhen (1712, 1722) described porcelain making in detail and were read in Europe during the search for its recipe.",observation;letter writing,letter,record and writing,himself; Jesuit publications,the Jingdezhen potters who showed him their methods,none,Internet Archive (public-domain scans);Wikimedia Commons,R3,F1.14;F1.28,high,links: MKR036
PER187,Sejong,King Sejong the Great,person,People,F1.8,AS-KOR,1397,1450,,The Joseon king had the Korean alphabet (Hunminjeongeum) created and promulgated (1443–46) and sponsored instruments for astronomy and rain gauging.,alphabet design;instrument making,script;rain gauge;water clock,record and writing;tools,Joseon royal records,the scholars of the Hall of Worthies and craftsmen such as Jang Yeong-sil,none,National Museum of Korea e-museum (KOGL Type 1 where marked);Wikimedia Commons,R3,F1.5;F1.17,high,links: POL177
PER188,Jang Yeong-sil,,person,People,F1.8,AS-KOR,1390,1442,born c. 1390; last recorded 1442,"Born to a government slave mother, the Joseon craftsman built water clocks and astronomical instruments for King Sejong.",water clock;bronze casting;instrument making,water clock;sundial,tools;record and writing,Joseon royal records,"the other state artisans; his own lowborn status, which limited his records",human-flow,National Museum of Korea e-museum (KOGL Type 1 where marked);Wikimedia Commons,R3,F1.23;F1.26,medium,Birth and death dates unknown.
PER189,Baegun Gyeonghan,,person,People,F1.8,AS-KOR,1298,1374,,"The Korean Seon monk compiled the Jikji, printed with metal movable type at Heungdeok temple in 1377, the oldest surviving book printed that way.",metal movable type,printed book,record and writing,colophon of the Jikji; UNESCO,his disciples Seokchan and Daldam and the nun Myodeok who funded the printing,none,"Gallica BnF (public-domain items, link out for reuse);Wikimedia Commons",R3,F1.5;F1.24,high,The only known copy is in the Bibliothèque nationale de France; Korea seeks it. links: POL176
PER190,Sin Saimdang,,person,People,F1.8,AS-KOR,1504,1551,,"The Joseon painter and calligrapher is known for paintings of plants and insects, with embroidery also attributed to her.",ink and colour painting;embroidery,painting;screen,rule and display,later Confucian writers who framed her as the model mother,the unnamed women embroiderers of Joseon households,none,National Museum of Korea e-museum (KOGL Type 1 where marked);Wikimedia Commons,R3,F1.18;F1.26,high,Several attributions are uncertain.
PER191,Yi Sam-pyeong,Kanagae Sanbei,person,People,F1.8,AS-KOR;AS-JPN,1598,1655,"fl.; taken to Japan c. 1598, died 1655","A Korean potter taken to Japan during the 1592–98 invasions, he is credited by tradition with finding porcelain clay at Izumiyama and starting porcelain production at Arita around 1616.",porcelain;kaolin prospecting;climbing kiln,porcelain,food and storage,Arita tradition; the Nabeshima domain; a 20th-century monument,"the hundreds of other Korean potters taken to Japan, such as those settled in Satsuma",human-flow,ColBase Japan national museums (check per-item terms);Wikimedia Commons,R3,F1.23;F1.13;F1.8,medium,Founding story is traditional. links: MKR039; MKR040; DIA012
PER192,Asakawa Takumi,,person,People,F1.8,AS-KOR,1891,1931,,The Japanese forester in Seoul collected Joseon everyday wares and helped Yanagi found the Joseon Folk Art Museum (1924).,collecting;writing,ceramic;furniture,food and storage,himself (books on Joseon tableware and furniture),the Korean makers of the everyday wares he collected,none,collection search link-out only (works in copyright),R3,F1.24;F1.29,high,links: MOV096
PER193,Tori Busshi,Kuratsukuri no Tori,person,People,F1.8,AS-JPN,600,630,fl.; early 7th century,The sculptor of Korean or Chinese immigrant descent cast the Shaka Triad at Hōryūji (623).,bronze casting;gilding,Buddhist figure,ritual and belief,inscription on the halo,the immigrant craft lineages (saddle makers) from which he came,sacred,ColBase Japan national museums (check per-item terms);Wikimedia Commons,R3,F1.13;F1.16,high,links: POL178
PER194,Jōchō,,person,People,F1.8,AS-JPN,1020,1057,fl.; died 1057,The Heian sculptor carved the Amida at the Byōdōin (1053) and is credited with refining the joined-block (yosegi-zukuri) technique used by workshops.,joined-block wood carving;gilding,Buddhist figure,ritual and belief,Heian records; later sculptors' lineages,the workshop carvers who made the separate blocks,sacred,ColBase Japan national museums (check per-item terms);Wikimedia Commons,R3,F1.19;F1.16,high,links: POL180
PER195,Unkei,,person,People,F1.8,AS-JPN,1150,1223,born c. 1150,"The Kei school sculptor made realistic Buddhist and guardian figures, including with Kaikei the Nandaimon guardians at Tōdaiji (1203).",joined-block wood carving;crystal eyes,Buddhist figure;guardian figure,ritual and belief,inscriptions; temple records,the workshop of about 20 carvers who helped make the guardians,sacred,ColBase Japan national museums (check per-item terms);Wikimedia Commons,R3,F1.26;F1.16,high,links: SCH039
PER196,Ashikaga Yoshimasa,,person,People,F1.8,AS-JPN,1436,1490,,"The Muromachi shogun built the Ginkakuji retreat and sponsored the tea gatherings, flower arranging and collections of Chinese objects known as Higashiyama culture.",patronage;collecting,tea utensil;painting;building,rule and display,historians,the dōbōshū advisers of low rank who judged and arranged the objects,none,ColBase Japan national museums (check per-item terms);Wikimedia Commons,R3,F1.17,high,links: DYN069
PER197,Sen no Rikyū,,person,People,F1.8,AS-JPN,1522,1591,,"The tea master shaped wabi tea, commissioning plain objects such as Chōjirō's tea bowls and a two-mat tea room.",tea practice;commissioning,tea bowl;tea room;bamboo utensil,food and storage;ritual and belief,tea school tradition,"the potters, bamboo cutters and carpenters who made his utensils",none,Met Open Access (CC0);ColBase Japan national museums (check per-item terms),R3,F1.17,high,links: STY150
PER198,Raku Chōjirō,Chōjirō,person,People,F1.8,AS-JPN,1574,1589,"fl.; earliest dated work 1574, died 1589","The Kyoto tile maker hand-built low-fired tea bowls for Sen no Rikyū, the start of the Raku family line.",hand building;low-temperature firing,tea bowl,food and storage,Raku family tradition,"his father Ameya, said to be an immigrant, and the family members who worked with him",none,Met Open Access (CC0);ColBase Japan national museums (check per-item terms),R3,F1.26;F1.17,medium,Early history is traditional. links: MKR041
PER199,Toyotomi Hideyoshi,,person,People,F1.8,AS-JPN,1537,1598,,"The Japanese ruler had a portable golden tea room built and invaded Korea (1592–98), during which Korean potters were taken to Japan.",patronage;war,tea room;tea utensil,rule and display;war,historians,the Korean potters taken to Japan; the people killed in Korea,human-flow,ColBase Japan national museums (check per-item terms);Wikimedia Commons,R3,F1.17;F1.19a,high,links: DYN070; DIA012
PER200,Hon'ami Kōetsu,,person,People,F1.8,AS-JPN,1558,1637,,"The Kyoto calligrapher, potter and lacquer designer founded an artists' community at Takagamine and is credited with designs for lacquer and tea bowls.",calligraphy;raku ware;lacquer design,tea bowl;writing box;scroll,record and writing;food and storage,Rinpa tradition; art historians,Sōtatsu and the lacquerers who made his designs,none,Met Open Access (CC0);ColBase Japan national museums (check per-item terms),R3,F1.26;F1.17,high,links: STY147
PER201,Sakaida Kakiemon I,,person,People,F1.8,AS-JPN,1596,1666,,"The Arita potter is credited with developing overglaze enamels on porcelain in the 1640s, the start of the Kakiemon style exported to Europe.",overglaze enamel;porcelain,dish;figure,food and storage,Kakiemon family tradition,the other Arita workshops and the Chinese enamel methods he learned,none,Met Open Access (CC0);Rijksmuseum (CC0);ColBase Japan national museums (check per-item terms),R3,F1.26;F1.14,medium,Early attribution is traditional. links: MKR040
PER202,Nonomura Ninsei,,person,People,F1.8,AS-JPN,1646,1677,fl.; approximate,"The Kyoto potter at Omuro was among the first Japanese potters to mark his wares with his name, making enamelled tea-ceremony stoneware for aristocrats.",wheel throwing;overglaze enamel,tea jar;incense burner,food and storage;ritual and belief,his seal; art historians,the kiln workers of the Omuro workshop,none,Met Open Access (CC0);ColBase Japan national museums (check per-item terms),R3,F1.26,high,
PER203,Ogata Kōrin,,person,People,F1.8,AS-JPN,1658,1716,,"The Kyoto painter designed screens, kimono and lacquer in the Rinpa manner and painted designs on his brother Kenzan's ceramics.",painting;textile design;lacquer design,folding screen;kosode;lacquer box,clothing and adornment;rule and display,art historians; later Rinpa followers,the textile dyers and lacquerers who made his designs,none,Met Open Access (CC0);ColBase Japan national museums (check per-item terms),R3,F1.26,high,links: STY147
PER204,Ogata Kenzan,,person,People,F1.8,AS-JPN,1663,1743,,"The Kyoto potter ran a workshop making painted stoneware dishes, many signed with his name but made by his assistants.",stoneware;underglaze painting,dish;tea bowl,food and storage,his signatures; art historians,"the workshop potters, and later makers who used the Kenzan name",none,Met Open Access (CC0);ColBase Japan national museums (check per-item terms),R3,F1.26;F1.14,high,"The Kenzan name was inherited and copied, which makes attribution hard. links: STY147"
PER205,Tsutaya Jūzaburō,,person,People,F1.8,AS-JPN,1750,1797,,"The Edo publisher commissioned and sold woodblock prints and books by Utamaro, Sharaku and others.",publishing;woodblock printing,print;book,record and writing;exchange and value,publishers' seals on prints,the block carvers and printers whose names were not printed,none,Met Open Access (CC0);Art Institute of Chicago (CC0),R3,F1.17;F1.21,high,links: MKR043
PER206,Katsushika Hokusai,,person,People,F1.8,AS-JPN,1760,1849,,"The Edo artist designed prints and design books such as the Hokusai Manga, which circulated in Europe and fed Japonisme.",woodblock print design,print;design book,record and writing,himself; publishers; European collectors,the carvers and printers who turned his drawings into prints; his daughter Katsushika Ōi,none,Met Open Access (CC0);Art Institute of Chicago (CC0);National Museum of Asian Art via Smithsonian Open Access (CC0 where marked),R2,F1.26;F1.14,high,links: STY148; STY030
PER207,Katsushika Ōi,Oei,person,People,F1.8,AS-JPN,1800,1866,approximate,"The painter, Hokusai's daughter, worked in his studio and made her own paintings with strong light effects; some works credited to him may be hers.",painting;print design,painting,rule and display,art historians,"herself, when studio work is credited to her father",none,Met Open Access (CC0);Wikimedia Commons,R3,F1.26;F1.18,medium,Birth and death dates uncertain.
PER208,Okakura Kakuzō,Okakura Tenshin,person,People,F1.8,AS-JPN,1863,1913,,"The Japanese art critic helped found the Tokyo School of Fine Arts and wrote The Book of Tea (1906) in English, presenting tea and craft as Asian ideals.",criticism;museum curating,text,record and writing,himself,the artists and craftsmen he wrote about; the colonial politics of 'Asia is one',none,Project Gutenberg;Internet Archive (public-domain scans),R3,F1.3,high,links: INS026; MOV093
PER209,Sōetsu Yanagi,Muneyoshi Yanagi,person,People,F1.8,AS-JPN,1889,1961,,"The Japanese philosopher named mingei (folk craft) in 1925, founded the Japan Folk Crafts Museum and argued that anonymous makers made the most beautiful things.",criticism;collecting;museum founding,ceramic;textile;writing,record and writing,himself,the named women weavers and rural makers his theory of anonymity left unnamed; Korean makers whose work he collected,none,collection search link-out only (works in copyright),R1,F1.3;F1.29;F1.26,high,Kim Brandt's work shows mingei's links with empire. links: MOV096; INS027
PER210,Shōji Hamada,,person,People,F1.8,AS-JPN,1894,1978,,"The potter set up his workshop at Mashiko in 1924, joining local folk-pottery methods to mingei ideas, and was named a Living National Treasure in 1955.",stoneware;wheel throwing;poured glaze,vessel;plate,food and storage,himself; Mingei movement,the Mashiko potters whose kilns and methods he used,none,collection search link-out only (works in copyright),R3,F1.29,high,links: MOV096; INS028
PER211,Kawai Kanjirō,,person,People,F1.8,AS-JPN,1890,1966,,"The Kyoto potter co-founded the mingei movement and made stoneware and wood carvings, refusing honours such as Living National Treasure.",stoneware;glaze research;wood carving,vessel;carving,food and storage,himself,his kiln workers,none,collection search link-out only (works in copyright),R3,F1.29,high,links: MOV096
PER212,Serizawa Keisuke,,person,People,F1.8,AS-JPN,1895,1984,,"The textile artist adapted Okinawan bingata stencil dyeing into katazome, making kimono, screens and books, and was a Living National Treasure.",katazome stencil dyeing,kimono;screen;book,clothing and adornment,himself,the Okinawan bingata dyers he learned from,none,collection search link-out only (works in copyright),R3,F1.29;F1.14,high,
PER213,Bernard Leach,,person,People,F1.8;F1.11,AS-JPN;EU-BLC,1887,1979,,"The British potter trained in Japan and set up the Leach Pottery at St Ives with Shōji Hamada in 1920, spreading East Asian stoneware ideas to studio potters through A Potter's Book (1940).",stoneware;wheel throwing,vessel,food and storage,himself,"Hamada, Matsubayashi Tsurunosuke and the St Ives apprentices; the Japanese and Korean potters he copied",none,collection search link-out only (works in copyright),R3,F1.20;F1.14,high,links: MOV041
PER214,Kayano Shigeru,,person,People,F1.8,AS-JPN,1926,2006,,"The Ainu craftsman and collector built up the Nibutani Ainu Culture Museum and campaigned for Ainu rights, becoming the first Ainu member of Japan's national parliament.",wood carving;collecting,carving;utensil,ritual and belief,himself,the Ainu makers of the objects he gathered,Indigenous-community,community-published site (link-out),R3,F1.24;F1.29,high,
PER215,Kenzo Tange,,person,People,F1.8,AS-JPN,1913,2005,,The Japanese architect designed the Hiroshima Peace Memorial Park and the Yoyogi National Gymnasium for the 1964 Tokyo Olympics.,reinforced concrete;suspension roof,stadium;memorial,shelter,himself,the engineer Yoshikatsu Tsuboi and the Metabolist architects in his office,none,collection search link-out only (works in copyright),R3,F1.20,high,links: MOV026; EVT021
PER216,Sori Yanagi,,person,People,F1.8,AS-JPN,1915,2011,,"The Japanese industrial designer, son of Sōetsu Yanagi, designed the plywood Butterfly Stool (1954) and kitchenware developed from full-size models.",moulded plywood;model making,stool;kettle;cutlery,shelter;food and storage,himself,the Tendo Mokko workers who made the stool,none,collection search link-out only (works in copyright),R3,F1.20,high,
PER217,Kenji Ekuan,,person,People,F1.8,AS-JPN,1929,2015,,"The Japanese industrial designer led GK Design, whose Kikkoman soy sauce bottle (1961) became a standard table object.",industrial design;glass bottle,bottle;motorcycle;train,food and storage;transport,himself; GK Design,the GK team members who co-designed the bottle,none,collection search link-out only (works in copyright),R3,F1.21,high,
PER218,Issey Miyake,,person,People,F1.8,AS-JPN,1938,2022,,"The Japanese designer developed garment-pleating methods (Pleats Please, 1993) and A-POC, clothing cut from one continuous tube of knitted cloth.",heat pleating;machine knitting,garment,clothing and adornment,himself,textile engineer Makiko Minagawa and Dai Fujiwara who co-developed the techniques,none,collection search link-out only (works in copyright),R3,F1.21;F1.18,high,
PER219,Rei Kawakubo,,person,People,F1.8,AS-JPN,1942,,born 1942; living,"The Japanese designer founded Comme des Garçons and showed black, torn and asymmetric clothing in Paris from 1981.",garment construction;distressed textile,garment,clothing and adornment,herself,the pattern makers and textile mills she works with,living-community,collection search link-out only (works in copyright),R3,F1.21;F1.20,high,
PER220,Hanae Mori,,person,People,F1.8,AS-JPN,1926,2022,,"The Japanese fashion designer became the first Asian woman admitted to the Paris haute couture federation (1977), with clothes using butterfly motifs and Japanese textiles.",couture;textile printing,garment,clothing and adornment,herself,the Japanese textile workshops that made her fabrics,none,collection search link-out only (works in copyright),R3,F1.21;F1.18,high,
PER221,Eiko Ishioka,,person,People,F1.8,AS-JPN,1938,2012,,"The Japanese designer worked in advertising, stage and film costume, including costumes for Bram Stoker's Dracula (1992).",art direction;costume design,poster;costume,clothing and adornment;play and music,herself,the costume makers who built her designs,none,collection search link-out only (works in copyright),R3,F1.4;F1.18,high,
PER222,Kazuyo Sejima,,person,People,F1.8,AS-JPN,1956,,born 1956; living,"The Japanese architect co-founded SANAA, designing light, thin-walled buildings such as the 21st Century Museum in Kanazawa.",steel;glass;thin structure,museum;house,shelter,"herself; Pritzker Prize (2010, with Ryue Nishizawa)",the engineers such as Mutsuro Sasaki,living-community,collection search link-out only (works in copyright),R3,F1.20,high,
PER223,Kim Brandt,,person,People,THEME;F1.8,AS-JPN;AM-EWD,2007,,fl.; Kingdom of Beauty published 2007; birth year not recorded here; living,The American historian's Kingdom of Beauty (2007) showed how the Japanese folk craft movement was tied to imperial expansion and consumer markets.,historiography,book,record and writing,herself,"the Korean, Okinawan and Ainu makers drawn into mingei collecting",living-community,library link-out (in copyright); open-access articles where they exist,R3,F1.3;F1.29,medium,Verify author details. links: MOV096
PER224,Ashoka,Aśoka Maurya,person,People,F1.9,AS-SAS,-268,-232,"reign dates, approximate",The Maurya emperor had edicts cut on rocks and polished sandstone pillars crowned with animal capitals across the subcontinent.,stone polishing;rock inscription;pillar carving,pillar;capital;edict,record and writing;rule and display,his own inscriptions; historians,the stone-cutters of the Chunar quarries and the scribes who adapted the texts to local scripts,none,"Wikimedia Commons;Indian Culture portal, Ministry of Culture (link out)",R3,F1.17;F1.28,high,links: POL186
PER225,Sembiyan Mahadevi,,person,People,F1.9,AS-SAS,941,1001,fl.; approximate,"The Chola queen dowager paid for temples to be rebuilt in stone and for bronze festival images, named in inscriptions as her gifts.",bronze casting;stone temple building,temple;festival bronze,ritual and belief,temple inscriptions,"the sthapati bronze casters, who are not named",sacred,Met Open Access (CC0);Cleveland Museum of Art Open Access (CC0);Wikimedia Commons,R3,F1.17;F1.18,medium,A bronze in the Freer is traditionally identified as her portrait. links: STY120; MKR051
PER226,Rajaraja Chola I,,person,People,F1.9,AS-SAS,985,1014,reign dates,"The Chola king built the Brihadisvara temple at Thanjavur (completed c. 1010), whose inscriptions list donated bronzes, jewels and temple staff.",granite temple building;bronze casting,temple;festival bronze,ritual and belief;rule and display,temple inscriptions,"the architect named in inscriptions as Kunjara Mallan Raja Raja Perunthachan, and the dancers and servants listed",sacred,Wikimedia Commons,R3,F1.17;F1.28,high,links: POL192
PER227,Akbar,Jalal-ud-din Muhammad Akbar,person,People,F1.9;F1.10,AS-SAS,1542,1605,,"The Mughal emperor organised imperial workshops for painting, textiles and metalwork and commissioned large illustrated manuscripts such as the Hamzanama.",court workshop;manuscript painting,manuscript;textile;carpet,rule and display;record and writing,Abu'l Fazl's Ain-i Akbari,"the painters, weavers and artisans of the karkhanas, many named only in manuscript margins",none,Met Open Access (CC0);Cleveland Museum of Art Open Access (CC0);Wikimedia Commons,R3,F1.17,high,links: POL197; MKR044
PER228,Jahangir,,person,People,F1.9;F1.10,AS-SAS,1569,1627,,"The Mughal emperor valued single-artist paintings, recorded his judgements of painters in his memoirs and ordered natural history studies from Mansur.",court patronage;album making,album;painting,rule and display,his memoirs (Jahangirnama),"the painters, gilders and margin-painters of the albums",none,Met Open Access (CC0);Cleveland Museum of Art Open Access (CC0),R3,F1.17;F1.26,high,links: POL197
PER229,Nur Jahan,,person,People,F1.9;F1.10,AS-SAS,1577,1645,,The Mughal empress commissioned the tomb of her father Itmad-ud-Daulah at Agra and is credited by tradition with textile and dress designs.,inlaid marble;architecture;textile design,tomb;textile,rule and display;clothing and adornment,Mughal chronicles; tradition,the stone inlayers and weavers,none,Wikimedia Commons,R3,F1.17;F1.18,high,Design attributions are traditional. links: POL197
PER230,Shah Jahan,,person,People,F1.9;F1.10,AS-SAS,1592,1666,,"The Mughal emperor commissioned the Taj Mahal, the Red Fort at Delhi and the Peacock Throne.",white marble;pietra dura;architecture,tomb;fort;throne,rule and display;ritual and belief,Mughal chronicles,the builders led by Ustad Ahmad Lahauri and the thousands of stone-cutters and inlayers,none,Wikimedia Commons,R3,F1.17,high,links: POL197
PER231,Jahanara Begum,,person,People,F1.9;F1.10,AS-SAS,1614,1681,,"The Mughal princess funded the design of Chandni Chowk market street in Delhi, a caravanserai and a mosque in Agra.",urban planning;architecture,market street;caravanserai;mosque,exchange and value;rule and display,Mughal chronicles,the builders and merchants who made the market,none,Wikimedia Commons,R3,F1.17;F1.18,high,links: POL197
PER232,Basawan,,person,People,F1.9,AS-SAS,1560,1600,fl.; approximate,"The Hindu painter was one of Akbar's leading artists, known for modelling and space learned in part from European prints.",opaque watercolour,manuscript painting,rule and display,names in manuscript margins; Abu'l Fazl,the colourists and assistants who completed his compositions,none,Met Open Access (CC0);Wikimedia Commons,R3,F1.26;F1.14,high,links: SCH022
PER233,Daswanth,,person,People,F1.9,AS-SAS,1560,1584,fl.; died 1584,"The son of a palanquin bearer, he was praised by Abu'l Fazl as a leading painter of Akbar's workshop and designed many Razmnama images.",opaque watercolour,manuscript painting,rule and display,Abu'l Fazl's Ain-i Akbari; marginal inscriptions,the colourists who painted his designs,none,Wikimedia Commons,R3,F1.26;F1.23,high,links: SCH022
PER234,Mansur,Ustad Mansur,person,People,F1.9,AS-SAS,1590,1630,fl.; approximate,"Jahangir's painter of animals and plants made precise studies of birds, flowers and a zebra and turkey brought to the court.",opaque watercolour,natural history painting,rule and display,Jahangir's memoirs; signatures,the traders and keepers who brought the animals,none,Met Open Access (CC0);Wikimedia Commons,R3,F1.26,high,links: SCH022
PER235,Bishandas,,person,People,F1.9,AS-SAS,1590,1640,fl.; approximate,The Mughal portrait painter was sent with Jahangir's embassy to Shah Abbas (1613–19) to paint portraits of the Safavid court.,opaque watercolour;portraiture,portrait,rule and display,Jahangir's memoirs; signatures,assistants who painted borders,none,Met Open Access (CC0);Wikimedia Commons,R3,F1.26;F1.13,high,links: SCH022
PER236,Sahifa Banu,,person,People,F1.9,AS-SAS,1600,1630,fl.; approximate,"One of the few named women painters at the Mughal court, known from an early 17th-century portrait of Shah Tahmasp (V&A) whose inscription names her as its painter.",opaque watercolour,portrait,rule and display,a signature on one or two works,the other women of the zenana whose painting went unrecorded,none,Wikimedia Commons,R3,F1.18;F1.26,medium,Few works attributed.
PER237,Ustad Ahmad Lahauri,,person,People,F1.9;F1.10,AS-SAS,1580,1649,approximate,The architect is named in a later text by his son as chief builder of the Taj Mahal and the Red Fort at Delhi.,architecture;geometry,tomb;fort,rule and display,a 17th-century text by his son Lutfullah Muhandis,the calligrapher Amanat Khan and the many masons and inlayers,none,Wikimedia Commons,R3,F1.26,medium,Attribution rests on one source.
PER238,Nainsukh,,person,People,F1.9,AS-HIM,1710,1778,approximate,"The Pahari painter of the Guler family worked for Raja Balwant Singh of Jasrota, painting intimate scenes of his patron's daily life.",opaque watercolour,album painting,rule and display,"art historian B. N. Goswamy, from inscriptions and records",the family workshop of Pandit Seu,none,Met Open Access (CC0);Wikimedia Commons,R3,F1.26,high,links: SCH025; SCH026
PER239,Tipu Sultan,,person,People,F1.9,AS-SAS,1751,1799,,The ruler of Mysore commissioned tiger-emblem arms and the mechanical organ Tipu's Tiger; British troops took his treasury after the siege of Seringapatam in 1799.,gun making;mechanical organ;gold,gun;throne finial;automaton,war;rule and display,British and Mysore records,the Mysore gunsmiths and makers of the Tiger; French craftsmen at his court,conflict-looting,V&A collections (link out);Wikimedia Commons,R3,F1.24;F1.19a,high,links: POL199
PER240,Raja Ravi Varma,,person,People,F1.9,AS-SAS,1848,1906,,The Indian painter set up a lithographic press near Bombay (1894) that printed his images of Hindu gods for mass sale.,oil painting;chromolithography,print;painting,ritual and belief,himself,"the press workers and the German technician Fritz Schleicher, who later took over the press",none,Wikimedia Commons,R3,F1.21;F1.14,high,
PER241,John Lockwood Kipling,,person,People,F1.9;F1.11,AS-SAS,1837,1911,,"The British teacher headed the Mayo School of Art in Lahore (1875–93) and the Lahore Museum, recording Punjabi crafts.",art teaching;craft survey,text;drawing,record and writing,himself,the Punjabi artisans and his assistant Ram Singh,none,Wikimedia Commons,R3,F1.20;F1.24,high,links: INS031
PER242,George Birdwood,,person,People,F1.11;F1.9,EU-BLC;AS-SAS,1832,1917,,The British official's The Industrial Arts of India (1880) catalogued Indian crafts for British design education and praised village work as timeless.,cataloguing,text,record and writing,himself; South Kensington Museum,"the makers he described as unchanging, denying them history",none,Internet Archive (public-domain scans),R3,F1.3;F1.15,high,links: INS052
PER243,Abanindranath Tagore,,person,People,F1.9,AS-SAS,1871,1951,,"The Calcutta painter led the Bengal School, adapting Mughal and Japanese wash techniques for a national style.",watercolour wash;tempera,painting,rule and display,himself; E. B. Havell,the artisans and folk painters outside the school's elite nationalism,none,Wikimedia Commons,R3,F1.20,high,links: MOV082
PER244,Nandalal Bose,,person,People,F1.9,AS-SAS,1882,1966,,"The Indian artist led Kala Bhavana at Santiniketan, made posters for the 1938 Haripura Congress and illuminated the Constitution of India.",tempera;woodcut;mural,poster;mural;manuscript,rule and display;record and writing,himself,his students who illuminated the Constitution pages with him,none,collection search link-out only (works in copyright);Wikimedia Commons,R3,F1.20;F1.17,high,links: INS032; SCH028
PER245,Rabindranath Tagore,,person,People,F1.9,AS-SAS,1861,1941,,"The Bengali poet founded Visva-Bharati at Santiniketan and the rural centre Sriniketan, where crafts like leather, weaving and batik were taught.",institution founding,school,care and access,himself,the teachers and village craftspeople of Sriniketan,none,Wikimedia Commons,R3,F1.17;F1.20,high,links: INS032; SCH028
PER246,Ananda Coomaraswamy,,person,People,F1.9;THEME,AS-SAS;AM-EWD,1877,1947,,The Ceylonese-born scholar's Mediaeval Sinhalese Art (1908) and later writing described craft as traditional knowledge threatened by industry; he later curated at Boston.,craft survey;criticism;curating,text,record and writing,himself,the Kandyan craftsmen whose knowledge he recorded,none,Internet Archive (public-domain scans),R3,F1.3;F1.29,high,
PER247,Mohandas Karamchand Gandhi,Mahatma Gandhi,person,People,F1.9,AS-SAS,1869,1948,,The Indian leader made hand-spinning and khadi cloth a political act against imported British cloth.,hand spinning;charkha,khadi cloth;spinning wheel,clothing and adornment;exchange and value,himself,the women spinners whose paid labour khadi depended on,none,Wikimedia Commons,R3,F1.18;F1.17,high,links: MOV081
PER248,Kamaladevi Chattopadhyay,,person,People,F1.9,AS-SAS,1903,1988,,"The Indian activist chaired the All India Handicrafts Board from 1952 and built cooperatives, emporia and institutions to support craft workers.",policy;cooperatives,textile;craft emporium,exchange and value;care and access,herself,the craft workers whose names rarely appeared on the goods,none,Wikimedia Commons,R1,F1.17;F1.18;F1.29,high,links: INS034; MOV086
PER249,Pupul Jayakar,,person,People,F1.9,AS-SAS,1915,1997,,The Indian cultural administrator directed handloom and handicraft bodies and the Festivals of India abroad in the 1980s.,policy;exhibition,textile;exhibition,exchange and value,herself,the weavers and artisans shown abroad,none,collection search link-out only (works in copyright),R3,F1.17;F1.15,high,links: MOV086
PER250,Gira Sarabhai,,person,People,F1.9,AS-SAS,1923,2021,,The Indian designer co-founded the Calico Museum of Textiles (1949) and the National Institute of Design in Ahmedabad.,institution founding;architecture,museum;textile,rule and display,herself,the weavers and dyers whose textiles the museum holds,none,collection search link-out only (works in copyright),R3,F1.24;F1.18,high,links: INS033
PER251,Gautam Sarabhai,,person,People,F1.9,AS-SAS,1917,1995,,"The Indian industrialist co-founded the National Institute of Design (1961), which followed the India Report (1958) that Charles and Ray Eames wrote after the Government of India asked the Ford Foundation to invite them (1957).",institution founding,school,care and access,himself,the craftspeople studied by the institute,none,collection search link-out only (works in copyright),R3,F1.17;F1.20,high,links: INS033
PER252,Charles Correa,,person,People,F1.9,AS-SAS,1930,2015,,The Indian architect designed the Gandhi Smarak Sangrahalaya and Jawahar Kala Kendra and low-rise housing using courtyards and open-to-sky space.,architecture;brick;climatic design,museum;housing,shelter,himself,the builders and masons,none,collection search link-out only (works in copyright),R3,F1.20,high,links: STY055
PER253,Balkrishna Doshi,B. V. Doshi,person,People,F1.9,AS-SAS,1927,2023,,"The Indian architect worked with Le Corbusier and Louis Kahn and designed the Aranya low-cost housing in Indore, the first Indian to win the Pritzker Prize (2018).",architecture;concrete;site-and-services housing,housing;school,shelter,himself,the residents who built their own houses at Aranya,none,collection search link-out only (works in copyright),R3,F1.20;F1.22a,high,
PER254,Laurie Baker,,person,People,F1.9,AS-SAS,1917,2007,,"The British-born Indian architect built cheap brick buildings in Kerala with rat-trap bond and jali walls, cutting cement and steel.",brick masonry;rat-trap bond;jali,house;church;school,shelter,himself,the Kerala masons whose methods he learned,none,collection search link-out only (works in copyright),R3,F1.22;F1.29,high,
PER255,Pierre Jeanneret,,person,People,F1.11;F1.9,EU-WCE;AS-SAS,1896,1967,,"The Swiss architect worked in Chandigarh (1951–65), designing furniture of teak and cane made by local carpenters, much later resold abroad.",teak;cane;carpentry,chair;table,shelter,himself; auction market,the Chandigarh carpenters who made the furniture,none,collection search link-out only (works in copyright),R3,F1.20;F1.24,high,links: STY056
PER256,Maqbool Fida Husain,M. F. Husain,person,People,F1.9,AS-SAS,1915,2011,,The Indian painter began as a painter of cinema hoardings and made furniture and toys before becoming a leading member of the Progressive Artists' Group.,oil painting;hoarding painting;toy making,painting;toy,rule and display,himself,the hoarding painters' workshops he trained in,none,collection search link-out only (works in copyright),R3,F1.20;F1.4,high,links: MOV083
PER257,Jangarh Singh Shyam,,person,People,F1.9,AS-SAS,1962,2001,,"The Pardhan Gond artist moved from wall painting to paper and canvas at Bharat Bhavan in Bhopal, founding the Jangarh Kalam.",acrylic;ink;wall painting,painting,ritual and belief,himself; J. Swaminathan,the Gond artists who followed him; the dealers who controlled his contracts,Indigenous-community,collection search link-out only (works in copyright),R3,F1.20;F1.29,high,links: SCH027
PER258,Sita Devi,,person,People,F1.9,AS-SAS,1914,2005,,The Mithila painter from Jitwarpur was among the first to move the region's wall painting onto paper for sale after the 1966–68 drought.,ink and colour on paper,painting,ritual and belief,herself; the All India Handicrafts Board,the Mithila women painters of earlier generations,none,collection search link-out only (works in copyright),R3,F1.18;F1.29,high,links: STY124
PER259,Ganga Devi,,person,People,F1.9,AS-SAS,1928,1991,,"The Mithila painter from a Kayastha family made line paintings and large series, including a series on her travels and her illness.",ink line painting,painting;mural,ritual and belief,herself,the Mithila women painters,none,collection search link-out only (works in copyright),R3,F1.18;F1.29,high,links: STY124
PER260,Jivya Soma Mashe,,person,People,F1.9,AS-SAS,1934,2018,,The Warli artist was among the first men to take up the Warli wedding painting practice and bring it onto paper for sale.,rice paste;ink on paper,painting,ritual and belief,himself,the Warli women who painted the chowk for weddings,Indigenous-community,collection search link-out only (works in copyright),R3,F1.18;F1.29,high,links: STY125
PER261,Mrinalini Mukherjee,,person,People,F1.9,AS-SAS,1949,2015,,"The Indian sculptor knotted dyed hemp into large figures, and later worked in ceramics and bronze.",hemp knotting;ceramics;bronze,sculpture,ritual and belief,herself,the rope makers and knotting traditions she drew on,none,collection search link-out only (works in copyright),R3,F1.18;F1.20,high,
PER262,Martand Singh,,person,People,F1.9,AS-SAS,1947,2017,,"The Indian textile revivalist curated the Vishwakarma exhibitions (1980s), commissioning weavers to recreate historic Indian textiles.",exhibition;revival weaving,textile,clothing and adornment,himself,the weavers who made the pieces,none,collection search link-out only (works in copyright),R3,F1.18;F1.28a,high,links: MOV086
PER263,Jasleen Dhamija,,person,People,F1.9,AS-SAS,1933,2023,,The Indian textile historian worked for the handicrafts board and the UN on crafts across Asia and Africa and wrote on Indian textiles.,textile research,text,record and writing,herself,the makers she documented,none,collection search link-out only (works in copyright),R3,F1.18;F1.3,high,
PER264,Nelly Sethna,,person,People,F1.9,AS-SAS,1932,1992,,"The Indian textile designer, trained in weaving at Cranbrook, designed for Bombay Dyeing, helped set up textile design at the National Institute of Design (1966) and researched kalamkari printing at Masulipatnam, bringing disused carved blocks back into use.",textile design;handloom,textile;tapestry,clothing and adornment,herself,the weavers and kalamkari printers who made her designs,none,collection search link-out only (works in copyright),R3,F1.18,medium,Round 2: the earlier claim about Weavers' Service Centres could not be sourced and was replaced.
PER265,Minnette de Silva,,person,People,F1.9,AS-SAS,1918,1998,,"The Sri Lankan architect built modern houses in Kandy using local craftsmen, lacquer and dumbara weaving, and was the first Asian woman member of RIBA.",architecture;craft integration,house,shelter,herself,the Kandyan craftsmen she employed,none,collection search link-out only (works in copyright),R3,F1.20;F1.18,high,links: STY055
PER266,Geoffrey Bawa,,person,People,F1.9,AS-SAS,1919,2003,,"The Sri Lankan architect designed houses, hotels and the Parliament at Kotte shaped by climate, gardens and local craft.",architecture;landscape,house;hotel;parliament,shelter;rule and display,himself,the craftsmen and artists such as Laki Senanayake and Barbara Sansoni who worked on his buildings,none,collection search link-out only (works in copyright),R3,F1.20,high,links: STY055
PER267,Barbara Sansoni,,person,People,F1.9,AS-SAS,1928,2022,,"The Sri Lankan designer founded Barefoot (1964), a handloom enterprise whose colour-block cottons are woven by rural women.",handloom;colour design,textile,clothing and adornment,herself,the weavers of Barefoot,none,collection search link-out only (works in copyright),R3,F1.18;F1.21,high,
PER268,Ena de Silva,,person,People,F1.9,AS-SAS,1922,2015,,The Sri Lankan batik artist made large batik hangings and set up a village workshop at Aluvihare employing local people.,batik;wax resist,textile;wall hanging,clothing and adornment,herself,the village workers of Aluvihare,none,collection search link-out only (works in copyright),R3,F1.18;F1.29,high,
PER269,Situ Panchen Chökyi Jungne,,person,People,F1.9,AS-HIM,1700,1774,,The Tibetan lama revived the Karma Gadri painting style and edited the Derge edition of the Kangyur printed from woodblocks.,thangka painting;woodblock printing,thangka;printed canon,ritual and belief;record and writing,Tibetan tradition,the Derge block carvers and his painting assistants,sacred,Met Open Access (CC0);Wikimedia Commons,R3,F1.16;F1.28,high,links: SCH031; INS037
PER270,Thangtong Gyalpo,,person,People,F1.9,AS-HIM,1385,1464,traditional dates; some sources give a much longer life,The Tibetan engineer-saint is credited with building iron-chain suspension bridges and founding Tibetan opera.,iron chain forging;bridge building,bridge;stupa,transport;ritual and belief,Tibetan and Bhutanese tradition,the ironworkers and villagers who built the bridges,sacred,Wikimedia Commons,R3,F1.29,medium,
PER271,Araniko,Anige,person,People,F1.9;F1.8,AS-HIM;AS-CHN,1245,1306,,"The Newar artisan led craftsmen from Nepal to the Mongol court, where he designed the White Stupa in Beijing and headed imperial workshops.",bronze casting;architecture,stupa;Buddhist figure,ritual and belief,Yuan records,the Newar craftsmen who travelled with him,sacred,Wikimedia Commons;Met Open Access (CC0),R3,F1.13;F1.17,high,links: SCH032; POL167
PER272,Suryavarman II,,person,People,F1.9,AS-MSE,1113,1150,"reign dates, approximate","The Khmer king built Angkor Wat, with its long bas-reliefs, as his state temple.",sandstone construction;relief carving,temple,ritual and belief;rule and display,inscriptions; historians,"the quarry workers, carvers and bonded labourers",sacred,Wikimedia Commons,R3,F1.17,high,links: POL209
PER273,Jayavarman VII,,person,People,F1.9,AS-MSE,1181,1218,"reign dates, approximate",The Khmer king built Angkor Thom and the Bayon and founded hospitals and rest houses listed in inscriptions.,laterite and sandstone construction,temple;hospital,ritual and belief;care and access,inscriptions; historians,the labourers and temple servants listed in inscriptions,sacred;human-flow,Wikimedia Commons,R3,F1.17,high,Temple inscriptions list bonded workers. links: POL209
PER274,Kartini,Raden Ajeng Kartini,person,People,F1.9,AS-ISE,1879,1904,,The Javanese writer arranged sales of Jepara woodcarving to Dutch buyers through the Oost en West society.,woodcarving promotion,carving;furniture,exchange and value,her letters (published 1911),"the Jepara carvers whose work she promoted, few of them named",none,Wikimedia Commons,R3,F1.18;F1.17,medium,"Round 2: sources confirm she marketed Jepara carving to Semarang, Batavia and the Netherlands and worked with the Oost en West association; the scale of her role beyond that is less documented."
PER275,Eliza van Zuylen,,person,People,F1.9,AS-ISE,1863,1947,,The Indo-European batik entrepreneur ran a large workshop in Pekalongan producing floral batik signed with her name.,batik;wax resist,sarong;batik cloth,clothing and adornment,her signature on cloths,the Javanese women who drew the wax and dyed the cloth,none,Tropenmuseum/Wereldmuseum photos on Wikimedia Commons (CC BY-SA);Wikimedia Commons,R3,F1.18;F1.26,high,links: MKR054
PER276,Nguyễn Gia Trí,,person,People,F1.9,AS-MSE,1908,1993,,The Vietnamese painter turned traditional lacquer into a painting medium with large layered and polished panels.,lacquer;eggshell inlay;polishing,panel;screen,rule and display,himself,the lacquer craftsmen of Hanoi,none,collection search link-out only (works in copyright),R3,F1.20,high,links: SCH033
PER277,Lang Dulay,,person,People,F1.9,AS-ISE,1928,2015,born c. 1928,The T'boli weaver of t'nalak abaca cloth received the National Living Treasures award of the Philippines (1998).,abaca;ikat;tie-dye,cloth,clothing and adornment;ritual and belief,herself; T'boli community,the T'boli women weavers whose designs come in dreams,Indigenous-community,collection search link-out only (works in copyright),R3,F1.18;F1.29,high,
PER278,Whang-od Oggay,,person,People,F1.9,AS-ISE,1917,,born c. 1917; living,The Kalinga tattooist of Buscalan practises batok hand-tapped tattooing and has trained younger relatives.,hand-tapped tattoo;soot ink,tattoo,clothing and adornment;ritual and belief,herself; the Buscalan community,the Kalinga tattooists before her,Indigenous-community;living-community,community-published site (link-out),R3,F1.18;F1.29,high,
PER279,Puabi,,person,People,F1.9a,WA-MES,-2600,-2550,fl.; approximate,"The woman buried in tomb PG 800 at Ur, named on a cylinder seal, was laid out with a headdress of gold leaves and beaded capes of lapis lazuli and carnelian.",gold sheet;lapis lazuli;carnelian beadwork,headdress;bead cape;cylinder seal,clothing and adornment;rule and display,Leonard Woolley's excavation (1927–28); her seal,the attendants buried with her; the metalworkers and bead makers,funerary,open-access excavation reports;Wikimedia Commons,R3,F1.24;F1.18,high,"Her title (queen) comes from the seal; finds are split among Baghdad, London and Philadelphia. links: CIV056; NET018"
PER280,Enheduanna,,person,People,F1.9a,WA-MES,-2285,-2250,fl.; approximate,"The daughter of Sargon of Akkad, high priestess at Ur, is shown on an inscribed alabaster disc and is credited with hymns, often called the earliest named author.",relief carving;cuneiform,disc;hymn,ritual and belief;record and writing,the disc's inscription; later copies of hymns,the scribes who copied the hymns centuries later; the carver of the disc,sacred,open-access excavation reports;Wikimedia Commons,R3,F1.5;F1.18;F1.28,high,Authorship of the hymns is debated. links: POL093
PER281,Gudea,Gudea of Lagash,person,People,F1.9a,WA-MES,-2144,-2124,"reign dates, approximate","The ruler of Lagash had many diorite statues of himself carved, with inscriptions saying the stone and timber for his temple came from distant lands such as Magan.",diorite carving;temple building,statue;foundation peg,rule and display;ritual and belief,his own inscriptions,the sculptors and the traders who brought diorite from Magan,none,Met Open Access (CC0);Wikimedia Commons,R3,F1.17;F1.13,high,links: POL092; CIV061
PER282,Ea-nasir,,person,People,F1.9a,WA-MES,-1760,-1740,fl.; approximate,"The Ur merchant dealt in copper from Dilmun and is known from tablets, including a customer's complaint about poor-quality ingots.",copper trade,ingot;letter tablet,exchange and value,cuneiform tablets from his house; historians,the miners and smelters of Magan; the customers who wrote to him,none,"Cuneiform Digital Library Initiative (link out);British Museum Collection Online (CC BY-NC-SA, link out)",R3,F1.13;F1.28,high,links: NET016; POL095
PER283,Lamassī,,person,People,F1.9a,WA-ANA;WA-MES,-1900,-1860,fl.; approximate,"The Assur woman, wife of the merchant Pūšu-kēn, wove textiles for export to Kanesh and wrote letters about cloth, prices and household matters.",wool weaving;letter writing,textile;letter tablet,clothing and adornment;exchange and value,the Kanesh archive; Assyriologists,the other Assur women weavers and the enslaved workers in their houses,human-flow,Cuneiform Digital Library Initiative (link out),R3,F1.18;F1.28,medium,Old Assyrian households held enslaved people. links: INS093; NET017
PER284,Tapputi,Tapputi-Belatekallim,person,People,F1.9a,WA-MES,-1250,-1150,fl.; approximate,"A cuneiform tablet names Tapputi, a palace overseer, as a perfume maker and records her distillation-like method, often cited as the earliest named chemist.",perfume making;extraction,perfume;tablet,clothing and adornment,a cuneiform text; historians of chemistry,the assistant named with her and other palace perfumers,none,Wikimedia Commons,R3,F1.18;F1.28,medium,Claims of 'first chemist' are later framing.
PER285,Ashurbanipal,,person,People,F1.9a,WA-MES,-669,-631,"reign dates, approximate",The Assyrian king gathered cuneiform tablets at Nineveh into a library and commissioned the lion-hunt reliefs.,tablet collecting;relief carving,tablet;relief,record and writing;rule and display,his own inscriptions; excavators,the scribes who copied the tablets and the sculptors of the reliefs,none,"British Museum Collection Online (CC BY-NC-SA, link out);Cuneiform Digital Library Initiative (link out)",R3,F1.28;F1.17,high,links: POL096
PER286,Nebuchadnezzar II,,person,People,F1.9a,WA-MES,-605,-562,reign dates,"The Babylonian king rebuilt Babylon with glazed-brick gates and processional walls such as the Ishtar Gate, stamped bricks naming him.",glazed moulded brick;stamped brick,gate;wall,rule and display;ritual and belief,his own inscriptions,"the brickmakers and deported people, including Judaeans, in Babylon",human-flow,Met Open Access (CC0);Wikimedia Commons,R3,F1.17;F1.23,high,links: POL097
PER287,Ennigaldi-Nanna,,person,People,F1.9a,WA-MES,-555,-540,fl.; approximate,"The priestess at Ur, daughter of Nabonidus, lived where Woolley found older objects kept together with a labelled clay cylinder, which he called a museum.",collecting;labelling,clay cylinder;antiquity,ritual and belief;record and writing,Leonard Woolley's excavation report,the older makers whose objects were gathered,none,open-access excavation reports;Wikimedia Commons,R3,F1.24;F1.3,medium,The 'first museum' label is Woolley's interpretation.
PER288,Darius I,,person,People,F1.9a,WA-IRN,-522,-486,reign dates,The Achaemenid king's foundation charter at Susa lists the craftsmen and materials brought from across the empire to build his palace.,palace building;glazed brick;stone carving,palace;relief;foundation text,rule and display,his own inscriptions,the workers of Persepolis paid in rations (kurtas),human-flow,Wikimedia Commons,R3,F1.17;F1.13,high,Status of the workers varied; some were deportees. links: POL105; MKR091
PER289,Ennion,,person,People,F1.9a;F1.11,WA-LEV;EU-GRR,1,50,fl.; first half of the 1st century CE,"The glassmaker, probably from Sidon, signed mould-blown cups and jugs with his name in Greek, among the earliest known glass signatures.",mould-blown glass,cup;jug,food and storage,signatures on vessels; archaeologists,the workshop blowers and the copyists of his moulds,none,Met Open Access (CC0);Cleveland Museum of Art Open Access (CC0),R2,F1.26;F1.14,high,links: POL120
PER290,Toros Roslin,,person,People,F1.9a;F1.10,WA-ANA;WA-CAU,1210,1270,approximate,The Armenian manuscript painter at Hromkla in Cilicia signed Gospel books with rich colour and figures.,illumination;gold leaf,Gospel book,ritual and belief;record and writing,colophons,the scribes and binders,sacred,Walters Art Museum (CC0);Wikimedia Commons,R3,F1.26,high,links: SCH046; POL110
PER291,Momik,,person,People,F1.9a,WA-CAU,1270,1333,died 1333; birth date unknown,"The Armenian architect, sculptor and illuminator carved khachkars and worked on the church at Noravank.",stone carving;architecture;illumination,khachkar;church,ritual and belief,inscriptions; Armenian tradition,his workshop,sacred,Wikimedia Commons,R3,F1.26,medium,
PER292,Austen Henry Layard,,person,People,F1.9a;F1.11,WA-MES;EU-BLC,1817,1894,,The British excavator dug at Nimrud and Nineveh (1845–51) and shipped reliefs and colossi to the British Museum.,excavation;removal,relief;lamassu,rule and display,himself (Nineveh and Its Remains),"the local labourers and Hormuzd Rassam, who ran the digs",none,"British Museum Collection Online (CC BY-NC-SA, link out);Internet Archive (public-domain scans)",R3,F1.24,high,Excavated under Ottoman permits.
PER293,Hormuzd Rassam,,person,People,F1.9a;F1.6,WA-MES;AF-HRN,1826,1910,,"The Assyrian Christian archaeologist from Mosul found the Ashurbanipal library tablets and the lion-hunt reliefs, but was long overshadowed by British excavators.",excavation,tablet;relief,rule and display,himself; British Museum,"himself, when finds were credited to Layard",none,"British Museum Collection Online (CC BY-NC-SA, link out)",R3,F1.24;F1.26,high,He was also a British envoy held captive by Tewodros II before Maqdala.
PER294,Gertrude Bell,,person,People,F1.9a,WA-MES,1868,1926,,"The British official and archaeologist set up the Iraq Museum's collection and drafted Iraq's antiquities law, passed in 1924.",museum founding;antiquities law,museum,rule and display,herself,Iraqi archaeologists and the division of finds that favoured foreign excavators,none,Wikimedia Commons,R3,F1.24,high,
PER295,Leonard Woolley,,person,People,F1.9a,WA-MES,1880,1960,,"The British archaeologist excavated the Royal Cemetery of Ur (1922–34), whose finds were divided between Baghdad, London and Philadelphia.",excavation;reconstruction,headdress;lyre;gaming board,rule and display,himself,Katharine Woolley and the Iraqi workforce led by foreman Hamoudi,funerary,"British Museum Collection Online (CC BY-NC-SA, link out);open-access excavation reports",R3,F1.24;F1.28a,high,links: CIV056
PER296,Katharine Woolley,,person,People,F1.9a,WA-MES,1888,1945,,The British archaeologist worked on the Ur excavations and drew reconstructions of finds such as Puabi's headdress.,archaeological drawing;reconstruction,drawing,rule and display,herself,"herself, when work is credited to Leonard alone",none,open-access excavation reports,R3,F1.18;F1.28a,medium,Round 2: an early reconstruction of Puabi's headdress by Katharine Woolley is documented (ISAW exhibition).
PER297,Heinrich Schliemann,,person,People,F1.11;F1.9a,WA-ANA;EU-GRR,1822,1890,,"The German businessman dug at Troy (Hisarlik) and Mycenae, smuggled 'Priam's Treasure' out of the Ottoman Empire, and its removal to Moscow in 1945 made it wartime loot as well.",excavation;removal,gold jewellery;vessel,rule and display,himself,"the Ottoman authorities and local workers; Sophia Schliemann, pictured in the jewels; the Bronze Age makers",conflict-looting,Wikimedia Commons,R3,F1.24;F1.19a,high,links: POL116; POL150
PER298,Ibn Muqla,Abu Ali Muhammad ibn Muqla,person,People,F1.10,WA-MES,886,940,,"The Abbasid vizier is credited with a proportioned system for Arabic scripts, measuring letters in rhombic dots of the pen.",calligraphy;proportion system,Qur'an;document,record and writing,later calligraphic tradition,the scribes who used and refined the system,none,Wikimedia Commons,R3,F1.5;F1.15,high,No works securely by him survive. links: DYN010
PER299,Ibn al-Bawwab,,person,People,F1.10,WA-MES,960,1022,born c. 960s; died 1022,The Baghdad calligrapher refined proportioned scripts; a Qur'an copied by him in 1000–01 is in the Chester Beatty Library.,calligraphy;illumination,Qur'an,record and writing;ritual and belief,colophon; later tradition,the paper makers and illuminators; his early trade as a house painter,sacred,Wikimedia Commons,R3,F1.26,high,links: DYN013
PER300,Yaqut al-Musta'simi,,person,People,F1.10,WA-MES,1221,1298,approximate,"The Abbasid court calligrapher refined the six scripts, and his name was later forged on many manuscripts.",calligraphy;cut reed pen,Qur'an;manuscript,record and writing;ritual and belief,later calligraphic tradition,his students; the many copyists whose work carries his name,sacred,Cleveland Museum of Art Open Access (CC0);Wikimedia Commons,R3,F1.14;F1.26,high,links: DYN010
PER301,Zubaidah bint Ja'far,,person,People,F1.10,WA-ARB;WA-MES,766,831,born c. 766,"The Abbasid princess funded wells, cisterns and stations along the pilgrim road from Kufa to Mecca, later called Darb Zubaydah.",cistern;well building,road station;cistern,transport;care and access,Arabic chroniclers,the builders and the Bedouin who maintained the route,none,Wikimedia Commons,R3,F1.17;F1.18,high,links: DYN010
PER302,Fatima al-Fihri,,person,People,F1.10;F1.6,AF-MAG,800,880,fl.; mosque founded 859,"Tradition credits the woman from Kairouan with founding the Qarawiyyin mosque in Fez in 859, later a centre of learning.",patronage;architecture,mosque,ritual and belief;care and access,"later historians (Ibn Abi Zar, 14th century)",the builders; the lack of contemporary sources,none,Wikimedia Commons,R3,F1.17;F1.18,medium,Early sources are thin.
PER303,al-ʿIjliyya bint al-ʿIjliyy,Mariam al-Ijliya; Mariam al-Asturlabiyya (modern names),person,People,F1.10,WA-LEV,944,967,fl.; approximate,"Ibn al-Nadim names her, the daughter of the astrolabe maker al-ʿIjliyy and like him a pupil of Nastulus, as an astrolabe maker employed by Sayf al-Dawla in Aleppo.",astrolabe making;brass engraving,astrolabe,tools;record and writing,Ibn al-Nadim's Fihrist,the other women instrument makers unrecorded,none,Wikimedia Commons,R3,F1.18,low,"Known from one source (Ibn al-Nadim, Fihrist); the first name 'Mariam' is a modern addition not found there."
PER304,Al-Jazari,Ismail ibn al-Razzaz al-Jazari,person,People,F1.10,WA-ANA,1136,1206,,"The engineer at the Artuqid court wrote The Book of Knowledge of Ingenious Mechanical Devices (1206), with drawings of clocks, pumps and automata.",mechanical engineering;technical drawing,treatise;water clock;automaton,tools;record and writing,himself,the craftsmen who built the machines; the painters of later copies,none,British Library digitised manuscripts (public-domain items);Wikimedia Commons,R3,F1.28;F1.19,high,links: DYN019
PER305,Abu Zayd al-Kashani,,person,People,F1.10,WA-IRN,1186,1219,fl.; dated works,The Kashan potter signed and dated more lustre and mina'i wares than any other potter of the period.,lustre;mina'i overglaze;fritware,bowl;tile,food and storage;rule and display,signatures on wares,the family potters and the painters he worked with,none,Met Open Access (CC0);Cleveland Museum of Art Open Access (CC0),R2,F1.26,high,links: MKR056
PER306,Abu'l Qasim Kashani,,person,People,F1.10,WA-IRN,1290,1320,fl.; treatise 1301,A member of a Kashan potters' family wrote a treatise on precious stones (1301) with a chapter on how fritware and lustre were made.,technical writing;fritware;lustre,treatise,record and writing,himself,the potters whose recipes he recorded,none,Wikimedia Commons,R3,F1.28,high,links: MKR056
PER307,Muhammad ibn al-Zayn,,person,People,F1.10,AF-EGY;WA-LEV,1300,1340,fl.; approximate,"The Mamluk metalworker signed the brass basin inlaid with silver and gold known as the Baptistère de Saint Louis, now in the Louvre.",brass;silver and gold inlay,basin,rule and display,signatures on the basin,workshop inlayers,none,Wikimedia Commons,R3,F1.26;F1.24,high,links: STY104
PER308,Sultan Hasan,al-Nasir Hasan,person,People,F1.10,AF-EGY,1335,1361,,"The Mamluk sultan built the huge madrasa-mosque in Cairo (1356–63), funded in part, historians suggest, from estates left by plague victims.",stone masonry;carved stucco;inlaid metal doors,mosque;madrasa,ritual and belief;rule and display,Mamluk chroniclers,the masons and the workers who died in the plague years,none,Wikimedia Commons;Archnet (link-out),R3,F1.17,high,links: POL042
PER309,Baysunghur,,person,People,F1.10;F1.12a,AS-CEN;WA-IRN,1397,1433,,"The Timurid prince ran a library-workshop at Herat whose calligraphers, painters and binders made manuscripts such as his Shahnama (1430).",court workshop;manuscript,manuscript,record and writing;rule and display,a report (arzadasht) from his workshop,the forty calligraphers and the painters named in the report,none,Wikimedia Commons,R3,F1.17;F1.28,high,links: INS043; SCH019
PER310,Kamal ud-Din Bihzad,,person,People,F1.10,AS-CEN;WA-IRN,1450,1535,approximate,"The Herat painter, later head of the Safavid royal library at Tabriz, was praised for painting that later artists copied and forged.",opaque watercolour,manuscript painting,rule and display,Persian writers; signatures,his workshop and the many painters later credited in his name,none,Met Open Access (CC0);Wikimedia Commons,R3,F1.26;F1.14,high,links: SCH019
PER311,Shah Tahmasp I,,person,People,F1.10,WA-IRN,1514,1576,,"The Safavid shah commissioned a Shahnama with 258 paintings, which he later gave to the Ottoman sultan.",court patronage;manuscript,manuscript;carpet,rule and display,Safavid chronicles,"the painters, gilders and binders of his workshop",none,Met Open Access (CC0),R3,F1.17,high,The manuscript was later broken up (Houghton Shahnama). links: POL236
PER312,Maqsud Kashani,,person,People,F1.10,WA-IRN,1539,1540,fl.; dated 946 AH,"The name woven into the Ardabil carpets with the date 946 AH (1539–40), whether as weaver, designer or overseer.",knotted wool pile;silk,carpet,ritual and belief;shelter,the woven inscription,the many weavers who knotted the carpets,none,Wikimedia Commons,R3,F1.26,high,His role is uncertain. links: POL236
PER313,Shah Abbas I,,person,People,F1.10,WA-IRN,1571,1629,,The Safavid shah rebuilt Isfahan and moved Armenian merchants and craftsmen from Julfa to New Julfa (1604–05) to run the silk trade.,urban planning;silk trade,mosque;bazaar;silk,exchange and value;rule and display,Safavid chronicles,the deported Armenians and Georgians,human-flow,Met Open Access (CC0);Wikimedia Commons,R3,F1.17;F1.13,high,links: POL236; INS046
PER314,Reza Abbasi,,person,People,F1.10,WA-IRN,1565,1635,approximate,"The Isfahan painter made single-page drawings and paintings for albums, sold to a wider market than the royal library.",ink drawing;opaque watercolour,album page,rule and display,signatures,his workshop and students,none,Met Open Access (CC0);Cleveland Museum of Art Open Access (CC0),R3,F1.21;F1.26,high,links: SCH021
PER315,Mir Emad Hasani,,person,People,F1.10,WA-IRN,1554,1615,,The Safavid calligrapher is regarded as a master of nastaliq; his samples were collected and copied widely.,calligraphy;nastaliq,album page,record and writing,later calligraphic tradition,students who continued his style,none,Met Open Access (CC0);Wikimedia Commons,R3,F1.14;F1.26,high,
PER316,Suleiman I,Süleyman the Magnificent,person,People,F1.10;F1.11,WA-ANA;EU-BYZ,1494,1566,,"The Ottoman sultan's court workshops (ehl-i hiref) set the court style in tiles, textiles, book arts and metalwork.",court workshops;Iznik tile,mosque;tile;kaftan,rule and display,Ottoman registers,the paid artisans listed in court registers,none,Met Open Access (CC0);Wikimedia Commons,R3,F1.17,high,links: INS041; STY109
PER317,Hürrem Sultan,Roxelana,person,People,F1.10,WA-ANA,1502,1558,born c. 1502–04,"The wife of Suleiman, taken captive as a young woman, funded the Haseki Hürrem complex in Istanbul and charitable foundations in Jerusalem, Mecca and Edirne.",patronage,mosque;soup kitchen;bath,ritual and belief;care and access,Ottoman records,the builders; the other enslaved women of the harem,human-flow,Wikimedia Commons,R3,F1.17;F1.18,high,links: INS044
PER318,Mihrimah Sultan,,person,People,F1.10,WA-ANA,1522,1578,,"The Ottoman princess commissioned two mosques by Sinan in Istanbul, at Üsküdar and Edirnekapı.",patronage,mosque,ritual and belief,Ottoman records,the builders,none,Wikimedia Commons,R3,F1.17;F1.18,high,
PER319,Mimar Sinan,,person,People,F1.10,WA-ANA,1490,1588,born c. 1490,"The Ottoman chief architect, recruited through the devshirme levy of Christian boys, designed hundreds of buildings, including the Süleymaniye and Selimiye mosques.",stone masonry;dome construction,mosque;bridge;bath,ritual and belief;shelter,his autobiographies (tezkire),"the corps of court architects, masons and labourers",human-flow,Wikimedia Commons;Archnet (link-out),R3,F1.17;F1.26,high,Devshirme was a forced levy. links: STY109
PER320,Şahkulu,Shahkulu,person,People,F1.10,WA-ANA,1515,1556,fl.; brought to Istanbul 1515; died by 1555–56; birth date unknown,"The Iranian court painter, trained in Tabriz and brought to Istanbul in 1515, led the saz style of feathery leaves and fantastic creatures used in tiles and textiles.",ink drawing;design,drawing;tile design,rule and display,Ottoman palace registers,the tile makers and weavers who used his designs,none,Met Open Access (CC0);Wikimedia Commons,R3,F1.15,high,links: STY110; INS042
PER321,Kara Memi,,person,People,F1.10,WA-ANA,1545,1566,fl.; approximate,"The Ottoman court illuminator developed the floral style of tulips, carnations and hyacinths that spread to tiles and textiles.",illumination;gold,manuscript;tile design,rule and display,Ottoman palace registers,the tile painters and weavers who used the designs,none,Wikimedia Commons,R3,F1.15,high,links: INS042
PER322,Şeyh Hamdullah,Sheikh Hamdullah,person,People,F1.10,WA-ANA,1436,1520,,The Ottoman calligrapher reworked Yaqut's six scripts into the Ottoman style taught for centuries.,calligraphy,Qur'an;album,record and writing,Ottoman calligraphic tradition,his students,sacred,Wikimedia Commons,R3,F1.26,high,
PER323,Timur,Tamerlane,person,People,F1.12a;F1.10,AS-CEN,1336,1405,,The conqueror took craftsmen from captured cities such as Damascus to Samarkand to build and decorate his capital.,tile mosaic;architecture,mosque;tomb,rule and display,Clavijo and Persian chroniclers,the deported craftsmen,human-flow,Wikimedia Commons,R3,F1.17;F1.23,high,links: POL235
PER324,Chinggis Khan,Genghis Khan,person,People,F1.12a,AS-CEN,1162,1227,born c. 1162,"The Mongol ruler's armies spared and deported artisans from conquered cities, forming artisan colonies across the empire.",artisan relocation,textile;metalwork,war,Persian and Chinese chroniclers,the deported artisans,human-flow,Wikimedia Commons,R3,F1.13;F1.23,high,links: POL233; MKR092
PER325,Ibn Battuta,,person,People,F1.13;F1.10,AF-MAG;GL,1304,1369,died 1368 or 1369,"The Moroccan traveller's Rihla describes goods and makers from Mali to China, including cloth, copper and porcelain.",travel writing,text,record and writing,himself; his editor Ibn Juzayy,his editor who shaped the text,none,Internet Archive (public-domain scans),R3,F1.13;F1.28,high,links: NET005
PER326,Abraham Ben Yiju,,person,People,F1.13;F1.9,AF-MAG;AS-SAS,1120,1160,fl.; approximate,"The Tunisian Jewish merchant ran a bronze workshop in Mangalore and traded with Aden, as recorded in Cairo Geniza letters.",bronze casting;trade,bronze vessel;letter,exchange and value,Cairo Geniza letters; S. D. Goitein,"Ashu, the enslaved Nair woman he freed and married, and his Indian slave-agent Bomma",human-flow,Wikimedia Commons,R3,F1.13;F1.28,low,"links: DIA004. Under review 3 Oct 2026: ""slave-agent Bomma"": check the name and wording against Goitein."
PER327,Hassan Massoudy,,person,People,F1.10;F1.11,WA-MES;EU-WCE,1944,,born 1944; living,"The Iraqi calligrapher, based in Paris, makes large Arabic calligraphies with wide reed and card tools.",calligraphy,work on paper,record and writing,himself,the Baghdad calligraphers he trained with,living-community,collection search link-out only (works in copyright),R3,F1.20,high,
PER328,Mohammad Ehsai,,person,People,F1.10,WA-IRN,1939,,born 1939; living,The Iranian calligrapher-painter turns nastaliq letters into large abstract compositions.,calligraphy;painting,painting,record and writing,himself,the calligraphic lineage he trained in,living-community,collection search link-out only (works in copyright),R3,F1.20,high,links: MOV077
PER329,Monir Shahroudy Farmanfarmaian,,person,People,F1.10,WA-IRN,1922,2019,,The Iranian artist made mirror mosaics with craftsmen trained in shrine mirror work (ayeneh-kari).,mirror mosaic;reverse glass painting,mosaic;relief,rule and display,herself,the mirror craftsmen who cut and set the pieces,none,collection search link-out only (works in copyright),R3,F1.20;F1.18,high,
PER330,Jewad Selim,,person,People,F1.10,WA-MES,1919,1961,,The Iraqi sculptor co-founded the Baghdad Modern Art Group and designed the Monument of Freedom in Baghdad.,bronze;relief,monument,rule and display,himself,the Italian foundry and workers who cast the figures,none,collection search link-out only (works in copyright),R3,F1.20,high,links: MOV078
PER331,Lorna Selim,,person,People,F1.10,WA-MES,1928,2021,,"The British-born painter married the sculptor Jewad Selim, taught drawing to architecture students at Baghdad University in the 1960s and painted the city's vernacular buildings.",painting;drawing,painting,rule and display,herself,"herself, as the partner of a famous sculptor",none,collection search link-out only (works in copyright),R3,F1.18,medium,
PER332,Shakir Hassan Al Said,,person,People,F1.10,WA-MES,1925,2004,,"The Iraqi painter and theorist developed the One Dimension group (1971), using Arabic letters and wall surfaces.",painting;theory,painting,record and writing,himself,the calligraphers and wall writers whose marks he used,none,collection search link-out only (works in copyright),R3,F1.20;F1.5,high,links: MOV078; MOV077
PER333,Madiha Omar,,person,People,F1.10,WA-MES,1908,2005,,"The Syrian-born Iraqi painter exhibited abstractions of Arabic letters in 1949, an early example of the hurufiyya movement.",painting;letter forms,painting,record and writing,herself,the calligraphers whose letters she reshaped,none,collection search link-out only (works in copyright),R3,F1.18;F1.20,high,links: MOV077
PER334,Saloua Raouda Choucair,,person,People,F1.10,WA-LEV,1916,2017,,"The Lebanese artist made modular sculptures of interlocking parts, drawing on Islamic geometry and poetry.",stone;wood;modular sculpture,sculpture,rule and display,herself,the craftsmen who cut her pieces,none,collection search link-out only (works in copyright),R3,F1.20;F1.18,high,
PER335,Fahrelnissa Zeid,,person,People,F1.10,WA-ANA;WA-LEV,1901,1991,,The Turkish painter made large abstract paintings and later painted chicken bones and resin works in Amman.,painting;resin,painting,rule and display,herself,her students in Amman,none,collection search link-out only (works in copyright),R3,F1.20,high,
PER336,Wijdan Ali,,person,People,F1.10;THEME,WA-LEV,1939,,born 1939; living,The Jordanian artist and art historian founded the Jordan National Gallery of Fine Arts and wrote on modern art in the Islamic world.,painting;art history,book;painting,record and writing,herself,the artists outside capitals left out of national surveys,living-community,collection search link-out only (works in copyright),R3,F1.3,high,
PER337,Hassan Sharif,,person,People,F1.10,WA-ARB,1951,2016,,"The Emirati artist made 'Objects', bundles of cheap manufactured goods woven and tied, a comment on consumer culture in Dubai.",weaving;tying;assemblage,object;installation,exchange and value,himself,the migrant workers and makers of the goods he used,none,collection search link-out only (works in copyright),R3,F1.21;F1.22,high,
PER338,Abdulqader Al Rais,,person,People,F1.10,WA-ARB,1951,,born 1951; living,The Emirati painter is known for watercolours of old Dubai houses and later for abstractions with Arabic letters.,watercolour;painting,painting,rule and display,himself,the builders of the coral and gypsum houses he painted,living-community,collection search link-out only (works in copyright),R3,F1.20;F1.29,medium,
PER339,Najat Makki,,person,People,F1.10,WA-ARB,1956,,born 1956; living,"The Emirati painter was the first Emirati woman to receive a government scholarship to study art abroad (1977), later took a doctorate in Cairo (2001), and works with colour, light and Emirati settings and folklore.",painting;relief,painting,rule and display,herself,the women's crafts she drew on,living-community,collection search link-out only (works in copyright),R3,F1.18;F1.20,medium,Biography checked round 2 (Wikipedia).
PER340,Safeya Binzagr,,person,People,F1.10,WA-ARB,1940,2024,,"The Saudi painter documented Hijazi dress, houses and customs and opened a cultural centre in Jeddah (Darat Safeya Binzagr).",painting;etching;costume collection,painting;dress,clothing and adornment,herself,the women whose dress and customs she recorded,none,collection search link-out only (works in copyright),R3,F1.18;F1.29,medium,Death year 2024 verified.
PER341,Sergei Rudenko,,person,People,F1.12a,AS-CEN;AS-NTH,1885,1969,,"The Soviet archaeologist excavated the frozen Pazyryk tombs in the Altai (1929, 1947–49), finding the oldest known knotted pile carpet.",excavation,carpet;saddle;felt,clothing and adornment;transport,himself,the Altai peoples who regard the burials as ancestral,funerary;ancestral,Wikimedia Commons,R3,F1.24,high,links: CIV087; STY098
PER342,Peter I,Peter the Great,person,People,F1.11;F1.12a,EU-EER;AS-NTH,1672,1725,,"The Russian tsar founded the Kunstkamera and gathered Siberian gold from burial mounds, now in the Hermitage.",collecting;shipbuilding,gold plaque;ship,rule and display,himself; Russian state,the grave robbers and Siberian peoples; the makers of the Scythian-Siberian gold,funerary,Wikimedia Commons,R3,F1.24;F1.17,high,links: POL144
PER343,Tupaia,,person,People,F1.12;F1.13,OC-POL,1725,1770,born c. 1725; died 1770 in Batavia,"The Raiatean navigator and priest sailed with Cook in 1769, drew a chart of some 70 Pacific islands from his knowledge and made drawings of the voyage once credited to Joseph Banks.",wayfinding;drawing,chart;drawing,transport;record and writing,the voyage records; historians (drawings reattributed in 1997),"himself, when his drawings were credited to Banks; the navigators whose knowledge he held",Indigenous-community,British Library digitised manuscripts (public-domain items);Wikimedia Commons,R2,F1.26;F1.13,high,links: NET045
PER344,Mau Piailug,Pius Mau Piailug,person,People,F1.12;F1.13,OC-MIC;OC-POL,1932,2010,,The navigator from Satawal guided the voyaging canoe Hōkūleʻa from Hawaiʻi to Tahiti in 1976 without instruments and later taught Hawaiian navigators.,wayfinding;canoe sailing,voyaging canoe,transport,himself; the Polynesian Voyaging Society,the Satawal navigators who taught him; his breaking of the rule that such knowledge stayed in the lineage,Indigenous-community,community-published site (link-out),R3,F1.13;F1.29,high,links: NET045
PER345,Herb Kawainui Kāne,,person,People,F1.12,OC-POL,1928,2011,,The Hawaiian artist designed the voyaging canoe Hōkūleʻa from historical drawings and co-founded the Polynesian Voyaging Society (1973).,canoe design;painting,voyaging canoe;painting,transport,himself,the builders of Hōkūleʻa; the Pacific canoe-builders whose designs were drawn by Europeans,Indigenous-community,community-published site (link-out),R3,F1.28a;F1.29,medium,"Under review 3 Oct 2026: that Kāne designed Hōkūleʻa ""from historical drawings"" is unverified (batch 3; F1.12 spec §9)."
PER346,James Cook,,person,People,F1.12;F1.11,OC-POL;EU-BLC,1728,1779,,"The British naval officer's three Pacific voyages (1768–79) brought back thousands of Pacific objects to Britain, now spread across many museums.",voyaging;collecting by exchange and seizure,cloak;headdress;adze,rule and display,voyage journals; museums,the Pacific makers and Tupaia; the objects taken by force or in unequal exchange,Indigenous-community,"British Museum Collection Online (CC BY-NC-SA, link out);Wikimedia Commons",R3,F1.24,high,links: NET045
PER347,Liliʻuokalani,,person,People,F1.12,OC-POL,1838,1917,,The last queen of the Hawaiian Kingdom made a signed crazy quilt with her companions while imprisoned in ʻIolani Palace after the 1895 uprising.,quilting;embroidery,quilt,clothing and adornment;rule and display,herself; ʻIolani Palace,the women who stitched with her,Indigenous-community,community-published site (link-out);Wikimedia Commons,R3,F1.18;F1.19a,high,links: POL083; DYN095
PER348,Sālote Tupou III,,person,People,F1.12,OC-POL,1900,1965,,The Queen of Tonga supported women's production of barkcloth (ngatu) and fine mats and founded the Langafonua women's association (1953).,barkcloth;mat weaving,ngatu;fine mat,clothing and adornment;exchange and value,Tongan state,the women's kautaha groups who made the cloth,none,community-published site (link-out),R3,F1.18;F1.17,high,links: POL085; MKR088
PER349,Āpirana Ngata,,person,People,F1.12,OC-POL,1874,1950,,The Māori politician set up the School of Māori Arts and Crafts at Rotorua (1926) to train carvers and build meeting houses.,whakairo;meeting house building,meeting house;carving,rule and display;ritual and belief,himself; New Zealand government,the tohunga whakairo who taught; iwi styles narrowed by one school's teaching,Indigenous-community,"Te Papa Collections Online (CC BY items, taonga Maori images for research and education only)",R3,F1.17;F1.29,high,links: INS085
PER350,Te Puea Hērangi,,person,People,F1.12,OC-POL,1883,1952,,The Waikato leader built Tūrangawaewae marae at Ngāruawāhia and brought carvers to decorate its buildings.,patronage;marae building,meeting house;canoe,rule and display;ritual and belief,Waikato-Tainui,the carvers and the community labour that built the marae,Indigenous-community,"Te Papa Collections Online (CC BY items, taonga Maori images for research and education only)",R3,F1.17;F1.18,high,
PER351,Tene Waitere,,person,People,F1.12,OC-POL,1853,1931,born c. 1853–54,"The Ngāti Tarawhai carver made meeting-house carvings and pieces for tourists and collectors, including for Hinemihi, now at Clandon Park in England.",whakairo,meeting house carving;panel,rule and display;ritual and belief,himself; museums,the carving school he trained in,Indigenous-community,"Te Papa Collections Online (CC BY items, taonga Maori images for research and education only)",R3,F1.26;F1.21,high,links: SCH044
PER352,Pine Taiapa,,person,People,F1.12,OC-POL,1901,1972,,The Ngāti Porou carver trained at the Rotorua school and carved many meeting houses across New Zealand.,whakairo,meeting house,ritual and belief,himself,the carvers who worked under him,Indigenous-community,"Te Papa Collections Online (CC BY items, taonga Maori images for research and education only)",R3,F1.29,high,links: INS085
PER353,Rangimārie Hetet,,person,People,F1.12,OC-POL,1892,1995,,The Ngāti Maniapoto weaver kept kākahu (cloak) weaving alive and taught her daughter Diggeress Te Kanawa.,harakeke fibre;finger weaving,cloak,clothing and adornment;rule and display,herself,the women weavers who taught her,Indigenous-community,"Te Papa Collections Online (CC BY items, taonga Maori images for research and education only)",R3,F1.18;F1.29,high,
PER354,Diggeress Te Kanawa,,person,People,F1.12,OC-POL,1920,2009,,The Ngāti Maniapoto weaver taught cloak-weaving widely and wrote a book on Māori fibre weaving (1992).,harakeke fibre;finger weaving,cloak;kete,clothing and adornment,herself,the weavers of her family lineage,Indigenous-community,"Te Papa Collections Online (CC BY items, taonga Maori images for research and education only)",R3,F1.18;F1.29,high,
PER355,Emily Schuster,,person,People,F1.12,OC-POL,1927,1997,,The Te Arawa weaver headed weaving at the New Zealand Māori Arts and Crafts Institute in Rotorua.,harakeke fibre;weaving,cloak;kete;tukutuku panel,clothing and adornment,herself,the weavers who trained there,Indigenous-community,"Te Papa Collections Online (CC BY items, taonga Maori images for research and education only)",R3,F1.18,high,links: INS085
PER356,Gordon Walters,,person,People,F1.12,OC-POL,1919,1995,,"The Pākehā painter used the Māori koru form in hard-edge paintings from the 1950s, later criticised as appropriation.",painting,painting,rule and display,himself; critics,the Māori carvers and kōwhaiwhai painters whose form he took,Indigenous-community,collection search link-out only (works in copyright),R3,F1.2,high,
PER357,Linda Tuhiwai Smith,,person,People,THEME;F1.12,OC-POL,1950,,born 1950; living,The Māori scholar's Decolonizing Methodologies (1999) set out how research on Indigenous peoples can be done with and for them.,research methodology,book,record and writing,herself,earlier Indigenous thinkers she builds on,Indigenous-community;living-community,library link-out (in copyright); open-access articles where they exist,R3,F1.3;F1.26,high,
PER358,Te Rangi Hīroa,Peter Buck,person,People,F1.12;THEME,OC-POL,1877,1951,born c. 1877,"The Māori doctor and anthropologist studied Pacific material culture and directed the Bishop Museum in Honolulu, writing on Pacific voyaging and crafts.",ethnography;museum direction,book,record and writing,himself,the makers and communities he studied,Indigenous-community,Internet Archive (public-domain scans),R3,F1.3;F1.24,high,
PER359,Albert Namatjira,,person,People,F1.12,OC-AUS,1902,1959,,The Western Arrernte painter from Hermannsburg made watercolour landscapes of Country and lost control of his copyright after his death until it was returned to his family in 2017.,watercolour,painting,rule and display,himself; Rex Battarbee who taught him,"the Hermannsburg family painters; his family, long denied copyright",Indigenous-community,collection search link-out only (works in copyright),R3,F1.26;F1.14,high,Some communities avoid naming or showing images of the deceased; check family wishes. links: SCH042
PER360,Emily Kame Kngwarreye,,person,People,F1.12,OC-AUS,1910,1996,born c. 1910,The Anmatyerre artist from Utopia moved from batik to painting in 1988 and made thousands of paintings rooted in body designs and Country.,batik;acrylic painting,painting;batik,ritual and belief,herself; Utopia community; dealers,the Utopia women whose batik group she came from,Indigenous-community,collection search link-out only (works in copyright),R3,F1.18;F1.20,high,Some communities avoid naming the deceased; check protocol. links: MKR085
PER361,Clifford Possum Tjapaltjarri,,person,People,F1.12,OC-AUS,1932,2002,born c. 1932,"The Anmatyerre artist was a founding painter of Papunya Tula, making large map-like paintings of Country; forgeries of his work led to court cases.",acrylic dot painting,painting,ritual and belief,himself; Papunya Tula Artists,the Papunya men and women painters; the family members who helped paint,Indigenous-community;sacred,collection search link-out only (works in copyright),R3,F1.14;F1.26,high,Some communities avoid naming the deceased; check protocol. links: MKR080; MOV100
PER362,Geoffrey Bardon,,person,People,F1.12,OC-AUS,1940,2003,,"The art teacher at Papunya in 1971 encouraged men to paint a school mural and then boards, the start of the Papunya Tula movement.",art teaching,mural;painting,rule and display,himself,"the Papunya men who painted, who led the movement",Indigenous-community,collection search link-out only (works in copyright),R3,F1.20;F1.26,high,links: MKR080; MOV100
PER363,Rover Thomas,Joolama,person,People,F1.12,OC-AUS,1926,1998,born c. 1926,"The Kukatja-Wangkajunga artist began painting in the East Kimberley after a 1970s dream, founding the Krill Krill ceremony and painting its boards in ochre.",natural ochre;painting,painting;ceremonial board,ritual and belief,himself; Warmun community,"Paddy Jaminji, who first painted the boards",Indigenous-community;sacred,collection search link-out only (works in copyright),R3,F1.16;F1.20,high,Some communities avoid naming the deceased. links: STY157; MKR086
PER364,Yirawala,,person,People,F1.12,OC-AUS,1897,1976,born c. 1897,The Kuninjku bark painter from western Arnhem Land painted spirit beings and ancestral stories.,bark painting;ochre,bark painting,ritual and belief,himself; collector Sandra Holmes,his family painters,Indigenous-community;sacred,collection search link-out only (works in copyright),R3,F1.16,high,Some communities avoid naming the deceased. links: STY155
PER365,Wandjuk Marika,,person,People,F1.12,OC-AUS,1927,1987,,The Yolŋu artist campaigned for artists' copyright after finding his clan design reproduced on tea towels without consent.,bark painting;advocacy,bark painting,ritual and belief,himself; Aboriginal Arts Board,"his clan, the owners of the designs",Indigenous-community;sacred,collection search link-out only (works in copyright),R3,F1.14;F1.24,high,Some communities avoid naming the deceased. links: MKR084
PER366,Narritjin Maymuru,,person,People,F1.12,OC-AUS,1916,1981,born c. 1916,The Yolŋu painter from Yirrkala made bark paintings for sale and helped paint the Yirrkala Church Panels (1962–63).,bark painting;ochre,bark painting;panel,ritual and belief,himself,the clan leaders who painted the panels together,Indigenous-community;sacred,collection search link-out only (works in copyright),R3,F1.16;F1.29,high,Some communities avoid naming the deceased. links: STY156
PER367,Gulumbu Yunupingu,,person,People,F1.12,OC-AUS,1943,2012,born c. 1943,The Yolŋu artist painted star-filled barks and larrakitj poles and won the Telstra award in 2004.,bark painting;ochre,bark painting;larrakitj,ritual and belief,herself; Buku-Larrnggay Mulka,the Yolŋu women painters of Yirrkala,Indigenous-community,collection search link-out only (works in copyright),R3,F1.18,high,Some communities avoid naming the deceased. links: MKR084
PER368,Yvonne Koolmatrie,,person,People,F1.12,OC-AUS,1944,,born 1944; living,The Ngarrindjeri weaver revived coiled sedge basketry and eel traps learned from elder Dorothy Kartinyeri.,coiled sedge weaving,basket;eel trap,food and storage,herself,the Ngarrindjeri elders who taught her,Indigenous-community;living-community,collection search link-out only (works in copyright),R3,F1.18;F1.29,high,
PER369,Ken Thaiday Sr,,person,People,F1.12,OC-MEL;OC-AUS,1950,,born 1950; living,The Torres Strait Islander artist makes kinetic dance headdresses (dhari) and hammerhead shark sculptures from mixed materials.,wood;plywood;feathers;moving parts,headdress;dance machine,ritual and belief;play and music,himself,the dancers who wear the headdresses,Indigenous-community;living-community,collection search link-out only (works in copyright),R3,F1.4;F1.16,high,
PER370,Margaret Preston,,person,People,F1.12,OC-AUS,1875,1963,,The Australian modernist urged the use of Aboriginal designs in national design from 1925 and used them in prints and textiles.,woodcut;stencil;painting,print;textile,rule and display,herself,the Aboriginal artists whose designs she used without consent,Indigenous-community,collection search link-out only (works in copyright),R3,F1.2;F1.18,high,
PER371,Baldwin Spencer,,person,People,F1.12,OC-AUS,1860,1929,,The biologist-anthropologist collected sacred and everyday objects in central and northern Australia for the Melbourne museum and published with Francis Gillen.,collecting;ethnography,tjurunga;bark painting,ritual and belief,himself,Francis Gillen and the Arrernte men whose objects and ceremonies he recorded,Indigenous-community;sacred,collection search link-out only (works in copyright),R3,F1.24,high,Sacred objects must not be displayed.
PER372,Jean-Marie Tjibaou,,person,People,F1.12,OC-MEL,1936,1989,,The Kanak leader organised the Mélanésia 2000 festival (1975); the Tjibaou Cultural Centre in Nouméa (1998) is named after him.,festival organising,festival;cultural centre,rule and display,himself,the Kanak makers whose work the festival showed,Indigenous-community,community-published site (link-out),R3,F1.24;F1.15,high,
PER373,Emmanuel Kasarhérou,,person,People,F1.12;F1.11,OC-MEL;EU-WCE,1960,,born 1960; living,The Kanak curator directed the Tjibaou Cultural Centre and became president of the Musée du quai Branly in 2020.,curating;provenance research,exhibition,rule and display,himself,the Kanak communities whose objects are in Paris,Indigenous-community;living-community,Musee du quai Branly (link out),R3,F1.24,high,
PER374,Exekias,,person,People,F1.11,EU-GRR,-550,-525,fl.; approximate,"The Athenian potter and painter signed black-figure vases as both maker and painter, including the Dionysos cup and the amphora of Achilles and Ajax playing a board game.",black-figure painting;incision;wheel throwing,amphora;kylix,food and storage;ritual and belief,signatures on vases; art historians,the workshop hands and the enslaved or foreign workers common in Athenian potteries,human-flow,Met Open Access (CC0);Wikimedia Commons,R2,F1.26;F1.28,high,Athenian workshops used enslaved labour; content note. links: STY003; POL117
PER375,Euphronios,,person,People,F1.11,EU-GRR,-520,-470,fl.; approximate,"The Athenian red-figure painter, later a potter, signed vases including a calyx krater that the Metropolitan Museum returned to Italy in 2008 after evidence it had been looted from an Etruscan tomb.",red-figure painting;relief line,calyx krater;kylix,food and storage;ritual and belief,signatures; art historians,the potters whose shapes he painted; the Etruscan buyers and tomb context destroyed by looters,conflict-looting;funerary,Met Open Access (CC0);Wikimedia Commons,R2,F1.24;F1.26,high,Looted from Cerveteri in 1971; returned 2008. links: STY003
PER376,John Beazley,Sir John Davidson Beazley,person,People,THEME;F1.11,EU-BLC;EU-GRR,1885,1970,,"The Oxford scholar attributed tens of thousands of Athenian vases to named and nicknamed painters (such as the Berlin Painter) by drawing style, a method that also shaped the antiquities market.",stylistic attribution,vase,record and writing,himself; the Beazley Archive,the workshop members and potters whom individual-painter attribution hides,none,community-published site (link-out),R3,F1.26;F1.3,high,The Beazley Archive database is free to search.
PER377,Pheidias,Phidias,person,People,F1.11,EU-GRR,-480,-430,approximate,"The Athenian sculptor oversaw the Parthenon sculptures and made the gold and ivory statues of Athena Parthenos and Zeus at Olympia, whose workshop has been excavated.",chryselephantine;marble carving;bronze,cult statue;frieze,ritual and belief;rule and display,"ancient writers (Plutarch, Pausanias); archaeologists",the many carvers who worked the Parthenon marbles under him,none,Wikimedia Commons,R3,F1.26;F1.17,high,A cup inscribed 'I belong to Pheidias' was found in the Olympia workshop. links: POL117
PER378,Vitruvius,Marcus Vitruvius Pollio,person,People,F1.11;THEME,EU-GRR,-80,-15,born c. 80–70 BCE; died after c. 15 BCE,"The Roman architect-engineer wrote De architectura, the only architectural treatise surviving from antiquity, on building, materials and machines.",technical writing;architecture;engineering,treatise,shelter;record and writing,himself; Renaissance readers,the builders and slaves whose practice he wrote about,none,LacusCurtius (public-domain translations);Internet Archive (public-domain scans),R3,F1.28;F1.3,high,links: POL120
PER379,Pliny the Elder,Gaius Plinius Secundus,person,People,F1.11;THEME,EU-GRR,23,79,,"The Roman writer's Natural History (77 CE) records materials and crafts from dyes and glass to bronze and pigments, and includes stories of named Greek artists.",encyclopedic writing,text,record and writing,himself,the craftspeople whose techniques he reported second-hand,none,LacusCurtius (public-domain translations);Internet Archive (public-domain scans),R3,F1.28;F1.3,high,links: POL120
PER380,Marcus Perennius,Perennius,person,People,F1.11,EU-GRR,-30,10,fl.; approximate,"The Arretine pottery's stamps show the workshop passing to men who had worked in it: first Perennius's freedman Marcus Perennius Tigranus, then Marcus Perennius Bargathes.",mould-made red gloss ware;stamps,bowl;cup,food and storage,stamps on the ware; archaeologists,the enslaved workers whose names appear only in stamps,human-flow,Met Open Access (CC0);Wikimedia Commons,R3,F1.23;F1.26,medium,"Round 2: Tigranus is described as a freedman of M. Perennius; Bargathes followed him as owner (Phase 3, c. 25–30 CE per Porten Palange). Earlier enslaved status is likely but not explicitly sourced here. links: POL120"
PER381,Eurysaces,Marcus Vergilius Eurysaces,person,People,F1.11,EU-GRR,-50,-20,fl.; approximate,The freedman baker built a tomb at Rome's Porta Maggiore with a frieze showing the stages of bread making in his bakery.,travertine;relief carving,tomb;relief,food and storage;ritual and belief,his tomb inscription,the enslaved workers shown in the frieze,human-flow;funerary,Wikimedia Commons,R3,F1.23;F1.19,high,links: POL120
PER382,Theodora,Empress Theodora,person,People,F1.11,EU-BYZ,500,548,born c. 500,"The Byzantine empress, co-ruler with Justinian, is shown with her court in the mosaic at San Vitale, Ravenna, during a reign that rebuilt Hagia Sophia.",mosaic;silk,mosaic;church,rule and display,Procopius; mosaics,the mosaicists; the architects Anthemius and Isidore of Hagia Sophia,none,Wikimedia Commons,R3,F1.17;F1.18,high,links: POL121
PER383,Ende,,person,People,F1.11,EU-IBE,975,975,fl.; 975,"The painter is named in the colophon of the Girona Beatus (975) as 'painter and servant of God', one of the earliest named women illuminators in Europe.",manuscript illumination,manuscript,ritual and belief,the colophon,the scribe Senior and the monastery workshop,sacred,Wikimedia Commons,R3,F1.18;F1.26,high,
PER384,Theophilus Presbyter,,person,People,F1.11,EU-WCE,1100,1120,fl.; approximate,"The author of De diversis artibus described pigments, glassmaking, stained glass, metalworking and organ building in detail.",technical writing;glass;metalwork,treatise,record and writing;ritual and belief,the text; historians who suggest he was Roger of Helmarshausen,the workshop makers whose methods he wrote down,none,Internet Archive (public-domain scans);Wikimedia Commons,R3,F1.28,high,Identity uncertain.
PER385,Suger,Abbot Suger,person,People,F1.11,EU-WCE,1081,1151,,The abbot of Saint-Denis rebuilt its church with a new choir of stained glass and wrote an account defending the costly materials.,stained glass;goldsmith work;architecture,church;liturgical vessel,ritual and belief;rule and display,his own writings,"the masons, glaziers and goldsmiths he names only in part",sacred,National Gallery of Art Washington Open Access (CC0);Wikimedia Commons,R3,F1.17;F1.28,high,The eagle vase he adapted is in the Louvre. links: STY013
PER386,Christine de Pizan,,person,People,F1.11,EU-WCE,1364,1430,died c. 1430,The Venetian-born writer in Paris oversaw the production of her own illustrated manuscripts and praised the illuminator Anastaise.,manuscript supervision;writing,manuscript,record and writing,herself,Anastaise and the scribes and painters she worked with,none,"British Library digitised manuscripts (public-domain items);Gallica BnF (public-domain items, link out for reuse)",R3,F1.18;F1.28,high,
PER387,Anastaise,,person,People,F1.11,EU-WCE,1400,1405,fl.; approximate,"Christine de Pizan names her as the most skilled painter of borders and backgrounds in Paris, but no work can now be securely attributed to her.",manuscript illumination,manuscript border,record and writing,Christine de Pizan's City of Ladies (1405),"herself, whose work is unattributed",none,Wikimedia Commons,R3,F1.18;F1.26,medium,Known only from one text.
PER388,Cennino Cennini,,person,People,F1.11,EU-WCE,1360,1427,born c. 1360; died before 1427,The Florentine painter's Il libro dell'arte describes workshop methods from grinding pigments to gilding panels.,technical writing;tempera;gilding,treatise,record and writing,himself,the apprentices and grinders of pigments in the workshop,none,Internet Archive (public-domain scans);Wikimedia Commons,R3,F1.28,high,
PER389,Lorenzo de' Medici,Lorenzo il Magnifico,person,People,F1.11,EU-WCE,1449,1492,,"The Florentine banker-ruler collected antique gems and vases, which he had engraved with his name, and supported artists' training.",collecting;patronage,vase;gem,rule and display,Medici inventories; Vasari,the workshop artists and the gem cutters,none,Wikimedia Commons,R3,F1.17;F1.24,high,links: DYN088
PER390,Isabella d'Este,,person,People,F1.11,EU-WCE,1474,1539,,The Marchioness of Mantua commissioned paintings to detailed written programmes and collected antiquities for her studiolo.,patronage;collecting,painting;antiquity,rule and display,her letters,the painters she instructed and the agents who bought for her,none,Wikimedia Commons,R3,F1.17;F1.18,high,links: DYN089
PER391,Johannes Gutenberg,,person,People,F1.11,EU-WCE,1400,1468,born c. 1400,"The Mainz goldsmith developed a type-casting mould, oil-based ink and press used to print the Bible around 1455.",type casting;press printing,printed book,record and writing,court records; historians,his partners Johann Fust and Peter Schöffer; the earlier East Asian movable type,none,Wikimedia Commons,R3,F1.5;F1.19,high,
PER392,Albrecht Dürer,,person,People,F1.11,EU-WCE,1471,1528,,The Nuremberg artist sold woodcuts and engravings across Europe and complained to Venice about copies of his prints by Marcantonio Raimondi.,woodcut;engraving,print,record and writing,himself,"the block cutters who cut his woodcuts; his wife Agnes, who sold the prints",none,National Gallery of Art Washington Open Access (CC0);Met Open Access (CC0),R2,F1.14;F1.21,high,links: MKR066
PER393,Marcantonio Raimondi,,person,People,F1.11,EU-WCE,1480,1534,approximate,The Bolognese engraver copied Dürer's prints with his monogram and later spread Raphael's designs across Europe through reproductive engravings.,engraving,print,record and writing,Vasari,the workshop engravers who continued his work,none,Met Open Access (CC0);National Gallery of Art Washington Open Access (CC0),R3,F1.14,high,Vasari's story of a Venetian lawsuit is not confirmed by records.
PER394,Properzia de' Rossi,,person,People,F1.11,EU-WCE,1490,1530,approximate,"The Bolognese sculptor carved tiny figures on fruit stones and marble reliefs for San Petronio, one of few women sculptors Vasari wrote about.",micro-carving;marble relief,relief;carved stone,rule and display,Vasari,the other women who carved at small scale,none,Wikimedia Commons,R3,F1.18;F1.26,high,
PER395,Giorgio Vasari,,person,People,F1.11;THEME,EU-WCE,1511,1574,,"The painter's Lives of the Artists (1550, 1568) built a story of Italian art as progress by named individuals, set against craft and 'lesser' arts.",biography;history writing,book,record and writing,himself,"anonymous workshops, women and makers outside Italy",none,Internet Archive (public-domain scans);Project Gutenberg,R3,F1.3;F1.26,high,links: INS049
PER396,Bernard Palissy,,person,People,F1.11,EU-WCE,1510,1590,born c. 1510; died c. 1590,The French potter made lead-glazed dishes with life-cast snakes and fish and wrote about his long search for enamel glazes.,life casting;lead glaze,rustic dish;grotto,food and storage;rule and display,himself,his helpers and the later imitators whose work is sold as his,none,Met Open Access (CC0);Wikimedia Commons,R3,F1.14;F1.28,high,
PER397,Wenzel Jamnitzer,,person,People,F1.11,EU-WCE,1508,1585,,The Nuremberg goldsmith used life casting of plants and animals in silver and made precious display objects for Habsburg patrons.,life casting;silver;gilding,table centrepiece;ewer,rule and display,art historians,his family workshop and assistants,none,Met Open Access (CC0);Rijksmuseum (CC0),R3,F1.26;F1.17,high,links: MKR066
PER398,Georgius Agricola,Georg Bauer,person,People,F1.11,EU-WCE,1494,1555,,The German physician's De re metallica (1556) described mining and smelting with detailed woodcuts.,technical writing;mining;smelting,treatise,tools;record and writing,himself,"the miners, including children, whose work the woodcuts show",none,Internet Archive (public-domain scans);Project Gutenberg,R3,F1.28;F1.22,high,
PER399,Maria Sibylla Merian,,person,People,F1.11;F1.7,EU-WCE;AM-CAR,1647,1717,,"The German naturalist and engraver studied insects in Suriname (1699–1701) and published Metamorphosis insectorum Surinamensium (1705), crediting knowledge from enslaved African and Indigenous people.",engraving;watercolour;natural history,book;watercolour,record and writing,herself,the enslaved and Indigenous people who collected specimens and shared plant knowledge; her daughters,human-flow,Wikimedia Commons;Rijksmuseum (CC0),R3,F1.18;F1.28,high,
PER400,Louis XIV,,person,People,F1.11,EU-WCE,1638,1715,,"The French king made royal manufactures such as the Gobelins supply Versailles, using luxury production as state policy.",state manufactures;tapestry;furniture,palace;tapestry,rule and display,French royal records,"the weavers, cabinetmakers and foreign craftsmen recruited to France",none,Wikimedia Commons,R3,F1.17;F1.19,high,links: MKR068; DYN085
PER401,Jean-Baptiste Colbert,,person,People,F1.11,EU-WCE,1619,1683,,"The French minister set rules for manufactures, brought in foreign workers such as Venetian glassmakers and founded the Gobelins as a royal works.",industrial policy;regulation,tapestry;mirror,rule and display;exchange and value,French royal records,"the craftsmen lured from Venice and Flanders; the colonial trade he promoted, including the Code Noir drafted under him",human-flow,Wikimedia Commons,R3,F1.17;F1.14,high,The Code Noir (1685) regulated slavery in French colonies. links: MKR068
PER402,Johann Friedrich Böttger,,person,People,F1.11,EU-WCE,1682,1719,,"The alchemist, held under guard by Augustus the Strong, worked with Tschirnhaus to make the first European hard-paste porcelain (1708–09), leading to the Meissen factory.",hard-paste porcelain;kaolin,porcelain,food and storage;rule and display,Meissen records,Ehrenfried Walther von Tschirnhaus and the miners and workers who ran the experiments,human-flow,Met Open Access (CC0);Wikimedia Commons,R3,F1.14;F1.19,high,He was kept prisoner to guard the secret. links: MKR069
PER403,Madame de Pompadour,Jeanne-Antoinette Poisson,person,People,F1.11,EU-WCE,1721,1764,,The mistress of Louis XV supported the Vincennes-Sèvres porcelain works and bought and promoted its wares.,patronage;porcelain,porcelain;furniture,rule and display,court records,"the painters and gilders of Sèvres, many of them women",none,Met Open Access (CC0);Wikimedia Commons,R3,F1.17;F1.18,high,links: MKR070
PER404,Catherine II,Catherine the Great,person,People,F1.11,EU-EER,1729,1796,,"The Russian empress ordered the Frog Service from Wedgwood and bought whole European art collections, forming the Hermitage.",patronage;collecting,tableware;painting,rule and display,Russian court records,the Wedgwood painters of the Frog Service; the serfs whose labour funded the court,human-flow,Wikimedia Commons,R3,F1.17;F1.24,high,links: POL144
PER405,Hans Sloane,,person,People,F1.11;F1.7,EU-BLC;AM-CAR,1660,1753,,"The physician's collection, built partly with wealth from Jamaican slave plantations, became the founding collection of the British Museum (1753).",collecting,specimen;object;book,rule and display,his will; British Museum,the enslaved people whose labour funded him and whose objects he collected,human-flow,"British Museum Collection Online (CC BY-NC-SA, link out);Wikimedia Commons",R3,F1.24,high,links: INS051
PER406,Thomas Chippendale,,person,People,F1.11,EU-BLC,1718,1779,,"The London cabinetmaker published The Gentleman and Cabinet-Maker's Director (1754), a pattern book that spread his designs, often in mahogany cut by enslaved workers.",mahogany cabinetmaking;pattern book,chair;cabinet,shelter,himself,the workshop joiners and carvers; enslaved woodcutters in the Caribbean and Central America,human-flow,Met Open Access (CC0);Internet Archive (public-domain scans),R2,F1.21;F1.23,high,
PER407,Anna Maria Garthwaite,,person,People,F1.11,EU-BLC,1690,1763,,The English designer drew hundreds of floral patterns for Spitalfields silk weavers; many survive in the V&A.,silk design;drawing,silk design,clothing and adornment,herself; her dated drawings,"the weavers, many of them Huguenot, who wove her designs",none,V&A collections (link out);Met Open Access (CC0),R3,F1.18;F1.26,high,links: DIA010
PER408,Hester Bateman,,person,People,F1.11,EU-BLC,1708,1794,,"The London silversmith ran her late husband's workshop and registered her own mark, producing domestic silver in large quantity.",silversmithing;sheet silver,teapot;spoon,food and storage,her hallmarks,her sons and workers,none,Met Open Access (CC0);Wikimedia Commons,R3,F1.18,high,
PER409,Eleanor Coade,,person,People,F1.11,EU-BLC,1733,1821,,"The businesswoman ran a London factory making Coade stone, a durable fired ceramic used for statues and architectural ornament.",fired ceramic stone;moulding,statue;ornament,shelter;rule and display,her catalogues,the modellers and workers of her factory,none,Wikimedia Commons,R3,F1.18;F1.19,high,
PER410,Josiah Wedgwood,,person,People,F1.11,EU-BLC,1730,1795,,"The Staffordshire potter divided factory work into specialisms, used showrooms and catalogues, and made the anti-slavery medallion (1787) with its kneeling enslaved man.",jasperware;creamware;factory division of labour,tableware;medallion,food and storage;exchange and value,himself; his firm,"the workers, including children; the enslaved people depicted as supplicants rather than agents",human-flow,Met Open Access (CC0);Wikimedia Commons,R2,F1.19;F1.21,high,links: MKR072
PER411,Matthew Boulton,,person,People,F1.11,EU-BLC,1728,1809,,"The Birmingham manufacturer ran the Soho Manufactory, made buttons, ormolu and steam engines with James Watt, and minted coins by steam.",metal stamping;ormolu;steam power,button;steam engine;coin,exchange and value;tools,himself,the Soho workers; James Watt and William Murdoch,none,Wikimedia Commons,R3,F1.19,high,
PER412,Ada Lovelace,Augusta Ada King,person,People,F1.11;THEME,EU-BLC,1815,1852,,The English mathematician's notes on Babbage's Analytical Engine (1843) compared it to the Jacquard loom weaving patterns and set out a program for it.,mathematics;algorithm,notes,record and writing,herself,the weavers whose punched-card looms inspired the analogy,none,Wikimedia Commons,R3,F1.21;F1.18;F1.19,high,
PER413,Henry Cole,,person,People,F1.11,EU-BLC,1808,1882,,The British civil servant organised the Great Exhibition of 1851 and became the first director of the South Kensington Museum.,exhibition;museum founding;design reform,exhibition;museum,rule and display,himself,the craftspeople of India and elsewhere whose goods were shown as examples,none,V&A collections (link out);Wikimedia Commons,R3,F1.19;F1.15,high,links: EVT001; INS052
PER414,Prince Albert,,person,People,F1.11,EU-BLC,1819,1861,,"The consort of Queen Victoria led the Royal Commission for the 1851 Great Exhibition, whose profits bought the South Kensington land.",patronage;exhibition,exhibition;museum,rule and display,Royal Commission records,the workers who built the Crystal Palace,none,Wikimedia Commons,R3,F1.17;F1.19,high,links: EVT001
PER415,Owen Jones,,person,People,F1.11,EU-BLC,1809,1874,,"The architect's Grammar of Ornament (1856) set patterns from Egypt, the Islamic world, India, China and Oceania side by side as models for design.",chromolithography;ornament theory,book,record and writing,himself,"the makers of the ornament, reduced to 'styles'",none,Internet Archive (public-domain scans);Wikimedia Commons,R2,F1.15;F1.2,high,links: STY032
PER416,Gottfried Semper,,person,People,F1.11;THEME,EU-WCE,1803,1879,,"The German architect argued in Style (1860–63) that architecture grew from crafts such as weaving, pottery, carpentry and masonry, using a Caribbean hut shown in 1851.",theory;architecture,book;building,record and writing;shelter,himself,the Trinidad builders of the hut he saw at the Great Exhibition,none,Internet Archive (public-domain scans),R3,F1.3;F1.15,high,links: EVT001
PER417,John Ruskin,,person,People,F1.11;THEME,EU-BLC,1819,1900,,The critic's 'The Nature of Gothic' (1853) argued that the freedom of medieval carvers was visible in their work and condemned the division of labour.,criticism,book,record and writing,himself,the women and colonial makers his medieval ideal overlooked,none,Project Gutenberg;Internet Archive (public-domain scans),R3,F1.3;F1.19,high,links: STY027; MOV005
PER418,William Morris,,person,People,F1.11,EU-BLC,1834,1896,,"The designer ran Morris & Co., reviving hand block printing, natural dyeing and tapestry weaving, and argued for socialism and useful work.",block printing;natural dye;tapestry,wallpaper;textile;book,shelter;clothing and adornment,himself,"Jane and May Morris, Kate Faulkner and the dyers and weavers at Merton Abbey",none,"Met Open Access (CC0);Cooper Hewitt Open Access (CC0 metadata, images where PD);Internet Archive (public-domain scans)",R2,F1.18;F1.19;F1.29,high,links: MKR076; MOV005
PER419,Jane Morris,Jane Burden,person,People,F1.11,EU-BLC,1839,1914,,The embroiderer worked out techniques for early Morris embroideries and is better known as a model for Pre-Raphaelite painters.,embroidery,hanging;cover,clothing and adornment,herself; family records,"herself, when embroidery is credited to William Morris",none,Wikimedia Commons,R3,F1.18;F1.26,high,links: MKR076
PER420,May Morris,,person,People,F1.11,EU-BLC,1862,1938,,"The designer ran Morris & Co.'s embroidery department from 1885, designed wallpapers and co-founded the Women's Guild of Arts (1907).",embroidery;wallpaper design,embroidery;wallpaper,clothing and adornment;shelter,herself,"herself, when designs are credited to her father",none,Met Open Access (CC0);Wikimedia Commons,R3,F1.18;F1.26,high,links: MKR076; MOV005
PER421,Christopher Dresser,,person,People,F1.11;F1.8,EU-BLC;AS-JPN,1834,1904,,"The designer visited Japan in 1876–77, wrote on Japanese craft and designed metalwork and glass for factory production.",electroplated metal;design for industry,teapot;toast rack,food and storage,himself,the factory workers and Japanese makers he learned from,none,"Met Open Access (CC0);Cooper Hewitt Open Access (CC0 metadata, images where PD)",R3,F1.19;F1.14,high,links: STY030
PER422,Charles Rennie Mackintosh,,person,People,F1.11,EU-BLC,1868,1928,,"The Glasgow architect designed the Glasgow School of Art and complete interiors, working closely with Margaret Macdonald.",architecture;furniture;stencil,chair;building,shelter,himself,"Margaret Macdonald, whose share of their interiors was long underplayed",none,Wikimedia Commons;collection search link-out only (works in copyright),R3,F1.26;F1.20,high,links: STY038
PER423,Margaret Macdonald,,person,People,F1.11,EU-BLC,1864,1933,,"The Glasgow artist made gesso panels, metalwork and embroidery for interiors she designed with Charles Rennie Mackintosh.",gesso;metal repoussé;embroidery,panel;textile,rule and display;shelter,herself,"herself, when joint work is credited to her husband",none,Wikimedia Commons,R3,F1.18;F1.26,high,links: STY038
PER424,Josef Hoffmann,,person,People,F1.11,EU-WCE,1870,1956,,"The Viennese architect co-founded the Wiener Werkstätte (1903), whose workshops made silver, furniture and textiles to his and others' designs.",silver;furniture;design,cutlery;chair;building,shelter;food and storage,himself,the Werkstätte craftsmen and the women designers of its later years,none,"Met Open Access (CC0);Cooper Hewitt Open Access (CC0 metadata, images where PD)",R3,F1.18;F1.20,high,links: MKR077
PER425,Adolf Loos,,person,People,F1.11;THEME,EU-WCE,1870,1933,,"The Viennese architect's essay 'Ornament and Crime' argued that ornament was wasted labour, citing tattooed Papuans and 'criminals' as examples.",criticism;architecture,essay;building,record and writing,himself,the Pacific peoples and craftspeople his argument cast as primitive,none,Wikimedia Commons,R3,F1.15;F1.3,high,The essay's date (1908 or 1910) is debated.
PER426,Alois Riegl,,person,People,F1.11;THEME,EU-WCE,1858,1905,,"The Austrian art historian, a textile curator in Vienna, argued in Stilfragen (1893) that ornament developed through artistic will rather than technique or material alone.",art history;ornament study,book,record and writing,himself,the carpet weavers whose work he studied,none,Internet Archive (public-domain scans),R3,F1.15;F1.3,high,
PER427,Frida Hansen,,person,People,F1.11,EU-SCA,1855,1931,,The Norwegian weaver developed a transparent weaving technique and made large tapestries in the Art Nouveau style.,tapestry;transparent weave,tapestry,shelter,herself,the weavers in her workshop,none,DigitaltMuseum Norway/Sweden (CC BY items);Wikimedia Commons,R3,F1.18,high,links: STY040
PER428,Johan Turi,,person,People,F1.11,EU-SCA,1854,1936,,"The Sámi reindeer herder and artist wrote and illustrated Muitalus sámiid birra (1910), the first book by a Sámi author about Sámi life.",writing;drawing,book;drawing,record and writing,himself; editor Emilie Demant Hatt,"Emilie Demant Hatt, who helped publish; the Sámi duodji makers he described",Indigenous-community,Internet Archive (public-domain scans);Wikimedia Commons,R3,F1.28;F1.29,high,
PER429,Peter Behrens,,person,People,F1.11,EU-WCE,1868,1940,,"The German architect was artistic adviser to AEG from 1907, designing its turbine hall, kettles, lamps and logo.",industrial design;architecture;graphic design,kettle;lamp;factory,food and storage;shelter,himself; AEG,the AEG engineers and factory workers,none,"Cooper Hewitt Open Access (CC0 metadata, images where PD);Wikimedia Commons",R3,F1.19;F1.21,high,links: INS064; MOV011
PER430,Walter Gropius,,person,People,F1.11;F1.7,EU-WCE;AM-EWD,1883,1969,,The German architect founded the Bauhaus (1919) and later taught at Harvard.,architecture;teaching,building;school,shelter,himself,the women students steered into weaving; the craft masters,none,collection search link-out only (works in copyright),R3,F1.20,high,links: INS057
PER431,Anni Albers,,person,People,F1.11;F1.7,EU-WCE;AM-EWD,1899,1994,,"The Bauhaus weaver made textiles for industry and wall hangings, studied Andean textiles and wrote On Weaving (1965).",handweaving;industrial textile;print,textile;wall hanging,clothing and adornment;shelter,herself,the Andean weavers she studied; the Bauhaus policy that put women into weaving,none,collection search link-out only (works in copyright),R3,F1.18;F1.20,high,She travelled in Mexico with Josef Albers. links: INS057; INS059
PER432,Gunta Stölzl,,person,People,F1.11,EU-WCE,1897,1983,,"The weaver led the Bauhaus weaving workshop (1926–31), turning it towards textiles for industry.",handweaving;jacquard,textile,clothing and adornment;shelter,herself,the women students of the workshop,none,collection search link-out only (works in copyright),R3,F1.18;F1.20,high,links: INS057
PER433,Otti Berger,,person,People,F1.11,EU-WCE,1898,1944,,"The Bauhaus weaver developed textiles and patented fabrics, and was murdered at Auschwitz in 1944.",weaving;textile patent,textile,clothing and adornment;shelter,herself; patents,"herself, excluded from emigration and credit",none,collection search link-out only (works in copyright),R3,F1.18;F1.19a,high,
PER434,Marianne Brandt,,person,People,F1.11,EU-WCE,1893,1983,,"The Bauhaus metalworker designed tea sets and lamps, including the Kandem lamps made in quantity with Körting & Mathiesen.",metal spinning;brass;design for industry,teapot;lamp,food and storage;shelter,herself,the male metal workshop that resisted her entry,none,Met Open Access (CC0);collection search link-out only (works in copyright),R3,F1.18;F1.20,high,links: INS057
PER435,Marcel Breuer,,person,People,F1.11;F1.7,EU-WCE;AM-EWD,1902,1981,,The Bauhaus designer made tubular steel chairs from 1925 and later architecture in the United States.,tubular steel;bent plywood,chair;building,shelter,himself,the metal fabricators; disputes with Mart Stam over the cantilever chair,none,collection search link-out only (works in copyright),R3,F1.20;F1.14,high,links: INS057
PER436,Lilly Reich,,person,People,F1.11,EU-WCE,1885,1947,,"The German designer co-designed furniture and exhibitions with Mies van der Rohe, including the Barcelona chair and pavilion interiors (1929).",exhibition design;furniture;textile,chair;exhibition,shelter,herself,"herself, when joint work is credited to Mies alone",none,collection search link-out only (works in copyright),R3,F1.18;F1.26,high,links: INS057
PER437,Ludwig Mies van der Rohe,,person,People,F1.11;F1.7,EU-WCE;AM-EWD,1886,1969,,The German architect designed the Barcelona Pavilion and chair (1929) with Lilly Reich and steel and glass towers in the US.,steel frame;glass;stone,building;chair,shelter,himself,Lilly Reich and the builders,none,collection search link-out only (works in copyright),R3,F1.20;F1.26,high,links: INS057
PER438,Margarete Schütte-Lihotzky,,person,People,F1.11,EU-WCE,1897,2000,,"The Austrian architect designed the Frankfurt Kitchen (1926), a compact fitted kitchen installed in about 10,000 flats.",fitted kitchen;time-and-motion planning,kitchen,food and storage;care and access,herself,the housewives whose work the kitchen was meant to speed up,none,collection search link-out only (works in copyright),R3,F1.18;F1.19,high,
PER439,Le Corbusier,Charles-Édouard Jeanneret,person,People,F1.11;F1.9,EU-WCE;AS-SAS,1887,1965,,"The Swiss-French architect wrote on machine-age design and planned Chandigarh, whose buildings used local labour and materials.",reinforced concrete;planning,building;city plan,shelter,himself,Charlotte Perriand and Pierre Jeanneret; the Indian builders of Chandigarh,none,collection search link-out only (works in copyright),R3,F1.20,high,links: STY056
PER440,Charlotte Perriand,,person,People,F1.11;F1.8,EU-WCE;AS-JPN,1903,1999,,The French designer made tubular steel furniture with Le Corbusier's office and in 1940–42 advised Japanese craft industries on export design.,tubular steel;bamboo;wood,chair;chaise longue,shelter,herself,"herself, when chairs are credited to Le Corbusier; the Japanese craftsmen she worked with",none,collection search link-out only (works in copyright),R3,F1.18;F1.26;F1.14,high,
PER441,Eileen Gray,,person,People,F1.11,EU-WCE,1878,1976,,The Irish designer made lacquer furniture trained with the Japanese lacquerer Seizo Sugawara and designed the house E-1027.,lacquer;tubular steel;architecture,screen;chair;house,shelter,herself,"Seizo Sugawara; Jean Badovici, credited with E-1027",none,collection search link-out only (works in copyright),R3,F1.18;F1.26,high,
PER442,Sonia Delaunay,,person,People,F1.11,EU-WCE,1885,1979,,The Ukrainian-born artist designed printed fabrics and clothing in Paris from colour abstractions.,textile printing;fashion,textile;garment,clothing and adornment,herself,the factory printers of her fabrics,none,collection search link-out only (works in copyright),R3,F1.18;F1.20,high,
PER443,Alvar Aalto,,person,People,F1.11,EU-SCA,1898,1976,,The Finnish architect designed bent birch plywood furniture and buildings with his wife Aino.,bent plywood;architecture,chair;building,shelter,himself,Aino Aalto and the Artek and factory workers,none,collection search link-out only (works in copyright);Finna.fi (CC BY items),R3,F1.20;F1.26,high,links: STY048
PER444,Aino Aalto,,person,People,F1.11,EU-SCA,1894,1949,,The Finnish architect-designer co-designed buildings and furniture with Alvar and designed the Bölgeblick glassware (1932).,glass;furniture;architecture,glass;building,food and storage;shelter,herself,"herself, when joint work is credited to Alvar",none,collection search link-out only (works in copyright);Finna.fi (CC BY items),R3,F1.18;F1.26,high,
PER445,Varvara Stepanova,,person,People,F1.11,EU-EER,1894,1958,,The Constructivist designer made textile designs for the First State Textile Print Factory in Moscow and sportswear.,textile print design,textile;sportswear,clothing and adornment,herself,the factory printers,none,collection search link-out only (works in copyright),R3,F1.18;F1.20,high,links: MOV019
PER446,Lyubov Popova,,person,People,F1.11,EU-EER,1889,1924,,The Constructivist painter designed textiles for mass production in Moscow and stage sets.,textile print design;stage design,textile;stage set,clothing and adornment;play and music,herself,the factory printers,none,collection search link-out only (works in copyright),R3,F1.18;F1.20,high,links: MOV019
PER447,El Lissitzky,,person,People,F1.11,EU-EER;EU-WCE,1890,1941,,"The Russian artist designed books, exhibitions and Proun works, bringing Constructivist design to Germany.",typography;exhibition design,book;poster;exhibition,record and writing,himself,his wife Sophie Lissitzky-Küppers,none,collection search link-out only (works in copyright);Wikimedia Commons,R3,F1.20,high,links: MOV019
PER448,Otto Neurath,,person,People,F1.11,EU-WCE;EU-BLC,1882,1945,,The Austrian economist developed Isotype picture statistics with Marie Reidemeister and Gerd Arntz.,pictogram;statistics,chart;book,record and writing;care and access,himself,Marie Neurath and Gerd Arntz,none,collection search link-out only (works in copyright),R3,F1.21,high,links: MOV022
PER449,Marie Neurath,,person,People,F1.11,EU-WCE;EU-BLC,1898,1986,,The German designer transformed data into Isotype charts and later made children's books.,pictogram;information design,chart;book,record and writing;care and access,herself,"herself, as the 'transformer'",none,collection search link-out only (works in copyright),R3,F1.18;F1.26,high,links: MOV022
PER450,Maija Isola,,person,People,F1.11,EU-SCA,1927,2001,,"The Finnish textile designer drew hundreds of large-scale prints for Marimekko, including Unikko (1964), made by screen printing on cotton.",screen printing;pattern design,printed textile,clothing and adornment;shelter,herself; Marimekko,"Armi Ratia, who founded Marimekko; the factory printers",none,collection search link-out only (works in copyright);Finna.fi (CC BY items),R3,F1.18;F1.21,high,
PER451,Dieter Rams,,person,People,F1.11,EU-WCE,1932,,born 1932; living,"The German designer led Braun's design department and set out ten principles of good design, applied to radios, shavers and the Vitsoe shelving system.",industrial design;sheet metal;plastics,radio;record player;shelving,shelter;play and music,himself; Braun,Hans Gugelot and the Braun engineers and designers who worked with him,living-community,"collection search link-out only (works in copyright);Cooper Hewitt Open Access (CC0 metadata, images where PD)",R3,F1.21;F1.20,high,links: INS067; MOV025
PER452,Ettore Sottsass,,person,People,F1.11,EU-WCE,1917,2007,,The Italian designer designed Olivetti's Elea computer and Valentine typewriter (1969) and founded the Memphis group (1981) with patterned plastic laminates.,industrial design;plastic laminate;ceramics,typewriter;computer;furniture,record and writing;shelter,himself,"the Olivetti engineers, such as Mario Tchou on the Elea, and the Memphis designers",none,"collection search link-out only (works in copyright);Cooper Hewitt Open Access (CC0 metadata, images where PD)",R3,F1.20;F1.21,high,links: INS066; MOV029
PER453,Lord Elgin,"Thomas Bruce, 7th Earl of Elgin",person,People,F1.11,EU-GRR;EU-BLC,1766,1841,,The British ambassador to the Ottoman court had sculptures removed from the Parthenon (1801–12) and sold them to the British Museum in 1816; Greece has long asked for their return.,removal of architectural sculpture,marble sculpture;frieze,rule and display;ritual and belief,himself; parliamentary inquiry (1816); British Museum,the Greek workers who cut the sculptures free; the Athenians who objected,conflict-looting,"British Museum Collection Online (CC BY-NC-SA, link out);Wikimedia Commons",R3,F1.24,high,Whether his Ottoman permission covered removal is disputed. links: POL117
PER454,Melina Mercouri,,person,People,F1.11,EU-GRR,1920,1994,,"As Greece's culture minister (1981–89) she launched the campaign, from 1982, for the return of the Parthenon sculptures from London.",advocacy,marble sculpture,rule and display,herself; the Greek state,"earlier Greek requests for return, made since the 19th century",none,Wikimedia Commons,R3,F1.24,high,
PER455,Henry Christy,,person,People,F1.11,EU-BLC,1810,1865,,"The banker bought ethnographic and prehistoric objects, including Mexican turquoise mosaics, and his collection went to the British Museum after his death.",collecting,mosaic;stone tool;object,rule and display,himself; British Museum,the makers and the routes by which dealers obtained the objects,none,"British Museum Collection Online (CC BY-NC-SA, link out)",R3,F1.24,high,links: INS051
PER456,Marcel Griaule,,person,People,F1.11;F1.6,EU-WCE;AF-SAH,1898,1956,,"The French ethnographer led the Dakar-Djibouti mission (1931–33), which took about 3,500 objects to Paris, some by force, as Michel Leiris recorded.",ethnographic collecting,mask;altar object;painting,ritual and belief,"himself; Michel Leiris (L'Afrique fantôme, 1934)","the Dogon, Bamana and other communities from whom objects were taken",conflict-looting;sacred,Musee du quai Branly (link out),R3,F1.24;F1.3,high,Includes the seizure of a boli from a Bamana shrine.
PER457,Dan Hicks,,person,People,F1.11;THEME,EU-BLC,1972,,born 1972; living,The British archaeologist's The Brutish Museums (2020) argued that museums holding objects taken from Benin in 1897 should return them.,provenance research;curating,book,record and writing,himself,the Nigerian scholars and claimants who argued for return long before,living-community,library link-out (in copyright); open-access articles where they exist,R3,F1.24,high,links: INS053
PER458,Marcel Mauss,,person,People,THEME,EU-WCE,1872,1950,,The French anthropologist's The Gift (1925) and 'Techniques of the Body' (1935) shaped how exchange and learned bodily skill are studied.,anthropology,book;essay,record and writing,himself,the Pacific and Northwest Coast peoples whose practices his sources described,none,library link-out (in copyright); open-access articles where they exist,R3,F1.3;F1.13,high,
PER459,V. Gordon Childe,Vere Gordon Childe,person,People,THEME,EU-BLC;OC-AUS,1892,1957,,"The Australian-born archaeologist named the 'Neolithic Revolution' and 'Urban Revolution', framing making and settlement as stages.",archaeology;historiography,book,record and writing,himself,the mobile and non-urban peoples whom stage models ranked as behind,none,library link-out (in copyright); open-access articles where they exist,R3,F1.3;F1.30;F1.5,high,
PER460,Arnold J. Toynbee,,person,People,THEME,EU-BLC,1889,1975,,"The British historian's A Study of History (1934–61) compared some two dozen 'civilisations' rising and falling, a model the Atlas avoids.",historiography,book,record and writing,himself,stateless and connected peoples outside his list of civilisations,none,library link-out (in copyright); open-access articles where they exist,R3,F1.3,high,"Shown as historiography, not as a frame."
PER461,Samuel P. Huntington,,person,People,THEME,AM-EWD,1927,2008,,"The American political scientist's The Clash of Civilizations (1996) divided the world into civilisations defined largely by religion, a framing the Atlas treats as a historical source, not a model.",political science;historiography,book,record and writing,himself,"the mixed, mobile and connected communities his blocs flatten",none,library link-out (in copyright); open-access articles where they exist,R3,F1.3,high,"Shown as historiography, not as a frame."
PER462,André Leroi-Gourhan,,person,People,THEME,EU-WCE,1911,1986,,"The French archaeologist developed the chaîne opératoire, the study of making as a sequence of gestures and choices.",archaeology;technology study,book,tools;record and writing,"himself (Le Geste et la parole, 1964–65)",the makers whose gestures are reconstructed without their words,none,library link-out (in copyright); open-access articles where they exist,R3,F1.3;F1.28a,high,
PER463,Pierre Lemonnier,,person,People,THEME,EU-WCE;OC-MEL,1948,,born 1948; living,The French anthropologist of techniques studied Anga making in Papua New Guinea and argued that technical choices are social choices.,anthropology of techniques,book,record and writing,himself,the Anga makers he studied,living-community,library link-out (in copyright); open-access articles where they exist,R3,F1.3,medium,Birth year verified (IdRef authority record).
PER464,Igor Kopytoff,,person,People,THEME,AM-EWD,1930,2013,,The anthropologist's essay 'The Cultural Biography of Things' (1986) showed how an object moves between being a commodity and a singular thing.,anthropology,essay,record and writing,himself,the makers whose part in an object's life comes first and is often forgotten,none,library link-out (in copyright); open-access articles where they exist,R3,F1.3;F1.24,high,
PER465,Arjun Appadurai,,person,People,THEME,AM-EWD;AS-SAS,1949,,born 1949; living,"The Mumbai-born anthropologist edited The Social Life of Things (1986), treating commodities as having careers across regimes of value.",anthropology,book,record and writing,himself,the producers whose labour is outside the exchange view,living-community,library link-out (in copyright); open-access articles where they exist,R3,F1.3;F1.13,high,
PER466,Nelson Graburn,,person,People,THEME,AM-WST;AM-ARC,1936,2025,born 1936; died 2025,"The anthropologist edited Ethnic and Tourist Arts (1976), which took souvenir and market art made by colonised peoples seriously.",anthropology,book,record and writing,himself,the Inuit and other artists whose own accounts of their work were fewer in print,none,library link-out (in copyright); open-access articles where they exist,R3,F1.3;F1.21,high,
PER467,Ron Eglash,,person,People,THEME,AM-EWD;AF-GUI,1958,,born 1958; living,"The ethnomathematician's African Fractals (1999) showed recursive geometry in African settlement plans, textiles and hairstyles.",ethnomathematics,book,record and writing,himself,"the African builders, weavers and braiders whose knowledge he analysed",living-community,library link-out (in copyright); open-access articles where they exist,R3,F1.3;F1.15,high,
PER468,David Graeber,,person,People,THEME,EU-BLC;AM-EWD,1961,2020,,"The anthropologist co-wrote The Dawn of Everything (2021), arguing that early societies experimented with many social forms rather than passing through fixed stages.",anthropology,book,record and writing,himself and David Wengrow,the archaeologists and Indigenous thinkers whose work the book synthesises,none,library link-out (in copyright); open-access articles where they exist,R3,F1.3;F1.30,high,
PER469,David Wengrow,,person,People,THEME,EU-BLC,1972,,born 1972; living,The archaeologist co-wrote The Dawn of Everything (2021) and has written on early branding and the origins of monsters in images.,archaeology,book,record and writing,himself and David Graeber,the excavators whose data the book draws on,living-community,library link-out (in copyright); open-access articles where they exist,R3,F1.3;F1.30,high,
PER470,Janet Abu-Lughod,,person,People,THEME,AM-EWD,1928,2013,,The sociologist's Before European Hegemony (1989) described a linked 13th-century world economy from Flanders to China.,historical sociology,book,record and writing,herself,"the weavers, sailors and artisans behind the trade circuits",none,library link-out (in copyright); open-access articles where they exist,R3,F1.3;F1.13,high,
PER471,Nikolaus Pevsner,,person,People,THEME;F1.11,EU-BLC,1902,1983,,The German-British historian's Pioneers of the Modern Movement (1936) traced modern design from Morris to Gropius as a single European line.,design history,book,record and writing,himself,women designers and makers outside Europe and North America,none,library link-out (in copyright); open-access articles where they exist,R3,F1.3;F1.20,high,
PER472,Reyner Banham,,person,People,THEME;F1.11,EU-BLC;AM-WST,1922,1988,,The British critic's Theory and Design in the First Machine Age (1960) and later writing took popular and technical design seriously.,criticism,book,record and writing,himself,the makers and users of the vernacular objects he wrote about,none,library link-out (in copyright); open-access articles where they exist,R3,F1.3;F1.21,high,
PER473,Victor Papanek,,person,People,THEME,AM-EWD;EU-WCE,1923,1998,,"The Austrian-American designer's Design for the Real World (1971) attacked consumer design and called for design for need, including cheap radios for developing countries.",design criticism,book,record and writing,himself,the communities whose needs he defined for them,none,library link-out (in copyright); open-access articles where they exist,R3,F1.22;F1.3,high,links: MOV046
PER474,Victor Margolin,,person,People,THEME,AM-EWD,1941,2019,,The American historian wrote a multi-volume World History of Design (2015–) that went beyond the European canon.,design history,book,record and writing,himself,the makers still left outside published sources,none,library link-out (in copyright); open-access articles where they exist,R3,F1.3,high,
PER475,Adrian Forty,,person,People,THEME,EU-BLC,1948,,born 1948; living,The British historian's Objects of Desire (1986) linked design to social history and commerce.,design history,book,record and writing,himself,the factory workers whose making is less visible than the design,living-community,library link-out (in copyright); open-access articles where they exist,R3,F1.3;F1.21,high,
PER476,Tony Fry,,person,People,THEME,OC-AUS,1999,,fl.; Defuturing published 1999; birth year not verified; living,"The design theorist, working in Australia, argued in Defuturing (1999) that design often destroys futures.",design theory,book,record and writing,himself,Indigenous thinkers on sustainability,living-community,library link-out (in copyright); open-access articles where they exist,R3,F1.22;F1.3,medium,"Birth year and birthplace could not be verified in the round-2 check; floruit given and ""British-born"" removed."
PER477,Arturo Escobar,,person,People,THEME,AM-LAT;AM-EWD,1952,,born 1952; living,The Colombian anthropologist's Designs for the Pluriverse (2018) argued for design based on community autonomy.,anthropology;design theory,book,record and writing,himself,Afro-Colombian and Indigenous movements he draws on,living-community,library link-out (in copyright); open-access articles where they exist,R3,F1.22;F1.3,high,
PER478,Alfred Gell,,person,People,THEME,EU-BLC;OC-MEL,1945,1997,,"The British anthropologist's Art and Agency (1998) argued that made objects act as agents in social relations, using Pacific examples.",anthropology,book,record and writing,himself,the Pacific makers whose objects he theorised,none,library link-out (in copyright); open-access articles where they exist,R3,F1.3;F1.16,high,
PER479,Rozsika Parker,,person,People,THEME,EU-BLC,1945,2010,,The British art historian's The Subversive Stitch (1984) showed how embroidery was made into a sign of femininity.,art history,book,record and writing,herself,the working-class embroiderers who sewed for pay,none,library link-out (in copyright); open-access articles where they exist,R3,F1.18;F1.3,high,
PER480,Edward Said,,person,People,THEME,AM-EWD;WA-LEV,1935,2003,,The Palestinian-American critic's Orientalism (1978) showed how European writing and art constructed an 'Orient'.,criticism,book,record and writing,himself,the makers whose work was framed as Orientalist decor,none,library link-out (in copyright); open-access articles where they exist,R3,F1.3;F1.2,high,links: STY031
