id,name,other_names,kind,family,world,sub_regions,start,end,date_note,making_significance,materials_techniques,object_types,functions,defined_by,leaves_out,sensitivity,free_sources,tier,units,confidence,notes
TEC001,Oldowan core-and-flake knapping,Mode 1,technique,Things,F1.6;THEME,AF-HRN;AF-SWA;AF-SOU,-2600000,-1000000,"Gona, Ethiopia c.2.6 Ma; Lomekwi 3 (Kenya) c.3.3 Ma contested; persists alongside Acheulean","Hominins struck sharp flakes from cobbles with a hammerstone, the earliest well-documented systematic tool-making.",hard-hammer percussion; basalt; quartz,choppers; flakes; cores,tools,archaeologists (Mary Leakey's Olduvai typology),,none,Smithsonian NMNH Anthropology via Smithsonian Open Access (CC0 where marked); Wikimedia Commons; open-access excavation reports,R1,F1.28a,high,Lomekwian (3.3 Ma) should be noted as contested earlier case.
TEC002,Acheulean handaxe making,Mode 2; bifacial shaping,technique,Things,F1.6;F1.9;F1.9a;F1.11,AF-SWA;AF-HRN;AF-SOU;AS-SAS;WA-LEV;EU-WCE;EU-IBE,-1760000,-130000,"Kokiselei, West Turkana c.1.76 Ma; ends at different times regionally","Knappers thinned a stone blank from both faces to a planned symmetrical form, showing a mental template carried over a million years.",bifacial percussion; soft-hammer thinning,handaxes; cleavers,tools,"archaeologists (named after Saint-Acheul, France)",Named after a French site though earliest examples are African.,none,Smithsonian NMNH Anthropology via Smithsonian Open Access (CC0 where marked); Met Open Access (CC0); Wikimedia Commons; open-access excavation reports,R1,F1.3;F1.28a,high,
TEC003,Levallois prepared-core technique,Mode 3,technique,Things,F1.6;F1.9a;F1.11;F1.12a,AF-SWA;AF-SOU;WA-LEV;EU-WCE;AS-CEN,-400000,-40000,first known c.400–300 ka; earlier claims contested,Knappers shaped a core so that a flake of predetermined size and shape could be removed in one blow.,prepared-core percussion,Levallois flakes; points,tools,"archaeologists (named after Levallois-Perret, France)",,none,Smithsonian NMNH Anthropology via Smithsonian Open Access (CC0 where marked); Wikimedia Commons; open-access excavation reports,R3,,high,
TEC004,Pressure flaking,pressure retouch,technique,Things,F1.6;F1.7;F1.11,AF-SOU;AM-WST;EU-WCE;AF-EGY;EU-SCA,-75000,,Blombos Cave silcrete points c.75 ka (Mourre et al. 2010),"Pushing a pointed tool against an edge (often of heat-treated stone) removes thin, controlled flakes, used for fine points such as Solutrean leaves, Egyptian ripple-flaked knives and Danish flint daggers.",antler or copper pressers,points; knives; daggers,tools;war,archaeologists,,none,Smithsonian NMNH Anthropology via Smithsonian Open Access (CC0 where marked); Met Open Access (CC0); Wikimedia Commons,R3,,high,
TEC005,Microlith production and hafting,composite tool making,technique,Things,F1.6;F1.9;F1.11;F1.12,AF-SOU;AS-SAS;EU-WCE;OC-AUS,-71000,,Pinnacle Point 5-6 c.71 ka; compound adhesives at Sibudu c.70 ka,Small standardised stone inserts were glued or bound into wooden or bone shafts to make replaceable composite tools and weapons.,backing; resin and ochre adhesives,microliths; arrows; barbed spears,tools;war,archaeologists,,none,Smithsonian NMNH Anthropology via Smithsonian Open Access (CC0 where marked); Wikimedia Commons; open-access excavation reports,R3,F1.5,high,
TEC006,Microblade technology,wedge-shaped core microblades,technique,Things,F1.12a;F1.8;F1.7,AS-NTH;AS-CHN;AS-JPN;AM-ARC,-25000,,c.25 ka in Siberia and North China; in Alaska by c.14 ka,"Tiny parallel blades pressed from prepared cores were set into slotted bone and antler points, a toolkit carried into the Americas.",pressure blade removal; slotted bone points,microblades; composite points,tools,archaeologists,,none,open-access journal articles; Wikimedia Commons,R3,,high,
TEC007,Edge-ground and polished stone,ground-stone axe making,technique,Things,F1.12;F1.8;F1.9a;F1.11;F1.7,OC-AUS;AS-JPN;WA-LEV;EU-WCE;OC-POL;AM-MES,-44000,,"edge-ground axe fragment, Carpenter's Gap, Australia c.46–44 ka (Hiscock et al. 2016); Japan c.38 ka; Neolithic polishing widespread later","Grinding stone against abrasive sandstone and water produced durable edges and polished surfaces for axes, adzes and ornaments.",pecking; grinding; polishing,axes; adzes; celts; mortars,tools,archaeologists,Early Australian date overturns a Europe-centred 'Neolithic' definition.,none,Met Open Access (CC0); Smithsonian NMNH Anthropology via Smithsonian Open Access (CC0 where marked); Wikimedia Commons; Auckland Museum Online Collection (CC BY where marked),R2,F1.3;F1.5,high,
TEC008,Hardstone and jade working with abrasives,lapidary sawing and drilling of nephrite and jadeite,technique,Things,F1.8;F1.7;F1.12,AS-CHN;AM-MES;OC-POL;AS-ISE;AS-KOR,-6000,,Xinglongwa jade earrings c.6200–5400 BCE; Olmec jadeite; Māori pounamu,"Because jade is too tough to carve, makers sawed, drilled and polished it with harder abrasive sand and string, bamboo or stone tools.",string sawing; tubular drilling; abrasive polishing,cong; bi; celts; hei-tiki; masks,ritual and belief;rule and display;clothing and adornment,archaeologists; makers,Pounamu is a taonga with protocols.,sacred;Indigenous-community,Met Open Access (CC0); Cleveland Museum of Art Open Access (CC0); National Palace Museum Taipei Open Data; Te Papa Collections Online (CC BY where marked; otherwise link out); Wikimedia Commons,R2,F1.5;F1.16,high,
TEC009,Shell bead making,perforated shell beads,technique,Things,F1.6;F1.9a,AF-MAG;AF-SOU;WA-LEV,-100000,,"perforated Nassarius shells at Skhul (c.100–135 ka), Taforalt (c.82 ka) and Blombos (c.75 ka)",Perforating and stringing small shells is among the oldest evidence of personal ornament and symbolic making.,perforation; ochre colouring; stringing,beads,clothing and adornment,archaeologists,,none,open-access journal articles; Wikimedia Commons,R3,F1.15,high,
TEC010,Ostrich eggshell bead making,OES beads,technique,Things,F1.6,AF-SWA;AF-SOU;AF-HRN,-50000,,c.50 ka in East Africa (earlier claims exist); ongoing among San and other makers,"Makers break, drill and grind ostrich eggshell into standard disc beads used in gift exchange over tens of thousands of years.",drilling; grinding; stringing,beads; aprons,clothing and adornment;exchange and value,archaeologists; San communities,,living-community,British Museum EMKP (CC); Wikimedia Commons; open-access journal articles,R3,F1.29,high,
TEC011,Bone and antler working,groove-and-splinter technique,technique,Things,F1.6;F1.11;F1.12a,AF-CEN;EU-WCE;EU-SCA;AS-NTH,-90000,,"Katanda barbed bone points (DR Congo) c.90 ka, dating debated; groove-and-splinter in Upper Palaeolithic Europe","Makers split, ground and carved bone and antler into points, harpoons, needles and figures.",grooving; splitting; grinding,harpoons; points; needles; spear-throwers,tools,archaeologists,,none,Met Open Access (CC0); Wikimedia Commons; open-access excavation reports,R3,,medium,
TEC012,Eyed-needle sewing,bone needle sewing,technique,Things,F1.12a;F1.11,AS-NTH;WA-CAU;EU-EER,-40000,,earliest reliable eyed needles c. 45–40 ka in Siberia (Strashnaya Cave 44–49 ka); the Denisova Cave claim of c. 50 ka rests on one radiocarbon date and most of layer 11 dates 25–20 ka; Mezmaiskaya (Caucasus) 36–28 ka,"The eyed needle allowed close-fitting sewn clothing, which made life in cold northern climates possible.",bone needles; sinew thread,needles; fitted garments,clothing and adornment;tools,archaeologists,,none,open-access journal articles; Wikimedia Commons,R3,F1.18,medium,
TEC013,Cordage and string twisting,plying,technique,Things,THEME;F1.11,EU-WCE,-50000,,"three-ply cord fragment, Abri du Maras, France c.41–52 ka (Neanderthal)","Twisting and plying plant fibres into string underlies nets, snares, bags, textiles and binding.",twisting; plying; bast fibre,cord; string; nets,tools;clothing and adornment,archaeologists,,none,open-access journal articles,R3,F1.18,high,
TEC014,Ochre and pigment processing,ochre grinding,technique,Things,F1.6;THEME,AF-SOU;AF-SWA,-100000,,Blombos Cave ochre-processing kits c.100 ka; ochre use c.300 ka at Olorgesailie,Grinding ochre and mixing it with binders in shell containers is among the earliest recipes for a manufactured material.,grinding; mixing binders; abalone-shell containers,pigment; paint kits,ritual and belief;clothing and adornment,archaeologists,,none,open-access journal articles; Wikimedia Commons,R3,F1.5,high,
TEC015,Rock painting,cave painting; parietal painting,technique,Things,F1.9;F1.6;F1.11;F1.12;F1.7,AS-ISE;OC-AUS;EU-IBE;EU-WCE;AF-SOU;AM-AND;AM-AMZ,-51000,,"Leang Karampuang, Sulawesi c.51 ka; Iberian hand stencils >64 ka contested; ongoing in some communities","Painters applied ochre, charcoal and other pigments to rock by hand, brush, stencil and spray, in some places over tens of thousands of years.",spray stencilling; brush painting; pigment mixing,painted panels; hand stencils,ritual and belief;record and writing,archaeologists; communities,Many sites are sacred to living communities.,sacred;Indigenous-community,Wikimedia Commons; open-access excavation reports; community-published site,R2,F1.3;F1.16;F1.26,high,
TEC016,Rock engraving,petroglyph making,technique,Things,F1.6;F1.12;F1.12a;F1.11;F1.7,AF-SOU;OC-AUS;AS-CEN;EU-SCA;AM-WST,-75000,,"engraved ochre, Blombos c.75 ka; Murujuga petroglyphs possibly >40 ka; engraved shell at Trinil c.500 ka contested","Pecking, incising and abrading rock surfaces produced lasting images, from Murujuga to Tamgaly to Alta.",pecking; incising; abrading,petroglyphs; engraved plaques,ritual and belief;record and writing,archaeologists; communities,,sacred;Indigenous-community,Wikimedia Commons; UNESCO World Heritage / Intangible Cultural Heritage pages (link out); community-published site,R3,F1.16,high,
TEC017,Fire-setting (mining),fire-setting,technique,Things,F1.11;THEME,EU-BYZ;EU-BLC;EU-WCE,-5000,,"Rudna Glava copper mine, Serbia, 5th millennium BCE; used until the 19th c.","Miners heated rock faces with fire so they cracked, then broke them with stone hammers to reach ore and flint.",fire; stone mauls; antler picks,mine galleries,tools,archaeologists; mining historians,,none,open-access excavation reports; Wikimedia Commons,R3,F1.22,medium,
TEC018,Early fired-clay vessels,earliest pottery,technique,Things,F1.8;F1.6,AS-CHN;AS-JPN;AS-NTH;AF-SAH,-18000,,"Xianrendong Cave, China c.20–19 ka BP; Japan c.16 ka; Ounjougou, Mali c.9400 BCE — invented several times","Hunter-gatherers in East Asia and later in the Sahara made fired clay vessels independently, long before farming.",coil or slab forming; open firing,cooking pots,food and storage,archaeologists,Undoes the idea that pottery follows agriculture.,none,open-access journal articles; Wikimedia Commons,R1,F1.5;F1.3,high,
TEC019,Coil building,coiling; hand-building; pinch forming,technique,Things,THEME,GL;AM-WST;AF-GUI;OC-MEL,,,among the earliest and most widespread forming methods; ongoing,"Building vessels from rolled ropes of clay allows large and varied forms without a wheel, as in Pueblo, Nigerian and Papuan pottery.",coiling; scraping; smoothing,jars; pots; large storage vessels,food and storage,makers; archaeologists,Many coil traditions are women's practice.,living-community,Met Open Access (CC0); Smithsonian NMNH Anthropology via Smithsonian Open Access (CC0 where marked); Wikimedia Commons,R2,F1.18;F1.29,high,
TEC020,Paddle-and-anvil forming,beating,technique,Things,F1.9;F1.12;F1.6,AS-SAS;AS-MSE;AS-ISE;OC-MEL;AF-CEN,,,ancient; ongoing,Beating a clay form with a paddle against a stone or clay anvil held inside thins and shapes the wall.,paddling; anvil; carved paddles,cooking pots; water jars,food and storage,makers; ethnoarchaeologists,,living-community,Wikimedia Commons; open-access journal articles,R3,F1.29,high,
TEC021,Press-moulding,mould-made ceramics,technique,Things,F1.7;F1.9a;F1.8;F1.11,AM-AND;WA-MES;AS-CHN;EU-GRR,-2000,,moulded plaques in Mesopotamia early 2nd millennium BCE; Moche mould-made vessels 100–800 CE,"Pressing clay into fired moulds allowed repeated figures and vessels in series, as in Moche portrait vessels and Roman lamps.",two-part moulds; slip joining,portrait vessels; lamps; plaques; figurines,food and storage;ritual and belief,archaeologists,,none,Met Open Access (CC0); Cleveland Museum of Art Open Access (CC0); Wikimedia Commons,R3,F1.14;F1.19,high,
TEC022,Potter's wheel throwing,wheel-throwing,technique,Things,F1.9a;F1.9;F1.8;F1.11;F1.6,WA-MES;WA-LEV;AS-SAS;AS-CHN;AF-EGY,-4500,,slow wheel in Mesopotamia and Levant c.4500–3500 BCE; fast wheel later and debated; not used in pre-Hispanic Americas,"The rotating wheel allowed faster, thinner and more uniform vessels and often shifted pottery toward specialist workshops.",wheel-throwing; wheel-finishing,jars; bowls; cups,food and storage,archaeologists,Wheel pottery is not a measure of 'advancement'; many societies chose not to adopt it.,none,Met Open Access (CC0); Cleveland Museum of Art Open Access (CC0); Wikimedia Commons,R1,F1.5;F1.3,high,
TEC023,Slip casting,slip-cast ceramics,technique,Things,F1.11,EU-BLC,1740,,Staffordshire c.1740s with plaster-of-Paris moulds,"Pouring liquid clay into absorbent plaster moulds made thin, identical wares in quantity, a basis of industrial ceramics.",plaster moulds; deflocculated slip,teapots; figures; sanitaryware,food and storage;care and access,historians of ceramics,,none,Met Open Access (CC0); V&A collections (link out); Wikimedia Commons,R3,F1.19,medium,
TEC024,Burnishing,polishing leather-hard clay,technique,Things,THEME;F1.7;F1.6,GL;AM-WST;AF-GUI,,,ancient and widespread; ongoing (e.g. San Ildefonso blackware from 1918–19),"Rubbing leather-hard clay with a smooth stone compacts and shines the surface without glaze, as in San Ildefonso blackware.",polishing stones; slips,burnished pots; blackware,food and storage;ritual and belief,makers,,living-community,Met Open Access (CC0); Smithsonian NMNH Anthropology via Smithsonian Open Access (CC0 where marked); Wikimedia Commons,R3,F1.29,high,
TEC025,Open firing,bonfire firing; pit firing,technique,Things,THEME,GL,,,earliest firing method; ongoing,Firing pots in an open bonfire or pit with fuel packed around them needs no kiln and is still used by many potters.,bonfire; dung or wood fuel; smudging,cooking pots; water jars,food and storage,makers; ethnoarchaeologists,,living-community,Wikimedia Commons; open-access journal articles,R3,F1.29,high,
TEC026,Updraft kiln,two-chamber updraft kiln,technique,Things,F1.9a;F1.8;F1.6,WA-MES;AS-CHN;AF-EGY,-6000,,Halaf and Samarran kilns c.6000 BCE (e.g. Yarim Tepe); Yangshao kilns in China,Separating the firebox from the ware chamber gave potters more even and higher temperatures than open firing.,kiln building; wood firing,painted pottery,food and storage,archaeologists,,none,open-access excavation reports; Wikimedia Commons,R3,,medium,
TEC027,Dragon kiln,longyao; climbing tube kiln,technique,Things,F1.8;F1.9,AS-CHN;AS-MSE,-1500,,proto-dragon kilns in Zhejiang in the Shang period; mature from Eastern Han,Long sloping tunnel kilns built up hillsides reached stoneware temperatures and fired thousands of pieces at once.,hillside kiln; wood firing,celadon; stoneware jars,food and storage;exchange and value,archaeologists,,none,open-access journal articles; Wikimedia Commons,R3,F1.19,medium,
TEC028,Anagama,tunnel kiln,technique,Things,F1.8,AS-KOR;AS-JPN,400,,introduced from Korea to Japan c.5th c. for Sue ware,A single-chamber sloping tunnel kiln whose long wood firings leave natural ash glaze and flashing on the ware.,wood firing; natural ash glaze,Sue ware; Bizen; Shigaraki,food and storage;ritual and belief,makers; archaeologists,,none,ColBase Japan national museums (Japan Government Standard Terms); Met Open Access (CC0); Wikimedia Commons,R3,F1.14,high,
TEC029,Noborigama,multi-chamber climbing kiln,technique,Things,F1.8,AS-JPN;AS-KOR,1590,,Korean-derived chambered kilns in Karatsu c.1590s–1600s,"A stepped series of chambers up a slope reuses heat from one chamber to the next, raising output for stoneware and porcelain.",chambered kiln; wood firing,Karatsu ware; Arita porcelain,food and storage,makers; historians,,none,ColBase Japan national museums (Japan Government Standard Terms); Met Open Access (CC0); Wikimedia Commons,R3,F1.14,medium,Links to Korean potters diaspora.
TEC030,Ash glaze,natural and applied ash glaze,technique,Things,F1.8,AS-CHN;AS-JPN;AS-KOR,-1500,,Shang proto-porcelain in southern China c.1500 BCE,"Wood ash, melting on or mixed into a glaze at high temperature, gives the earliest high-fired glazes in East Asia.",wood ash; feldspar; high firing,proto-porcelain; Sanage ware,food and storage,archaeologists; ceramic historians,,none,Met Open Access (CC0); Cleveland Museum of Art Open Access (CC0); ColBase Japan national museums (Japan Government Standard Terms),R3,,high,
TEC031,Lead glaze,low-fired lead glaze; sancai,technique,Things,F1.8;F1.9a;F1.11;F1.10,AS-CHN;WA-ANA;EU-GRR;WA-IRN,-200,,Roman lead-glazed wares and Han China c.2nd–1st c. BCE; Tang sancai 8th c.,"Lead-based glazes melt at low temperature and take bright copper greens, iron ambers and cobalt blues.",lead oxide; silica; colouring oxides,sancai figures; Roman glazed cups; slipware,food and storage;ritual and belief,ceramic historians,Lead exposure of workers.,funerary,Met Open Access (CC0); Cleveland Museum of Art Open Access (CC0); National Palace Museum Taipei Open Data; Wikimedia Commons,R3,F1.23,medium,Independent inventions debated.
TEC032,Tin-opacified glaze,tin glaze; maiolica; faience; Delftware,technique,Things,F1.10;F1.11,WA-MES;EU-IBE;EU-WCE;EU-BLC,800,,Abbasid Basra c.8th–9th c.,"Adding tin oxide made an opaque white glaze imitating Chinese porcelain, spreading from Iraq to Spain, Italy and the Netherlands.",tin oxide; lead glaze; in-glaze painting,maiolica; Delftware; azulejos,food and storage;rule and display,ceramic historians,,none,Met Open Access (CC0); Rijksmuseum (public-domain images); Cleveland Museum of Art Open Access (CC0); Wikimedia Commons,R2,F1.14,high,
TEC033,Lustre painting on ceramics,lustreware,technique,Things,F1.10;F1.11,WA-MES;AF-EGY;WA-IRN;EU-IBE,800,,lustre on glass in Egypt 8th c.; on ceramics in Abbasid Iraq 9th c.,A third firing in reducing conditions leaves nanoparticles of silver and copper that give a metallic sheen.,silver and copper pigments; reduction firing,lustre bowls; tiles,rule and display;ritual and belief,ceramic historians,,none,Met Open Access (CC0); Cleveland Museum of Art Open Access (CC0); Wikimedia Commons,R2,F1.13,high,
TEC034,Celadon,greenware; Yue ware; Longquan; Goryeo cheongja,technique,Things,F1.8,AS-CHN;AS-KOR;AS-MSE,100,,Yue wares from Eastern Han; Goryeo inlaid celadon 12th c.,"Iron-bearing glazes fired in reduction turn jade-green, prized in China, Korea and across the Indian Ocean.",iron glaze; reduction firing; sanggam inlay,bowls; maebyeong; incense burners,food and storage;ritual and belief,ceramic historians,,none,Met Open Access (CC0); Cleveland Museum of Art Open Access (CC0); National Museum of Korea e-museum (KOGL Type 1 where marked); National Palace Museum Taipei Open Data,R2,F1.13,high,
TEC035,Porcelain making,hard-paste porcelain,technique,Things,F1.8;F1.11,AS-CHN;AS-KOR;AS-JPN;EU-WCE,580,,white porcelain in northern China 6th c.; Jingdezhen from Song; Meissen 1708–09,"Kaolin and porcelain stone fired to about 1300°C make a white, translucent body that other regions spent centuries trying to copy.",kaolin; petuntse; high firing,bowls; vases; export wares,food and storage;rule and display;exchange and value,ceramic historians,"Kiln workers and decorators, often unnamed.",none,Met Open Access (CC0); National Palace Museum Taipei Open Data; Rijksmuseum (public-domain images); Cleveland Museum of Art Open Access (CC0); ColBase Japan national museums (Japan Government Standard Terms),R1,F1.14;F1.13;F1.23,high,
TEC036,Fritware,stonepaste; kashi,technique,Things,F1.10,WA-IRN;WA-MES;AF-EGY;WA-ANA,1100,,Seljuq Iran and Fatimid–Ayyubid Egypt c.11th–12th c.; İznik 15th–17th c.,Ground quartz with glass frit and a little clay gave Islamic potters a white body close to porcelain.,quartz; glass frit; alkaline glaze,İznik tiles; bowls,food and storage;shelter;rule and display,ceramic historians,,none,Met Open Access (CC0); Cleveland Museum of Art Open Access (CC0); Walters Art Museum (CC0),R2,F1.14,high,
TEC037,Underglaze cobalt blue,blue-and-white,technique,Things,F1.8;F1.10,AS-CHN;WA-MES;WA-IRN,800,,cobalt on Abbasid wares 9th c.; Jingdezhen blue-and-white from c.1320s using Persian cobalt,Cobalt painted under a clear glaze produced blue-and-white wares traded and copied from Iran to Delft to Puebla.,cobalt oxide; underglaze painting,jars; dishes; kraak ware,food and storage;exchange and value,ceramic historians,,none,Met Open Access (CC0); National Palace Museum Taipei Open Data; Rijksmuseum (public-domain images); Cleveland Museum of Art Open Access (CC0),R2,F1.13;F1.14,high,
TEC038,Overglaze enamel on ceramics,mina'i; doucai; famille rose; Imari,technique,Things,F1.8;F1.10,WA-IRN;AS-CHN;AS-JPN,1170,,mina'i ware in Iran late 12th c.; doucai 1460s; Arita enamels 1640s,Coloured enamels painted over a fired glaze and refired at lower temperature widened the palette of ceramics.,enamel pigments; low refiring,mina'i bowls; famille rose; Kakiemon,food and storage;rule and display,ceramic historians,,none,Met Open Access (CC0); Cleveland Museum of Art Open Access (CC0); ColBase Japan national museums (Japan Government Standard Terms); National Palace Museum Taipei Open Data,R3,,high,
TEC039,Raku,raku-yaki,technique,Things,F1.8;THEME,AS-JPN,1575,,Chōjirō with Sen no Rikyū c.1570s–80s; Western 'raku' from c.1960 differs,"Hand-shaped tea bowls pulled red-hot from the kiln and cooled quickly, made for the tea ceremony by the Raku family line.",hand shaping; quick firing,tea bowls,food and storage;ritual and belief,Raku family; tea masters,American post-firing reduction raku is a separate adaptation.,living-community,ColBase Japan national museums (Japan Government Standard Terms); Met Open Access (CC0); Wikimedia Commons,R3,F1.14,high,
TEC040,Salt glaze,salt-glazed stoneware,technique,Things,F1.11,EU-WCE;EU-BLC,1400,,"Rhineland (Siegburg, Raeren) c.15th c.","Throwing salt into a hot kiln forms a thin orange-peel glaze on stoneware, used for Rhenish jugs and later English and American wares.",salt vapour glazing,Bartmann jugs; crocks,food and storage,ceramic historians,,none,Met Open Access (CC0); Rijksmuseum (public-domain images); Wikimedia Commons,R3,,high,
TEC041,Terra sigillata moulding,samian ware; Arretine ware,technique,Things,F1.11,EU-GRR;EU-WCE,-40,,Arretine ware from c.40 BCE; Gaulish samian 1st–3rd c. CE,"Red gloss slip over bowls formed in stamped moulds produced standard tableware across the Roman Empire, often stamped with workshop names.",fine gloss slip; decorated moulds; potter's stamps,bowls; plates,food and storage,archaeologists,,none,Met Open Access (CC0); Wikimedia Commons; Europeana; Archaeology Data Service (open reports),R2,F1.19;F1.14,high,
TEC042,Attic black-figure and red-figure,three-stage iron reduction firing,technique,Things,F1.11,EU-GRR,-700,-300,black-figure Corinth c.700 BCE; red-figure Athens c.530 BCE,"Controlling oxidising and reducing phases turned a fine iron-rich slip black against the orange body, allowing painted scenes.",refined slip; three-stage firing,amphorae; kylikes; kraters,food and storage;ritual and belief,archaeologists; art historians (J.D. Beazley attributions),"Workshop labour, including enslaved workers.",none,Met Open Access (CC0); Walters Art Museum (CC0); Cleveland Museum of Art Open Access (CC0); Wikimedia Commons,R2,F1.26,high,
TEC043,Egyptian faience,self-glazing quartz ceramic,technique,Things,F1.6;F1.9a;F1.9,AF-EGY;WA-MES;AS-SAS,-4000,,Predynastic Egypt and Mesopotamia; Harappan faience,"Ground quartz mixed with alkali forms its own glaze by efflorescence or cementation on firing, used for bright blue-green amulets and tiles.",quartz paste; efflorescence glazing,amulets; shabtis; tiles; beads,ritual and belief;clothing and adornment,archaeologists,,funerary,Met Open Access (CC0); Cleveland Museum of Art Open Access (CC0); Walters Art Museum (CC0); Wikimedia Commons,R2,F1.16,high,
TEC044,Polychrome slip painting (Andes and Mesoamerica),Nasca polychrome; Maya polychrome,technique,Things,F1.7,AM-AND;AM-MES,-100,,Nasca from c.100 BCE; Maya Classic 250–900 CE,Many-coloured mineral slips burnished and fired produced painted vessels carrying mythic scenes and hieroglyphic texts.,mineral slips; burnishing; fine brushes,Nasca bowls; Maya cylinder vases,ritual and belief;food and storage,archaeologists,,funerary;conflict-looting,Met Open Access (CC0); Cleveland Museum of Art Open Access (CC0); Wikimedia Commons,R2,F1.24,high,Many Maya vases looted.
TEC045,Qvevri making,kvevri,technique,Things,F1.9a;F1.11,WA-CAU,-6000,,"wine residues in jars at Gadachrili Gora, Georgia c.6000 BCE; qvevri tradition ongoing (UNESCO 2013)","Georgian potters coil large egg-shaped jars, lined with beeswax and buried to ferment and store wine.",coiling; beeswax lining,qvevri,food and storage,makers; UNESCO,,living-community,UNESCO World Heritage / Intangible Cultural Heritage pages (link out); Wikimedia Commons,R3,F1.29,high,
TEC046,Core-formed glass,core-forming,technique,Things,F1.9a;F1.6,WA-MES;AF-EGY,-1500,,Mesopotamia and Egypt c.1500 BCE,"Hot glass was trailed around a removable core of clay and dung, then combed into festoons, to make small vessels before blowing.",core; trailing; combing,alabastra; amphoriskoi,ritual and belief;care and access,archaeologists,,none,Met Open Access (CC0); Cleveland Museum of Art Open Access (CC0); Wikimedia Commons,R2,,high,
TEC047,Cast and cold-worked glass,mould-cast glass,technique,Things,F1.9a;F1.11;F1.6,WA-MES;EU-GRR;AF-EGY,-1500,,Late Bronze Age; Hellenistic cast bowls,Glass was cast in moulds or slumped over forms and then ground and polished like stone.,lost-wax and open moulds; grinding,bowls; inlays; plaques,food and storage;rule and display,archaeologists,,none,Met Open Access (CC0); Cleveland Museum of Art Open Access (CC0),R3,,high,
TEC048,Glassblowing,free-blowing; mould-blowing; cristallo,technique,Things,F1.9a;F1.11,WA-LEV;EU-GRR,-50,,Levant c.1st c. BCE; mould-blowing by 1st c. CE (e.g. Ennion),"Inflating a gather of glass on a blowpipe made glass cheap and fast to shape, spreading it across the Roman world and beyond.",blowpipe; moulds; annealing,bottles; cups; flasks,food and storage,archaeologists,,none,Met Open Access (CC0); Cleveland Museum of Art Open Access (CC0); Wikimedia Commons,R1,F1.19,high,
TEC049,Enamelled and gilded glass,Mamluk enamelled glass,technique,Things,F1.10;F1.11,WA-LEV;AF-EGY,1170,,Syria and Egypt late 12th–14th c.; earlier Roman examples,"Enamel and gold fired onto blown glass decorated mosque lamps, beakers and bottles later copied in Venice.",enamel painting; low refiring,mosque lamps; beakers,ritual and belief;rule and display,historians,,none,Met Open Access (CC0); Walters Art Museum (CC0); Cleveland Museum of Art Open Access (CC0),R2,F1.14,high,
TEC050,Cameo glass,cased and carved glass,technique,Things,F1.11;F1.8,EU-GRR;EU-BLC;AS-CHN,-25,,Roman c.25 BCE–50 CE (Portland Vase); 19th-c. English revival; Qing carved glass,Layers of differently coloured glass are cut back to leave a relief image.,casing; wheel cutting,vases; plaques; snuff bottles,rule and display,historians,,none,Met Open Access (CC0); Wikimedia Commons,R3,,high,
TEC051,Float glass,float process,technique,Things,F1.11;THEME,EU-BLC,1959,,"Pilkington, announced 1959","Floating molten glass on molten tin made flat, even sheet glass at industrial scale for curtain walls and screens.",tin bath; continuous production,sheet glass,shelter,patent records; Pilkington,,none,Google Patents / national patent offices (public documents); Wikimedia Commons,R3,F1.19;F1.22,high,
TEC052,Indo-Pacific drawn glass beads,lada technique,technique,Things,F1.9,AS-SAS;AS-MSE;AS-ISE,-400,,"Arikamedu, Mantai, Khao Sam Kaeo from c.4th c. BCE","Drawing hollow glass tubes and cutting them made small monochrome beads by the million, traded across the Indian Ocean.",glass drawing; cutting; reheating,seed beads,clothing and adornment;exchange and value,archaeologists (Peter Francis Jr.),,none,open-access journal articles; Wikimedia Commons,R3,F1.13,high,
TEC053,Ile-Ife glass making,Ife primary glass,technique,Things,F1.6,AF-GUI,1000,1500,c.11th–15th c. (Babalola et al. 2017),"Makers at Ile-Ife produced their own high-lime, high-alumina glass from local materials and made beads in quantity.",primary glass making; crucibles; bead drawing,glass beads; crucibles,clothing and adornment;rule and display,archaeologists (Abidemi Babalola),Refutes the assumption that African glass beads were all imported.,none,open-access journal articles; Wikimedia Commons,R3,F1.3;F1.5,medium,
TEC054,Cold-hammering native copper,annealed native copper working,technique,Things,F1.9a;F1.7,WA-ANA;WA-IRN;AM-EWD,-8000,,"Çayönü, Anatolia c.8th millennium BCE; Old Copper Complex, Great Lakes c.5000–1000 BCE (some earlier)","Native copper was hammered and annealed into awls, beads and points without smelting, in Anatolia and independently around the Great Lakes.",hammering; annealing,awls; beads; points; knives,tools;clothing and adornment,archaeologists,,Indigenous-community,Smithsonian NMNH Anthropology via Smithsonian Open Access (CC0 where marked); open-access excavation reports; Wikimedia Commons,R3,F1.5,high,
TEC055,Copper smelting,extractive copper metallurgy,technique,Things,F1.11;F1.9a;F1.7,EU-BYZ;WA-IRN;WA-LEV;AM-AND,-5000,,"Belovode, Serbia c.5000 BCE; Tal-i Iblis, Iran 5th millennium; independent Andean development later","Reducing copper ore in a hot charcoal fire produced metal from stone, a process invented more than once.",crucible and furnace smelting; charcoal,ingots; tools; ornaments,tools;exchange and value,archaeometallurgists,,none,open-access excavation reports; open-access journal articles; Wikimedia Commons,R1,F1.5;F1.22,high,
TEC056,Arsenical copper alloying,arsenical bronze,technique,Things,F1.9a;F1.11;F1.7,WA-LEV;WA-ANA;WA-CAU;WA-IRN;AM-AND,-4000,,Nahal Mishmar hoard c.3700 BCE; Andes later,"Copper with arsenic was harder and castable, used for the Nahal Mishmar hoard and later in Andean metallurgy.",smelting arsenic-rich ores; casting,maceheads; axes; ornaments,tools;ritual and belief,archaeometallurgists,Arsenic fumes harmed smiths.,none,Wikimedia Commons; open-access excavation reports,R3,F1.23,high,
TEC057,Tin bronze alloying,tin bronze,technique,Things,F1.9a;F1.11;F1.8;F1.9,WA-MES;WA-ANA;EU-BYZ;AS-CHN;AS-MSE,-3000,,tin bronze foil at Pločnik c.4650 BCE contested; regular use c.3000 BCE; China c.2000 BCE,"Alloying copper with about ten per cent tin produced a stronger, better-casting metal whose supply drove long-distance trade.",alloying; casting,weapons; vessels; mirrors; drums,tools;war;ritual and belief,archaeometallurgists,'Bronze Age' dates differ by region.,none,Met Open Access (CC0); Cleveland Museum of Art Open Access (CC0); Wikimedia Commons,R3,F1.5;F1.30,high,
TEC058,Lost-wax casting,cire perdue; investment casting,technique,Things,F1.9;F1.9a;F1.6;F1.7;F1.11,AS-SAS;WA-LEV;AF-GUI;AS-HIM;AM-CAM;AS-MSE,-4000,,"Mehrgarh amulet c.4000 BCE (Thoury et al. 2016); Nahal Mishmar c.3700 BCE; Igbo-Ukwu 9th–10th c. CE; Benin, Chola, Newar, Muisca","A wax model encased in clay is melted out and replaced by metal, allowing complex one-off castings.",wax modelling; clay investment; casting,Benin plaques; Chola bronzes; tunjos; Akan goldweights,ritual and belief;rule and display,makers; archaeometallurgists,Benin works looted 1897.,conflict-looting;sacred,Met Open Access (CC0); Cleveland Museum of Art Open Access (CC0); Wikimedia Commons; British Museum EMKP (CC),R1,F1.5;F1.24,high,
TEC059,Piece-mould casting,section-mould bronze casting,technique,Things,F1.8,AS-CHN,-1700,-200,Erlitou c.1700 BCE to Han,"Chinese founders cast ritual bronzes in assembled clay section-moulds, organised in large workshops such as those at Anyang.",clay piece-moulds; model carving; assembly,ding; gui; zun; bells,ritual and belief;rule and display;play and music,archaeologists,,funerary,Met Open Access (CC0); Cleveland Museum of Art Open Access (CC0); National Palace Museum Taipei Open Data; Wikimedia Commons,R2,F1.5;F1.19,high,
TEC060,Repoussé and chasing,sheet-metal embossing,technique,Things,F1.9a;F1.11;F1.7;F1.9,WA-MES;EU-GRR;AM-AND;AM-EWD;AS-HIM,-3000,,Mesopotamia and Egypt by 3rd millennium BCE; Andean goldwork; Mississippian copper plates; Newar metalwork,Hammering sheet metal from the back and refining from the front forms relief images and vessels.,annealing; pitch bowl; punches,vessels; plaques; masks; plates,rule and display;ritual and belief,makers,,sacred,Met Open Access (CC0); Cleveland Museum of Art Open Access (CC0); Wikimedia Commons,R3,,high,
TEC061,Granulation,gold granulation,technique,Things,F1.9a;F1.11,WA-MES;EU-GRR,-2500,,Ur c.2500 BCE; Etruscan fine granulation 7th c. BCE,Tiny gold spheres were fused to a gold ground by colloidal or eutectic bonding.,granule making; diffusion bonding,earrings; fibulae; pendants,clothing and adornment,archaeologists,,funerary,Met Open Access (CC0); Walters Art Museum (CC0); Wikimedia Commons,R3,,high,
TEC062,Filigree,wirework,technique,Things,F1.9a;F1.11;F1.9;F1.7,WA-MES;EU-GRR;AS-SAS;AM-LAT,-2500,,"Mesopotamia 3rd millennium BCE; ongoing (Cuttack, Mompox)",Fine twisted wires were soldered into openwork patterns in gold and silver.,wire twisting; soldering,earrings; boxes; frames,clothing and adornment,makers,,living-community,Met Open Access (CC0); Walters Art Museum (CC0); Wikimedia Commons,R3,,medium,
TEC063,Wire drawing,draw-plate wire drawing,technique,Things,F1.11;THEME,EU-SCA;EU-WCE,550,,"earliest confirmed draw-plates 6th–8th c. CE (Old Uppsala, Vendel Period; Merovingian finds); Viking Age plates at Birka, Haithabu and Staraya Ladoga; drawn wire of Roman date claimed; earlier wire made by strip-twisting and hammering","Pulling metal through a series of shrinking holes produced uniform wire for chain mail, jewellery and later cables.",draw-plate; annealing,wire; mail; chains,clothing and adornment;war,archaeometallurgists,,none,open-access journal articles; Wikimedia Commons,R3,,medium,Date of first draw-plate uncertain; verify.
TEC064,Leaf gilding,gold leaf; gold beating,technique,Things,F1.6;F1.8;F1.9,AF-EGY;AS-CHN;AS-MSE;AS-SAS,-2500,,Egypt Old Kingdom; ongoing (Mandalay gold beaters),"Gold beaten into leaves thinner than paper was laid over wood, gesso and stone.",gold beating; gesso; bole,coffins; Buddha images; frames,ritual and belief;rule and display,makers,,living-community;sacred,Met Open Access (CC0); Wikimedia Commons,R3,,medium,
TEC065,Fire gilding,mercury gilding; amalgam gilding,technique,Things,F1.8;F1.11,AS-CHN;EU-GRR;AS-JPN,-400,,Warring States China c.4th c. BCE; Roman,"Gold dissolved in mercury was painted on and the mercury driven off by heat, poisoning many gilders.",mercury amalgam; heating,gilt bronzes; buckles; statues,ritual and belief;rule and display,archaeometallurgists,Mercury poisoning of gilders.,none,Met Open Access (CC0); Cleveland Museum of Art Open Access (CC0); Wikimedia Commons,R3,F1.23,high,
TEC066,Depletion gilding,tumbaga; mise en couleur,technique,Things,F1.7,AM-CAM;AM-AND,1,,first millennium BCE–CE in Colombia and the Isthmus; Moche also used electrochemical plating,"Gold–copper alloy objects were heated and treated with acidic plant juices to remove copper at the surface, leaving a gold-rich skin.",tumbaga casting; oxidation; pickling,pendants; nose ornaments,clothing and adornment;ritual and belief,archaeometallurgists (Heather Lechtman),,sacred,Met Open Access (CC0); Cleveland Museum of Art Open Access (CC0); Wikimedia Commons,R3,F1.5,medium,
TEC067,Niello inlay,niello,technique,Things,F1.11;F1.10,EU-GRR;EU-BYZ;WA-IRN;EU-EER,1,,Roman from 1st c. CE; Bronze Age black inlays debated,A black sulphide of silver or copper was fused into engraved lines in silver.,metal sulphides; engraving,spoons; reliquaries; belt fittings,rule and display;ritual and belief,historians,,none,Met Open Access (CC0); Walters Art Museum (CC0); Wikimedia Commons,R3,,medium,
TEC068,Metal inlay (damascening and koftgari),inlaid brass; koftgari; Toledo damascene,technique,Things,F1.10;F1.9;F1.11,WA-IRN;WA-MES;AS-SAS;EU-IBE,1100,,Khurasan and Mosul inlaid brass 12th–13th c.; Mughal koftgari; Toledo damascene,"Silver, gold and copper wire or sheet was hammered into engraved or cross-hatched grounds on brass or steel.",undercutting; cross-hatching; wire inlay,ewers; basins; weapons,rule and display;war,historians,,none,Met Open Access (CC0); Cleveland Museum of Art Open Access (CC0); Walters Art Museum (CC0),R2,,high,
TEC069,Bidri,bidriware,technique,Things,F1.9;F1.10,AS-SAS,1400,,Bahmani Bidar 14th–15th c.; ongoing,A zinc alloy cast in Bidar is inlaid with silver and blackened with a paste of soil and ammonium chloride.,zinc alloy casting; silver inlay; soil blackening,huqqa bases; boxes; basins,rule and display,makers; historians,,living-community,Met Open Access (CC0); Wikimedia Commons,R3,F1.29,high,
TEC070,Bloomery iron smelting,direct-process iron,technique,Things,F1.9a;F1.6;F1.11;F1.9,WA-ANA;WA-LEV;AF-SAH;AF-CEN;EU-WCE;AS-SAS,-1200,,"widespread by c.1200 BCE in Anatolia and the Levant; early African dates (e.g. Termit, Nsukka) debated","Smelting iron ore below its melting point produced a spongy bloom that smiths consolidated by hammering, invented more than once.",bloomery furnace; forging,tools; weapons; hoes,tools;war,archaeometallurgists,Diffusion vs independent African invention is debated.,none,open-access excavation reports; open-access journal articles; Wikimedia Commons,R1,F1.5;F1.3,high,
TEC071,Blast furnace and cast iron,cast iron,technique,Things,F1.8;F1.11,AS-CHN;EU-SCA;EU-WCE,-500,,"China c.5th c. BCE; Lapphyttan, Sweden c.1150–1350 CE",Tall furnaces made liquid iron that could be cast in moulds; China cast iron tools and moulds at scale from the Warring States.,blast furnace; moulds; decarburisation,ploughshares; pots; moulds,tools;food and storage,archaeometallurgists,,none,open-access excavation reports; open-access journal articles; Wikimedia Commons,R3,F1.5;F1.19,high,
TEC072,Haya preheated furnace,Haya steelmaking,technique,Things,F1.6,AF-SWA,1,,"Schmidt and Avery (1978) dated preheated-blast smelting at KM2/KM3 (Kemondo Bay) to c. 1,500–2,000 years ago; the preheating and 'steel' claims were challenged by Rehder (1986) and Eggert (1987)","Haya smelters in northwest Tanzania ran furnaces with preheated air blasts, reconstructed in the 1970s with elders.",preheated tuyères; natural-draught and bellows furnaces,blooms; steel,tools,archaeologists (Peter Schmidt); Haya smelters,Reconstruction depended on Haya elders' knowledge.,Indigenous-community;living-community,open-access journal articles; Wikimedia Commons,R3,F1.28a;F1.3,medium,
TEC073,Crucible steel,wootz; ukku; Damascus steel,technique,Things,F1.9;F1.12a;F1.10,AS-SAS;AS-CEN;WA-IRN,-300,,"South India and Sri Lanka (Kodumanal, Tissamaharama) from late 1st millennium BCE; Merv 9th–10th c.",Iron and carbon sealed in clay crucibles produced high-carbon steel whose patterned blades were prized across West Asia.,crucible smelting; controlled forging,swords; ingots,war;tools,archaeometallurgists,,none,Met Open Access (CC0); open-access journal articles; Wikimedia Commons,R3,F1.13,high,
TEC074,Pattern welding,pamor (Java),technique,Things,F1.11;F1.9,EU-WCE;EU-SCA;EU-BLC;AS-ISE,200,,Roman and Migration Period swords from 2nd–3rd c.; Javanese kris pamor,"Twisting and forge-welding bars of different iron and steel produced patterned, layered blades, in Europe and in Javanese kris.",forge welding; twisting; etching,swords; kris,war;ritual and belief,archaeologists; makers,,sacred;living-community,Met Open Access (CC0); Wikimedia Commons; UNESCO World Heritage / Intangible Cultural Heritage pages (link out),R3,,high,
TEC075,Tatara smelting,tatara-buki,technique,Things,F1.8,AS-JPN,550,,from c.6th c.; Edo-period form; still operated for tamahagane in Shimane,A clay box furnace fed with iron sand and charcoal for three days produces tamahagane steel for Japanese swords.,iron sand; clay furnace,tamahagane; swords,war;tools;ritual and belief,makers; historians,,living-community,ColBase Japan national museums (Japan Government Standard Terms); Wikimedia Commons,R3,F1.29,high,
TEC076,High-tin bronze forging,gong forging; bangjja,technique,Things,F1.9;F1.8,AS-ISE;AS-MSE;AS-KOR;AS-SAS,-400,,"Ban Don Ta Phet, Thailand c.4th c. BCE; Javanese gamelan gongs; Korean bangjja yugi","Bronze with about 20–25 per cent tin, brittle when cast, is hot-forged and quenched to make resonant gongs and bowls.",hot forging; quenching,gongs; bowls; mirrors,play and music;food and storage,archaeometallurgists; makers,,living-community,Met Open Access (CC0); National Museum of Korea e-museum (KOGL Type 1 where marked); Wikimedia Commons,R3,F1.4,medium,
TEC077,Cloisonné enamel,cloisonné,technique,Things,F1.11;F1.8,EU-GRR;EU-BYZ;AS-CHN;AS-JPN,-1300,,Cypriot rings c.13th–12th c. BCE; Byzantine 9th–12th c.; Chinese jingtai 15th c.,Enamel was fused into cells formed by thin metal strips soldered to a base.,cloisons; vitreous enamel,icons; reliquaries; vases,ritual and belief;rule and display,historians,,sacred,Met Open Access (CC0); Walters Art Museum (CC0); National Palace Museum Taipei Open Data,R3,F1.13,medium,
TEC078,Champlevé enamel,Limoges enamel,technique,Things,F1.11,EU-WCE;EU-BLC,-300,,La Tène red enamel; Limoges 12th–13th c.,Enamel fills troughs carved or cast into a thick metal surface.,carving; vitreous enamel,reliquaries; fittings; chasses,ritual and belief,historians,,sacred,Met Open Access (CC0); Walters Art Museum (CC0); Wikimedia Commons,R3,,medium,
TEC079,Zinc distillation,Zawar zinc smelting,technique,Things,F1.9,AS-SAS,900,,"Zawar, Rajasthan c.9th c. CE onward; industrial scale 12th–18th c.","Rajasthani smelters used inverted retorts to condense zinc vapour, the earliest large-scale production of metallic zinc.",downward distillation; retorts,zinc ingots; brass; bidri alloy,tools;exchange and value,archaeometallurgists (Paul Craddock),,none,open-access journal articles; Wikimedia Commons,R3,F1.5,high,
TEC080,Patio process,mercury amalgamation of silver,technique,Things,F1.7,AM-LAT;AM-AND,1554,,"Bartolomé de Medina, Pachuca 1554; used at Potosí from 1570s","Mixing crushed ore with mercury and salt in open patios made Spanish American silver mining vastly productive, using forced mita labour and poisoning workers.",amalgamation; mercury,silver bars; coins,exchange and value,historians,Andean mitayos and enslaved workers.,human-flow,Library of Congress (public-domain items); Wikimedia Commons,R3,F1.22;F1.23,high,
TEC081,Sericulture and silk reeling,silk production,technique,Things,F1.8,AS-CHN,-3000,,silk fabric at Qianshanyang c.2700 BCE; silk proteins at Jiahu c.6500 BCE claimed,Raising silkworms on mulberry and reeling continuous filament from cocoons gave China a fibre it controlled for centuries.,mulberry cultivation; reeling; throwing,silk thread; fabric,clothing and adornment;exchange and value,historians; archaeologists,Largely women's labour.,none,Met Open Access (CC0); National Palace Museum Taipei Open Data; Wikimedia Commons,R2,F1.18;F1.13,high,
TEC082,Bast fibre processing,retting; scutching; hackling,technique,Things,F1.9a;F1.11;F1.8,WA-CAU;WA-LEV;EU-WCE;AS-CHN,-30000,,"dyed wild flax fibres, Dzudzuana Cave, Georgia c.30 ka (contested); linen at Nahal Hemar c.6500 BCE","Rotting and beating flax, hemp or ramie stems frees long fibres for spinning linen and cordage.",retting; scutching; hackling,linen; cordage,clothing and adornment,archaeologists,,none,open-access journal articles; Wikimedia Commons,R3,F1.18,medium,
TEC083,Drop-spindle spinning,hand spindle spinning; supported spindle,technique,Things,THEME;F1.9a;F1.7,GL;WA-LEV;AM-AND,-7000,,spindle whorls in the Neolithic Near East c.7th millennium BCE; ongoing,"A weighted spindle twists fibre into yarn, a portable technique that occupied much of many women's time.",spindle; whorl; distaff,yarn,clothing and adornment,archaeologists; makers,Hours of spinning labour are rarely counted.,living-community,Met Open Access (CC0); Wikimedia Commons,R3,F1.18;F1.23,high,
TEC084,Spinning wheel,charkha; great wheel,technique,Things,F1.9;F1.8;F1.10;F1.11,AS-SAS;AS-CHN;WA-IRN;EU-WCE,1000,,c.1000 CE in Asia (origins debated); Europe 13th c.; Gandhi's charkha 1920s,Turning a wheel to spin the spindle sped yarn production and later became a political symbol in India's swadeshi movement.,wheel spinning,yarn,clothing and adornment,historians,,none,Met Open Access (CC0); Wikimedia Commons; Library of Congress (public-domain items),R3,F1.18,medium,
TEC085,Backstrap loom weaving,body-tensioned loom,technique,Things,F1.7;F1.9;F1.8,AM-MES;AM-AND;AS-MSE;AS-ISE;AS-CHN;AS-HIM,-5000,,"loom parts at Hemudu, China c.5000 BCE; ancient in the Andes and Mesoamerica; ongoing","The weaver tensions the warp with her body, producing fine cloth on a portable loom still used from Guatemala to Laos.",backstrap loom; supplementary weft,huipiles; sashes; cloth,clothing and adornment,makers; archaeologists,,living-community;Indigenous-community,Met Open Access (CC0); Smithsonian NMNH Anthropology via Smithsonian Open Access (CC0 where marked); Wikimedia Commons,R2,F1.18;F1.29,medium,
TEC086,Warp-weighted loom,warp-weighted loom,technique,Things,F1.11;F1.9a,EU-WCE;EU-SCA;WA-ANA;EU-GRR,-5500,,loom weights from Neolithic southeast Europe and Anatolia; in use in Scandinavia into the 20th c.,An upright loom with clay or stone weights on the warp made wide woollen cloth and sails.,clay loom weights; upright loom,cloth; sails,clothing and adornment;transport,archaeologists,,none,open-access excavation reports; Wikimedia Commons,R3,F1.18,medium,
TEC087,Horizontal ground loom,staked ground loom,technique,Things,F1.6;F1.9a;F1.12a;F1.10,AF-EGY;WA-ARB;AS-CEN;WA-IRN,-3700,,"possible loom on a Naqada I–II bowl from Badari tomb 3802 (Petrie Museum UC9547), c. 3900–3500 BCE; used by Bedouin and Central Asian weavers today",Warp stretched between beams pegged to the ground allows long cloth and tent strips to be woven by nomadic weavers.,ground loom,linen; tent bands; rugs,clothing and adornment;shelter,archaeologists; makers,,living-community,Met Open Access (CC0); Wikimedia Commons,R3,F1.18,medium,
TEC088,Treadle loom,foot-powered loom; horizontal frame loom,technique,Things,F1.8;F1.11;F1.9,AS-CHN;EU-WCE;AS-SAS,-200,,Han China depictions; Europe 11th c.,Foot pedals lifting harnesses freed the weaver's hands and sped plain and twill weaving.,treadles; heddles,cloth,clothing and adornment,historians of technology,,none,Wikimedia Commons; open-access journal articles,R3,,medium,
TEC089,Drawloom,pattern loom,technique,Things,F1.8;F1.10;F1.11,AS-CHN;WA-IRN;EU-WCE,-150,,"Laoguanshan, Chengdu loom models c.2nd c. BCE (pattern loom; whether a drawloom proper is debated)",A second person pulling pattern cords allowed complex repeating figured silks.,figure harness; draw-boy,figured silks; lampas,clothing and adornment;rule and display,historians of textiles,,none,Met Open Access (CC0); open-access journal articles,R3,F1.18,medium,
TEC090,Jacquard loom,Jacquard mechanism,technique,Things,F1.11,EU-WCE,1804,,Joseph-Marie Jacquard 1804,"Punched cards selected warp threads automatically, displacing draw-boys and inspiring early computing.",punched cards; figure harness,figured silks; portraits in silk,clothing and adornment,patents; historians,"Lyon silk workers' revolts (1831, 1834).",none,Met Open Access (CC0); Wikimedia Commons; Google Patents / national patent offices (public documents),R2,F1.19;F1.21,high,
TEC091,Power loom and mechanised spinning,mechanised weaving; flying shuttle; spinning jenny; water frame; spinning mule,technique,Things,F1.11,EU-BLC,1785,,"flying shuttle 1733 (John Kay); jenny c.1764, water frame 1769, mule 1779; power loom 1785 (Edmund Cartwright)",Spinning machines and then steam-driven looms moved textile making into factories and undercut hand weavers in Britain and India.,flying shuttle; power loom,cotton cloth,clothing and adornment,patents; historians,Displaced handloom weavers in Britain and India.,none,Google Patents / national patent offices (public documents); Wikimedia Commons,R3,F1.19;F1.23,high,
TEC092,Tapestry weaving,kesi; kilim; tapestry,technique,Things,F1.6;F1.7;F1.11;F1.8,AF-EGY;AM-AND;EU-WCE;AS-CHN,-1400,,Thutmose IV tomb tapestry c.1400 BCE; Andean tapestry tunics; Chinese kesi from Tang,Discontinuous wefts beaten down to hide the warp let weavers build images colour by colour.,discontinuous weft; interlocking,tunics; hangings; kilims,clothing and adornment;rule and display,historians of textiles,,none,Met Open Access (CC0); Cleveland Museum of Art Open Access (CC0); National Palace Museum Taipei Open Data,R2,F1.18,high,
TEC093,Brocade,supplementary-weft patterning; songket; kinkhab,technique,Things,F1.8;F1.9;F1.10,AS-CHN;AS-SAS;AS-ISE;WA-IRN,500,,supplementary-weft silks by mid-1st millennium CE; earliest date depends on definition,"Extra pattern wefts, often gold or silver thread, float over a ground weave.",supplementary weft; metallic thread,songket; Banarasi saris; robes,clothing and adornment;rule and display,historians of textiles,,living-community,Met Open Access (CC0); Cleveland Museum of Art Open Access (CC0); Wikimedia Commons,R3,,medium,
TEC094,Samite,weft-faced compound twill,technique,Things,F1.12a;F1.10;F1.11,WA-IRN;AS-CEN;EU-BYZ,500,,"Sasanian, Sogdian and Byzantine silks c.6th c.",A compound twill with hidden binding warps produced the roundel silks traded across Eurasia.,compound weave,roundel silks; reliquary wrappings,clothing and adornment;ritual and belief,historians of textiles,,none,Met Open Access (CC0); Cleveland Museum of Art Open Access (CC0),R3,F1.13,high,
TEC095,Velvet weaving,pile weaving,technique,Things,F1.10;F1.11,WA-ANA;EU-WCE;WA-IRN,1300,,Italian velvets 14th c.; Ottoman Bursa and Safavid velvets; earlier origins debated,"Extra warp loops woven over rods and cut form a soft pile, often patterned in gold.",pile warp; rods,kaftans; hangings,clothing and adornment;rule and display,historians of textiles,,none,Met Open Access (CC0); Cleveland Museum of Art Open Access (CC0); Rijksmuseum (public-domain images),R3,,medium,
TEC096,Warp ikat,ikat; abrband,technique,Things,F1.9;F1.12a;F1.7;F1.10,AS-ISE;AS-CEN;AM-AND;AS-SAS;WA-ARB,600,,depicted at Ajanta c.5th–6th c.; Yemeni ikat 10th c.; antiquity likely greater,"Warp threads are tied and dyed before weaving, so the pattern blurs slightly as it emerges.",resist binding; dyeing; weaving,robes; hangings; shrouds,clothing and adornment;ritual and belief,makers; historians,The Malay word 'ikat' was adopted by Dutch scholars.,living-community,Met Open Access (CC0); Cleveland Museum of Art Open Access (CC0); Rijksmuseum (public-domain images),R2,F1.13,medium,
TEC097,Double ikat,patola; geringsing,technique,Things,F1.9,AS-SAS;AS-ISE,1300,,"patola in Gujarat by c.13th–14th c.; geringsing in Tenganan, Bali","Both warp and weft are resist-dyed so that pattern appears only when they align, made in Patan and Tenganan.",double resist; precise alignment,patola; geringsing,clothing and adornment;ritual and belief;exchange and value,"makers (Salvi family, Patan)",,living-community;sacred,Met Open Access (CC0); Rijksmuseum (public-domain images); Wikimedia Commons,R3,F1.13,medium,
TEC098,Jamdani,jamdani muslin,technique,Things,F1.9,AS-SAS,1600,,Mughal-era Dhaka muslin; UNESCO 2013,Discontinuous supplementary wefts inlaid by hand on fine cotton make floral patterns in Bengal muslin.,discontinuous supplementary weft; fine cotton,saris; muslins,clothing and adornment,makers; UNESCO,,living-community,Met Open Access (CC0); V&A collections (link out); UNESCO World Heritage / Intangible Cultural Heritage pages (link out),R3,F1.18,medium,
TEC099,Narrow-strip weaving,kente; strip cloth,technique,Things,F1.6,AF-GUI;AF-SAH,1050,,"Tellem caves, Mali c.11th c.; Asante and Ewe kente 17th–18th c.",Long narrow strips woven on double-heddle treadle looms are sewn edge to edge into large cloths.,double-heddle loom; strip joining,kente; kita; pagne,clothing and adornment;rule and display,makers; historians,,living-community,Met Open Access (CC0); British Museum EMKP (CC); Wikimedia Commons,R2,F1.18,high,
TEC100,Felt making,fulled wool felt,technique,Things,F1.12a;F1.9a,AS-CEN;AS-NTH;WA-ANA,-2000,,Pazyryk felts c.4th–3rd c. BCE; earlier Bronze Age examples,"Wool matted with heat, moisture and pressure makes a dense fabric for tents, carpets and clothing without spinning or weaving.",rolling; fulling; appliqué,yurt covers; shyrdak; hats,shelter;clothing and adornment,archaeologists; makers,,living-community;funerary,Met Open Access (CC0); Wikimedia Commons; UNESCO World Heritage / Intangible Cultural Heritage pages (link out),R2,F1.18;F1.29,medium,
TEC101,Knotted-pile carpet weaving,hand-knotted carpets,technique,Things,F1.12a;F1.10,AS-CEN;WA-IRN;WA-ANA;WA-CAU;AS-HIM;AS-SAS,-400,,Pazyryk carpet c.4th–3rd c. BCE,"Rows of wool knots tied around warp threads and clipped make a durable, patterned pile.",symmetrical and asymmetrical knots; Tibetan knot,carpets; saddle covers,shelter;rule and display,historians; makers,Child labour in some modern production.,funerary;living-community,Met Open Access (CC0); Cleveland Museum of Art Open Access (CC0); Wikimedia Commons,R2,F1.13;F1.23,high,
TEC102,Looping and nålbinding,bilum; needle-binding,technique,Things,F1.12;F1.11;F1.9a,OC-MEL;EU-SCA;WA-LEV,-6500,,looped fabrics at Nahal Hemar c.6500 BCE; bilum making ongoing in Papua New Guinea,"Loops of a single thread worked with a needle or fingers make stretchy bags and garments, as in Papua New Guinean bilum.",looping; single needle,bilums; socks; bags,clothing and adornment;food and storage,makers; archaeologists,,living-community,Wikimedia Commons; Auckland Museum Online Collection (CC BY where marked),R3,F1.18,medium,
TEC103,Knotting and netting,net making,technique,Things,THEME;F1.11,EU-SCA;GL,-8300,,"Antrea net, Finland c.8300 BCE",Knotted nets captured fish and game and carried loads.,mesh gauges; knotting,fishing nets; bags,food and storage;tools,archaeologists,,none,open-access excavation reports; Wikimedia Commons,R3,,medium,
TEC104,Khipu construction,quipu,technique,Things,F1.7,AM-AND,600,,Wari khipu c.600 CE; Inca khipu to 16th c.; earlier Caral example contested,"Cords spun, plied, dyed and knotted in fixed positions recorded numbers and possibly narrative for the Inca state.",plying direction; knot types; colour coding,khipu,record and writing;rule and display,scholars (Khipu Database Project); Andean communities,Khipu decipherment remains incomplete; communities still keep some khipu.,Indigenous-community,Met Open Access (CC0); Wikimedia Commons,R2,F1.5;F1.28,high,
TEC105,Coiled basketry,coiling,technique,Things,F1.7;F1.6;THEME,AM-WST;AM-EWD;AF-SOU;AF-GUI,-6000,,coiled baskets in the Great Basin and Egypt by the Holocene; ongoing,"Stitching a continuous bundle into a spiral makes watertight baskets, trays and granaries.",bundle foundation; stitching; awls,baskets; trays; winnowers,food and storage,makers,,living-community;Indigenous-community,Smithsonian NMNH Anthropology via Smithsonian Open Access (CC0 where marked); Met Open Access (CC0); Wikimedia Commons,R2,F1.18;F1.29,medium,
TEC106,Twined basketry,twining,technique,Things,F1.7;F1.11;THEME,AM-WST;AM-NWC;EU-WCE,-26000,,twined textile impressions at Dolní Věstonice c.26 ka; ongoing,"Pairs of weft elements twisted around warps make bags, hats and mats, including Northwest Coast spruce-root hats.",twining; spruce root; cedar bark,hats; bags; mats,food and storage;clothing and adornment,makers; archaeologists,,living-community;Indigenous-community,Smithsonian NMNH Anthropology via Smithsonian Open Access (CC0 where marked); Wikimedia Commons,R3,F1.18,medium,
TEC107,Plaiting,checker and twill plaiting; pandanus plaiting,technique,Things,F1.12;F1.9;THEME,OC-POL;OC-MIC;AS-ISE;AF-MAD,,,ancient; ongoing,"Interlacing flat strips of pandanus, palm or bamboo makes mats, sails and baskets across the Pacific and Southeast Asia.",pandanus; coconut leaf; bamboo,mats; sails; fine mats ('ie toga),shelter;transport;exchange and value,makers,,living-community,Auckland Museum Online Collection (CC BY where marked); Te Papa Collections Online (CC BY where marked; otherwise link out); Wikimedia Commons,R3,F1.18;F1.29,high,
TEC108,Barkcloth beating,tapa; siapo; ngatu; kapa,technique,Things,F1.12;F1.9;F1.6;F1.7,OC-POL;AS-ISE;AF-SWA;AM-MES;AS-CHN,-6000,,stone beaters in southern China c.6000 BCE; Pacific tapa; Ugandan barkcloth (UNESCO 2008),"Inner bark of mulberry and fig trees is soaked and beaten into sheets, then decorated, across the Pacific, Africa and Mesoamerica.",beating; felting; stencilling,tapa; ngatu; barkcloth,clothing and adornment;exchange and value;ritual and belief,makers; archaeologists,,living-community;Indigenous-community,Te Papa Collections Online (CC BY where marked; otherwise link out); Auckland Museum Online Collection (CC BY where marked); Met Open Access (CC0); Wikimedia Commons,R2,F1.18;F1.13,high,
TEC109,Featherwork,feather mosaic; feather cloaks,technique,Things,F1.7;F1.12,AM-AND;AM-MES;OC-POL;AM-AMZ,600,,Wari feather panels c.600–900; Hawaiian ʻahu ʻula; Nahua amanteca feather mosaic; Amazonian featherwork ongoing,"Feathers tied into netting or glued to backings made cloaks, headdresses and mosaics of high rank.",feather knotting; netting; gluing,cloaks; headdresses; panels,rule and display;ritual and belief,makers; historians,Much featherwork is sacred and restricted.,sacred;Indigenous-community,Met Open Access (CC0); Te Papa Collections Online (CC BY where marked; otherwise link out); Wikimedia Commons,R3,F1.16,high,
TEC110,Porcupine quillwork,quill embroidery,technique,Things,F1.7,AM-EWD;AM-WST;AM-ARC,,,pre-contact; ongoing,"Flattened, dyed porcupine quills are sewn or wrapped onto hide and birchbark.",quill flattening; dyeing; sewing,moccasins; bags; birchbark boxes,clothing and adornment,makers,,Indigenous-community;living-community,Smithsonian NMNH Anthropology via Smithsonian Open Access (CC0 where marked); Wikimedia Commons,R3,F1.18,high,
TEC111,Beadwork,seed-bead embroidery; loom beadwork,technique,Things,F1.7;F1.6,AM-WST;AM-EWD;AF-SOU;AF-SWA;AF-GUI,,,shell and seed beadwork ancient; glass seed-bead work expands with trade beads from 16th–19th c.; ongoing,Sewing and weaving glass beads into garments and regalia created visual languages from Lakota to Zulu to Yoruba.,lazy stitch; netting; loom,regalia; crowns; bags,clothing and adornment;rule and display,makers,,living-community;Indigenous-community,Smithsonian NMNH Anthropology via Smithsonian Open Access (CC0 where marked); Met Open Access (CC0); Wikimedia Commons,R2,F1.18;F1.13,high,
TEC112,Embroidery,needlework,technique,Things,THEME;F1.8,GL;AS-CHN,-400,,"chain-stitch silk embroidery at Mashan, China c.4th–3rd c. BCE; earlier fragmentary evidence",Stitching thread onto a ground fabric adds pattern and image and is one of the most widespread decorative crafts.,chain stitch; satin stitch; couching,robes; panels; samplers,clothing and adornment;ritual and belief,makers,,none,Met Open Access (CC0); Cleveland Museum of Art Open Access (CC0); Rijksmuseum (public-domain images),R3,F1.18,medium,
TEC113,Opus anglicanum,English medieval goldwork,technique,Things,F1.11,EU-BLC,1200,1350,approximate,"Professional London workshops embroidered silk and gold vestments using underside couching, prized by popes.",underside couching; split stitch,copes; chasubles,ritual and belief,historians,Women embroiderers named in few records.,sacred,Met Open Access (CC0); V&A collections (link out),R3,F1.18,high,
TEC114,Kantha,kantha stitch,technique,Things,F1.9,AS-SAS,,,long-standing; ongoing,Bengali women layer worn saris and stitch them with running stitches into quilts and wraps.,running stitch; layering,quilts; wraps,clothing and adornment;care and access,makers,,living-community,Met Open Access (CC0); Wikimedia Commons,R3,F1.18;F1.22a,high,
TEC115,Sashiko and boro,sashiko; boro,technique,Things,F1.8,AS-JPN,1700,,Edo-period rural practice; approximate,"Running stitches reinforce and patch layered indigo cotton, turning repair into pattern.",running stitch; patching,jackets; futon covers,clothing and adornment;care and access,makers,,living-community,ColBase Japan national museums (Japan Government Standard Terms); Wikimedia Commons,R3,F1.22a;F1.18,medium,
TEC116,Mola reverse appliqué,mola,technique,Things,F1.7,AM-CAM,1880,,late 19th–early 20th c.,"Guna women cut through layered cotton to reveal colours below, making blouse panels.",reverse appliqué,mola panels; blouses,clothing and adornment,Guna makers,,Indigenous-community;living-community,Smithsonian NMNH Anthropology via Smithsonian Open Access (CC0 where marked); Wikimedia Commons,R3,F1.18,medium,
TEC117,Quilting,quilting,technique,Things,THEME;F1.7;F1.11,AM-EWD;EU-BLC;AS-CEN,-100,,"quilted textiles at Noin-Ula, Mongolia c.1st c. BCE; ongoing",Layers stitched together make warm bedding and armour and have carried community designs such as Gee's Bend quilts.,layering; running stitch; piecing,quilts; armour,shelter;war,makers; historians,,living-community,Smithsonian Open Access (CC0); Met Open Access (CC0); Library of Congress (public-domain items),R2,F1.18;F1.22a,medium,
TEC118,Mordant dyeing,mordanting,technique,Things,F1.9;F1.6,AS-SAS;AF-EGY,-2500,,madder-dyed cotton at Mohenjo-daro c.2500 BCE (as usually cited),Metal salts such as alum fix natural dyes to fibre and let one dye give several colours.,alum; iron; mordant printing,dyed cloth,clothing and adornment,historians of dyeing,,none,open-access journal articles; Met Open Access (CC0),R3,,medium,
TEC119,Block printing on textiles,woodblock textile printing,technique,Things,F1.9;F1.8,AS-SAS;AS-CHN;AF-EGY,-200,,printed silk from Han tombs c.2nd c. BCE; Indian block prints at Fustat 13th–15th c.,"Carved wooden blocks stamp mordants, resists or dyes onto cloth in repeating patterns.",carved blocks; mordant printing,trade cloth; ajrak; bagru,clothing and adornment;exchange and value,makers; historians,,living-community,Met Open Access (CC0); V&A collections (link out); Wikimedia Commons,R2,F1.13,medium,
TEC120,Kalamkari,chintz painting; pen-drawn mordant painting,technique,Things,F1.9,AS-SAS,1400,,Coromandel painted cottons from c.15th c.; Machilipatnam and Srikalahasti ongoing,Mordants and wax resist drawn with a kalam and dyed with madder and indigo produced the painted cottons Europe called chintz.,kalam; mordant painting; wax resist,palampores; temple cloths,clothing and adornment;ritual and belief;exchange and value,makers; historians,,living-community,Met Open Access (CC0); Rijksmuseum (public-domain images); V&A collections (link out),R2,F1.13;F1.14,medium,
TEC121,Batik,wax-resist dyeing,technique,Things,F1.9,AS-ISE,1600,,Javanese canting batik documented from 17th c.; wax resist older elsewhere; UNESCO 2009,Hot wax drawn with a canting or stamped with a cap resists dye through repeated baths.,canting; cap; wax resist,kain panjang; sarong,clothing and adornment;ritual and belief,makers,,living-community,Rijksmuseum (public-domain images); Met Open Access (CC0); Wikimedia Commons,R2,F1.18;F1.14,high,
TEC122,Tie-resist dyeing,bandhani; shibori; plangi; tie-dye,technique,Things,F1.9;F1.8;F1.7,AS-SAS;AS-JPN;AS-CHN;AM-AND,500,,Wari tie-dyed tunics c.600 CE; Shōsōin textiles 8th c.; Ajanta depictions,"Binding, stitching or folding cloth before dyeing leaves resisted patterns of dots and lines.",binding; stitching; clamping,odhnis; kimono; tunics,clothing and adornment,makers,,living-community,Met Open Access (CC0); ColBase Japan national museums (Japan Government Standard Terms); Wikimedia Commons,R3,F1.18,medium,
TEC123,Adire,adire eleko; adire oniko,technique,Things,F1.6,AF-GUI,1880,,late 19th c. with imported cotton shirting,Yoruba women resist-dye cotton with cassava starch or tying before indigo dyeing.,cassava starch resist; tying; indigo,adire cloths,clothing and adornment,Yoruba makers,,living-community,British Museum EMKP (CC); Wikimedia Commons,R3,F1.18,medium,
TEC124,Bogolanfini,mud cloth,technique,Things,F1.6,AF-SAH,,,long-standing; ongoing,"Bamana dyers paint fermented iron-rich mud onto cloth pretreated with tannin, making dark patterns.",tannin mordant; iron mud painting,bogolan cloths,clothing and adornment;ritual and belief,makers,,living-community,British Museum EMKP (CC); Wikimedia Commons,R3,F1.18,medium,
TEC125,Kuba raffia cut-pile and appliqué,Kuba cloth,technique,Things,F1.6,AF-CEN,1600,,documented from 17th c.,Kuba women embroider cut-pile patterns into raffia cloth woven by men.,raffia weaving; cut-pile embroidery; appliqué,skirts; panels,clothing and adornment;ritual and belief;exchange and value,makers; historians,,living-community,Met Open Access (CC0); British Museum EMKP (CC); Wikimedia Commons,R3,F1.18,high,
TEC126,Indigo vat dyeing,fermentation vat,technique,Things,F1.7;F1.6;F1.9;F1.8,AM-AND;AF-GUI;AF-SAH;AS-SAS;AS-JPN,-4200,,"indigo-dyed cotton at Huaca Prieta, Peru c.6,200 years ago (Splitstoser et al. 2016)",Indigo is reduced in a fermentation vat to a soluble form that turns blue on the cloth in air.,fermentation vat; dipping; oxidation,indigo cloth,clothing and adornment,makers; historians,,living-community,Met Open Access (CC0); ColBase Japan national museums (Japan Government Standard Terms); Wikimedia Commons,R2,F1.5;F1.13,high,
TEC127,Tyrian purple dyeing,murex dyeing,technique,Things,F1.9a;F1.11,WA-LEV;EU-GRR,-1800,,Minoan Crete c.18th c. BCE; Levantine production; Byzantine imperial monopoly,Dye from thousands of murex snails per garment made purple cloth a marker of rank.,murex extraction; vat dyeing,purple cloth,rule and display;clothing and adornment,historians,,none,open-access journal articles; Wikimedia Commons,R3,F1.13,high,
TEC128,Cochineal dyeing,cochineal carmine,technique,Things,F1.7,AM-MES;AM-AND;AM-LAT,-500,,Andean textiles from first millennium BCE; post-1521 export to Europe,Dried scale insects raised on nopal cactus produce a red that became New Spain's most valuable export after silver.,insect cultivation; mordant dyeing,textiles; paintings; lake pigments,clothing and adornment;exchange and value,historians,,Indigenous-community,Met Open Access (CC0); Cleveland Museum of Art Open Access (CC0); Wikimedia Commons,R3,F1.13,medium,
TEC129,Wax print,Dutch wax; African print,technique,Things,F1.6;F1.11,EU-BLC;AF-GUI,1850,,Dutch mechanised imitation batik from mid-19th c.; West African market from late 19th c.,"Dutch firms industrialised resin-resist printing to imitate Javanese batik, and West African traders and wearers made it their own.",resin resist; roller printing,wax-print cloths,clothing and adornment,historians; companies,Designs named and adopted by West African women traders.,none,Wikimedia Commons; Rijksmuseum (public-domain images),R3,F1.14;F1.19,high,
TEC130,Chilkat weaving,Naaxein,technique,Things,F1.7,AM-NWC,,,pre-contact origins; ongoing (revived late 20th c.),Tlingit and other Northwest Coast weavers twine mountain-goat wool and cedar bark into curvilinear formline robes without a loom beam.,twining; hanging warp; formline,robes; aprons,rule and display;ritual and belief,makers,,Indigenous-community;sacred;living-community,Smithsonian NMNH Anthropology via Smithsonian Open Access (CC0 where marked); community-published site,R3,F1.18;F1.26,high,
TEC131,Diné upright-loom weaving,Navajo weaving,technique,Things,F1.7,AM-WST,1650,,learned from Pueblo weavers c.17th c.; ongoing,"Diné weavers make tightly woven wool blankets and rugs on vertical looms, adapting designs for the trading-post market.",upright loom; tapestry weave,chief blankets; rugs,clothing and adornment;exchange and value,makers,,Indigenous-community;living-community,Smithsonian NMNH Anthropology via Smithsonian Open Access (CC0 where marked); Smithsonian Open Access (CC0); Wikimedia Commons,R3,F1.18;F1.14,high,
TEC132,Harakeke weaving,raranga; whatu; tāniko,technique,Things,F1.12,OC-POL,1300,,from Māori settlement of Aotearoa; ongoing,Māori weavers prepare harakeke (New Zealand flax) fibre and finger-weave cloaks and plait baskets and mats.,muka fibre; whatu finger-twining; raranga plaiting,kākahu cloaks; kete,clothing and adornment;food and storage;rule and display,Māori weavers,,Indigenous-community;living-community,Te Papa Collections Online (CC BY where marked; otherwise link out); Auckland Museum Online Collection (CC BY where marked),R2,F1.18;F1.26,high,
TEC133,Sadu weaving,Al Sadu,technique,Things,F1.10;F1.9a,WA-ARB,,,"long-standing; ongoing; UNESCO: UAE Al Sadu 2011 (Urgent Safeguarding; Representative List 2025); 'Traditional weaving of Al Sadu' Kuwait and Saudi Arabia 2020, extended with Qatar 2025","Bedouin women weave tent dividers, bags and rugs of camel, goat and sheep hair on ground looms.",ground loom; warp-faced weave,tent dividers; saddle bags,shelter;transport,makers; UNESCO,,living-community,UNESCO World Heritage / Intangible Cultural Heritage pages (link out); Wikimedia Commons,R3,F1.18;F1.29,high,
TEC134,Mortise-and-tenon joinery,mortise and tenon,technique,Things,F1.8;F1.11,AS-CHN;EU-WCE,-5100,,"Linear Pottery wells in Germany c.5100 BCE; Hemudu, China c.5000 BCE",A projecting tenon fitted into a cut socket joins timbers without nails.,chiselling; pegging,wells; frames; furniture,shelter;tools,archaeologists,,none,open-access excavation reports; Wikimedia Commons,R3,F1.5,high,
TEC135,Dougong bracketing,bracket sets,technique,Things,F1.8,AS-CHN;AS-KOR;AS-JPN,-400,,depicted from Warring States; standardised in the Yingzao Fashi (1103),Interlocking timber bracket sets transfer roof loads to columns and were standardised in a Song building manual.,modular timber units,temple and palace roofs,shelter;rule and display,builders; Yingzao Fashi (1103),,none,Wikimedia Commons,R3,F1.19,high,
TEC136,Kerfed bentwood boxes,bentwood boxes,technique,Things,F1.7,AM-NWC,,,pre-contact; ongoing,"A single cedar plank is kerfed, steamed and bent into four sides and sewn or pegged at the corner.",kerfing; steaming; sewing,boxes; chests,food and storage;ritual and belief,makers,,Indigenous-community;living-community,Smithsonian NMNH Anthropology via Smithsonian Open Access (CC0 where marked); Wikimedia Commons,R3,F1.29,high,
TEC137,Steam-bent wood (Thonet),bentwood furniture,technique,Things,F1.11,EU-WCE,1841,,Michael Thonet's patents from 1841; chair No. 14 (1859),Steaming solid beech and bending it in iron forms allowed chairs made from a few parts and shipped flat.,steaming; iron forms; screws,café chairs; rocking chairs,shelter,patents; design historians,,none,Met Open Access (CC0); Wikimedia Commons,R3,F1.19;F1.20,high,
TEC138,Lacquer (urushi and qi),urushi; qi lacquer,technique,Things,F1.8;F1.9,AS-CHN;AS-JPN;AS-KOR;AS-MSE,-6000,,"Kuahuqiao lacquered bow, China c.6000 BCE; earlier Jōmon claims","Sap of the lacquer tree, applied in many thin cured layers, gives a hard waterproof surface for vessels, armour and furniture.",layering; curing in humidity; polishing,bowls; boxes; armour; furniture,food and storage;rule and display,makers; historians,Urushiol causes severe skin reactions for workers.,none,Met Open Access (CC0); ColBase Japan national museums (Japan Government Standard Terms); National Palace Museum Taipei Open Data; National Museum of Korea e-museum (KOGL Type 1 where marked),R2,F1.13,high,
TEC139,Marquetry and intarsia,inlay; khatam,technique,Things,F1.11;F1.10,EU-WCE;WA-IRN;WA-LEV,1450,,Italian intarsia 15th c.; Boulle marquetry 17th c.; Persian khatam; Egyptian inlay far older,"Veneers of wood, shell, bone and metal are cut and fitted into pictures and patterns on furniture.",veneer cutting; fret saw,cabinets; studioli; boxes,shelter;rule and display,historians,,none,Met Open Access (CC0); Rijksmuseum (public-domain images); Walters Art Museum (CC0),R3,,high,
TEC140,Wood turning,lathe turning,technique,Things,F1.11;F1.9a;F1.8,EU-GRR;WA-ANA;AS-CHN,-700,,"turned bowl fragment from the Warrior's Tomb, Tarquinia c. 700 BCE; 7th-c. BCE turned dishes from Anatolian tumuli and lathe pivots from Thebes (Sitry); a Mycenaean claim (c. 1400–1100 BCE) is unproven","Rotating wood on a bow or pole lathe against a chisel produces bowls, legs and spindles.",bow lathe; pole lathe,bowls; spindles; legs,food and storage;shelter,historians of technology,,none,Wikimedia Commons; open-access excavation reports,R3,,medium,Earliest date uncertain; verify.
TEC141,Dugout canoe building,dugout,technique,Things,F1.6;F1.11;F1.7;F1.12,AF-GUI;EU-BLC;AM-AMZ;OC-AUS,-8000,,"Pesse canoe, Netherlands c.8000 BCE; Dufuna canoe, Nigeria c.6000 BCE",Hollowing a single log with fire and adzes makes a boat.,adzing; controlled burning,canoes,transport,archaeologists,,none,open-access excavation reports; Wikimedia Commons,R3,,high,
TEC142,Lashed-lug boat building,balangay construction,technique,Things,F1.9,AS-ISE;AS-MSE,300,,Butuan boats c.4th–13th c. (dates vary),Planks edge-joined with dowels are lashed to frames through carved lugs.,dowelling; lashing,balangay; outrigger vessels,transport,maritime archaeologists,,none,open-access journal articles; Wikimedia Commons,R3,F1.13,medium,
TEC143,Sewn-plank boat building,sewn boats; mtepe,technique,Things,F1.6;F1.9;F1.11;F1.10,AF-SWA;WA-ARB;AS-SAS;EU-BLC;AF-EGY,-2500,,Khufu ship c.2500 BCE (lashed); Ferriby boats c.2000 BCE; Indian Ocean sewn boats into the 20th c.,Planks stitched together with coir or fibre cord made flexible hulls for the Indian Ocean and early European rivers.,stitching; coir cord; caulking,mtepe; masula; Ferriby boats,transport,maritime archaeologists,,none,open-access excavation reports; Wikimedia Commons,R3,F1.13,high,
TEC144,Dhow building,shell-first dhow construction,technique,Things,F1.10;F1.9;F1.6,WA-ARB;AS-SAS;AF-SWA,800,,"nailed and sewn dhows from late 1st millennium CE; ongoing in Sur, Lamu and Gujarat","Shipwrights build dhow hulls plank-first by eye, using teak and nails or stitching.",plank-first; teak; lateen rig,boum; sambuk; jahazi,transport,makers,,living-community,Wikimedia Commons; Qatar Digital Library (licence per item; check),R3,F1.13;F1.29,medium,
TEC145,Clinker boat building,lapstrake,technique,Things,F1.11,EU-SCA;EU-BLC,300,,Nydam boat c.310–320 CE; Viking ships; UNESCO 2021 (Nordic clinker boats),"Overlapping planks riveted together form light, flexible hulls, as in Viking ships.",overlapping planks; clench nails,longships; faering,transport;war,archaeologists; makers,,living-community,UNESCO World Heritage / Intangible Cultural Heritage pages (link out); Wikimedia Commons,R3,,high,
TEC146,Outrigger and double-hulled canoe building,vaka; waʻa; proa,technique,Things,F1.12,OC-POL;OC-MIC;OC-MEL;AS-ISE,,,ancient; revived (Hōkūleʻa 1976),"Pacific builders lash hulls, outriggers and crossbeams with coconut fibre to make stable voyaging craft.",lashing; sennit; adzing,voyaging canoes; proas,transport,makers; voyaging societies,,Indigenous-community;living-community,Te Papa Collections Online (CC BY where marked; otherwise link out); Auckland Museum Online Collection (CC BY where marked); Wikimedia Commons,R2,F1.13;F1.29,high,
TEC147,Skin-on-frame boats,kayak; umiak; qajaq,technique,Things,F1.7;F1.12a,AM-ARC;AS-NTH,,,ancient; Thule period c.1000 CE onward; ongoing,Arctic builders stretch sewn sea-mammal skins over lashed driftwood frames for hunting and transport boats.,skin sewing; lashing,kayaks; umiaks,transport;food and storage,makers,,Indigenous-community;living-community,Smithsonian NMNH Anthropology via Smithsonian Open Access (CC0 where marked); Wikimedia Commons,R3,F1.29,high,
TEC148,Reed-bundle boats,totora boats; reed boats,technique,Things,F1.7;F1.9a,AM-AND;WA-MES,-5500,,"bitumen-coated reed boat remains at As-Sabiyah, Kuwait c.5500 BCE; totora boats on Lake Titicaca ongoing","Bundled reeds lashed together float without planks, from Neolithic Gulf boats to Uros totora craft.",bundling; lashing; bitumen coating,reed boats,transport,makers; archaeologists,,living-community,open-access excavation reports; Wikimedia Commons,R3,,medium,
TEC149,Whakairo,Māori carving,technique,Things,F1.12,OC-POL,1300,,from Māori settlement; ongoing,"Carvers work timber, bone and stone into meeting-house panels, canoe prows and taonga following whakapapa.",adzing; chiselling; pāua inlay,poupou; tauihu; waka huia,ritual and belief;rule and display,Māori carvers,,Indigenous-community;sacred;ancestral,Te Papa Collections Online (CC BY where marked; otherwise link out); Auckland Museum Online Collection (CC BY where marked),R3,F1.26,high,
TEC150,Dry-stone masonry,dry-stone walling,technique,Things,F1.6;F1.11;F1.7,AF-SOU;EU-BLC;AM-AND;EU-GRR,-3500,,Neolithic Orkney c.3100 BCE and earlier; Great Zimbabwe 11th–15th c.; UNESCO 2018,"Stones are fitted without mortar into walls, terraces and enclosures that drain and flex.",coursing; batter; through-stones,walls; enclosures; terraces,shelter;food and storage,makers; UNESCO,,living-community,UNESCO World Heritage / Intangible Cultural Heritage pages (link out); Wikimedia Commons,R3,F1.29,high,
TEC151,Ashlar masonry,dressed stone masonry,technique,Things,F1.6;F1.11;F1.9a,AF-EGY;EU-GRR;WA-LEV;AF-HRN,-2650,,"Djoser complex, Saqqara c.2650 BCE","Squared, dressed blocks laid in regular courses allowed monumental stone architecture.",quarrying; dressing; lifting,temples; pyramids; stelae,shelter;rule and display,archaeologists,,none,Met Open Access (CC0); Wikimedia Commons,R3,,high,
TEC152,Cyclopean masonry,cyclopean walls,technique,Things,F1.11,EU-GRR,-1400,-1100,Mycenaean,Very large roughly shaped stones fitted without mortar formed Mycenaean citadel walls.,rough dressing; fitting,walls; gates,war;rule and display,archaeologists (name from Greek myth),,none,Wikimedia Commons,R3,,high,
TEC153,Inca fitted stone masonry,polygonal ashlar,technique,Things,F1.7,AM-AND,1400,1532,approximate,"Inca masons pounded and ground stones to fit tightly without mortar, making earthquake-resistant walls.",hammerstone pounding; fitting,walls; terraces; temples,shelter;rule and display,archaeologists,,living-community,Wikimedia Commons; UNESCO World Heritage / Intangible Cultural Heritage pages (link out),R3,,high,
TEC154,Mud brick,sun-dried brick,technique,Things,F1.9a;F1.6,WA-LEV;WA-MES;AF-EGY,-8500,,Levantine Pre-Pottery Neolithic c.9th millennium BCE; approximate,Mould-made or hand-shaped sun-dried bricks of earth and straw built most houses and many cities of West Asia and Egypt.,moulding; drying; mud mortar,houses; walls; ziggurats,shelter,archaeologists,,none,Wikimedia Commons; open-access excavation reports,R3,F1.5,medium,
TEC155,Fired brick,kiln-fired brick,technique,Things,F1.9a;F1.9;F1.8,WA-MES;AS-SAS;AS-CHN,-3500,,Mesopotamia 4th millennium BCE; Indus standard ratio bricks 3rd millennium BCE,"Firing moulded bricks made durable, waterproof building units, standardised in Indus cities.",moulding; kiln firing,drains; walls; platforms,shelter;care and access,archaeologists,,none,Wikimedia Commons; open-access excavation reports,R3,F1.19,medium,
TEC156,Rammed earth,hangtu; tapial; pisé,technique,Things,F1.8;F1.6;F1.11,AS-CHN;AF-MAG;EU-IBE,-2500,,Longshan walled towns c.2500 BCE; Maghribi tabia; Great Wall sections,Damp earth is pounded in layers inside formwork to make walls and platforms.,formwork; tamping,city walls; platforms; kasbahs,shelter;war,archaeologists,,none,Wikimedia Commons,R3,,medium,
TEC157,Adobe,adobe,technique,Things,F1.7,AM-WST;AM-AND;AM-LAT,-3500,,"Andean adobe before 3100 BCE (Los Morteros, Chao Valley) and c. 3500 BCE (Sechín Bajo); Pueblo puddled adobe; Spanish mould-made adobe from 16th c.","Earth, straw and water are moulded into bricks or puddled into courses for thick, thermally stable walls.",moulding; plastering,pueblos; missions; huacas,shelter,makers; archaeologists,,living-community,Wikimedia Commons; Library of Congress (public-domain items),R3,F1.29,medium,"Checked: earliest Andean adobe is Preceramic (4th millennium BCE), not 2nd millennium BCE."
TEC158,Cob,cob walling,technique,Things,F1.11,EU-BLC,1200,,medieval Devon and elsewhere; approximate,Earth mixed with straw is built up in wet layers without forms and trimmed into walls.,mixing; layering,farmhouses; walls,shelter,makers,,none,Wikimedia Commons,R3,F1.29,medium,
TEC159,Sudano-Sahelian earthen building,banco; crépissage,technique,Things,F1.6,AF-SAH,1200,,Great Mosque of Djenné rebuilt 1906–07 on 13th-c. foundations; annual replastering ongoing,"Communities build and annually replaster mosques and houses in banco earth, using protruding timbers as scaffolding.",banco; toron; replastering festival,mosques; houses,shelter;ritual and belief,builders' guilds; communities,,living-community;sacred,UNESCO World Heritage / Intangible Cultural Heritage pages (link out); Wikimedia Commons,R2,F1.29;F1.22a,high,
TEC160,Lime plaster,burnt lime,technique,Things,F1.9a,WA-LEV;WA-ANA,-12000,,Natufian lime plaster c.12th millennium BCE; 'Ain Ghazal plaster statues c.7th millennium BCE,"Burning limestone and slaking it made plaster for floors, skull modelling and statues.",lime burning; slaking,floors; statues; plastered skulls,shelter;ritual and belief,archaeologists,,funerary;ancestral,Wikimedia Commons; open-access excavation reports,R3,,medium,
TEC161,Reinforced concrete,ferroconcrete,technique,Things,F1.11;THEME,EU-WCE,1867,,Joseph Monier patent 1867; Hennebique system 1892,"Steel bars embedded in concrete carry tension, making frames, slabs and shells possible.",rebar; formwork,frames; slabs; shells,shelter;transport,patents; engineers,,none,Google Patents / national patent offices (public documents); Wikimedia Commons,R3,F1.20;F1.22,high,
TEC162,Mosaic,tessellated mosaic; clay-cone mosaic; smalti,technique,Things,F1.11;F1.10;F1.9a,EU-GRR;EU-BYZ;WA-LEV;WA-MES,-3500,,Uruk clay-cone mosaic c.3500 BCE; Gordion pebble mosaics 8th c. BCE; Hellenistic tesserae; glass wall mosaic from late antiquity,"Small units of stone, clay or glass set in mortar made durable floors and walls.",tesserae; setting bed,floors; wall mosaics,shelter;ritual and belief,archaeologists,,sacred,Wikimedia Commons; Met Open Access (CC0),R2,,high,
TEC163,Stucco carving,carved plaster,technique,Things,F1.10;F1.7;F1.9a,WA-IRN;WA-MES;AM-MES,1,,Parthian and Sasanian; Maya Classic; Abbasid Samarra,"Lime or gypsum plaster was modelled or carved wet into façades, masks and wall panels.",modelling; carving,façades; masks; panels,shelter;rule and display,archaeologists,,none,Met Open Access (CC0); Wikimedia Commons,R3,,medium,
TEC164,True arch and vault,voussoir arch,technique,Things,F1.9a;F1.6,WA-MES;AF-EGY,-3000,,mud-brick vaults in Mesopotamia and Egypt by 3rd millennium BCE; approximate,Wedge-shaped units lock together to span openings; mud-brick vaults preceded Roman stone arches.,voussoirs; centering,vaults; gates,shelter,archaeologists,Europe-centred accounts start with Rome.,none,Wikimedia Commons,R3,F1.3,medium,
TEC165,Corbel vault,corbelled vault,technique,Things,F1.11;F1.7,EU-BLC;AM-MES;EU-GRR,-3200,,Newgrange passage tomb c.3200 BCE; Mycenaean tholoi; Maya corbel arches,Each stone course projects a little past the one below until the gap closes.,corbelling,tombs; temples,shelter;ritual and belief,archaeologists,,funerary,Wikimedia Commons,R3,,high,
TEC166,Masonry dome,dome,technique,Things,F1.11;F1.10,EU-GRR;WA-IRN,-100,,Roman concrete domes from c.1st c. BCE; Pantheon 125 CE,"Rotating an arch forms a dome, built in concrete, brick or stone over square spaces with transitional devices.",concrete; brick; centering,baths; temples; mosques,shelter;ritual and belief,architectural historians,,none,Wikimedia Commons,R3,,medium,
TEC167,Squinch,squinch,technique,Things,F1.9a;F1.10,WA-IRN,220,,"Palace of Ardashir, Firuzabad c.220s CE",An arch across the corner of a square room turns it into an octagon for a dome.,arches; brick,domed halls,shelter,architectural historians,,none,Wikimedia Commons,R3,,high,
TEC168,Muqarnas,stalactite vaulting,technique,Things,F1.10,WA-MES;WA-IRN;AF-MAG,1000,,"late 10th–11th c. in Iraq, Iran and North Africa",Tiers of small niche units compose three-dimensional vaults and cornices from a geometric plan.,geometric modules; plaster; wood,vaults; portals,shelter;ritual and belief,architectural historians,,none,Met Open Access (CC0); Wikimedia Commons,R3,F1.15,high,
TEC169,Earthen mound building,earthworks,technique,Things,F1.7,AM-EWD,-3500,,Watson Brake c.3500 BCE; Poverty Point c.1700 BCE; Cahokia c.1050 CE,"Communities moved basketloads of earth to build platform mounds, effigy mounds and ridges.",basket-loading; clay capping,platform mounds; effigy mounds,ritual and belief;rule and display,archaeologists; descendant nations,,ancestral;funerary;sacred;Indigenous-community,UNESCO World Heritage / Intangible Cultural Heritage pages (link out); Wikimedia Commons,R3,F1.26,high,
TEC170,Snow-block construction,igluvijaq,technique,Things,F1.7,AM-ARC,,,long-standing,Inuit builders cut blocks of wind-packed snow with a knife and spiral them into a dome shelter.,snow knife; spiral courses,iglus,shelter,makers,,Indigenous-community;living-community,Smithsonian NMNH Anthropology via Smithsonian Open Access (CC0 where marked); Wikimedia Commons,R3,F1.29,high,
TEC171,Yurt and ger construction,boz üy; ger,technique,Things,F1.12a,AS-CEN;AS-NTH,,,"long-standing; UNESCO: Mongol ger 2013; Kyrgyz and Kazakh yurts 2014, extended to Karakalpak yurts 2025","A collapsible lattice wall, roof poles and a crown ring covered in felt make a portable house.",lattice; felt covering; bent wood,yurts; gers,shelter,makers; UNESCO,,living-community,UNESCO World Heritage / Intangible Cultural Heritage pages (link out); Wikimedia Commons,R3,F1.29,high,
TEC172,Vegetable tanning,bark tanning,technique,Things,F1.6;F1.9a;F1.11,AF-EGY;WA-LEV;EU-WCE;AF-SAH,-3000,,approximate; Egyptian and Near Eastern evidence; ongoing (e.g. Fez tanneries),"Soaking hides in tannin from bark, leaves or pods makes durable, rot-resistant leather.",tannin; liming; currying,shoes; bags; saddles,clothing and adornment;transport,historians,,living-community,Met Open Access (CC0); Wikimedia Commons,R3,F1.23,medium,
TEC173,Brain and smoke tanning,buckskin tanning,technique,Things,F1.7,AM-WST;AM-EWD;AM-ARC,,,long-standing; ongoing,"Hides worked with brains and smoked become soft, washable buckskin.",brain emulsion; stretching; smoking,shirts; dresses; moccasins,clothing and adornment,makers,,Indigenous-community;living-community,Smithsonian NMNH Anthropology via Smithsonian Open Access (CC0 where marked); Wikimedia Commons,R3,,high,
TEC174,Parchment making,vellum,technique,Things,F1.9a;F1.11;F1.6,WA-ANA;EU-WCE;AF-HRN,-200,,Pergamon tradition 2nd c. BCE; earlier leather rolls in Egypt; Ethiopian parchment ongoing,"Skins are limed, stretched and scraped rather than tanned, producing a writing surface.",liming; stretching; scraping,codices; charters; Torah scrolls,record and writing;ritual and belief,historians,,sacred;living-community,Walters Art Museum (CC0); British Library (public-domain digitised items); Wikimedia Commons,R2,F1.28,high,
TEC175,Rawhide and parfleche,parfleche,technique,Things,F1.7,AM-WST,,,long-standing; ongoing,Plains makers paint stiff untanned hide and fold it into cases for food and belongings.,rawhide; painting,parfleche cases; drums,food and storage;play and music,makers,,Indigenous-community;living-community,Smithsonian NMNH Anthropology via Smithsonian Open Access (CC0 where marked); Wikimedia Commons,R3,,high,
TEC176,Fish-skin working,fish-skin clothing,technique,Things,F1.12a;F1.8;F1.7,AS-NTH;AS-JPN;AM-ARC,,,"long-standing; revived (Nanai/Hezhe, Ainu, Yup'ik)","Salmon and other fish skins are scraped, softened and sewn into waterproof clothing and bags.",scraping; softening; sewing,coats; boots; bags,clothing and adornment,makers,,Indigenous-community;living-community,Smithsonian NMNH Anthropology via Smithsonian Open Access (CC0 where marked); Wikimedia Commons,R3,F1.18;F1.22,high,
TEC177,Tattooing,tatau; moko,technique,Things,THEME;F1.12,OC-POL;EU-WCE;AF-EGY;AS-JPN,-3300,,Ötzi c.3300 BCE; Egyptian tattooed mummies c.3000 BCE; Polynesian tatau,"Pigment inserted into skin by puncture or cutting records identity, genealogy and status.",combs; needles; soot pigment,tatau; tā moko,clothing and adornment;ritual and belief,makers,,living-community;sacred;Indigenous-community,Wikimedia Commons; Te Papa Collections Online (CC BY where marked; otherwise link out),R3,F1.16,high,
TEC178,Clay tablet and stylus,cuneiform writing,technique,Things,F1.9a,WA-MES;WA-ANA;WA-IRN,-3300,75,proto-cuneiform Uruk IV c.3300–3200 BCE; last dated tablet c.75 CE,"Scribes pressed wedge marks into damp clay with a cut reed, producing durable records.",reed stylus; clay tablets; envelopes,tablets; envelopes,record and writing,Assyriologists,Writing invented independently several times.,none,Cuneiform Digital Library Initiative (link out); Met Open Access (CC0); Wikimedia Commons,R1,F1.5;F1.28,high,
TEC179,Cylinder seal carving,cylinder seals,technique,Things,F1.9a,WA-MES;WA-IRN,-3500,-300,approximate,Engraved stone cylinders rolled on clay left repeatable images marking ownership and authority.,hardstone engraving; drilling,seals; sealings,record and writing;rule and display,Assyriologists,,none,Met Open Access (CC0); Cuneiform Digital Library Initiative (link out),R2,F1.14,high,
TEC180,Papyrus making,papyrus,technique,Things,F1.6,AF-EGY,-3000,,blank roll from Hemaka's tomb c.3000 BCE; Wadi al-Jarf papyri c.2560 BCE,Strips of papyrus pith laid crosswise and pressed bond into sheets joined into rolls.,slicing; pressing; burnishing,rolls,record and writing,Egyptologists,,none,Met Open Access (CC0); Wikimedia Commons,R3,F1.28,high,
TEC181,Palm-leaf manuscript making,olai; lontar,technique,Things,F1.9,AS-SAS;AS-MSE;AS-ISE;AS-HIM,100,,earliest surviving fragments early centuries CE; in use into the 20th c.,"Processed palm leaves are incised with a stylus and blackened, or written in ink, and strung between boards.",incising; soot inking; stringing,manuscripts,record and writing;ritual and belief,historians,,sacred,Wikimedia Commons; British Library (public-domain digitised items),R3,F1.28,medium,
TEC182,Birch-bark writing,birch-bark manuscripts,technique,Things,F1.9;F1.12a;F1.11,AS-SAS;AS-CEN;EU-EER,1,,Gandharan Buddhist scrolls c.1st c. CE; Novgorod birch-bark letters 11th–15th c.,Birch bark served as a writing surface for Gandharan sutras and everyday Novgorod letters.,ink; incising,scrolls; letters,record and writing,historians,,sacred,Wikimedia Commons; British Library (public-domain digitised items),R3,F1.28;F1.29,high,
TEC183,Bamboo and wooden slips,jiandu,technique,Things,F1.8,AS-CHN,-433,,earliest surviving datable set c.433 BCE (tomb of Marquis Yi of Zeng); earlier use implied,Strips of bamboo written in ink and bound with cord were China's main books before paper.,splitting; ink; binding,books; records,record and writing,historians,,funerary,Wikimedia Commons; open-access journal articles,R3,F1.28,medium,
TEC184,Papermaking in China,paper,technique,Things,F1.8,AS-CHN,-200,,Fangmatan map paper c.2nd c. BCE; Cai Lun's reported improvements 105 CE,Macerated plant fibre formed on a screen mould made a cheap writing and wrapping sheet.,pulping; mould and deckle; drying,paper; books,record and writing,historians,The Cai Lun story simplifies a longer development.,none,National Palace Museum Taipei Open Data; Wikimedia Commons,R1,F1.13;F1.3,high,
TEC185,Papermaking in the Islamic world,Samarkand paper,technique,Things,F1.10;F1.12a,AS-CEN;WA-MES;AF-EGY,750,,traditionally linked to Talas 751 (contested); Baghdad paper by c.794,"Rag-based paper spread from Central Asia to Baghdad, Cairo and al-Andalus and transformed book production.",rag pulping; sizing; burnishing,Qur'ans; books,record and writing,historians (Jonathan Bloom),,none,Met Open Access (CC0); Wikimedia Commons; Qatar Digital Library (licence per item; check),R3,F1.13,medium,
TEC186,European papermaking and watermarks,watermark,technique,Things,F1.11,EU-IBE;EU-WCE,1150,,Xàtiva c.1150s; Fabriano watermarks late 13th c.,Water-powered stamping mills and wire moulds with watermarks spread from Iberia and Italy.,stamping mill; wire mould; gelatin sizing,paper,record and writing,historians,,none,Wikimedia Commons; Gallica BnF (public-domain items),R3,F1.13,high,
TEC187,Bark paper,amate; huun,technique,Things,F1.7,AM-MES,,,Maya and Aztec codices; Otomí amate-making in San Pablito ongoing,Fig and mulberry inner bark is boiled and beaten into sheets for codices and ritual paper.,boiling; beating,codices; ritual cut-paper,record and writing;ritual and belief,makers; historians,,sacred;living-community,Wikimedia Commons; Library of Congress (public-domain items),R3,F1.28,medium,
TEC188,Lokta paper,Nepali handmade paper,technique,Things,F1.9,AS-HIM,,,long-standing; ongoing,"Bark of Daphne shrubs is cooked, beaten and formed on floating moulds for documents and prayer texts.",floating mould; bark pulp,paper; manuscripts,record and writing,makers,,living-community,Wikimedia Commons,R3,F1.29,medium,
TEC189,Woodblock printing,xylography,technique,Things,F1.8,AS-CHN;AS-KOR;AS-JPN,700,,Korean Dharani sutra before 751; Japanese Hyakumantō Darani 764–770; Diamond Sutra 868,"Text and image carved in relief on a block are inked and printed by rubbing, enabling mass Buddhist texts.",block carving; rubbing,sutras; books; prints,record and writing;ritual and belief,historians,,sacred,International Dunhuang Programme (link out); National Museum of Korea e-museum (KOGL Type 1 where marked); Wikimedia Commons,R1,F1.5;F1.14,high,
TEC190,Ceramic movable type,clay type,technique,Things,F1.8,AS-CHN,1040,,Bi Sheng c.1040s (described by Shen Kuo),Individual fired-clay characters were set in an iron frame for printing.,type moulding; setting,books,record and writing,Shen Kuo (Dream Pool Essays),,none,Wikimedia Commons,R3,F1.5,high,
TEC191,Metal movable type (Korea),bronze type,technique,Things,F1.8,AS-KOR,1234,,recorded 1234; earliest surviving book Jikji 1377,"Korean printers cast bronze type in sand moulds, printing Jikji before Gutenberg.",sand casting; setting,books,record and writing,historians,,none,National Museum of Korea e-museum (KOGL Type 1 where marked); Gallica BnF (public-domain items); Wikimedia Commons,R2,F1.5;F1.3,high,Jikji held by BnF.
TEC192,Metal type and press (Gutenberg),typography,technique,Things,F1.11,EU-WCE,1450,,Mainz c.1450s,"A hand mould for casting type, oil-based ink and an adapted screw press made printing in the Latin alphabet fast and repeatable.",type casting; press; oil ink,books; broadsheets,record and writing,historians,Not the first movable type.,none,Library of Congress (public-domain items); Gallica BnF (public-domain items); Wikimedia Commons,R1,F1.5;F1.3,high,
TEC193,Intaglio printmaking,engraving; etching,technique,Things,F1.11,EU-WCE,1430,,engraving c.1430s; etching c.1500,Lines cut or etched into metal plates hold ink that is pressed onto damp paper.,burin; acid; roller press,prints; maps,record and writing,historians,,none,Met Open Access (CC0); National Gallery of Art Washington Open Access (CC0); Rijksmuseum (public-domain images),R2,F1.14,high,
TEC194,Lithography,lithograph,technique,Things,F1.11,EU-WCE,1796,,Alois Senefelder 1796,Printing from a flat greased stone let artists draw directly for print and made colour posters possible.,grease crayon; stone; press,posters; maps; prints,record and writing,historians,,none,Met Open Access (CC0); National Gallery of Art Washington Open Access (CC0); Library of Congress (public-domain items),R3,F1.19,high,
TEC195,Letterpress,industrial letterpress; iron hand press,technique,Things,F1.11,EU-BLC,1800,,Stanhope iron press c.1800; steam press 1814; craft revival late 20th c.,"Relief type printed on iron and steam presses produced newspapers and posters, later revived as craft.",iron press; wood type,posters; newspapers,record and writing,historians,,none,Library of Congress (public-domain items); NYPL Digital Collections (public-domain items),R3,F1.19,high,
TEC196,Photography,photograph,technique,Things,F1.11,EU-WCE;EU-BLC,1826,,Niépce c.1826–27; daguerreotype and calotype 1839,"Light-sensitive materials fixed camera images, changing how objects, people and places were recorded and reproduced.",camera; silver salts; negative-positive,photographs; albums,record and writing,historians,,none,Library of Congress (public-domain items); National Gallery of Art Washington Open Access (CC0); Rijksmuseum (public-domain images),R2,F1.28;F1.4,high,
TEC197,Offset lithography,offset printing,technique,Things,F1.7,AM-EWD,1904,,Ira Rubel 1904; others,"Ink transferred from a plate to a rubber blanket then to paper allowed fast, cheap colour printing.",plates; rubber blanket,magazines; packaging,record and writing,historians,,none,Wikimedia Commons; Library of Congress (public-domain items),R3,F1.21,medium,
TEC198,Screen printing,serigraphy,technique,Things,F1.7;F1.8,AM-EWD;AS-JPN,1907,,stencil precursors (e.g. katazome) older; silk-screen patent 1907,"Ink forced through a mesh stencil prints flat colour on paper, textiles and objects.",mesh; stencil; squeegee,posters; T-shirts; prints,record and writing;clothing and adornment,historians,,none,MoMA collection (link out; metadata CC0); Library of Congress (public-domain items); Wikimedia Commons,R3,F1.21,medium,
TEC199,CNC machining,numerical control,technique,Things,THEME,AM-EWD,1952,,MIT numerically controlled milling 1952,"Coded instructions drive cutting machines, linking digital design to physical making.",coded toolpaths; milling,parts; furniture,tools,historians of technology,,none,Wikimedia Commons,R3,F1.21,high,
TEC200,3D printing,additive manufacturing,technique,Things,THEME,AS-JPN;AM-WST,1981,,Hideo Kodama 1981; Charles Hull stereolithography patent 1984–86,"Objects are built layer by layer from digital files, enabling distributed and custom making.",stereolithography; fused deposition,prototypes; parts,tools;care and access,historians of technology; patents,,none,Google Patents / national patent offices (public documents); Wikimedia Commons,R3,F1.21;F1.28a,high,
TEC201,Laser cutting,laser cutting,technique,Things,THEME,AM-EWD,1965,,Western Electric 1965,A focused laser cuts or engraves sheet materials from digital drawings.,CO2 laser; vector files,signs; parts; models,tools,historians of technology,,none,Wikimedia Commons,R3,F1.21,medium,
TEC202,Semiconductor photolithography,chip fabrication,technique,Things,THEME,AM-WST;AS-CHN;AS-KOR,1959,,"planar process and integrated circuits 1959; ongoing (Taiwan, Korea)",Light-patterned layers on silicon wafers make the integrated circuits in every digital device.,photoresist; etching; doping,chips,tools;record and writing,historians of technology,,none,Wikimedia Commons; NASA imagery (US public domain),R3,F1.21;F1.22;F1.23,high,Taiwan coded AS-CHN; check convention.
TEC203,Fresco,buon fresco,technique,Things,F1.11;F1.9,EU-GRR;EU-WCE;AS-SAS,-1700,,Aegean wall painting c.1700 BCE (true fresco debated); Roman; Italian Renaissance,Pigments in water painted into wet lime plaster become part of the wall as it sets.,lime plaster; giornate,murals,shelter;ritual and belief,art historians,,sacred,Wikimedia Commons; Met Open Access (CC0),R3,,medium,
TEC204,Egg tempera,tempera,technique,Things,F1.11;F1.6,EU-BYZ;EU-WCE;AF-HRN,500,,Byzantine icons from c.6th c.; Ethiopian icons,Pigments bound in egg yolk on gessoed panels dry fast and allow fine hatched modelling.,egg binder; gesso panels,icons; altarpieces,ritual and belief,art historians,,sacred,Met Open Access (CC0); Walters Art Museum (CC0); National Gallery of Art Washington Open Access (CC0),R3,,medium,
TEC205,Oil painting,oil paint,technique,Things,F1.12a;F1.11,AS-CEN;EU-BLC;EU-WCE,650,,Bamiyan murals 7th c. with drying-oil binders; Netherlandish oil painting 15th c.,"Pigments ground in drying oils allowed slow blending and glazes; earliest known use is in Bamiyan, not Flanders.",drying oils; glazes,panel and canvas paintings,rule and display;ritual and belief,conservation scientists; art historians,Europe-centred origin story.,none,National Gallery of Art Washington Open Access (CC0); Rijksmuseum (public-domain images); Met Open Access (CC0); SMK National Gallery of Denmark (CC0),R2,F1.3,high,
TEC206,Encaustic,wax painting,technique,Things,F1.6;F1.11,AF-EGY;EU-GRR,-400,,Greek sources; Fayum portraits 1st–3rd c. CE,"Pigments in hot beeswax were applied to wood panels, as in Roman-Egyptian mummy portraits.",hot wax; spatulas,mummy portraits; panels,ritual and belief,art historians,,funerary,Met Open Access (CC0); Wikimedia Commons,R3,,medium,
TEC207,Persianate and Mughal miniature painting,manuscript painting; nigarkari,technique,Things,F1.10;F1.9,WA-IRN;AS-SAS;WA-ANA,1300,,"Ilkhanid Iran c.1300; Safavid, Ottoman, Mughal and Rajput workshops; ongoing","Workshop artists ground mineral pigments, painted in layers on burnished paper and signed collaborative pages.",mineral pigments; squirrel-hair brushes; burnishing,album pages; manuscripts,record and writing;rule and display,art historians,,none,Met Open Access (CC0); Cleveland Museum of Art Open Access (CC0); Walters Art Museum (CC0); Staatliche Museen zu Berlin SMB-digital (CC BY-SA where marked),R2,F1.17;F1.26,high,
TEC208,Qalam calligraphy,reed-pen calligraphy,technique,Things,F1.10,WA-MES;WA-IRN;WA-ANA;AF-MAG,900,,"proportioned scripts attributed to Ibn Muqla, 10th c.",Calligraphers cut reed pens at precise angles and wrote according to proportional systems based on the rhombic dot.,reed pen; carbon ink; burnished paper,Qur'ans; albums; inscriptions,record and writing;ritual and belief,calligraphers; historians,,sacred,Met Open Access (CC0); Cleveland Museum of Art Open Access (CC0); Walters Art Museum (CC0),R2,F1.15,high,
TEC209,Ink stick and brush,sumi; mo,technique,Things,F1.8,AS-CHN;AS-KOR;AS-JPN,-200,,carbon inks earlier; moulded ink cakes by Han,Soot bound with animal glue into sticks is ground on a stone and used with animal-hair brushes for writing and painting.,lamp black; glue; inkstone,calligraphy; ink paintings,record and writing,historians,,none,Met Open Access (CC0); National Palace Museum Taipei Open Data; ColBase Japan national museums (Japan Government Standard Terms),R3,,medium,
TEC210,Lacquer painting,maki-e; sơn mài,technique,Things,F1.8;F1.9,AS-JPN;AS-MSE,750,,maki-e from Nara–Heian; Vietnamese sơn mài developed 1930s,Metal powders or pigments are sprinkled or painted into wet lacquer and polished.,sprinkled gold; polishing,boxes; screens; panels,rule and display,historians,,none,ColBase Japan national museums (Japan Government Standard Terms); Met Open Access (CC0),R3,,medium,
TEC211,Thangka painting,thangka,technique,Things,F1.9,AS-HIM,1000,,c.11th c.; ongoing,Painters grid sacred proportions on sized cotton and apply mineral pigments to make portable devotional images.,iconometric grids; mineral pigments,thangkas,ritual and belief,makers; monasteries,,sacred;living-community,Himalayan Art Resources (link out); Met Open Access (CC0); Cleveland Museum of Art Open Access (CC0),R3,F1.16,high,
TEC212,Bark painting,Arnhem Land bark painting,technique,Things,F1.12,OC-AUS,,,long-standing; ongoing; commercial form from 20th c.,"Artists paint ochres onto flattened stringybark with fine brushes, often in rarrk cross-hatching.",ochre; bark preparation; rarrk,bark paintings,ritual and belief;record and writing,artists; art centres,Ownership of designs belongs to clans.,Indigenous-community;sacred,community-published site; Trove National Library of Australia (link out; public-domain items where marked),R3,F1.26;F1.20,high,
TEC213,Acrylic dot painting (Western Desert),Papunya Tula painting,technique,Things,F1.12,OC-AUS,1971,,Papunya 1971,Western Desert artists translated ground and body designs into acrylic on board and canvas.,acrylic; dotting,canvases; boards,ritual and belief;exchange and value,artists; Papunya Tula Artists,Some early works disclosed restricted designs.,Indigenous-community;sacred,community-published site,R3,F1.20;F1.26,high,
TEC214,Stick charts,mattang; meddo; rebbelib,technique,Things,F1.12,OC-MIC,,,long-standing; described by outsiders from the 19th c.,Marshallese navigators lashed sticks and shells to model ocean swell patterns and islands.,lashing; memory,stick charts,transport;record and writing,Marshallese navigators,,Indigenous-community;living-community,Smithsonian NMNH Anthropology via Smithsonian Open Access (CC0 where marked); Wikimedia Commons,R3,F1.28,high,
TEC215,Star compass wayfinding,non-instrument navigation,technique,Things,F1.12,OC-POL;OC-MIC,,,ancient; revived by Mau Piailug and Nainoa Thompson from 1976,"Navigators hold a mental compass of star rising and setting points, swells and birds to cross open ocean.",star paths; swell reading,—,transport,navigators; voyaging societies,,Indigenous-community;living-community,community-published site; Wikimedia Commons,R3,F1.29,high,
TEC216,Astrolabe making,astrolabe,technique,Things,F1.10;F1.11,WA-MES;WA-IRN;EU-IBE,750,,Greek theory; early Islamic makers 8th c.; earliest surviving dated examples 10th c.,Engraved brass plates and a rete model the sky for time-telling and astronomy.,brass casting; engraving,astrolabes,tools;record and writing,historians of science,,none,Met Open Access (CC0); Wikimedia Commons,R3,F1.13,high,
TEC217,Agricultural terracing,terraces,technique,Things,F1.7;F1.9;F1.10;F1.8,AM-AND;AS-ISE;WA-ARB;AS-CHN,-3000,,"approximate; many independent traditions; Andean, Yemeni, Ifugao and Hani terraces","Stepped, walled fields hold soil and water on steep slopes.",dry-stone walls; irrigation,terraces,food and storage,communities; archaeologists,Ifugao terrace ages debated.,living-community,UNESCO World Heritage / Intangible Cultural Heritage pages (link out); Wikimedia Commons,R3,F1.22,medium,
TEC218,Chinampas,raised garden plots,technique,Things,F1.7,AM-MES,1100,,approximate; Xochimilco chinampas ongoing,Plots built from lake mud and vegetation between canals made the Basin of Mexico highly productive.,mud piling; ahuejote trees,chinampas,food and storage,communities; archaeologists,,living-community;Indigenous-community,UNESCO World Heritage / Intangible Cultural Heritage pages (link out); Wikimedia Commons,R3,F1.22,medium,
TEC219,Budj Bim eel aquaculture,kooyang traps,technique,Things,F1.12,OC-AUS,-4600,,"channels dated c.6,600 years ago; Budj Bim Cultural Landscape inscribed as World Heritage 2019 (not an ICH element)","Gunditjmara people shaped lava-flow channels, weirs and ponds to trap and hold eels.",stone channels; weirs; woven traps,traps; channels,food and storage,Gunditjmara people; UNESCO,,Indigenous-community,community-published site; UNESCO World Heritage / Intangible Cultural Heritage pages (link out),R2,F1.22;F1.26,high,
TEC220,Qanat,karez; falaj; foggara,technique,Things,F1.9a;F1.10;F1.12a,WA-IRN;WA-ARB;AF-MAG;AS-CEN,-1000,,"aflaj at Hili 15 and Bida Bint Saud (UAE) associated with Iron Age II pottery c. 1000–600 BCE; Iranian origin argued (English, Lightfoot), Arabian origin argued (Al Tikriti); secure absolute dates lacking (Charbonnier)",Gently sloping tunnels bring groundwater to fields and towns by gravity.,shaft sinking; tunnelling,qanats,food and storage;care and access,communities; UNESCO,,living-community,UNESCO World Heritage / Intangible Cultural Heritage pages (link out); Wikimedia Commons,R3,F1.22,medium,
TEC221,Cultural burning,fire-stick farming; cool burning,technique,Things,F1.12,OC-AUS,,,deep antiquity; ongoing; term 'fire-stick farming' coined by Rhys Jones 1969,Aboriginal land managers use frequent low-intensity fire to shape vegetation and reduce fuel.,patch burning,landscapes,food and storage,Aboriginal communities,Indigenous knowledge suppressed under colonisation.,Indigenous-community;living-community,community-published site,R3,F1.22;F1.29,high,
TEC222,Amazonian dark earth,terra preta,technique,Things,F1.7,AM-AMZ,-500,,c.500 BCE onward; approximate,"Charcoal, pottery and organic waste built persistent fertile soils along Amazonian rivers.",charcoal; midden,soils,food and storage,archaeologists; soil scientists,,Indigenous-community,open-access journal articles,R3,F1.22,medium,
TEC223,Kintsugi,kintsukuroi,technique,Things,F1.8,AS-JPN,1500,,"Muromachi period, c.15th–16th c.; approximate","Broken ceramics are rejoined with urushi lacquer and dusted with gold, displaying the repair.",urushi; gold powder,tea bowls,care and access,makers; tea practitioners,,none,Met Open Access (CC0); ColBase Japan national museums (Japan Government Standard Terms),R3,F1.22a,medium,
TEC224,Darning,darning,technique,Things,THEME,GL,,,long-standing,Weaving new threads across a hole restores worn textiles.,needle; darning mushroom,socks; garments,care and access;clothing and adornment,makers,,none,Wikimedia Commons,R3,F1.22a;F1.18,high,
TEC225,Visible mending,visible mending,technique,Things,THEME,GL,2010,,contemporary movement c.2010s,Menders make repairs deliberately visible as a stance against disposable consumption.,patching; darning,garments,care and access,makers; online communities,,none,Wikimedia Commons,R3,F1.22a;F1.21,medium,
TEC226,Mesoamerican rubber processing,rubber from latex and morning glory,technique,Things,F1.7,AM-MES,-1600,,Paso de la Amada balls c.1600 BCE; El Manatí balls earlier; Hosler et al. 1999,Mixing Castilla elastica latex with morning-glory juice produced bouncing rubber for ballgame balls.,latex; morning-glory mixing,balls; sandals,play and music;ritual and belief,"archaeologists (Hosler, Burkett and Tarkanian 1999)",,none,open-access journal articles; Wikimedia Commons,R3,F1.5;F1.4,high,
TEC227,Vulcanisation,vulcanised rubber,technique,Things,F1.7,AM-EWD,1844,,Charles Goodyear patent 1844; Thomas Hancock (UK) 1843,"Heating rubber with sulphur made it stable, enabling tyres, hoses and footwear and a global demand for latex.",sulphur curing,tyres; hoses; shoes,transport;clothing and adornment,patents; historians,Demand drove forced rubber collection in Congo and Amazonia.,none,Google Patents / national patent offices (public documents); Wikimedia Commons,R3,F1.19;F1.22,high,
TEC228,Interchangeable parts,American system of manufactures,technique,Things,F1.11;F1.7,EU-WCE;AM-EWD,1785,,Honoré Blanc 1785; US armouries 1820s; standardised Qin crossbow triggers 3rd c. BCE as earlier parallel,Making parts to gauges so any part fits any product enabled mass production and repair by replacement.,gauges; jigs; machine tools,firearms; clocks,war;tools,historians of technology,,none,Wikimedia Commons,R3,F1.19,high,
TEC229,Moving assembly line,assembly line,technique,Things,F1.7,AM-EWD,1913,,Ford Highland Park 1913,Moving work past fixed workers cut assembly times and deskilled factory labour.,conveyor; task division,cars,transport,historians,Line workers' experience.,none,Library of Congress (public-domain items); Wikimedia Commons,R3,F1.19;F1.23,high,
TEC230,Injection moulding,plastic injection moulding,technique,Things,F1.7,AM-EWD,1872,,Hyatt brothers 1872; screw injection 1946,"Molten plastic forced into steel moulds makes identical parts in seconds, the basis of plastic consumer goods.",steel moulds; thermoplastics,toys; housings; containers,tools;play and music,patents; historians,,none,Google Patents / national patent offices (public documents); Wikimedia Commons,R3,F1.21;F1.22,high,
