id,name,other_names,kind,family,world,sub_regions,start,end,date_note,making_significance,materials_techniques,object_types,functions,defined_by,leaves_out,sensitivity,free_sources,tier,units,confidence,notes
POL001,Pharaonic Egyptian state,Kemet; Ancient Egypt (dynastic),polity,People,F1.6,AF-EGY;AF-NUB,-3100,-332,"c.; conventional unification to Macedonian conquest; Seshat splits it into period polities (Old, Middle, New Kingdom, Late Period)","Royal and temple workshops organised stone, metal, faience, linen and papyrus production at state scale for nearly three millennia.",stone carving; faience; lost-wax copper-alloy casting; linen weaving; papyrus making; gold working,statues; reliefs; coffins; jewellery; linen; papyri,rule and display;ritual and belief;record and writing;clothing and adornment,Egyptologists; Manetho's king-list (3rd c. BCE); the state's own king-lists,"mostly anonymous workers (Deir el-Medina a rare named exception); conscripted and enslaved labour; Nubian, Libyan and Levantine neighbours and captives; intermediate periods; present-day Egyptians' relation to the past",funerary;sacred;conflict-looting,Met Open Access (CC0);Cleveland Museum of Art Open Access (CC0);Walters Art Museum (CC0);Brooklyn Museum (CC BY where marked);British Museum collection search (link out);Wikimedia Commons,R1,F1.5;F1.16;F1.23;F1.24,high,Dynasties grouped as DYN rows; funerary material hidden by default; many museum objects left Egypt under colonial-era partage and dealing.
POL002,Kingdom of Kerma,Early Kush; Kerma culture state,polity,People,F1.6,AF-NUB,-2500,-1500,c.; Egyptian conquest c. 1500 BCE,Kerma's workshops made thin-walled black-topped red beakers and faience inlays and built mud-brick deffufa temples.,handmade ceramics; faience; mud-brick architecture; mica cut-outs,beakers; deffufa; funerary beds,rule and display;ritual and belief;shelter;food and storage,"archaeologists (Reisner, Bonnet); Egyptian texts naming Kush",Egyptian hostile framing of Kush; retainers buried in royal tumuli; pastoralist neighbours; present-day Sudanese communities,funerary,Wikimedia Commons;open-access excavation reports;British Museum collection search (link out),R2,F1.5,high,Reisner's early interpretations (Egyptian governors) were overturned; check museum captions.
POL003,Kingdom of Kush (Napata and Meroë),Kush; Napatan kingdom; Meroitic kingdom,polity,People,F1.6,AF-NUB;AF-EGY,-785,350,"c.; Napatan phase to c. 300 BCE, Meroitic to c. 350 CE",Kushite rulers built pyramid fields and temples and Meroë smelted iron and wrote in its own Meroitic script.,iron smelting; sandstone building; gold working; painted ceramics; Meroitic script,pyramids; jewellery; painted pottery; stelae,rule and display;ritual and belief;record and writing;tools,Egyptologists and Sudan archaeologists; Kushite royal inscriptions,non-royal Meroitic makers; enslaved and conscripted labour; Blemmyes and other neighbours; Sudanese communities today,funerary;conflict-looting,Met Open Access (CC0);British Museum collection search (link out);Wikimedia Commons;open-access excavation reports,R2,F1.5;F1.24,high,Ferlini's 1834 destruction of Amanishakheto's pyramid (jewellery in Berlin and Munich). Scale of Meroitic iron industry debated.
POL004,Makuria,Christian Nubian kingdom of Dongola,polity,People,F1.6,AF-NUB,550,1500,c.; absorbed Nobadia by 7th c.; decline 14th–15th c.,"Makurian churches such as Faras carried painted murals, and Nubian workshops produced a distinctive painted pottery.",tempera wall painting; wheel-made painted ceramics; mud-brick and stone building; Old Nubian writing,murals; pottery; manuscripts,ritual and belief;rule and display;record and writing;food and storage,excavation teams (Polish mission); Arabic sources on the baqt treaty,people sent north as tribute under the baqt; Nobadian and Alodian neighbours; non-Christian pastoralists,sacred,Wikimedia Commons;open-access excavation reports,R2,F1.16,high,Faras murals split between Warsaw and Khartoum after 1960s UNESCO campaign.
POL005,Mahdist State,Mahdiyya,polity,People,F1.6,AF-NUB,1885,1898,,"The Mahdist state standardised the patched jibba tunic, banners and weapons, many of which entered museums as 1898 battlefield trophies.",patchwork; cotton; metalwork,jibba tunics; banners; swords,war;clothing and adornment;rule and display,historians; British military accounts,Sudanese families of the dead; enslaved people within the state; the Omdurman loot's route into collections,conflict-looting,Wikimedia Commons;British Museum collection search (link out),R3,F1.19a;F1.24,high,"Many ""Mahdist"" objects in UK museums are war loot from Omdurman."
POL006,Kingdom of Aksum,Aksum; Axum,polity,People,F1.6,AF-HRN;WA-ARB,100,940,c.; 1st–10th c.,"Aksum carved monolithic stelae, minted gold, silver and bronze coins and adopted Christianity under Ezana in the 4th century.",monolith quarrying and carving; coin minting; Ge'ez writing,stelae; coins; inscriptions,rule and display;ritual and belief;exchange and value;record and writing,historians; Periplus of the Erythraean Sea; Aksumite inscriptions,labour that quarried and moved stelae; Beja and other neighbours; Himyarite subjects during Aksumite rule in Yemen,conflict-looting,Wikimedia Commons;British Museum collection search (link out);open-access excavation reports,R1,F1.5;F1.13;F1.24,high,"Stela taken to Rome 1937, returned 2005."
POL007,Ethiopian Empire (Solomonic),Abyssinia; Mängəstä Ityop'p'ya,polity,People,F1.6,AF-HRN,1270,1974,,"The Solomonic court and church patronised illuminated manuscripts, icon painting and processional crosses across seven centuries.",parchment manuscripts; tempera icon painting; cast and forged crosses; woven and embroidered textiles,manuscripts; icons; crosses; royal textiles,rule and display;ritual and belief;record and writing;clothing and adornment,Ethiopian royal chronicles and the Kebra Nagast; historians,"Muslim, Oromo, Beta Israel and southern peoples incorporated by conquest; enslaved people; objects taken at Maqdala 1868",sacred;conflict-looting,Walters Art Museum (CC0);Met Open Access (CC0);British Library digitised collections (public-domain items);Wikimedia Commons,R1,F1.16;F1.24,high,Solomonic dynasty is the same ruling house (no separate DYN row). Tabots are sacred and never displayed.
POL008,Adal Sultanate,Adal,polity,People,F1.6;F1.10,AF-HRN,1415,1577,c.,Adal's centre Harar was walled in the 16th century and became a city of manuscripts and basketry.,stone and lime building; manuscript copying; coiled basketry,city walls; Qur'ans; baskets,rule and display;ritual and belief;war,historians; Futuh al-Habasha chronicle,pastoralist Somali and Afar communities; women basket-makers of Harar,none,Wikimedia Commons;British Library Endangered Archives Programme (link out; terms vary),R3,F1.29,medium,Harar basketry is documented mostly for later periods.
POL009,Kilwa Sultanate,Kilwa Kisiwani,polity,People,F1.6;F1.10,AF-SWA,960,1513,c.; traditional founding c. 10th c.; Portuguese sack 1505,Kilwa minted copper coins and built coral-stone mosques and the Husuni Kubwa palace set with imported ceramics.,coral-stone building; coin minting; imported ceramics used as architectural inlay,coins; mosques; palace,rule and display;exchange and value;ritual and belief;shelter,the Kilwa Chronicle; archaeologists (Chittick),enslaved people traded; mainland gold and ivory producers; non-elite Swahili townspeople,human-flow,Wikimedia Commons;open-access excavation reports;British Museum collection search (link out),R2,F1.13,high,Mahdali dynasty is a DYN row.
POL010,Swahili city-states of the Lamu archipelago and Kenya coast,Pate; Lamu; Mombasa; Malindi,polity,People,F1.6;F1.10,AF-SWA,1000,1900,c.; each city had its own chronology,"The Swahili towns produced carved wooden doors, coral-stone houses, furniture and manuscripts at the meeting of African, Arabian and Indian Ocean trades.",coral-stone building; woodcarving; plasterwork; manuscript copying,carved doors; chairs; plaster niches; manuscripts,shelter;rule and display;exchange and value;record and writing,historians; Swahili chronicles; archaeologists,enslaved plantation workers; mainland Mijikenda and others; women's craft,human-flow;living-community,Wikimedia Commons;Smithsonian Open Access (CC0 items);open-access excavation reports,R2,F1.13,medium,"Debated as one ""polity"": a grouping of rival city-states."
POL011,Sultanate of Zanzibar,Zanzibar,polity,People,F1.6;F1.10,AF-SWA;WA-ARB,1856,1964,separated from Oman 1856,"Zanzibar's court and merchants commissioned carved doors, palaces and clove-plantation wealth built on enslaved labour.",woodcarving; coral-stone building; clove cultivation,doors; Beit al-Ajaib palace,rule and display;exchange and value;shelter,historians; the Busaidi court,enslaved people (slave market to 1873) and plantation workers; mainland caravans,human-flow,Wikimedia Commons;Library of Congress (public-domain items),R3,F1.13;F1.23,high,Link to Omani state row.
POL012,Kingdom of Buganda,Buganda,polity,People,F1.6,AF-SWA,1300,,"c. 14th c. start; abolished 1966, restored as a cultural kingdom 1993",Buganda's royal court organised barkcloth making and built the Kasubi royal tombs in thatch.,barkcloth beating; thatch architecture; drum making,barkcloth; royal drums; Kasubi tombs,rule and display;clothing and adornment;ritual and belief;shelter,Ganda court historians; Apolo Kagwa; historians,non-Ganda neighbours raided and subjected; bakopi commoners,living-community;funerary,Wikimedia Commons;Smithsonian Open Access (CC0 items),R2,F1.18;F1.29,high,Ugandan barkcloth making is on UNESCO's intangible heritage list (2008).
POL013,Kingdom of Rwanda,Rwanda,polity,People,F1.6,AF-SWA;AF-CEN,1600,,c. 17th c.; monarchy abolished 1961,The Rwandan court patronised fine coiled basketry and the imigongo cattle-dung painted panels linked to the east of the kingdom.,coiled basketry; cow-dung relief painting,agaseke baskets; imigongo panels,rule and display;food and storage;shelter,court historians; historians,"colonial racial categorisation of Hutu, Tutsi, Twa; Twa potters",living-community,Wikimedia Commons;Smithsonian Open Access (CC0 items),R3,F1.18;F1.29,medium,Imigongo origin story (Prince Kakira) is oral tradition.
POL014,Mapungubwe,Kingdom of Mapungubwe,polity,People,F1.6,AF-SOU,1075,1220,c.,"Mapungubwe elites were buried with gold foil objects including the gold rhinoceros, the earliest known gold-working in southern Africa at this scale.",gold foil over wooden cores; glass bead trade; ivory,gold rhinoceros; beads,rule and display;exchange and value,archaeologists; University of Pretoria excavations,commoners of the valley below the hill; the burials' descendants and apartheid-era silence about the site,funerary;ancestral,Wikimedia Commons;open-access excavation reports,R2,F1.5;F1.24,high,Human remains reburied 2007; do not display burials.
POL015,Great Zimbabwe,Great Zimbabwe state,polity,People,F1.6,AF-SOU,1100,1450,c.,"Great Zimbabwe's builders raised mortarless granite enclosures and its elites handled gold, copper and imported glass beads and ceramics.",dry-stone walling; gold working; soapstone carving,enclosures; soapstone birds; ingots,rule and display;shelter;exchange and value;ritual and belief,archaeologists; colonial writers who denied African authorship,the Shona-speaking makers written out by colonial myth; commoners; the birds removed 1889–91,conflict-looting;ancestral,Wikimedia Commons;open-access excavation reports,R1,F1.3;F1.24,high,One bird returned from Germany (2003); the site is central to F1.3 historiography.
POL016,Mutapa,Munhumutapa; Monomotapa,polity,People,F1.6,AF-SOU,1430,1760,c.,Mutapa's rulers controlled gold mining and trade with Swahili and Portuguese merchants in cloth and beads.,gold mining; alluvial panning; cloth trade,gold; imported cloth and beads,exchange and value;rule and display,Portuguese chroniclers; historians,gold miners including women and seasonal workers; captives of Portuguese prazo estates,human-flow,Wikimedia Commons,R3,F1.13;F1.22,medium,
POL017,Zulu Kingdom,KwaZulu,polity,People,F1.6,AF-SOU,1816,1897,"annexed by Britain 1887, to Natal 1897","Zulu royal authority shaped regimental shields, headrests, beadwork and dress codes.",cowhide shields; wood carving; glass beadwork,shields; headrests; beadwork,rule and display;war;clothing and adornment,Zulu oral tradition; historians,peoples conquered and displaced in the 1820s; women beadworkers; 1879 war loot in British collections,conflict-looting;living-community,Wikimedia Commons;British Museum collection search (link out),R2,F1.18;F1.19a,high,"""Mfecane"" framing contested."
POL018,Merina Kingdom,Imerina; Kingdom of Madagascar,polity,People,F1.6,AF-MAD,1540,1897,c. 16th c. origins; unification under Andrianampoinimerina c. 1787–1810; French conquest 1895–97,The Merina court patronised silk lamba weaving and the timber palaces of the Rova at Antananarivo.,silk weaving; timber building; silversmithing,lamba akotifahana; Rova palaces,rule and display;clothing and adornment;ritual and belief,Tantaran ny Andriana (royal histories); historians,"enslaved andevo who were a large share of producers; coastal Sakalava, Betsileo and other peoples",human-flow;funerary,Met Open Access (CC0);Smithsonian Open Access (CC0 items);Wikimedia Commons,R2,F1.18,high,Silk lamba also used as burial shrouds (funerary).
POL019,Sakalava kingdoms,Menabe; Boina,polity,People,F1.6,AF-MAD,1600,1900,c. 17th–19th c.; French conquest,Sakalava royal cults kept relics of past kings (dady) and royal tombs with carved enclosures.,wood carving; royal relic shrines,tomb enclosures; relic shrines,ritual and belief;rule and display,Sakalava ritual specialists; historians (Feeley-Harnik),enslaved people traded through Boina; Vezo and other neighbours,sacred;funerary;living-community,Wikimedia Commons,R3,F1.16,medium,Relic shrines are sacred and active; no display.
POL020,Kingdom of Kongo,Kongo dia Ntotila,polity,People,F1.6,AF-CEN,1390,1914,c.; Portuguese contact 1483; nominal kingdom to 1914,"Kongo's court and Christian elites commissioned raffia textiles, ivory horns and crucifixes that joined Kongo and Catholic forms.",raffia pile and embroidered cloth; ivory carving; copper-alloy casting,raffia cloths; oliphants; crucifixes,rule and display;ritual and belief;clothing and adornment;exchange and value,Kongo and Portuguese written sources; historians (Thornton),people enslaved and sold through Kongo's wars and ports; commoner weavers; Mbundu and other neighbours,human-flow;sacred,Met Open Access (CC0);Wikimedia Commons;British Museum collection search (link out),R1,F1.13;F1.16;F1.18,high,
POL021,Kingdom of Loango,Loango,polity,People,F1.6,AF-CEN,1550,1883,c.; French protectorate 1883,"Loango carvers made spiral-relief ivory tusks for European buyers depicting coastal trade, including enslaved people in coffles.",ivory carving in spiral relief,carved tusks,exchange and value;rule and display,historians; collectors' records,people depicted as captives; the carvers' names; Vili traders,human-flow,Met Open Access (CC0);Wikimedia Commons,R2,F1.14;F1.23,high,Tusks show slave coffles: content note.
POL022,Kuba Kingdom,Bakuba; Bushoong kingdom,polity,People,F1.6,AF-CEN,1625,,c.; founding king Shyaam a-Mbul a-Ngoong c. 1625; kingship continues,"The Kuba court patronised raffia cut-pile textiles, ndop royal figures and carved cups, with men weaving and women embroidering.",raffia weaving; cut-pile embroidery; wood carving,ndop figures; raffia cloths; cups; masks,rule and display;clothing and adornment;ritual and belief;exchange and value,Kuba oral histories; Emil Torday; Jan Vansina,"subject groups (Kete, Twa); women embroiderers credited only as ""Kuba""; colonial collecting",living-community,Met Open Access (CC0);Cleveland Museum of Art Open Access (CC0);Smithsonian Open Access (CC0 items);Wikimedia Commons,R1,F1.15;F1.18;F1.20,high,
POL023,Luba Kingdom,Luba Empire,polity,People,F1.6,AF-CEN,1585,1889,c. 16th–19th c.,"Luba officials used carved lukasa memory boards, staffs and caryatid stools to record and display royal history.",wood carving; bead and shell inlay,lukasa; stools; staffs; headrests,rule and display;record and writing;ritual and belief,Luba mnemonic specialists (Mbudye); scholars (Mary Nooter Roberts),"peripheral workshops such as the ""Buli Master"" (attribution debate); women titleholders",sacred;living-community,Met Open Access (CC0);Cleveland Museum of Art Open Access (CC0);Smithsonian Open Access (CC0 items);Wikimedia Commons,R2,F1.26;F1.28,high,
POL024,Mangbetu Kingdom,Mangbetu,polity,People,F1.6,AF-CEN,1800,1890,c.,"Mangbetu court style shaped harps, anthropomorphic pots and headdresses, many made for colonial-era demand.",pottery; wood carving; barkcloth,harps; figurative pots; knives,rule and display;play and music;clothing and adornment,Schildkrout and Keim; colonial collectors,the Azande and other neighbours; makers producing for collectors,living-community,Met Open Access (CC0);Smithsonian Open Access (CC0 items);Wikimedia Commons,R2,F1.14;F1.24,high,"""Mangbetu style"" partly a colonial-market creation."
POL025,Bamum Kingdom,Bamoun,polity,People,F1.6,AF-CEN,1394,,c.; traditional founding; Sultan Ibrahim Njoya r. c. 1889–1933; kingdom continues,"Njoya created the Bamum script and a palace workshop system for brass casting, beadwork and weaving.",lost-wax brass casting; beadwork; indigo-resist ndop cloth; Bamum script,beaded thrones; masks; script manuscripts; maps,rule and display;record and writing;clothing and adornment,Bamum chronicles; Njoya's own history,Grassfields neighbours; the throne Mandu Yenu given to Germany in 1908 (Berlin),living-community;conflict-looting,Wikimedia Commons;Smithsonian Open Access (CC0 items),R1,F1.5;F1.24;F1.28,high,
POL026,Kingdom of Benin,Edo Kingdom; Ubinu,polity,People,F1.6,AF-GUI,1200,1897,c.; traditional dynasties from 13th c.; British sack 1897,"Benin's royal guilds of brass casters (Igun Eronmwon) and ivory carvers produced plaques, heads and tusks for the Oba's court.",lost-wax brass casting; ivory carving; coral beadwork,plaques; commemorative heads; carved tusks; regalia,rule and display;ritual and belief;record and writing,Edo guilds and the Oba's court; historians,guilds as named makers; captives; Edo commoners; the 1897 looting,conflict-looting;living-community;ancestral,Digital Benin (open data);Met Open Access (CC0);Smithsonian Open Access (CC0 items);Wikimedia Commons,R1,F1.17;F1.23;F1.24,high,Oba dynasty (continuing) is a DYN row. Digital Benin gives object locations.
POL027,Ife,Ile-Ife,polity,People,F1.6,AF-GUI,1000,,c.; florescence 12th–15th c.; the Ooni continues,"Ife workshops cast naturalistic copper-alloy heads, modelled terracotta sculpture and made glass beads.",lost-wax casting of copper and zinc-brass; terracotta; glass bead making,heads; figures; beads,rule and display;ritual and belief,Yorùbá tradition; archaeologists (Willett),present Yorùbá community; Frobenius's claim of foreign origin,sacred;living-community,Wikimedia Commons;British Museum collection search (link out);open-access excavation reports,R2,F1.3;F1.5,high,
POL028,Oyo Empire,Ọ̀yọ́,polity,People,F1.6,AF-GUI,1400,1836,c.,"Oyo's cavalry state drew wealth from cloth, horses and the sale of captives, and Shango worship shaped carved staffs.",wood carving; strip weaving; beadwork,oshe Shango staffs; cloth,rule and display;war;ritual and belief,Yorùbá historians (Samuel Johnson); historians,people sold into the Atlantic trade; tributary Aja and Egba; Hausa and Nupe makers,human-flow,Met Open Access (CC0);Wikimedia Commons,R2,F1.13,medium,
POL029,Asante Empire,Asante; Ashanti,polity,People,F1.6,AF-GUI,1701,1901,c.; British annexation 1901; the Asantehene continues,"Asante royal patronage organised gold casting, brass goldweights, kente weaving and adinkra stamping.",gold casting; brass goldweights; kente strip weaving; adinkra stamping,goldweights; stools; kente; regalia,rule and display;exchange and value;clothing and adornment;ritual and belief,"Asante court historians; historians (Wilks, McCaskie)",enslaved and tributary peoples; Fante and coastal neighbours; people sold on the coast; objects looted 1874 and 1896,conflict-looting;living-community;sacred,Met Open Access (CC0);Smithsonian Open Access (CC0 items);Wikimedia Commons;British Museum collection search (link out),R1,F1.13;F1.18;F1.24,high,Golden Stool is sacred and never shown as an exhibit.
POL030,Dahomey,Danxomè,polity,People,F1.6,AF-GUI,1600,1894,c.; French conquest 1892–94,"Dahomey's court commissioned appliqué cloths, cast-brass figures by the Hountondji guild and earthen palace reliefs.",appliqué; brass casting; earthen relief,banners; reliefs; recades; thrones,rule and display;war;record and writing;ritual and belief,Fon royal historians; historians,people captured and sold to the Atlantic trade; the Agojie; 1892 French looting (26 objects returned to Benin 2021),human-flow;conflict-looting,Wikimedia Commons;musée du quai Branly collection search (link out);open-access excavation reports,R1,F1.13;F1.19a;F1.24,high,
POL031,Efik city-states of Old Calabar,Old Calabar,polity,People,F1.6,AF-GUI,1650,1884,c.; British protectorate 1884,Old Calabar's Ekpe society used nsibidi signs and indigo-resist ukara cloth as emblems of authority.,indigo resist dyeing; nsibidi signs,ukara cloth; masquerade dress,rule and display;ritual and belief;record and writing,historians; Antera Duke's diary; Ekpe members,Igbo dyers who made ukara; people sold through Calabar,human-flow;sacred,Wikimedia Commons;British Museum collection search (link out),R3,F1.13;F1.28,medium,Debated as a polity (houses and society rather than a king). Ekpe knowledge is restricted.
POL032,Hausa city-states,Hausa Bakwai; Kano; Katsina; Zaria,polity,People,F1.6;F1.10,AF-SAH,1000,1808,c.; incorporated into Sokoto Caliphate 1804–08,"Kano and other Hausa cities ran indigo dye pits, leatherworking and embroidered-robe production traded across the Sahara.",indigo dyeing; leather tanning; embroidery,robes; leatherwork; dyed cloth,exchange and value;clothing and adornment;rule and display,Kano Chronicle; historians,enslaved workers; Fulani herders; non-Muslim neighbours,human-flow,Wikimedia Commons;British Museum collection search (link out),R2,F1.13;F1.18,medium,Kofar Mata dye pits' 1498 date is traditional.
POL033,Sokoto Caliphate,Sokoto,polity,People,F1.6;F1.10,AF-SAH,1804,1903,,"The caliphate's cities produced embroidered gowns, manuscripts and leather and expanded slave-based plantation production.",embroidery; indigo dyeing; manuscript copying,babban riga gowns; manuscripts; leatherwork,rule and display;ritual and belief;clothing and adornment;record and writing,historians; Sokoto scholars' writings,enslaved labour (a large share of the population); non-Muslim neighbours raided,human-flow,Wikimedia Commons;British Library Endangered Archives Programme (link out; terms vary),R2,F1.13;F1.23,high,
POL034,Kanem-Bornu,Kanem; Bornu,polity,People,F1.6;F1.10,AF-SAH,800,1893,c.; Kanem from c. 9th c.; Bornu from late 14th c.; Rabih's conquest 1893,"Bornu scholars copied Qur'ans in a distinctive Kanembu hand, and the state traded horses and people across the Sahara.",manuscript copying; leatherwork; cotton weaving,Qur'ans; horse trappings,ritual and belief;record and writing;exchange and value,Arabic sources; Sayfawa king-lists; historians,people enslaved and exported north; Kotoko and other neighbours,human-flow,Wikimedia Commons;British Library digitised collections (public-domain items);British Library Endangered Archives Programme (link out; terms vary),R2,F1.13,high,Sayfawa dynasty is a DYN row.
POL035,Ghana (Wagadu),Wagadu; Ghana Empire,polity,People,F1.6,AF-SAH,300,1240,c. 4th? to 13th century CE; dates debated; aligned with CIV007,Wagadu's rulers controlled gold and salt exchange described by al-Bakri in 1068.,gold trade; stone building,gold; houses,exchange and value;rule and display,al-Bakri and Arabic geographers; Soninke oral tradition; archaeologists,identification of the capital (Koumbi Saleh) debated; gold producers outside its control,living-community;human-flow,Wikimedia Commons;open-access excavation reports,R3,F1.13,medium,Unrelated to the modern state of Ghana except by name.
POL036,Mali Empire,Manden; Mali,polity,People,F1.6;F1.10,AF-SAH,1235,1600,c.; decline 15th–16th c.,"Mali's rulers funded earthen mosques and scholarship at Timbuktu, and Sahelian gold under their control reached Mediterranean markets across the Sahara.",earthen architecture; gold trade; manuscript copying,mosques; manuscripts; gold,rule and display;ritual and belief;exchange and value;record and writing,"Arabic writers (al-Umari, Ibn Battuta); griots and the Sunjata epic","enslaved people; nyamakalaw artisan groups (smiths, leatherworkers, griots); non-Muslim subjects",human-flow;living-community,Wikimedia Commons;Library of Congress (public-domain items);British Library Endangered Archives Programme (link out; terms vary),R1,F1.13;F1.29,high,"Keïta dynasty is a DYN row. Djinguereber attribution to al-Sahili is traditional. Djenné was at most an intermittent tributary of Mali (Tarikh al-Sudan says never conquered), so its mosque is not credited to Mali."
POL037,Songhay Empire,Songhai,polity,People,F1.6;F1.10,AF-SAH,1464,1591,Moroccan invasion 1591,"Songhay under Sonni Ali and the Askias ruled Gao and Timbuktu, where the mudbrick Tomb of Askia was built.",mudbrick architecture; manuscript copying,Tomb of Askia; manuscripts,rule and display;ritual and belief;record and writing,Timbuktu chronicles (Tarikh al-Sudan); historians,enslaved farming villages; Tuareg and Fulani neighbours,human-flow,Wikimedia Commons;British Library Endangered Archives Programme (link out; terms vary);Library of Congress (public-domain items),R2,F1.13,high,Askia dynasty is a DYN row.
POL038,Mossi kingdoms,Wagadugu; Yatenga,polity,People,F1.6,AF-SAH,1400,,c.; kingdoms continue under the Mogho Naba,"Mossi political order separated ruling Nakomse from earth-priest groups, and masks belong mostly to the latter.",wood carving; strip weaving,masks; figures,rule and display;ritual and belief,historians; anthropologists,the Nyonyose (earlier inhabitants) who hold mask traditions; commoners,living-community;sacred,Met Open Access (CC0);Wikimedia Commons,R3,F1.16,medium,
POL039,Toucouleur (Umarian) state,Umarian Empire; Segu Tukulor,polity,People,F1.6;F1.10,AF-SAH,1852,1893,French conquest 1890–93,"The treasure of Ségou, including Umar Tall's sword, was taken by French troops in 1890 and entered Paris collections.",metalwork; manuscripts,sword; manuscripts; jewellery,rule and display;war;ritual and belief,historians; French military archives,Bamana and other conquered peoples; the treasure's descendants,conflict-looting,Wikimedia Commons;musée du quai Branly collection search (link out),R3,F1.19a;F1.24,medium,Sword attributed to Umar Tall returned to Senegal 2019.
POL040,Carthage,Qart-hadasht,polity,People,F1.6;F1.11,AF-MAG;EU-GRR;EU-IBE,-814,-146,traditional foundation date; Roman destruction 146 BCE,"Carthaginian workshops made glass-paste pendants, terracotta masks and purple dye, and the tophet held carved stelae.",core-formed glass; terracotta; purple dyeing; stone carving,pendants; masks; stelae,rule and display;ritual and belief;exchange and value,Greek and Roman historians; archaeologists,Libyan and Numidian subjects; enslaved people; Roman hostile framing,funerary,Met Open Access (CC0);Wikimedia Commons;British Museum collection search (link out),R2,F1.13,high,Tophet interpretation (child sacrifice) debated: handle with care.
POL041,Fatimid Caliphate,Fatimids,polity,People,F1.10;F1.6,AF-MAG;AF-EGY;WA-LEV;WA-ARB,909,1171,,"Fatimid Cairo's workshops produced lustreware, rock-crystal ewers, tiraz textiles and carved wood.",lustre ceramics; rock-crystal carving; tiraz embroidery; woodcarving,ewers; lustre bowls; tiraz; panels,rule and display;ritual and belief;clothing and adornment;exchange and value,historians; Fatimid sources; Cairo Geniza documents,Christian and Jewish artisans recorded in the Geniza; the Sunni majority; enslaved soldiers and servants,none,Met Open Access (CC0);Cleveland Museum of Art Open Access (CC0);Walters Art Museum (CC0);Wikimedia Commons,R1,F1.13;F1.14;F1.17,high,Fatimid dynasty and polity are the same; no DYN row. Rock-crystal ewers dispersed from the treasury in the 1060s.
POL042,Mamluk Sultanate,Mamluks,polity,People,F1.10;F1.6,AF-EGY;WA-LEV;WA-ARB,1250,1517,,"Mamluk patrons commissioned enamelled glass lamps, inlaid brass, monumental Qur'ans and endowed complexes in Cairo.",enamelled glass; brass inlay with silver; illumination; stone architecture,mosque lamps; basins; Qur'ans,rule and display;ritual and belief;record and writing,historians; waqf documents,the enslaved origin of mamluks themselves; Coptic and Jewish artisans; peasants,human-flow,Met Open Access (CC0);Cleveland Museum of Art Open Access (CC0);Walters Art Museum (CC0);Wikimedia Commons,R2,F1.13;F1.17,high,
POL043,Omani state,Imamate and Sultanate of Oman; Muscat and Oman,polity,People,F1.10;F1.6,WA-ARB;AF-SWA,1650,,Ya'ruba expulsion of the Portuguese 1650; state continues,"The Omani state built forts such as Nizwa and sustained silversmithing, dhow building and an Indian Ocean empire into East Africa.",silversmithing; dhow building; mudbrick and stone forts,khanjar daggers; forts; dhows,rule and display;war;transport;exchange and value,historians; Omani chronicles,enslaved East Africans on Omani plantations; Baluchi soldiers; Indian merchants,human-flow,Wikimedia Commons;Qatar Digital Library,R3,F1.13,medium,
POL044,Teotihuacan,Teotihuacan state,polity,People,F1.7,AM-MES,-100,550,c.; collapse of centre c. 550 CE,"Teotihuacan housed craft workshops in apartment compounds producing obsidian tools, pottery, murals and stone masks, and distributed Thin Orange ware made in southern Puebla.",obsidian knapping; lime-plaster mural painting; moulded ceramics; talud-tablero building,masks; murals; incense burners,rule and display;shelter;ritual and belief;tools,archaeologists; the later Mexica name,"its own name and rulers unknown; foreign barrios (Oaxacan, Maya); present Nahua communities",sacred,Met Open Access (CC0);Cleveland Museum of Art Open Access (CC0);LACMA (public-domain images);Wikimedia Commons;Mediateca INAH (link out; check terms),R1,F1.3;F1.5,high,
POL045,Monte Albán (Zapotec state),Zapotec state,polity,People,F1.7,AM-MES,-500,850,c.,"Monte Albán's elites commissioned carved stone slabs, effigy urns and painted tombs.",stone carving; moulded ceramic urns; tomb painting,urns; carved slabs,rule and display;ritual and belief,"archaeologists (Caso, Marcus and Flannery)",Zapotec villages outside the capital; present Zapotec communities,funerary,Met Open Access (CC0);Wikimedia Commons;Mediateca INAH (link out; check terms),R2,F1.5,high,
POL046,Tikal (Mutul),Mutul,polity,People,F1.7,AM-MES,90,869,c.; dynastic count from c. 90 CE; last dated monument 869,"Tikal's lords commissioned carved stelae and lintels, painted vessels and temple-pyramids signed by scribes and sculptors.",limestone carving; sapodilla-wood lintels; polychrome ceramics,stelae; lintels; vessels,rule and display;ritual and belief;record and writing,epigraphers (Martin and Grube); archaeologists,commoner farmers; captives shown on monuments; present Maya communities,sacred;conflict-looting,Met Open Access (CC0);Wikimedia Commons;LACMA (public-domain images),R2,F1.28,high,Tikal's dynasty and polity treated as one row.
POL047,Kaanul (Snake) kingdom,Kaan; Calakmul; Dzibanche,polity,People,F1.7,AM-MES,500,900,c.; seat moved from Dzibanche to Calakmul c. 635,The Kaanul kings commissioned codex-style painted vessels and stelae and dominated a network of client lords.,polychrome codex-style painting; limestone stelae,vessels; stelae; jade masks,rule and display;ritual and belief;record and writing,epigraphers; archaeologists,client cities; commoners; present Maya communities,sacred;conflict-looting,Met Open Access (CC0);Wikimedia Commons,R2,F1.28,medium,Dynasty and polity combined here; codex-style vessels heavily looted.
POL048,Copán,Oxwitik,polity,People,F1.7,AM-MES;AM-CAM,426,822,dynasty founded by Yax K'uk' Mo' 426; last dated monument 822,"Copán's rulers commissioned high-relief stelae and the Hieroglyphic Stairway, the longest known Maya inscription.",volcanic tuff carving; stucco; hieroglyphic writing,stelae; altars; stairway,rule and display;ritual and belief;record and writing,epigraphers; archaeologists,sculptors' workshops as makers; non-Maya neighbours to the east; present Ch'orti' communities,sacred,Wikimedia Commons;Penn Museum collection search (link out),R2,F1.28,high,
POL049,Tula (Tollan),Toltec state,polity,People,F1.7,AM-MES,900,1150,c.,"Tula's colonnaded buildings and warrior columns were later idealised by the Mexica, whose word toltecayotl meant fine craftsmanship.",basalt column carving; relief carving,atlantean columns; chacmools,rule and display;war,archaeologists; Mexica tradition,the gap between Mexica legend and archaeology; surrounding Otomí populations,none,Wikimedia Commons;Mediateca INAH (link out; check terms),R3,F1.3,medium,"Debated polity; much of ""Toltec"" is a Mexica retrospective."
POL050,Mixtec kingdoms,Ñuu Savi; Tilantongo; Tututepec,polity,People,F1.7,AM-MES,900,1522,c.; many small kingdoms,"Mixtec courts produced screenfold codices, cast gold jewellery and turquoise mosaics exchanged across Mesoamerica.",deerskin screenfold painting; lost-wax gold casting; turquoise mosaic,codices; jewellery; mosaic shields,rule and display;record and writing;ritual and belief;clothing and adornment,"Mixtec codices themselves; scholars (Caso, Jansen and Pérez Jiménez)",many small ñuu reduced to one label; commoners; present Ñuu Savi communities,living-community,Wikimedia Commons;Mediateca INAH (link out; check terms);British Museum collection search (link out),R2,F1.28;F1.26,high,Codex Zouche-Nuttall is in the British Museum; images via BM link-out.
POL051,Mexica and the Triple Alliance,Aztec Empire; Excan Tlahtoloyan,polity,People,F1.7,AM-MES,1428,1521,,"Tenochtitlan's tribute system brought feather mosaics, goldwork and textiles to the capital, where amanteca featherworkers and stone carvers served the rulers.",feather mosaic; stone sculpture; lost-wax goldwork; tribute cloth,featherwork shields and headdresses; sculpture; codices,rule and display;ritual and belief;exchange and value;war,colonial chroniclers (Sahagún); Nahua authors; archaeologists,tributary peoples; the allies Texcoco and Tlacopan; captives; Tlaxcala and other enemies,sacred;conflict-looting,Met Open Access (CC0);Wikimedia Commons;LACMA (public-domain images);Mediateca INAH (link out; check terms),R1,F1.13;F1.17;F1.24,high,"""Aztec"" is a later scholarly label."
POL052,Tlaxcala,Tlaxcallan,polity,People,F1.7,AM-MES;AM-LAT,1300,1821,"c.; independent until 1519, then an allied Indigenous province under Spain with privileges until independence",Tlaxcalan painters made the Lienzo de Tlaxcala around 1552 to record their alliance with the Spanish.,painting on cloth; pictorial history,lienzos; codices,rule and display;record and writing,Tlaxcalan cabildo; historians,"Tlaxcalans framed as ""traitors""; commoners; lost original lienzo",none,Wikimedia Commons;Mediateca INAH (link out; check terms),R3,F1.3;F1.28,medium,End date approximate; verify.
POL053,Tarascan state,Purépecha; Irechecua,polity,People,F1.7,AM-MES,1350,1530,,"The Tarascan state worked copper-bronze and gold-silver alloys and built yácata platforms, later hosting colonial featherwork and lacquer.",copper-bronze metallurgy; stone building; feather mosaic; lacquer,bells; tweezers; yácatas,rule and display;tools;ritual and belief,Relación de Michoacán; archaeologists,subject Otomí and Nahua groups; present P'urhépecha communities,living-community,Wikimedia Commons;Mediateca INAH (link out; check terms),R2,F1.5,high,
POL054,Coclé chiefdoms,Gran Coclé; Sitio Conte,polity,People,F1.7,AM-CAM,500,1520,c.,Coclé chiefs were buried with embossed gold plaques and polychrome pottery at sites such as Sitio Conte.,gold repoussé; tumbaga casting; polychrome ceramics,plaques; pendants; plates,rule and display;ritual and belief,archaeologists (Lothrop),debated as polity; the buried people; present Ngäbe and Guna communities,funerary;conflict-looting,Wikimedia Commons;Penn Museum collection search (link out),R3,F1.5,medium,"Chiefdoms, not a state in Seshat terms."
POL055,Taíno cacicazgos of Hispaniola,Taíno chiefdoms,polity,People,F1.7,AM-CAR,1200,1520,c.; destroyed by Spanish conquest,"Taíno chiefs used carved duhos, cemí figures and cotton belts in rituals of authority.",wood carving; stone carving; cotton weaving; shell inlay,duhos; cemís; belts,rule and display;ritual and belief,Spanish chroniclers (Pané); archaeologists,people killed or enslaved after 1492; present Taíno revival communities,sacred;Indigenous-community,Met Open Access (CC0);Wikimedia Commons,R2,F1.16;F1.24,medium,Debated polity (chiefdoms).
POL056,Muisca Confederation,Muisca,polity,People,F1.7,AM-AND,800,1540,c.,Muisca goldsmiths cast tunjo votive figures and the Muisca raft by lost-wax in tumbaga.,lost-wax tumbaga casting; cotton textiles,tunjos; Muisca raft,ritual and belief;exchange and value,Spanish chroniclers; Museo del Oro; archaeologists,debated as confederation; commoners; present Muisca cabildos,sacred;Indigenous-community,Wikimedia Commons,R2,F1.16,medium,
POL057,Moche polities,Mochica,polity,People,F1.7,AM-AND,100,800,c.; northern and southern Moche may have been separate polities,Moche workshops made mould-made portrait and scene vessels and gilded copper regalia such as the Sipán burials.,mould-made ceramics; slip painting; gilded copper; alloy depletion gilding,portrait vessels; ear spools; nose ornaments,rule and display;ritual and belief;clothing and adornment,"archaeologists (Larco, Alva, Donnan)",commoners; victims of sacrifice shown in art; present north-coast communities,funerary;conflict-looting,Met Open Access (CC0);Wikimedia Commons;LACMA (public-domain images),R2,F1.3;F1.5,high,Debated polity; Sipán is a funerary context.
POL058,Wari,Huari,polity,People,F1.7,AM-AND,600,1000,c.,Wari administrative centres used standardised tapestry tunics and early khipu to rule the central Andes.,interlocking tapestry; khipu cord recording; stone and adobe building,tunics; khipu; figurines,rule and display;record and writing;clothing and adornment,archaeologists,local populations under Wari; the weavers,funerary,Met Open Access (CC0);Cleveland Museum of Art Open Access (CC0);Wikimedia Commons,R2,F1.5;F1.18;F1.28,high,Debated as empire vs network.
POL059,Tiwanaku,Tiahuanaco,polity,People,F1.7,AM-AND,500,1000,c.,"Tiwanaku carved andesite gateways and monoliths, and its ritual networks spread tapestry, snuff trays and keros.",andesite and sandstone carving; tapestry; wooden keros,Gateway of the Sun; monoliths; snuff trays,rule and display;ritual and belief;clothing and adornment,archaeologists,Aymara present community; periphery colonies,sacred,Met Open Access (CC0);Wikimedia Commons,R2,F1.5,high,Debated polity.
POL060,Chimor,Chimú kingdom,polity,People,F1.7,AM-AND,900,1470,,Chimú rulers built Chan Chan with carved adobe friezes and ran metal and textile workshops whose smiths the Inca later relocated to Cusco.,adobe relief; blackware; sheet metal; featherwork; textiles,friezes; blackware vessels; ear spools,rule and display;clothing and adornment;exchange and value,archaeologists; colonial chroniclers,smiths deported by the Inca; commoners; present Mochica-descended communities,funerary,Met Open Access (CC0);Cleveland Museum of Art Open Access (CC0);Wikimedia Commons,R2,F1.5;F1.23,high,
POL061,Inca (Tawantinsuyu),Inka Empire,polity,People,F1.7,AM-AND,1438,1533,conventional date for Pachacuti; Vilcabamba resistance to 1572,"The Inca state recorded tribute on khipu, commissioned fine cumbi cloth from specialists and built fitted-stone masonry and roads.",khipu; interlocking tapestry (cumbi); ashlar masonry; metalwork,tunics; khipu; aryballos; roads,rule and display;record and writing;clothing and adornment;transport,"colonial chroniclers (Guaman Poma, Garcilaso); archaeologists",mitmaqkuna resettled peoples; aqllakuna and yanakuna labour; Amazonian neighbours,sacred;living-community,Met Open Access (CC0);Cleveland Museum of Art Open Access (CC0);Wikimedia Commons;Library of Congress (public-domain items),R1,F1.5;F1.17;F1.18;F1.28,high,
POL062,Cahokia,Cahokia polity,polity,People,F1.7,AM-EWD,1050,1350,c.,"Cahokia's builders raised Monks Mound and its elites used copper repoussé, shell and chunkey stones in Mississippian ritual.",earthwork building; copper repoussé; marine shell engraving; stone polishing,mounds; chunkey stones; gorgets,rule and display;ritual and belief;play and music,archaeologists,"debated as state or paramount chiefdom; outlying farmers; descendant nations (Osage, Quapaw and others)",sacred;Indigenous-community;funerary,Wikimedia Commons;Smithsonian Open Access (CC0 items),R2,F1.3,medium,Debated polity; not in Seshat as a state.
POL063,Powhatan paramount chiefdom,Tsenacommacah,polity,People,F1.7,AM-EWD,1570,1646,c.,"Powhatan's paramountcy collected tribute in copper, shell beads and deerskins, and ""Powhatan's Mantle"" survives in Oxford.",deerskin sewing; shell beadwork; copper trade,mantles; shell beads,rule and display;exchange and value,"English colonists (Smith, Strachey); historians",women producers; communities outside Powhatan's tribute; present Virginia tribes,Indigenous-community,Wikimedia Commons,R3,F1.13;F1.24,medium,Mantle identification with Powhatan is traditional.
POL064,Haudenosaunee Confederacy,Iroquois Confederacy; Five (later Six) Nations,polity,People,F1.7,AM-EWD,1450,,c.; founding date debated (12th–16th c.); continues,The Haudenosaunee recorded agreements in wampum belts and developed a beadwork economy that continues today.,shell wampum; glass beadwork; wood and bark,wampum belts; beaded bags; masks,rule and display;record and writing;exchange and value;ritual and belief,the Haudenosaunee themselves (Great Law of Peace); historians,women's clan authority; Wendat and other neighbours; masks that must not be shown,sacred;Indigenous-community;living-community,community-published site;Smithsonian Open Access (CC0 items),R2,F1.26;F1.24,high,Medicine-society masks: do not display (Haudenosaunee policy).
POL065,Cherokee Nation,Tsalagi,polity,People,F1.7,AM-EWD,1794,,c.; national council from 1790s; constitution 1827; continues,"The Cherokee Nation printed a bilingual newspaper from 1828 in Sequoyah's syllabary, one of the rare scripts invented by one person.",syllabary; type founding; printing; basket weaving,Cherokee Phoenix; syllabary; baskets,rule and display;record and writing,Cherokee Nation; historians,enslaved African Americans held by Cherokee planters; forced removal (1838); Eastern Band,human-flow;living-community,Library of Congress (public-domain items);Smithsonian Open Access (CC0 items);community-published site,R2,F1.5;F1.28,high,
POL066,Chaco system,Chaco Canyon; Ancestral Pueblo great houses,polity,People,F1.7,AM-WST,850,1150,c.,"Chacoan great houses concentrated turquoise, macaw feathers and cylinder jars that held cacao.",masonry; turquoise working; black-on-white pottery,great houses; cylinder jars; turquoise,rule and display;ritual and belief;shelter,archaeologists,debated polity; outlying communities; present Pueblo nations' own histories,sacred;Indigenous-community,Smithsonian Open Access (CC0 items);Wikimedia Commons,R3,F1.3;F1.26,medium,Debated polity.
POL067,Hudson's Bay Company,HBC,polity,People,F1.7;F1.13,AM-ARC;AM-EWD;AM-WST;AM-NWC,1670,,chartered 1670; governed Rupert's Land until 1870; continues as a retailer,"The company's trade posts reshaped Indigenous making with point blankets, glass beads, metal tools and demand for furs.",fur trapping; trade blankets; glass beads; metal tools,point blankets; beaded garments; trade guns,exchange and value;clothing and adornment;tools,the company's charter; historians,"Cree, Dene, Métis and Inuit trappers and wives who processed furs; environmental cost",Indigenous-community,Wikimedia Commons,R2,F1.13;F1.22;F1.23,high,Company-state debated.
POL068,Russian-American Company,RAC,polity,People,F1.7;F1.13,AM-ARC;AM-NWC,1799,1867,sale of Alaska 1867,"The company compelled Unangan and Alutiiq hunters to take sea otters, and collected their gut parkas and bentwood hats.",sea-otter hunting; gut-skin sewing; bentwood,gut parkas; bentwood hats; baidarkas,exchange and value;clothing and adornment;transport,historians; Russian archives,coerced Unangan and Alutiiq labour; Tlingit resistance,Indigenous-community,Wikimedia Commons,R3,F1.22;F1.23,high,
POL069,Viceroyalty of New Spain,Nueva España,polity,People,F1.7;F1.13,AM-LAT;AM-MES;AM-CAR;AS-ISE,1535,1821,,"New Spain's guild ordinances and markets organised featherwork mosaics, folding screens, Puebla tin-glaze, casta paintings and goods from the Manila galleon.",feather mosaic; tin-glazed earthenware; enconchado; silver mining,biombos; Talavera; casta paintings; featherwork,rule and display;ritual and belief;exchange and value,the Spanish Crown; historians,Indigenous and African artisans excluded from guild mastership; enslaved miners; the Philippines governed from Mexico,human-flow;conflict-looting,Met Open Access (CC0);LACMA (public-domain images);Wikimedia Commons;Library of Congress (public-domain items),R1,F1.13;F1.14;F1.17,high,
POL070,Viceroyalty of Peru,Virreinato del Perú,polity,People,F1.7,AM-LAT;AM-AND,1542,1824,,"Peru's silver from Potosí, worked under the forced mita, financed Cusco School painting, colonial tapestries and queros.",silver mining and minting; oil painting; tapestry; lacquered wood,coins; paintings; queros; tapestries,rule and display;exchange and value;ritual and belief,the Spanish Crown; historians,mita labourers; enslaved Africans; Andean painters' anonymity,human-flow,Met Open Access (CC0);Wikimedia Commons;Brooklyn Museum (CC BY where marked),R1,F1.13;F1.22;F1.23,high,
POL071,Viceroyalty of New Granada,Nueva Granada,polity,People,F1.7,AM-LAT;AM-AND,1739,1819,"first created 1717, suspended 1723, re-established 1739",New Granada's workshops in Quito and Pasto produced polychrome sculpture and barniz de Pasto (mopa-mopa resin) decoration.,polychrome wood sculpture; mopa-mopa resin; gold mining,sculpture; lacquered boxes,ritual and belief;rule and display;exchange and value,the Spanish Crown; historians,enslaved African miners; Indigenous barniz makers,human-flow,Met Open Access (CC0);Wikimedia Commons,R2,F1.14,high,
POL072,Colonial Brazil,State of Brazil; Portuguese America,polity,People,F1.7,AM-LAT;AM-AMZ,1549,1815,Governor-General 1549; raised to kingdom 1815,"Colonial Brazil's sugar and gold economies, built on enslaved African labour, funded the gilded churches of Bahia and Minas Gerais and sculptors such as Aleijadinho.",gilded woodcarving; soapstone sculpture; sugar production,altarpieces; church sculpture,ritual and belief;rule and display;exchange and value,the Portuguese Crown; historians,"enslaved Africans and their descendants, many of them makers; Indigenous peoples",human-flow,Wikimedia Commons;Library of Congress (public-domain items),R2,F1.23,high,
POL073,Quilombo dos Palmares,Palmares,polity,People,F1.7,AM-LAT,1605,1694,c.,Palmares was a maroon polity of formerly enslaved people whose settlements produced their own pottery and farmed the Serra da Barriga.,pottery; agriculture; palisade building,ceramics; settlements,shelter;food and storage;rule and display,historians; archaeologists; Afro-Brazilian memory,"debated as a ""kingdom""; Indigenous allies; people it held in servitude (debated)",human-flow;living-community,Wikimedia Commons;open-access excavation reports,R3,F1.23;F1.29,medium,
POL074,Jamaican Maroons,Windward and Leeward Maroons,polity,People,F1.7,AM-CAR,1655,,c.; treaties 1739; communities continue,"Maroon communities who escaped slavery kept the abeng horn, Kromanti ritual and their own drums.",horn signalling; drumming; plant knowledge,abeng; drums,rule and display;play and music;ritual and belief,Maroon communities; historians,people returned to slavery under the treaties; women's leadership (Nanny),living-community;sacred;human-flow,Wikimedia Commons;community-published site,R3,F1.29,medium,
POL075,Haiti,Ayiti; Kingdom of Haiti (1811–20),polity,People,F1.7,AM-CAR,1804,,independence 1804; northern kingdom of Henri Christophe 1811–20,Independent Haiti built the Citadelle Laferrière and the Sans-Souci palace and later became a centre of painting and Vodou flag-making.,masonry fortification; painting; sequin-work,Citadelle; Vodou flags; paintings,rule and display;war;ritual and belief,Haitian state; historians,forced labour used by Christophe; the indemnity paid to France,living-community,Wikimedia Commons;Library of Congress (public-domain items),R2,F1.19a,high,
POL076,"Mexico, post-revolutionary state",Mexican state 1920–1940,polity,People,F1.7,AM-LAT;AM-MES,1920,1940,Obregón to Cárdenas,"The Ministry of Education under Vasconcelos commissioned public murals, and the state promoted ""arte popular"" through the 1921 exhibition and craft policy.",fresco mural painting; ceramics; lacquer; textiles,murals; popular-art collections; posters,rule and display;record and writing,the Mexican state; historians,Indigenous makers turned into national symbols; women artists; rural producers,none,Wikimedia Commons;Library of Congress (public-domain items),R1,F1.17;F1.20,high,
POL077,Cuba (revolutionary state),Republic of Cuba since 1959,polity,People,F1.7,AM-CAR,1959,,continues,The Cuban state's film institute ICAIC and solidarity organisation OSPAAAL produced screen-printed posters that circulated worldwide.,screen printing; offset lithography,film posters; solidarity posters,rule and display;record and writing,the Cuban state; design historians,designers' names under state institutions; censorship,none,Wikimedia Commons;Library of Congress (public-domain items),R2,F1.4;F1.20,medium,
POL078,United States (federal craft and Indian arts policy),USA,polity,People,F1.7;THEME,AM-EWD;AM-WST;AM-ARC;AM-NWC;OC-POL,1776,,continues,US federal policy both suppressed Native making (boarding schools) and regulated it through the Indian Arts and Crafts Board (1935) and the Indian Arts and Crafts Act (1990).,all media; certification and labelling law,Native arts; WPA posters; federal buildings,rule and display;exchange and value,the US state; historians,Native nations as sovereigns; enslaved makers before 1865; Hawaiian and Pacific peoples,Indigenous-community;human-flow,Library of Congress (public-domain items);Smithsonian Open Access (CC0 items);NYPL Digital Collections (public-domain items);Digital Public Library of America,R2,F1.17;F1.24;F1.26,high,
POL079,Canada (Inuit art co-operatives),Dominion of Canada,polity,People,F1.7,AM-ARC;AM-EWD;AM-NWC,1867,,continues,"Canadian federal policy from 1949 promoted Inuit carving and, from 1959, printmaking through co-operatives such as Kinngait, while residential schools and relocations disrupted communities.",soapstone carving; stonecut and stencil printmaking,carvings; prints,exchange and value;rule and display,Canadian government; Canadian Handicrafts Guild; historians,Inuit authorship under co-op branding; disc-number system; potlatch ban on the Northwest Coast (1884–1951),Indigenous-community,Wikimedia Commons,R2,F1.17;F1.23;F1.26,high,
POL080,Danish colonial Greenland,Royal Greenland Trade Department (KGH),polity,People,F1.7;F1.11,AM-ARC;EU-SCA,1721,1953,mission 1721; KGH trade monopoly from 1776; colony status ended 1953,"Danish trade monopoly supplied glass beads and bought Greenlandic products, shaping Kalaallit beaded collars and carvings for sale.",glass beadwork; skin sewing; tupilak carving,beaded collars; tupilaat; kayaks,exchange and value;clothing and adornment,Danish state; historians,Kalaallit authority over their own economy; East and North Greenland communities,Indigenous-community,Wikimedia Commons;SMK Denmark (public domain),R3,F1.13;F1.14,medium,
POL081,Marajoara chiefdoms,Marajoara culture,polity,People,F1.7,AM-AMZ,400,1400,c.,Marajó Island communities made large polychrome and incised funerary urns on earthen mounds.,polychrome and incised pottery; mound building,funerary urns; tangas,ritual and belief;rule and display,"archaeologists (Roosevelt, Schaan)",debated as polity; present Amazonian descendants,funerary,Wikimedia Commons,R3,F1.3,medium,Debated polity.
POL082,Tapajó,Santarém culture,polity,People,F1.7,AM-AMZ,1000,1600,c.,The Tapajó centre at Santarém made caryatid vessels and green-stone muiraquitã amulets traded across Amazonia.,modelled pottery; greenstone carving,caryatid vessels; muiraquitã,ritual and belief;exchange and value,archaeologists; Portuguese chroniclers,debated as polity; people later enslaved by Portuguese,none,Wikimedia Commons,R3,F1.3,medium,Debated polity.
POL083,Hawaiian Kingdom,Ke Aupuni Hawaiʻi,polity,People,F1.12,OC-POL,1795,1893,unification 1795–1810; overthrow 1893,Hawaiian rulers commissioned feather cloaks and helmets and later Kalākaua revived hula and built ʻIolani Palace.,featherwork on olonā netting; kapa beating; wood carving,ʻahuʻula; mahiole; kapa; palace,rule and display;ritual and belief;clothing and adornment,Hawaiian aliʻi and historians; Kamakau,makaʻāinana commoners who gathered feathers; kapu system's losers; the overthrow,sacred;Indigenous-community,community-published site;Wikimedia Commons;Smithsonian Open Access (CC0 items),R1,F1.16;F1.24,high,Kamehameha dynasty folded into this row.
POL084,Tuʻi Tonga maritime polity,"Tuʻi Tonga; ""Tongan maritime empire""",polity,People,F1.12,OC-POL;OC-MEL,950,1865,c.; last Tuʻi Tonga died 1865,"The Tuʻi Tonga lineage built terraced stone tombs (langi) and drew fine mats, barkcloth and canoes through networks with Samoa and Fiji.",coral-limestone tomb building; ngatu barkcloth; fine mats; canoe building,langi; ngatu; kie mats,rule and display;exchange and value;transport,Tongan oral histories; archaeologists,"debated as ""empire""; Fijian canoe builders; commoners",funerary;ancestral,Wikimedia Commons;Te Papa Collections Online (CC BY where marked);Auckland Museum Collections Online (CC BY where marked),R2,F1.13;F1.18,medium,Debated polity.
POL085,Kingdom of Tonga,Puleʻanga Fakatuʻi ʻo Tonga,polity,People,F1.12,OC-POL,1875,,constitution 1875 under George Tupou I; continues,The constitutional monarchy maintained ngatu barkcloth and ta'ovala mats as royal and national dress.,barkcloth; pandanus weaving,ngatu; taʻovala,rule and display;clothing and adornment;exchange and value,the Tongan state; historians,women's barkcloth groups (kautaha) as makers,living-community,Te Papa Collections Online (CC BY where marked);Auckland Museum Collections Online (CC BY where marked);Wikimedia Commons,R3,F1.18,high,Tupou dynasty covered here.
POL086,Samoan paramount titles,Tafaʻifā; Tui Manuʻa,polity,People,F1.12,OC-POL,1000,1900,c.; dates approximate,Samoan chiefly authority circulated fine mats (ʻie tōga) as the highest exchange valuables.,pandanus fine-mat weaving; tattooing,ʻie tōga; tatau,exchange and value;rule and display;clothing and adornment,Samoan orators; historians,debated as a polity (distributed matai system); women weavers,living-community,Te Papa Collections Online (CC BY where marked);Auckland Museum Collections Online (CC BY where marked),R3,F1.13;F1.18,low,Samoa was not a state in Seshat terms; flagged for review.
POL087,Tahiti (Pōmare kingdom),Kingdom of Tahiti,polity,People,F1.12,OC-POL,1788,1880,French annexation 1880,"The Pōmare rulers allied with missionaries, and older ritual images were burned while barkcloth and new textiles continued.",barkcloth; featherwork; tapa,tapa; mourner's costume (heva),rule and display;ritual and belief;clothing and adornment,missionary accounts; historians,arioi society; people whose ritual objects were destroyed or collected,sacred;Indigenous-community,Wikimedia Commons;Te Papa Collections Online (CC BY where marked),R3,F1.16;F1.24,medium,
POL088,Saudeleur polity (Pohnpei),Saudeleur dynasty,polity,People,F1.12,OC-MIC,1100,1628,c.; dates debated,The Saudeleur rulers built Nan Madol from stacked columnar basalt on artificial islets.,columnar basalt construction; coral fill,Nan Madol islets,rule and display;shelter;ritual and belief,Pohnpeian oral history; archaeologists,workers who moved the basalt; later Nahnmwarki chiefdoms,ancestral;funerary,Wikimedia Commons,R3,F1.3;F1.28,medium,Dynasty and polity combined.
POL089,Bau chiefdom and Kingdom of Viti,Bau; Kubuna,polity,People,F1.12,OC-MEL;OC-POL,1760,1874,c.; Kingdom of Viti 1871–74 under Cakobau,Bau's chiefs commanded large drua double canoes and exchanges of barkcloth and whale ivory.,canoe building; masi barkcloth; whale-ivory carving,drua; masi; tabua,rule and display;transport;exchange and value,Fijian oral histories; historians,Lau and Tongan canoe builders; commoners; indentured Indian labour after 1879,living-community,Te Papa Collections Online (CC BY where marked);Auckland Museum Collections Online (CC BY where marked);Wikimedia Commons,R3,F1.13,low,Debated polity.
POL090,Commonwealth of Australia (Indigenous arts policy),Australia,polity,People,F1.12;THEME,OC-AUS,1901,,continues,"The Australian state removed Aboriginal children and suppressed culture, then from 1973 funded Aboriginal art through the Aboriginal Arts Board and art centres.",acrylic painting; bark painting; fibre,paintings; art-centre production,rule and display;exchange and value,the Australian state; historians,Stolen Generations; art-centre artists' copyright; Torres Strait Islanders,Indigenous-community;sacred,Museums Victoria Collections (CC BY or public domain where marked);Wikimedia Commons,R2,F1.17;F1.24;F1.26,high,Papunya Tula began 1971 with a school teacher; check claims about government role.
POL091,New Zealand (colony and Dominion),Aotearoa New Zealand state,polity,People,F1.12,OC-POL,1840,,Treaty of Waitangi 1840; continues,"The New Zealand state confiscated Māori land and later, under Āpirana Ngata, founded the School of Māori Arts and Crafts at Rotorua (1926) to revive carving.",wood carving; weaving,meeting houses; carvings,rule and display;ritual and belief,NZ state; historians,iwi as peoples not states; land confiscation; women weavers,Indigenous-community,Te Papa Collections Online (CC BY where marked);Auckland Museum Collections Online (CC BY where marked),R3,F1.17;F1.24,high,Iwi excluded as polities by design.
POL092,Sumerian city-states,Uruk; Ur; Lagash; Kish; Early Dynastic Sumer,polity,People,F1.9a,WA-MES,-3500,-2334,c.; Uruk period to Akkadian conquest; middle chronology,"Sumerian cities developed cuneiform accounting, cylinder seals and temple and palace workshops such as those behind the Royal Cemetery of Ur.",cuneiform on clay; cylinder-seal carving; shell and lapis inlay; gold sheet,seals; tablets; lyres; statues,rule and display;record and writing;ritual and belief;exchange and value,Assyriologists; archaeologists (Woolley),temple-dependent labourers and women weavers; retainers buried at Ur; non-Sumerian speakers,funerary;conflict-looting,Met Open Access (CC0);Cuneiform Digital Library Initiative;Penn Museum collection search (link out);Wikimedia Commons;British Museum collection search (link out),R1,F1.5;F1.28,high,"A grouping of rival city-states, not one polity. Looting of Iraqi sites (1990s–2000s)."
POL093,Akkadian Empire,Akkad,polity,People,F1.9a,WA-MES;WA-IRN;WA-LEV,-2334,-2154,c.; middle chronology,"Akkadian rulers commissioned victory stelae such as Naram-Sin's and cast copper royal heads, and scribes standardised administrative writing.",copper-alloy casting; relief carving; cylinder seals,stelae; royal heads; seals,rule and display;record and writing;war,Assyriologists; royal inscriptions,conquered Sumerian cities; deported and enslaved captives,conflict-looting,Met Open Access (CC0);Cuneiform Digital Library Initiative;Wikimedia Commons,R2,F1.28,high,Capital Agade not yet located.
POL094,Third Dynasty of Ur,Ur III state,polity,People,F1.9a,WA-MES;WA-IRN,-2112,-2004,c.; middle chronology,Ur III tablets record state textile workshops employing thousands of women and children alongside the ziggurat of Ur.,wool weaving; brick architecture; cuneiform accounting,ziggurat; tablets; textiles (documented),rule and display;record and writing;clothing and adornment;ritual and belief,Assyriologists; administrative archives,named women weavers treated as rations recipients; deportees,none,Cuneiform Digital Library Initiative;Met Open Access (CC0);Wikimedia Commons;Penn Museum collection search (link out),R1,F1.18;F1.23;F1.28,high,Key case for obscured textile labour.
POL095,Old Babylonian kingdom,First Dynasty of Babylon; Hammurabi's Babylon,polity,People,F1.9a,WA-MES,-1894,-1595,c.; middle chronology,"Hammurabi's law stele and the Old Babylonian school tablets show how Babylon codified crafts, wages and liabilities for builders and makers.",basalt carving; cuneiform schooling,law stele; school tablets; terracotta plaques,rule and display;record and writing,Assyriologists,non-elite and enslaved people ranked lower in law; Amorite origins,none,Cuneiform Digital Library Initiative;Met Open Access (CC0);Wikimedia Commons,R2,F1.28,high,Stele is in the Louvre.
POL096,Neo-Assyrian Empire,Assyria,polity,People,F1.9a,WA-MES;WA-ANA;WA-LEV;WA-IRN,-911,-609,,Assyrian kings commissioned carved palace reliefs and gathered ivories and craftsmen from conquered lands through tribute and deportation.,gypsum relief carving; ivory carving; bronze; glazed brick,palace reliefs; ivories; lamassu,rule and display;war;ritual and belief,Assyriologists; royal annals,deported peoples and captive craftsmen; Phoenician and Syrian ivory carvers; destruction at Nimrud (2015),conflict-looting,Met Open Access (CC0);British Museum collection search (link out);Wikimedia Commons;Cuneiform Digital Library Initiative,R1,F1.13;F1.19a;F1.23;F1.24,high,
POL097,Neo-Babylonian Empire,Chaldean dynasty,polity,People,F1.9a,WA-MES;WA-LEV,-626,-539,,Nebuchadnezzar II's Babylon was rebuilt with glazed-brick reliefs such as the Ishtar Gate.,moulded glazed brick; baked brick,Ishtar Gate; Processional Way,rule and display;ritual and belief,Assyriologists; archaeologists (Koldewey),deported Judeans and others; the gate's removal to Berlin,conflict-looting,Met Open Access (CC0);Wikimedia Commons,R2,F1.24,high,
POL098,Elam,Elamite kingdoms; Susiana; Anshan,polity,People,F1.9a,WA-IRN;WA-MES,-3200,-539,c.; long sequence with gaps,"Elam developed Proto-Elamite writing, cast the bronze statue of Queen Napir-Asu and built the ziggurat at Chogha Zanbil.",bronze casting; bitumen compound; glazed brick; writing,statues; ziggurat; vessels,rule and display;ritual and belief;record and writing,archaeologists; Assyriologists,highland peoples; periods known only from Mesopotamian sources,conflict-looting,Met Open Access (CC0);Wikimedia Commons;Cuneiform Digital Library Initiative,R2,F1.5;F1.28,high,
POL099,Dilmun,Dilmun,polity,People,F1.9a,WA-ARB,-2200,-500,c.; florescence c. 2050–1700 BCE,Dilmun traders on Bahrain made stamp seals and built tens of thousands of burial mounds.,stone seal carving; copper trade; mound building,stamp seals; burial mounds,exchange and value;ritual and belief;rule and display,archaeologists; Mesopotamian texts,non-elite dead in the mounds; Magan and Meluhha partners,funerary,Wikimedia Commons;open-access excavation reports,R2,F1.13,high,Burial mounds are funerary.
POL100,Ugarit,Ras Shamra,polity,People,F1.9a,WA-LEV,-1450,-1185,c.,Ugarit's scribes used a cuneiform alphabet and its workshops produced ivories and metalwork for Mediterranean trade.,cuneiform alphabet; ivory; bronze,tablets; ivories,record and writing;exchange and value,archaeologists; epigraphers,urban non-elite; Hittite overlords,none,Wikimedia Commons;Cuneiform Digital Library Initiative,R2,F1.5;F1.13,high,
POL101,Hittite Empire,Hatti,polity,People,F1.9a,WA-ANA;WA-LEV,-1650,-1180,c.,"Hittite kings commissioned rock reliefs such as Yazılıkaya and state-controlled metalwork, and wrote in cuneiform and Anatolian hieroglyphs.",rock relief; bronze casting; cuneiform tablets,reliefs; vessels; tablets,rule and display;ritual and belief;record and writing;war,Hittitologists; archives from Hattusa,Luwian and Hurrian neighbours; deportees; iron myth debated,none,Met Open Access (CC0);Wikimedia Commons;Cuneiform Digital Library Initiative,R2,F1.28,high,"""Hittite iron monopoly"" claim is outdated."
POL102,Phoenician city-states,Tyre; Sidon; Byblos,polity,People,F1.9a;F1.11,WA-LEV;EU-GRR,-1200,-332,c.,"Phoenician cities spread purple dye, glass, carved ivories and the alphabet across the Mediterranean.",murex purple dyeing; glass; ivory carving; alphabetic writing,ivories; glass; inscriptions,exchange and value;record and writing;clothing and adornment,historians; Greek sources,the murex workers; Assyrian-held ivories; enslaved people traded,none,Met Open Access (CC0);Wikimedia Commons;British Museum collection search (link out),R2,F1.5;F1.13;F1.14,high,
POL103,Urartu,Biainili; Kingdom of Van,polity,People,F1.9a,WA-ANA;WA-CAU;WA-IRN,-860,-590,c.,"Urartian kings built fortresses and commissioned bronze shields, cauldrons and furniture fittings.",bronze sheet and casting; stone fortification,shields; cauldrons; belts,rule and display;war;ritual and belief,archaeologists; Urartian inscriptions,subject populations; Armenian and Kurdish present communities,conflict-looting,Met Open Access (CC0);Wikimedia Commons,R2,F1.5,high,
POL104,Lydia,Lydian kingdom,polity,People,F1.9a,WA-ANA,-680,-547,,Lydia refined electrum and gold at Sardis and struck some of the earliest coins.,electrum coinage; gold refining,coins,exchange and value;rule and display,historians (Herodotus); archaeologists,refinery workers; Ionian Greek cities,none,Met Open Access (CC0);Wikimedia Commons,R2,F1.5;F1.13,high,
POL105,Achaemenid Empire,Persian Empire,polity,People,F1.9a,WA-IRN;WA-MES;WA-ANA;WA-LEV;AF-EGY;AS-CEN;AS-SAS,-550,-330,,Persepolis tablets and Darius's Susa foundation charter record craftsmen and materials brought from across the empire to build royal palaces.,stone relief; glazed brick; gold and silver working,reliefs; rhyta; Oxus treasure,rule and display;exchange and value;ritual and belief,historians; royal inscriptions; Persepolis Fortification archive,workers paid in rations (kurtash); subject peoples shown as tribute-bearers,none,Met Open Access (CC0);Wikimedia Commons;British Museum collection search (link out),R1,F1.13;F1.17;F1.23,high,Achaemenid dynasty same as polity.
POL106,Parthian Empire,Arsacid Empire,polity,People,F1.9a,WA-IRN;WA-MES;AS-CEN,-247,224,,"Parthian builders used the iwan, and workshops at Nisa carved ivory rhyta.",ivory carving; brick and stone architecture; coinage,rhyta; iwans; coins,rule and display;ritual and belief,historians; archaeologists,vassal kingdoms; Roman-biased sources,none,Met Open Access (CC0);Wikimedia Commons,R2,F1.5,high,
POL107,Sasanian Empire,Eranshahr,polity,People,F1.9a,WA-IRN;WA-MES;WA-CAU;AS-CEN,224,651,,"Sasanian workshops made silver plates with royal hunts, carved rock reliefs and wove patterned silks copied far along trade routes.",silver repoussé and gilding; rock relief; silk weaving,plates; reliefs; silks,rule and display;ritual and belief;exchange and value,historians; archaeologists,"Christian, Jewish and Manichaean subjects; deported Roman artisans",none,Met Open Access (CC0);Cleveland Museum of Art Open Access (CC0);Wikimedia Commons,R2,F1.13;F1.14,high,
POL108,Kingdom of Armenia (antiquity),Artaxiad and Arsacid Armenia,polity,People,F1.9a,WA-CAU;WA-ANA,-190,428,c.,Armenia adopted Christianity in c. 301 and Mesrop Mashtots created the Armenian alphabet around 405.,alphabet; stone architecture,Garni temple; manuscripts,rule and display;ritual and belief;record and writing,Armenian historians; historians,non-Christian subjects; Persian and Roman framing,none,Wikimedia Commons,R3,F1.5;F1.28,high,
POL109,Bagratid Armenia,Kingdom of Ani,polity,People,F1.9a,WA-CAU;WA-ANA,885,1045,,Bagratid patrons built stone churches at Ani and carved khachkars.,ashlar stone architecture; stone carving,churches; khachkars,ritual and belief;rule and display,historians; Armenian sources,"Muslim, Syriac and Georgian subjects of Ani; masons whose names are rarely recorded; the site's neglect on the closed Turkish–Armenian border",sacred,Wikimedia Commons,R2,F1.16,high,
POL110,Armenian Kingdom of Cilicia,Cilician Armenia,polity,People,F1.9a,WA-ANA;WA-LEV,1198,1375,principality from 1080,Cilician scriptoria produced illuminated manuscripts by painters such as Toros Roslin.,manuscript illumination,gospels,ritual and belief;record and writing,historians,non-Armenian subjects; lost manuscripts,sacred,Walters Art Museum (CC0);Wikimedia Commons,R2,F1.28,high,
POL111,Kingdom of Georgia,Sakartvelo,polity,People,F1.9a,WA-CAU,1008,1490,,"The Georgian kingdom under the Bagrationi, especially Tamar, commissioned cloisonné enamel icons, repoussé metal and frescoed churches.",cloisonné enamel; silver repoussé; fresco,icons; triptychs; churches,ritual and belief;rule and display,historians; Georgian chronicles,non-Christian subjects; peasantry,sacred,Wikimedia Commons,R2,F1.16,high,Bagrationi dynasty folded into this row.
POL112,Saba,Sheba,polity,People,F1.9a,WA-ARB,-1000,275,c.,Saba built the Marib dam and carved alabaster heads and inscriptions from incense-trade wealth.,alabaster carving; bronze casting; hydraulic building,funerary heads; inscriptions; dam,rule and display;ritual and belief;exchange and value,epigraphers; archaeologists,"incense gatherers; neighbouring kingdoms (Qataban, Ma'in)",funerary;conflict-looting,Met Open Access (CC0);Wikimedia Commons,R2,F1.13,high,War since 2015 threatens sites.
POL113,Nabataean Kingdom,Nabataea,polity,People,F1.9a,WA-ARB;WA-LEV,-300,106,c.; Roman annexation 106,Nabataeans carved rock-cut tomb façades at Petra and Hegra and made eggshell-thin painted pottery.,rock-cut architecture; fine painted ceramics; water engineering,façades; pottery,rule and display;ritual and belief;food and storage,historians; archaeologists,caravan labour; the Bdul community displaced from Petra in 1985,funerary,Wikimedia Commons,R2,F1.13,high,
POL114,Palmyra,Tadmor; Palmyrene Empire,polity,People,F1.9a,WA-LEV,-50,273,c.; Palmyrene Empire 270–273,Palmyrene sculptors carved limestone funerary portraits and the city's caravans linked Rome and Parthia.,limestone relief carving,funerary busts; temples,ritual and belief;exchange and value,historians; archaeologists,those portrayed; destruction by ISIS 2015; Khaled al-Asaad,funerary;conflict-looting,Met Open Access (CC0);Wikimedia Commons;Cleveland Museum of Art Open Access (CC0),R2,F1.13;F1.19a,high,
POL115,Minoan palatial polities,Knossos; Minoan Crete,polity,People,F1.11,EU-GRR,-2000,-1450,c.,"Cretan palaces sustained workshops for Kamares ware, faience, stone vessels and Linear A records.",fine pottery; faience; stone vessels; fresco,Kamares ware; frescoes; seals,rule and display;ritual and belief;record and writing,archaeologists (Evans),"Evans's reconstructions; the name ""Minoan"" invented by him",none,Met Open Access (CC0);Wikimedia Commons,R2,F1.3;F1.28,medium,Debated polity; name is modern.
POL116,Mycenaean palatial states,Pylos; Mycenae; Knossos (Linear B),polity,People,F1.11,EU-GRR,-1600,-1100,c.,"Linear B tablets from Mycenaean palaces list bronze-smiths, perfumers and women textile workers assigned raw materials.",bronze; gold; textile; Linear B records,masks; tablets; weapons,rule and display;record and writing;war,archaeologists; Ventris and Chadwick,women and captive workers listed in tablets,funerary,Met Open Access (CC0);Wikimedia Commons,R2,F1.18;F1.23;F1.28,high,
POL117,Athens (classical polis),Athenian democracy,polity,People,F1.11,EU-GRR,-508,-322,,Athens hosted potters and painters who signed black- and red-figure vessels and funded the Parthenon from imperial tribute.,red-figure painting; marble carving; bronze casting,vases; sculpture; coins,rule and display;ritual and belief;exchange and value,historians; ancient authors,enslaved workers and metics (many potters); women; tribute-paying allies,conflict-looting,Met Open Access (CC0);Cleveland Museum of Art Open Access (CC0);Wikimedia Commons;Getty Museum Open Content (public-domain images),R1,F1.17;F1.23;F1.24,high,Parthenon sculptures in the British Museum.
POL118,Etruscan city-states,Etruscan League,polity,People,F1.11,EU-GRR,-800,-264,c.,"Etruscan workshops made bronze mirrors, bucchero pottery and granulated gold.",bronze casting and engraving; bucchero; gold granulation,mirrors; urns; jewellery,rule and display;ritual and belief;clothing and adornment,archaeologists; Roman authors,enslaved workers; Villanovan antecedents; tomb looting,funerary;conflict-looting,Met Open Access (CC0);Wikimedia Commons;Getty Museum Open Content (public-domain images),R2,F1.24,high,
POL119,Ptolemaic Kingdom,Ptolemaic Egypt,polity,People,F1.6;F1.11,AF-EGY;EU-GRR,-305,-30,,"Ptolemaic rulers built Egyptian-style temples such as Edfu and Alexandria became a centre of glass, faience and scholarship.",glass; faience; temple building; papyrus,temples; glass; portraits,rule and display;ritual and belief;record and writing,historians; papyrologists,Egyptian peasants and temple workers; Jewish community of Alexandria,none,Met Open Access (CC0);Cleveland Museum of Art Open Access (CC0);Wikimedia Commons,R2,F1.14,high,
POL120,Rome (Republic and Empire),Roman Republic; Roman Empire,polity,People,F1.11;F1.6;F1.9a,EU-GRR;EU-WCE;EU-BLC;EU-IBE;AF-MAG;AF-EGY;WA-LEV;WA-ANA,-509,476,Republic to 27 BCE; Western empire to 476; East continues as Byzantium,"Roman production standardised stamped terra sigillata, spread glassblowing and relied on enslaved and freed makers across the provinces.",glassblowing; terra sigillata; concrete; mosaic; bronze,pottery; glass; mosaics; sculpture,rule and display;shelter;exchange and value;war,historians; archaeologists,enslaved and freed makers; provincial peoples; women's work,conflict-looting;human-flow,Met Open Access (CC0);Cleveland Museum of Art Open Access (CC0);Getty Museum Open Content (public-domain images);Wikimedia Commons;Europeana,R1,F1.5;F1.14;F1.23,high,
POL121,Byzantine Empire,Eastern Roman Empire,polity,People,F1.11;F1.9a,EU-BYZ;WA-ANA;WA-LEV;AF-EGY,330,1453,,"Byzantine emperors controlled silk production and guilds (Book of the Eparch) and patronised mosaics, icons and enamels.",mosaic; silk weaving; cloisonné enamel; icon painting,mosaics; icons; silks; ivories,rule and display;ritual and belief;clothing and adornment,"historians; the empire's own ""Roman"" name","Jews, Armenians and other subjects; enslaved people; Iconoclasm's losses",sacred,Met Open Access (CC0);Cleveland Museum of Art Open Access (CC0);Walters Art Museum (CC0);Wikimedia Commons,R1,F1.14;F1.16;F1.17,high,"""Byzantine"" is a later label."
POL122,Anglo-Saxon kingdoms,East Anglia; Mercia; Northumbria; Wessex,polity,People,F1.11,EU-BLC,450,1066,c.,"Anglo-Saxon kingdoms produced the Sutton Hoo and Staffordshire hoard metalwork and, with monasteries, the Lindisfarne Gospels.",gold and garnet cloisonné; manuscript illumination; embroidery,buckles; helmets; gospels,rule and display;ritual and belief;war,historians (Bede); archaeologists,Britons; enslaved people; women embroiderers,funerary,British Library digitised collections (public-domain items);Wikimedia Commons;British Museum collection search (link out),R2,F1.18,high,
POL123,Early medieval Irish kingdoms,Gaelic Ireland,polity,People,F1.11,EU-BLC,500,1169,c.; Anglo-Norman invasion 1169,Irish kings and monasteries commissioned metalwork such as the Ardagh chalice and manuscripts such as the Book of Kells.,filigree; enamel; manuscript illumination,chalices; brooches; gospels,ritual and belief;rule and display,historians; Irish annals,unfree labour; Viking-era captives,sacred,Wikimedia Commons,R3,F1.16,medium,
POL124,Carolingian Empire,Francia,polity,People,F1.11,EU-WCE,751,888,,"Carolingian court schools produced illuminated manuscripts, ivories and the Palatine Chapel at Aachen.",manuscript illumination; ivory carving; goldsmithing,gospels; book covers; reliquaries,rule and display;ritual and belief;record and writing,historians; Einhard,Saxons converted by force; slaves traded; peasants,sacred,British Library digitised collections (public-domain items);Wikimedia Commons;Europeana,R2,F1.14;F1.28,high,Carolingian dynasty same as polity.
POL125,Holy Roman Empire,Holy Roman Empire,polity,People,F1.11,EU-WCE,962,1806,Otto I 962 (Charlemagne 800 as precursor),"The Empire's courts and free imperial cities, such as Nuremberg, supported goldsmiths, printers and instrument-makers under guild rule.",goldsmithing; printing; clock and instrument making,regalia; prints; automata,rule and display;ritual and belief;exchange and value,historians,Jews; peasant makers outside guilds; women excluded from mastership,none,Met Open Access (CC0);Rijksmuseum (CC0);Europeana;Wikimedia Commons,R2,F1.17,high,
POL126,Kingdom of France,France (Capetian to Bourbon),polity,People,F1.11,EU-WCE,987,1792,,"The French crown under Colbert founded royal manufactures (Gobelins 1662, Sèvres royal from 1759) to set European luxury standards.",tapestry; porcelain; furniture; mirror glass,tapestries; porcelain; furniture,rule and display;exchange and value,historians,enslaved people in French Caribbean colonies; journeymen; women in the trades,human-flow,Met Open Access (CC0);Paris Musées (CC0);Wikimedia Commons;Getty Museum Open Content (public-domain images),R2,F1.17;F1.19,high,Valois and Bourbon are DYN rows.
POL127,Kingdom of England,England,polity,People,F1.11,EU-BLC,927,1707,,England's professional embroiderers in London made opus anglicanum vestments exported across Europe.,silk and gold embroidery; wool trade,vestments; manuscripts,rule and display;ritual and belief;clothing and adornment,historians,women embroiderers; Welsh and Irish neighbours; wool producers,none,Met Open Access (CC0);Wikimedia Commons;V&A collections search (link out),R2,F1.18,high,Tudor dynasty is a DYN row.
POL128,Burgundian State,Valois Burgundy; Burgundian Netherlands,polity,People,F1.11,EU-WCE;EU-BLC,1363,1482,,"The Valois dukes of Burgundy commissioned Flemish tapestries, panel paintings and books of hours from urban workshops.",tapestry weaving; oil painting; illumination,tapestries; altarpieces; books of hours,rule and display;ritual and belief,historians,urban weavers and guild members; rebel cities,none,Met Open Access (CC0);Rijksmuseum (CC0);Wikimedia Commons,R2,F1.17,high,
POL129,Dutch Republic,United Provinces,polity,People,F1.11;F1.13,EU-BLC,1581,1795,,"The Dutch Republic's open art market and guilds produced paintings, Delftware imitating Chinese porcelain, and maps, financed partly by colonial trade.",oil painting; tin-glazed earthenware; engraving; printing,paintings; Delftware; maps,exchange and value;rule and display,historians,enslaved people via the West India Company; colonial subjects; women artists,human-flow,Rijksmuseum (CC0);Met Open Access (CC0);Wikimedia Commons,R1,F1.14;F1.17,high,Link to VOC row.
POL130,Hanseatic League,Hansa,polity,People,F1.11;F1.13,EU-SCA;EU-WCE;EU-EER;EU-BLC,1356,1669,merchant association from 12th c.; first diet 1356; last diet 1669,"Hanseatic trade carried Lübeck altarpieces, Flemish cloth and Baltic amber and furs, and standardised the cog ship.",shipbuilding; woodcarving; cloth trade,altarpieces; cogs; brass,exchange and value;transport,historians,Baltic peoples; non-German towns; debated polity,none,Europeana;Wikimedia Commons,R2,F1.13,high,Debated polity: a league of cities.
POL131,Republic of Venice,Serenissima,polity,People,F1.11;F1.13,EU-GRR;EU-BYZ,697,1797,,Venice concentrated glassmakers on Murano (1291) under guild secrecy and made the city a centre of printing and lace.,glassblowing; printing; lace,glass; printed books; lace,exchange and value;rule and display,historians,Dalmatian and Greek subjects; enslaved people; glassmakers barred from emigrating,none,Met Open Access (CC0);Cleveland Museum of Art Open Access (CC0);Rijksmuseum (CC0);Wikimedia Commons,R1,F1.14;F1.17,high,
POL132,Republic of Florence,Florence,polity,People,F1.11,EU-GRR,1115,1532,,"Florence's guilds (Arte della Lana, Calimala) organised cloth production and commissioned public art.",wool cloth; painting; bronze casting,altarpieces; sculpture; textiles,rule and display;ritual and belief;exchange and value,historians; guild statutes,wool workers (Ciompi revolt 1378); enslaved domestic workers; women,none,Met Open Access (CC0);National Gallery of Art Washington (CC0);Wikimedia Commons,R1,F1.17;F1.23,high,Medici is a DYN row.
POL133,Papal States,Patrimonium Sancti Petri,polity,People,F1.11,EU-GRR,756,1870,,Papal Rome ran mosaic and tapestry workshops and commissioned major painting and building.,mosaic; fresco; tapestry,chapels; mosaics; tapestries,rule and display;ritual and belief,historians,Jewish community in the ghetto; enslaved galley rowers,sacred,Wikimedia Commons;Met Open Access (CC0),R2,F1.16;F1.17,high,
POL134,Crown of Aragon,Aragon,polity,People,F1.11,EU-IBE;EU-GRR,1162,1716,,"Aragon's Valencia and Manises lustreware workshops, many Muslim-run, exported across Europe.",lustre ceramics; silk,lustreware; textiles,exchange and value;rule and display,historians,Mudéjar and Morisco makers expelled 1609,none,Met Open Access (CC0);Wikimedia Commons,R2,F1.14,high,
POL135,Spanish Empire,Monarquía Hispánica,polity,People,F1.11;F1.13,GL,1492,1898,major American losses 1820s; Cuba and Philippines 1898,The Spanish empire's silver and trade channelled American and Asian materials into Europe and regulated colonial crafts.,silver; dyes (cochineal); ceramics,coins; textiles,rule and display;exchange and value,historians,Indigenous and African labour; expelled Jews and Moriscos,human-flow,Met Open Access (CC0);Wikimedia Commons;Library of Congress (public-domain items),R2,F1.13;F1.22,high,Habsburg is a DYN row; viceroyalties are separate rows.
POL136,Portuguese Empire,Império Português,polity,People,F1.11;F1.13,GL,1415,1999,Ceuta 1415 to Macau 1999,"Portuguese trade commissioned Afro-Portuguese ivories, Namban goods and Indo-Portuguese furniture and ran a large share of the Atlantic slave trade.",ivory; lacquer; tin-glaze (azulejo),salt cellars; oliphants; azulejos,exchange and value;rule and display,historians,people enslaved and transported; colonised makers,human-flow,Met Open Access (CC0);Wikimedia Commons,R1,F1.13;F1.14,high,
POL137,British Empire,British Empire,polity,People,F1.11;F1.13,GL,1607,1997,Jamestown 1607 to Hong Kong 1997,"The empire built art schools, museums and exhibitions (from 1851) and extracted materials and objects across its territories.",industrial textiles; museum collecting,exhibitions; textiles; collections,rule and display;exchange and value,historians,"enslaved people (trade to 1807, slavery to 1834/38); colonised makers; looted objects",human-flow;conflict-looting,British Library digitised collections (public-domain items);Wikimedia Commons;Library of Congress (public-domain items),R1,F1.19;F1.22;F1.24,high,British Raj separate row.
POL138,French colonial empire,Empire colonial français,polity,People,F1.11;F1.13,GL,1534,1980,c.; first empire from 16th c.; second 1830–1962; Vanuatu 1980,France's colonial exhibitions (1931) and ethnographic museums displayed objects taken from colonised peoples.,collecting; exhibitions,collections; posters,rule and display;exchange and value,historians,enslaved people in the Caribbean; colonised makers; looted objects (Sarr–Savoy report 2018),human-flow;conflict-looting,Wikimedia Commons;musée du quai Branly collection search (link out),R2,F1.24,high,
POL139,German colonial empire,Deutsche Kolonien,polity,People,F1.11;F1.13,AF-SOU;AF-SWA;AF-CEN;AF-GUI;OC-MEL;OC-MIC;AS-CHN,1884,1919,,"German colonial rule gathered large ethnographic collections through war and purchase, and committed genocide in Namibia (1904–08).",collecting,collections,rule and display,historians,"Herero and Nama killed in the 1904–08 genocide; Maji Maji dead (1905–07); Cameroonian, Togolese and Pacific makers whose objects fill German museums; Chinese in Qingdao",conflict-looting;human-flow,Wikimedia Commons,R2,F1.19a;F1.24,high,
POL140,Congo Free State and Belgian Congo,État indépendant du Congo; Congo belge,polity,People,F1.11;F1.6,AF-CEN,1885,1960,Free State 1885–1908; Belgian colony 1908–60,"Leopold II's rubber and ivory regime used forced labour and violence, and its collecting built the Tervuren museum.",rubber; ivory; collecting,collections; ivory,exchange and value;rule and display,historians,Congolese forced labourers; mutilated and killed people,conflict-looting;human-flow,AfricaMuseum Tervuren collection search (link out);Wikimedia Commons,R2,F1.22;F1.23;F1.24,high,Content note required.
POL141,Kyivan Rus',Rus',polity,People,F1.11,EU-EER,882,1240,c.,Kyivan princes built Saint Sophia with mosaics and frescoes and patronised cloisonné enamel and icon painting.,mosaic; cloisonné enamel; icon painting,kolty; icons; churches,rule and display;ritual and belief,historians; the Primary Chronicle,Finnic and Baltic peoples; enslaved people traded,none,Wikimedia Commons;Met Open Access (CC0),R2,F1.16,high,"Claimed by Ukrainian, Russian and Belarusian histories."
POL142,Novgorod Republic,Lord Novgorod the Great,polity,People,F1.11,EU-EER,1136,1478,,"Novgorod's birch-bark letters record everyday craft and trade, and its icon painters served a merchant republic.",birch-bark writing; icon painting,birch-bark letters; icons,record and writing;ritual and belief;exchange and value,historians; archaeologists,Finnic tributaries; fur-trade hunters,none,Wikimedia Commons,R2,F1.28,high,
POL143,Muscovy,Grand Duchy of Moscow; Tsardom of Russia,polity,People,F1.11,EU-EER,1283,1721,,Muscovite rulers employed Italian architects in the Kremlin and set up the Armoury workshops for icons and regalia.,icon painting; goldsmithing; architecture,icons; regalia; churches,rule and display;ritual and belief,historians,Tatar and Finnic peoples; serfs,none,Wikimedia Commons,R2,F1.16,high,
POL144,Russian Empire,Russian Empire,polity,People,F1.11;F1.12a,EU-EER;AS-NTH;AS-CEN;WA-CAU;EU-SCA,1721,1917,,The empire ran an Imperial Porcelain Factory and court jewellers such as Fabergé and extracted fur tribute (yasak) from Siberian peoples.,porcelain; enamel and goldsmithing; fur trade,porcelain; eggs; furs,rule and display;exchange and value,historians,serfs; Siberian and Caucasus peoples; Sámi,none,Wikimedia Commons;Met Open Access (CC0),R2,F1.22;F1.23,high,
POL145,Polish–Lithuanian Commonwealth,Rzeczpospolita,polity,People,F1.11,EU-EER;EU-WCE,1569,1795,,The Commonwealth's nobility wore silk kontusz sashes woven at Słuck and commissioned coffin portraits.,silk sash weaving; portrait painting,kontusz sashes; coffin portraits,clothing and adornment;rule and display,historians,"serfs; Jews, Ruthenians and Tatars",none,Wikimedia Commons;Europeana,R2,F1.18,high,
POL146,Bulgarian Empire (First and Second),Bulgaria,polity,People,F1.11,EU-BYZ,681,1396,,The Bulgarian courts at Preslav and Tarnovo produced painted ceramic icons and the Cyrillic writing tradition.,painted ceramics; manuscript copying,ceramic icons; manuscripts,rule and display;ritual and belief;record and writing,historians,Slav and Vlach subjects; Bogomils,sacred,Wikimedia Commons,R2,F1.28,high,Gap 1018–1185 under Byzantium.
POL147,Moldavia,Principality of Moldavia,polity,People,F1.11,EU-BYZ;EU-EER,1346,1859,,Moldavian princes covered monastery churches in Bukovina with exterior frescoes in the 1530s.,exterior fresco; embroidery,painted monasteries; embroidered shrouds,ritual and belief;rule and display,historians,Roma enslaved in Moldavia until 1855,human-flow;sacred,Wikimedia Commons,R2,F1.16,high,
POL148,Viking-age Scandinavian kingdoms,Denmark; Norway; Sweden (early kingdoms),polity,People,F1.11,EU-SCA;EU-BLC,750,1100,c.; debated polity formation,"Scandinavian rulers commissioned rune stones (Jelling), ship burials and carved wood in styles such as Urnes.",shipbuilding; runic carving; woodcarving; silver,ships; rune stones; brooches,rule and display;ritual and belief;transport,historians; archaeologists,enslaved people (thralls) traded widely; Sámi,funerary,Wikimedia Commons;SMK Denmark (public domain);Nationalmuseum Sweden (public domain),R2,,medium,Debated polity.
POL149,Swedish Empire,Stormaktstiden,polity,People,F1.11,EU-SCA;EU-EER,1611,1721,,"Sweden's warship Vasa (1628) survives, and its armies took artworks and books such as the Codex Gigas as booty.",shipbuilding; woodcarving,Vasa; booty,war;rule and display,historians,Sámi; war victims; looted collections in Stockholm,conflict-looting,Nationalmuseum Sweden (public domain);Wikimedia Commons,R3,F1.19a;F1.24,high,
POL150,Nazi Germany,Third Reich,polity,People,F1.11,EU-WCE;EU-EER,1933,1945,,"The Nazi state staged propaganda design, ""Degenerate Art"" (1937) and looting of Jewish and occupied collections, using forced labour.",propaganda printing; architecture,posters; looted art,rule and display;war,historians,"persecuted Jewish, Roma and other makers; forced labourers",conflict-looting;human-flow,Wikimedia Commons;Library of Congress (public-domain items),R2,F1.19a;F1.24;F1.23,high,Restitution research central.
POL151,Soviet Union,USSR,polity,People,F1.11;F1.12a;F1.9a,EU-EER;AS-CEN;WA-CAU;AS-NTH;EU-SCA,1922,1991,,"The Soviet state ran Vkhutemas (1920–30), propaganda porcelain and posters, and reorganised crafts into artels while using Gulag labour.",posters; porcelain; textiles; architecture,posters; porcelain; textiles,rule and display;exchange and value,historians,"Central Asian, Caucasus and Siberian peoples; Gulag prisoners; religious makers",human-flow,Wikimedia Commons;Library of Congress (public-domain items),R1,F1.20;F1.19;F1.23,high,
POL152,Republic of Turkey (early reforms),Türkiye Cumhuriyeti,polity,People,F1.10;F1.9a,WA-ANA;EU-BYZ,1923,,continues; reform period 1923–1938,"Early republican reforms changed dress (Hat Law 1925), the alphabet (1928) and state textiles (Sümerbank, 1933).",state textile mills; typography; architecture,posters; textiles; buildings,rule and display;record and writing;clothing and adornment,Turkish state; historians,"Armenians, Greeks, Kurds; religious crafts",none,Wikimedia Commons,R2,F1.20;F1.19,high,
POL153,Emirate and Caliphate of Córdoba,al-Andalus (Umayyad Córdoba),polity,People,F1.10;F1.11,EU-IBE;AF-MAG,756,1031,,Córdoba's Umayyad court workshops at Madinat al-Zahra carved ivory pyxides and enlarged the Great Mosque.,ivory carving; silk; stucco,pyxides; silks; mosque,rule and display;ritual and belief,historians,Christian and Jewish makers; enslaved people (saqaliba),none,Met Open Access (CC0);Wikimedia Commons,R2,F1.14;F1.17,high,Umayyad dynasty DYN.
POL154,Nasrid Kingdom of Granada,Granada,polity,People,F1.10;F1.11,EU-IBE,1238,1492,,"The Nasrid court built the Alhambra and supported lustreware, silk and carved stucco.",lustre ceramics; silk; stucco carving; tilework,Alhambra; vases; silks,rule and display;ritual and belief,historians,Muslims later converted and expelled; enslaved,none,Met Open Access (CC0);Wikimedia Commons,R2,F1.14,high,Nasrid dynasty same as polity.
POL155,Sultanate of Rum,Seljuks of Rum,polity,People,F1.10;F1.9a,WA-ANA,1077,1308,,Rum's sultans built caravanserais and palaces with figural lustre and underglaze tiles.,stone carving; tilework,caravanserais; tiles,rule and display;transport,historians,Christians; Turkmen nomads,none,Met Open Access (CC0);Wikimedia Commons,R2,F1.13,high,Seljuk dynasty DYN row.
POL156,Shang,Yin,polity,People,F1.8,AS-CHN,-1600,-1046,c.,"Shang foundries at Anyang cast ritual bronzes in piece-moulds and diviners inscribed oracle bones, the earliest Chinese writing.",piece-mould bronze casting; jade carving; bone inscription,ding and other vessels; oracle bones; jades,rule and display;ritual and belief;record and writing,historians; archaeologists; Sima Qian,human sacrifice victims; foundry labour; non-Shang neighbours (e.g. Sanxingdui),funerary;sacred,Met Open Access (CC0);Cleveland Museum of Art Open Access (CC0);National Palace Museum Taipei Open Data;Wikimedia Commons,R1,F1.5;F1.28,high,
POL157,Western Zhou,Zhou,polity,People,F1.8,AS-CHN,-1046,-771,,"Western Zhou bronzes carried long cast inscriptions recording grants, and ritual sets defined rank.",piece-mould bronze casting; jade,inscribed vessels; bells,rule and display;ritual and belief;record and writing,historians; Confucian tradition,subject lineages; regional states,funerary,Met Open Access (CC0);Cleveland Museum of Art Open Access (CC0);National Palace Museum Taipei Open Data;Wikimedia Commons,R2,F1.28,high,
POL158,Chu,State of Chu,polity,People,F1.8,AS-CHN,-1030,-223,c.,"Chu workshops produced lacquered wood, silk and bamboo-slip texts in a distinct southern style.",lacquer; silk weaving and embroidery; bamboo slips,lacquerware; silks; slips,rule and display;ritual and belief;record and writing,historians; archaeologists,non-Zhou southern peoples,funerary,Met Open Access (CC0);Wikimedia Commons,R3,,high,
POL159,Qin,Qin dynasty,polity,People,F1.8,AS-CHN,-221,-206,,"The Qin state standardised script, weights and measures, and workshops mass-produced the terracotta army with stamped makers' names.",modular terracotta production; bronze casting; standardisation,terracotta figures; weights; coins,rule and display;record and writing;war,historians; archaeologists,conscripted labourers and convicts; conquered states,funerary,Wikimedia Commons;Met Open Access (CC0),R1,F1.5;F1.23,high,
POL160,Han,Han dynasty,polity,People,F1.8,AS-CHN;AS-CEN;AS-KOR;AS-MSE,-202,220,brief Xin interregnum 9–23,"Han state lacquer workshops inscribed the names of each craftsman on products, and silk and paper spread along its routes.",lacquer; silk; paper; jade burial suits,lacquerware; silks; jade suits,rule and display;ritual and belief;exchange and value;record and writing,"historians (Sima Qian, Ban Gu)",Xiongnu and southern peoples; convict labour,funerary,Met Open Access (CC0);Cleveland Museum of Art Open Access (CC0);Wikimedia Commons,R2,F1.5;F1.23,high,
POL161,Northern Wei,Tuoba Wei,polity,People,F1.8,AS-CHN,386,534,,The Northern Wei carved the Buddhist cave temples of Yungang and Longmen.,rock-cut sculpture,cave temples,ritual and belief;rule and display,historians,the Xianbei rulers' own language and customs; the labourers who cut the caves; later removal of heads to foreign collections,sacred;conflict-looting,Met Open Access (CC0);Wikimedia Commons,R2,F1.16,high,
POL162,Tang,Tang dynasty,polity,People,F1.8,AS-CHN;AS-CEN,618,907,,"Tang workshops made sancai glazed ceramics, silver and silk, and the dated printed Diamond Sutra of 868 survives from Dunhuang.",sancai glazing; woodblock printing; silver; silk,figures; sutra; silver,rule and display;ritual and belief;exchange and value,historians,Sogdian and other foreign makers; An Lushan rebels; buried figures,funerary,Met Open Access (CC0);Cleveland Museum of Art Open Access (CC0);British Library digitised collections (public-domain items);Wikimedia Commons,R2,F1.5;F1.13,high,
POL163,Tibetan Empire,Tubo; Bod,polity,People,F1.8;F1.9,AS-HIM;AS-CHN;AS-CEN,618,842,,"The Tibetan Empire founded the Jokhang, made silver vessels and ruled Dunhuang (786–848).",silver; building,Jokhang; vessels,rule and display;ritual and belief,historians,conquered peoples of the Tarim and Gansu; Bon practitioners; Chinese and Nepali artisans,sacred,Wikimedia Commons;Himalayan Art Resources (link out),R2,F1.16,high,
POL164,Liao,Khitan Liao,polity,People,F1.8;F1.12a,AS-CHN;AS-NTH;AS-CEN,916,1125,,"The Khitan Liao made ceramics, silver and polychrome wood sculptures and devised Khitan scripts.",silver; ceramics; wood sculpture,Guanyin figures; silver,rule and display;ritual and belief;record and writing,historians,Han Chinese subjects; Jurchen and other tributaries,funerary,Met Open Access (CC0);Wikimedia Commons,R2,F1.5,high,
POL165,Western Xia,Tangut,polity,People,F1.8;F1.12a,AS-CHN;AS-CEN,1038,1227,,"The Tangut state printed Buddhist texts in its own script, including early movable-type books.",movable-type printing; script,printed books; paintings,ritual and belief;record and writing,historians,a state erased by the Mongol conquest; Chinese and Tibetan makers within it,sacred,Wikimedia Commons;International Dunhuang Programme (link out; check terms),R3,F1.5,high,
POL166,Song,Northern and Southern Song,polity,People,F1.8,AS-CHN,960,1279,,"The Song state ran official kilns (Ru, Guan) and expanded printing, with Bi Sheng's movable type recorded by Shen Kuo.",official ceramics; woodblock printing; paper money,Ru ware; books,rule and display;record and writing;exchange and value,historians,"Liao, Xi Xia and Jin rivals; rural and kiln workers; women's textile labour",none,National Palace Museum Taipei Open Data;Met Open Access (CC0);Cleveland Museum of Art Open Access (CC0);Wikimedia Commons,R2,F1.5;F1.13,high,
POL167,Yuan,Great Yuan,polity,People,F1.8;F1.12a,AS-CHN,1271,1368,,The Yuan registered artisan households and blue-and-white porcelain with imported cobalt developed at Jingdezhen.,porcelain; cobalt; silk,blue-and-white; textiles,rule and display;exchange and value,historians,hereditary artisan households; southern Chinese ranked lowest; Persian and Central Asian makers,none,Met Open Access (CC0);Cleveland Museum of Art Open Access (CC0);Wikimedia Commons,R1,F1.13;F1.14,high,
POL168,Ming,Great Ming,polity,People,F1.8,AS-CHN,1368,1644,,"Ming imperial kilns and Orchard Factory lacquer set standards, and artisan households owed labour service.",porcelain; lacquer; cloisonné,porcelain; lacquer; cloisonné,rule and display;exchange and value;ritual and belief,historians,"hereditary artisan households; kiln workers; Mongol, Jurchen and southwestern peoples",none,Met Open Access (CC0);National Palace Museum Taipei Open Data;Wikimedia Commons,R2,F1.13;F1.14;F1.17,high,
POL169,Qing,Great Qing,polity,People,F1.8;F1.12a,AS-CHN;AS-CEN;AS-HIM,1644,1912,,The Qing Imperial Workshops (Zaobanchu) and Canton export trade produced objects for court and global markets.,porcelain; enamel; jade; export goods,enamels; jades; export porcelain,rule and display;exchange and value,historians,Dzungars (destroyed 1755–58); Uyghurs and Tibetans; export painters in Canton; the 1860 looting of the Summer Palace,none,Met Open Access (CC0);National Palace Museum Taipei Open Data;Rijksmuseum (CC0);Wikimedia Commons,R1,F1.13;F1.14,high,
POL170,Dian Kingdom,Dian,polity,People,F1.8,AS-CHN;AS-MSE,-400,-109,c.,Dian bronzes include cowrie containers with cast figural lids depicting rituals.,bronze casting,cowrie containers; drums,rule and display;ritual and belief,historians; archaeologists,the Dian's own name for themselves; Han conquest framing,funerary,Wikimedia Commons,R3,,high,
POL171,People's Republic of China,PRC,polity,People,F1.8,AS-CHN;AS-HIM;AS-CEN,1949,,continues,"The PRC organised crafts into co-operatives and research institutes, mass-produced propaganda posters, and saw heritage destroyed in the Cultural Revolution.",poster printing; state ceramics; embroidery co-operatives,propaganda posters; export crafts,rule and display;exchange and value;record and writing,the Chinese state; historians,"Tibetan, Uyghur and other minority makers; artists persecuted 1966–76",conflict-looting,Wikimedia Commons,R2,F1.19a;F1.20,high,
POL172,Goguryeo,Koguryŏ,polity,People,F1.8,AS-KOR;AS-CHN,-37,668,traditional founding date,"Goguryeo nobles were buried in stone-chamber tombs painted with murals of daily life, hunting and the four guardian animals.",tomb mural painting; stone-chamber building,tomb murals,ritual and belief;rule and display,historians (Samguk sagi); archaeologists,non-elite populations; Mohe and other neighbours; contested Chinese–Korean claims,funerary,National Museum of Korea e-museum (KOGL Type 1);Wikimedia Commons,R2,F1.16,high,Tombs are UNESCO-listed in both DPRK and China.
POL173,Baekje,Paekche,polity,People,F1.8,AS-KOR,-18,660,traditional founding date,"Baekje workshops made the gilt-bronze incense burner of Buyeo and sent Buddhist craftsmen, tile-makers and texts to Japan.",gilt-bronze casting; roof tiles; stone pagodas,incense burner; tiles; crowns,ritual and belief;rule and display;exchange and value,historians; Japanese chronicles,artisans sent to Yamato under their own names only in Japanese sources,funerary,National Museum of Korea e-museum (KOGL Type 1);Wikimedia Commons,R2,F1.13,high,
POL174,Silla,Silla; Unified Silla,polity,People,F1.8,AS-KOR,-57,935,traditional founding; unification of the peninsula's south 668/676,"Silla goldsmiths made the gold crowns of Gyeongju tombs, and Unified Silla built Seokguram and cast the Divine Bell of King Seongdeok.",gold sheet and granulation; stone carving; bronze bell casting,crowns; Seokguram; bells,rule and display;ritual and belief;clothing and adornment,historians (Samguk sagi); archaeologists,the bone-rank system's commoners; Gaya and Baekje conquered,funerary;sacred,National Museum of Korea e-museum (KOGL Type 1);Wikimedia Commons,R2,F1.5;F1.16,high,
POL175,Balhae,Bohai,polity,People,F1.8;F1.12a,AS-KOR;AS-NTH;AS-CHN,698,926,,Balhae built capitals with Tang-style roof tiles and Buddhist images in the Manchurian and Russian Far East.,tiles; stone carving,tiles; Buddhist figures,rule and display;ritual and belief,historians,Mohe majority; contested national claims,none,Wikimedia Commons,R3,,medium,
POL176,Goryeo,Koryŏ,polity,People,F1.8,AS-KOR,918,1392,,"Goryeo potters inlaid celadon (sanggam), the state carved the Tripitaka Koreana woodblocks, and Jikji (1377) is the oldest surviving book printed with metal movable type.",inlaid celadon; woodblock carving; metal movable type,celadons; Tripitaka Koreana; Jikji,rule and display;ritual and belief;record and writing,historians,potters of special craft villages (so); Mongol-period tribute women,sacred,National Museum of Korea e-museum (KOGL Type 1);Wikimedia Commons,R1,F1.5;F1.14;F1.28,high,Jikji is in the Bibliothèque nationale de France.
POL177,Joseon,Chosŏn,polity,People,F1.8,AS-KOR,1392,1897,Korean Empire 1897–1910,"The Joseon court promulgated Hangul (1446), ran official white-porcelain kilns and recorded state rituals in illustrated Uigwe.",white porcelain; buncheong; illustrated manuscripts; movable-type printing,porcelain; Uigwe; screens,rule and display;record and writing;ritual and belief,historians,potters taken to Japan during 1592–98 invasions; nobi (unfree) labour,conflict-looting,National Museum of Korea e-museum (KOGL Type 1);Wikimedia Commons,R2,F1.5;F1.24;F1.28,high,Uigwe taken by France 1866 returned on loan 2011.
POL178,Yamato state (Kofun period),Wa; Yamato,polity,People,F1.8,AS-JPN,250,710,c.,Yamato rulers built keyhole-shaped tombs lined with haniwa and adopted Sue stoneware and techniques from Korean immigrant makers.,haniwa terracotta; Sue stoneware; iron,haniwa; mirrors; swords,rule and display;ritual and belief;war,historians; archaeologists,toraijin (Korean immigrant) craftsmen; Emishi and southern peoples,funerary,ColBase Japan (Japan Government Standard Terms);Met Open Access (CC0);Wikimedia Commons,R2,F1.13,medium,Debated state formation.
POL179,Nara ritsuryō state,Nara Japan,polity,People,F1.8,AS-JPN,710,794,,The Nara state cast the Great Buddha of Tōdai-ji and stored imported and local objects in the Shōsōin repository.,bronze casting; lacquer; textiles,Great Buddha; Shōsōin objects,rule and display;ritual and belief,historians; Shoku Nihongi,conscripted labourers; Emishi,sacred,ColBase Japan (Japan Government Standard Terms);Wikimedia Commons,R2,F1.13;F1.16,high,
POL180,Heian court,Heian Japan,polity,People,F1.8,AS-JPN,794,1185,,"The Heian court fostered kana writing, yamato-e painting, maki-e lacquer and buildings such as the Byōdōin.",kana calligraphy; maki-e lacquer; yamato-e,handscrolls; lacquer; Byōdōin,rule and display;ritual and belief;record and writing,historians,provincial cultivators; Emishi,sacred,ColBase Japan (Japan Government Standard Terms);Met Open Access (CC0);Wikimedia Commons,R2,F1.28,high,Fujiwara regents are a DYN row.
POL181,Kamakura shogunate,Kamakura bakufu,polity,People,F1.8,AS-JPN,1185,1333,,Kamakura patronage rebuilt Tōdai-ji with Kei-school sculptors such as Unkei and supported swordsmiths.,joined-wood sculpture; sword forging,sculptures; swords,rule and display;ritual and belief;war,historians,peasants and estate workers; the costs of the Mongol invasions; Emishi and Ainu to the north,sacred,ColBase Japan (Japan Government Standard Terms);Met Open Access (CC0);Wikimedia Commons,R2,,high,
POL182,Muromachi shogunate,Ashikaga shogunate,polity,People,F1.8,AS-JPN,1336,1573,,"The Muromachi state traded with Ming China and fostered Zen ink painting, tea practice and Noh.",ink painting; tea wares,scrolls; tea bowls,rule and display;ritual and belief;play and music,historians,peasant and religious leagues (ikki); Korean and Chinese potters and painters whose models were copied,none,ColBase Japan (Japan Government Standard Terms);Met Open Access (CC0);Wikimedia Commons,R2,,high,Ashikaga shoguns DYN row covers patronage.
POL183,Tokugawa Japan (Edo),Edo shogunate,polity,People,F1.8,AS-JPN,1603,1868,,"The Tokugawa state regulated dress by status, required daimyo residence in Edo and limited foreign trade to Dejima and Chinese ships.",woodblock printing; porcelain; lacquer,prints; porcelain; textiles,rule and display;exchange and value;clothing and adornment,historians,makers in outcaste status groups; Ainu trading under Matsumae control; Ryukyu under Satsuma; peasant producers of raw materials,none,ColBase Japan (Japan Government Standard Terms);Met Open Access (CC0);National Diet Library Digital Collections (public-domain items);Wikimedia Commons,R1,,high,Tokugawa DYN row covers patronage.
POL184,Ryukyu Kingdom,Ryūkyū,polity,People,F1.8,AS-JPN,1429,1879,,"Ryukyu made bingata, lacquer and textiles amid tribute to China and Satsuma control after 1609.",bingata stencil dyeing; lacquer; bashōfu,textiles; lacquer,rule and display;exchange and value;clothing and adornment,historians,"Amami islands ceded to Satsuma; weavers taxed in cloth (Miyako, Yaeyama); present Okinawan identity claims",living-community,ColBase Japan (Japan Government Standard Terms);Wikimedia Commons,R2,F1.13;F1.18,high,
POL185,Empire of Japan,Dai Nippon Teikoku,polity,People,F1.8,AS-JPN;AS-KOR;AS-CHN;OC-MIC,1868,1947,,"Meiji Japan promoted crafts for world's fairs, named Imperial Household Artists (1890) and ruled colonies.",cloisonné; lacquer; industrial goods,export crafts; exhibition pieces,rule and display;exchange and value;war,historians,"colonised Koreans, Taiwanese and Micronesians; forced and conscripted labour; Ainu assimilation; objects removed from Korea",conflict-looting,ColBase Japan (Japan Government Standard Terms);National Diet Library Digital Collections (public-domain items);Wikimedia Commons;Met Open Access (CC0),R1,F1.15;F1.19;F1.19a,high,
POL186,Maurya Empire,Mauryas,polity,People,F1.9,AS-SAS,-322,-185,c.,The Mauryan state raised polished sandstone pillars with animal capitals and inscribed Ashoka's edicts in Brahmi and Kharosthi.,polished Chunar sandstone; rock inscription,pillars; capitals; edicts,rule and display;ritual and belief;record and writing,historians; Ashokan inscriptions; Arthashastra (date debated),forest peoples addressed in the edicts; Kalinga war dead; stoneworkers,none,Wikimedia Commons;British Museum collection search (link out),R2,F1.5;F1.28,high,Maurya dynasty same as polity.
POL187,Kushan Empire,Kushans,polity,People,F1.9;F1.12a,AS-SAS;AS-CEN,30,375,c.; decline under Sasanian pressure,"Kushan patronage supported Buddhist sculpture in Gandhara and Mathura and coins showing Greek, Iranian and Indian deities.",schist and sandstone carving; gold coinage; stucco,Buddha images; reliefs; coins,rule and display;ritual and belief;exchange and value,historians; Rabatak inscription,Yuezhi nomadic origins; local makers; looting of Gandharan sites,sacred;conflict-looting,Met Open Access (CC0);Cleveland Museum of Art Open Access (CC0);Wikimedia Commons,R1,F1.13;F1.14,high,
POL188,Gupta Empire,Guptas,polity,People,F1.9,AS-SAS,320,550,c.,"Gupta-period workshops at Sarnath and Mathura set Buddha and Hindu image types, and the state minted gold dinars.",sandstone carving; gold coinage; brick and stone temples,Buddha images; coins; Deogarh temple,rule and display;ritual and belief;exchange and value,historians; inscriptions,"Vakataka and other contemporaries; ""golden age"" framing",sacred,Met Open Access (CC0);Cleveland Museum of Art Open Access (CC0);Wikimedia Commons,R2,F1.16,high,
POL189,Anuradhapura Kingdom,Anuradhapura,polity,People,F1.9,AS-SAS,-377,1017,c.,Anuradhapura's rulers built brick stupas and carved moonstones and seated Buddhas.,brick stupa building; stone carving,stupas; moonstones; Buddhas,rule and display;ritual and belief,historians; Mahavamsa,Tamil and other communities; Vedda,sacred,Wikimedia Commons,R2,F1.16,high,
POL190,Kingdom of Kandy,Kandy,polity,People,F1.9,AS-SAS,1469,1815,British annexation 1815,"The Kandyan court organised artisans in a royal department (kottal badda) for lacquer, metalwork and painting.",lacquer; silver and gold; mural painting,regalia; lacquered objects; murals,rule and display;ritual and belief,historians; Kandyan records (Coomaraswamy),caste-bound artisans; the throne taken to Windsor (returned 1934),conflict-looting,Wikimedia Commons;British Museum collection search (link out),R2,F1.17;F1.24,high,
POL191,Pala Empire,Palas,polity,People,F1.9,AS-SAS;AS-HIM,750,1161,c.,Pala-period monasteries such as Nalanda produced black-stone and bronze Buddhist images and palm-leaf manuscripts that travelled to Tibet and Southeast Asia.,black-stone carving; copper-alloy casting; palm-leaf painting,images; manuscripts,rule and display;ritual and belief;record and writing,historians,non-Buddhist artisans; later Sena rulers,sacred,Met Open Access (CC0);Cleveland Museum of Art Open Access (CC0);Wikimedia Commons,R2,F1.13;F1.16,high,
POL192,Chola Empire,Cholas,polity,People,F1.9,AS-SAS;AS-ISE,848,1279,imperial Cholas from c. 848,Chola patrons commissioned lost-wax bronze processional images and the Brihadishvara temple at Thanjavur (1010).,lost-wax bronze casting; granite temple building,Nataraja bronzes; temples,rule and display;ritual and belief,historians; inscriptions,temple dancers and servants; raided Srivijaya; stolen bronzes (Kapoor case),sacred;conflict-looting,Met Open Access (CC0);Cleveland Museum of Art Open Access (CC0);Wikimedia Commons,R1,F1.16;F1.24,high,Chola dynasty same as polity.
POL193,Delhi Sultanate,Sultanate of Delhi,polity,People,F1.10;F1.9,AS-SAS,1206,1526,,"Delhi's sultans built the Qutb Minar and Alai Darwaza, mixing Indian stone carving with Islamic forms.",stone carving; brick; textiles,Qutb Minar; mosques,rule and display;ritual and belief,historians,Hindu and Jain temples reused; enslaved soldiers,none,Wikimedia Commons,R2,F1.14,high,Khalji and Tughluq are DYN rows.
POL194,Bahmani Sultanate,Bahmanis,polity,People,F1.10;F1.9,AS-SAS,1347,1527,,The Bahmani capital Bidar gave its name to bidri inlaid metalwork and hosted Mahmud Gawan's madrasa.,bidri inlay; tilework,bidri; madrasa,rule and display;ritual and belief,historians,Deccani and Persian factions; peasants,none,Met Open Access (CC0);Wikimedia Commons,R3,,medium,
POL195,Gujarat Sultanate,Gujarat,polity,People,F1.10;F1.9,AS-SAS,1407,1573,,Gujarat's sultans built mosques with stone jali screens at Ahmedabad and presided over textile exports.,stone jali carving; textile trade,mosques; screens; textiles,rule and display;ritual and belief;exchange and value,historians,Jain and Hindu artisans; merchant communities,none,Wikimedia Commons,R3,F1.13,medium,
POL196,Vijayanagara Empire,Karnata Empire,polity,People,F1.9,AS-SAS,1336,1646,capital Hampi sacked 1565; successor rule to 1646,"Vijayanagara rulers built Hampi's granite temples, palace platforms and stone chariot, and imported horses while exporting textiles.",granite carving; stucco; textile trade,temples; stone chariot; bronzes,rule and display;ritual and belief;exchange and value,"historians; Portuguese visitors (Paes, Nuniz)","temple servants; Deccan sultanate neighbours; ""Hindu bulwark"" framing",sacred,Wikimedia Commons;Met Open Access (CC0),R2,F1.13;F1.16,high,Sangama and Tuluva houses folded into this row.
POL197,Mughal Empire,Mughals; Gurkani,polity,People,F1.10;F1.9,AS-SAS;AS-CEN,1526,1857,,"Mughal karkhanas (imperial workshops) and painting ateliers produced illustrated manuscripts, carpets, jades and pietra dura buildings such as the Taj Mahal.",manuscript painting; carpet weaving; jade carving; pietra dura; cotton printing,albums; carpets; jades; Taj Mahal,rule and display;ritual and belief;exchange and value;clothing and adornment,historians; court chronicles (Akbarnama),painters recorded only by first names; karkhana workers; peasants taxed to pay for it; Hindu and Jain collaborators,none,Met Open Access (CC0);Cleveland Museum of Art Open Access (CC0);Wikimedia Commons;British Museum collection search (link out),R1,F1.13;F1.17;F1.23,high,Timurid lineage; no separate DYN row.
POL198,Sikh Empire,Khalsa Raj; Punjab,polity,People,F1.9,AS-SAS;AS-HIM,1799,1849,annexed by Britain 1849,Ranjit Singh's court covered the Harmandir Sahib in gilded copper and used Kashmir shawls and arms as state gifts.,copper gilding; shawl weaving; arms,Harmandir Sahib gilding; shawls; arms,rule and display;ritual and belief;clothing and adornment,historians,Kashmiri shawl weavers taxed heavily; the Koh-i-Noor and Lahore treasury taken in 1849,conflict-looting;sacred,Wikimedia Commons;British Museum collection search (link out),R2,F1.24,high,
POL199,Kingdom of Mysore,Mysore,polity,People,F1.9,AS-SAS,1399,1950,"Wodeyar rule, Haidar Ali and Tipu Sultan 1761–99, Wodeyars restored 1799","Tipu Sultan's Mysore made iron-cased rockets and the automaton ""Tipu's Tiger"", both taken by the British in 1799.",iron rocket casing; wood automaton; tiger-stripe ornament,Tipu's Tiger; guns; textiles,rule and display;war,historians,objects looted at Seringapatam 1799; the palace craftsmen,conflict-looting,Wikimedia Commons;V&A collections search (link out),R2,F1.19a;F1.24,high,Wodeyar dynasty is a DYN row.
POL200,English East India Company,EIC; Honourable East India Company,polity,People,F1.9;F1.13,AS-SAS;AS-CHN;AS-ISE;AS-MSE,1600,1874,ruled Bengal from 1757; Crown takeover 1858; dissolved 1874,"The Company ordered Indian chintz to European designs, commissioned ""Company paintings"", and after 1757 taxed the weavers who supplied it.",chintz painting and printing; watercolour; tea and opium trade,chintz; Company paintings; tea,rule and display;exchange and value,historians; Company archives,Bengal weavers coerced by advance contracts; 1770 famine victims; opium cultivators,conflict-looting,British Library digitised collections (public-domain items);Met Open Access (CC0);Wikimedia Commons,R1,F1.13;F1.17;F1.23,high,Company-state.
POL201,British Raj,British India,polity,People,F1.9,AS-SAS;AS-MSE;AS-HIM,1858,1947,,"The Raj founded government schools of art (Madras 1850, Calcutta 1854, Bombay 1857, Lahore 1875), staged craft exhibitions and presided over the decline of handloom under imported cloth.",handloom and mill cloth; art-school training; exhibitions,exhibition objects; Journal of Indian Art; textiles,rule and display;exchange and value,historians; colonial surveys,"weavers and artisans ranked as ""industrial arts""; famine victims; princely states",conflict-looting,British Library digitised collections (public-domain items);Wikimedia Commons,R1,F1.15;F1.17;F1.19,high,"Schools of art first founded under the Company, taken over by the state."
POL202,Republic of India (craft and design policy),India,polity,People,F1.9;THEME,AS-SAS,1947,,continues,"India's state created the All India Handicrafts Board (1952) under Kamaladevi Chattopadhyay, the Khadi and Village Industries Commission (1956) and the National Institute of Design (1961).",handloom; handicraft; industrial design education,khadi; handloom; design school work,rule and display;exchange and value;clothing and adornment,the Indian state; design historians,Adivasi and Dalit makers; women homeworkers; partition refugees,living-community,Wikimedia Commons,R1,F1.17;F1.20,high,"NID followed the Eames ""India Report"" (1958)."
POL203,Portuguese Estado da Índia,Portuguese India,polity,People,F1.9;F1.13,AS-SAS;AF-SWA;AS-ISE,1505,1961,Goa annexed by India 1961,"Portuguese Goa commissioned Indo-Portuguese inlaid furniture, ivory Christian images and embroidered quilts from Indian makers.",wood inlay; ivory carving; embroidery,cabinets; ivory figures; colchas,rule and display;ritual and belief;exchange and value,historians,Indian and enslaved East African makers; Inquisition victims,human-flow,Met Open Access (CC0);Wikimedia Commons,R2,F1.13;F1.14,high,
POL204,Guge Kingdom,Guge,polity,People,F1.9,AS-HIM,950,1630,c.,Guge rulers sponsored the temples of Tholing and Tsaparang with murals and metal images during the revival of Buddhism in western Tibet.,mural painting; metal casting,murals; sculptures,rule and display;ritual and belief,historians; Tibetan sources,Ladakhi conquest 1630; artisans from Kashmir,sacred,Himalayan Art Resources (link out);Wikimedia Commons,R3,F1.16,medium,
POL205,Ganden Phodrang,Tibetan government of the Dalai Lamas,polity,People,F1.9;F1.8,AS-HIM,1642,1959,,The Dalai Lamas' government built the Potala Palace and organised painting and metalwork for monasteries across Tibet.,thangka painting; metal casting; building,Potala; thangkas; images,rule and display;ritual and belief,historians; Tibetan sources,nomads and serfs; Bon; exiles after 1959,sacred;living-community,Himalayan Art Resources (link out);Wikimedia Commons;Met Open Access (CC0),R2,F1.16,high,
POL206,Kingdom of Bhutan,Druk Yul,polity,People,F1.9,AS-HIM,1616,,Zhabdrung state from 1616; Wangchuck monarchy from 1907,"Bhutan's state built dzong fortress-monasteries and in 1989 codified national dress, sustaining women's backstrap weaving.",backstrap weaving; dzong building; thangka,dzongs; kira and gho; textiles,rule and display;ritual and belief;clothing and adornment,the Bhutanese state,Lhotshampa expelled in the 1990s; women weavers,sacred;living-community,Wikimedia Commons,R2,F1.18,high,
POL207,Funan,Funan (Chinese name),polity,People,F1.9,AS-MSE,100,550,c.; known mainly from Chinese sources,"Funan's port at Oc Eo traded glass and stone beads, gold and Roman and Indian objects.",bead making; gold working; canal building,beads; seals; Buddha images,exchange and value;rule and display,Chinese chroniclers; archaeologists (Malleret),debated polity; its own name unknown; Mekong delta communities,none,Wikimedia Commons;open-access excavation reports,R3,F1.13,medium,Debated polity.
POL208,Champa,Cham kingdoms,polity,People,F1.9,AS-MSE,192,1832,c.; many principalities,Cham rulers built brick tower-temples such as Mỹ Sơn and commissioned sandstone sculpture.,brick temple building; sandstone carving,kalan towers; sculptures,rule and display;ritual and belief,historians; Cham inscriptions,debated as one polity; present Cham communities (Hindu and Muslim),sacred;living-community,Wikimedia Commons;Met Open Access (CC0),R2,F1.16,high,Federation of polities.
POL209,Khmer Empire,Angkor; Kambuja,polity,People,F1.9,AS-MSE,802,1431,conventional dates,Angkorian kings built stone temple-mountains with carved reliefs and commissioned stone and bronze sculpture and glazed stoneware.,sandstone carving; laterite building; bronze; stoneware,Angkor Wat; sculptures; ceramics,rule and display;ritual and belief,historians; Khmer and Sanskrit inscriptions,temple slaves listed in inscriptions; commoners; 20th-c. looting,sacred;conflict-looting,Met Open Access (CC0);Cleveland Museum of Art Open Access (CC0);Wikimedia Commons,R1,F1.16;F1.23;F1.24,high,
POL210,Pagan,Bagan,polity,People,F1.9,AS-MSE,849,1297,c.,Pagan's rulers and donors built thousands of brick temples with murals and glazed jataka plaques.,brick building; mural painting; glazed terracotta,temples; murals; plaques,ritual and belief;rule and display,historians; inscriptions,temple bondspeople; Mon and Pyu makers,sacred,Wikimedia Commons,R2,F1.16,high,
POL211,Hanthawaddy Kingdom,Mon kingdom of Pegu,polity,People,F1.9,AS-MSE,1287,1539,,Hanthawaddy's port of Martaban gave its name to large glazed storage jars traded across the Indian Ocean.,glazed stoneware; trade,Martaban jars,exchange and value;food and storage,historians,potters; later Burman conquest,none,Wikimedia Commons,R3,F1.13,medium,
POL212,Sukhothai Kingdom,Sukhothai,polity,People,F1.9,AS-MSE,1238,1438,,Sukhothai sculptors made the walking Buddha type and kilns at Si Satchanalai exported Sawankhalok ceramics.,bronze casting; stoneware,walking Buddhas; Sawankhalok wares,ritual and belief;exchange and value,historians; Ram Khamhaeng inscription (authenticity debated),Khmer and Mon precedents; potters,sacred,Met Open Access (CC0);Wikimedia Commons,R2,F1.13;F1.16,high,
POL213,Ayutthaya Kingdom,Siam; Krung Si Ayutthaya,polity,People,F1.9,AS-MSE,1351,1767,sacked 1767,"Ayutthaya's court used gold-leaf lacquer, ordered Bencharong enamelled porcelain from China and traded with Asia and Europe.",lacquer and gilding (lai rot nam); porcelain orders; bronze,lacquer cabinets; Bencharong; Buddhas,rule and display;ritual and belief;exchange and value,historians,corvée labour (phrai); war captives; foreign quarters,sacred,Met Open Access (CC0);Wikimedia Commons,R2,F1.13;F1.14,high,
POL214,Lan Xang,Lane Xang,polity,People,F1.9,AS-MSE,1353,1707,,Lan Xang's capital Luang Prabang built temples with gilded stencil decoration and housed the Phra Bang image.,gold stencil; wood carving; weaving,temples; textiles,ritual and belief;rule and display,historians,"Hmong, Khmu and other upland peoples; Siamese removal of the Emerald Buddha (1779); temple artisans",sacred,Wikimedia Commons,R3,F1.16,medium,
POL215,Đại Việt,Dai Viet,polity,People,F1.8;F1.9,AS-MSE,1054,1804,name adopted 1054; renamed Việt Nam 1804,Đại Việt's dynasties supported ceramics such as Chu Đậu blue-and-white and Buddhist and Confucian architecture.,stoneware and porcelain; wood carving; lacquer,ceramics; temples,rule and display;ritual and belief;exchange and value,historians; Vietnamese annals,"Cham, Khmer and upland peoples absorbed in the southward advance (Nam tiến); kiln workers; women weavers",none,Met Open Access (CC0);Wikimedia Commons,R2,F1.13,high,"Lý, Trần and Lê are DYN rows."
POL216,Srivijaya,Sriwijaya,polity,People,F1.9,AS-ISE;AS-MSE,671,1275,c.; dates debated,"Srivijaya controlled Strait of Malacca trade and Buddhist learning, with bronze images across Sumatra and the peninsula.",bronze casting; trade,bronzes; inscriptions,ritual and belief;exchange and value,historians; Chinese pilgrims (Yijing),centre location debated; sea peoples (orang laut),sacred,Wikimedia Commons,R2,F1.13,medium,
POL217,Mataram (Medang) Kingdom,Medang,polity,People,F1.9,AS-ISE,732,1016,c.,Central Javanese Mataram built Borobudur (Sailendra) and Prambanan (Sanjaya line).,andesite carving; bronze and gold,Borobudur; Prambanan; bronzes,rule and display;ritual and belief,historians; inscriptions,corvée labourers and stone carvers; commoner villages that supported the temples; the 19th-c. removal of Borobudur sculptures by colonial officials,sacred,Wikimedia Commons;Met Open Access (CC0),R2,F1.16,high,Sailendra is a DYN row.
POL218,Singhasari,Singasari,polity,People,F1.9,AS-ISE,1222,1292,,Singhasari's Prajnaparamita statue was taken to Leiden and returned to Indonesia in 1978.,andesite carving,Prajnaparamita; temples,ritual and belief;rule and display,historians; Nagarakretagama,peasants; the statue's removal,sacred;conflict-looting,Wikimedia Commons,R3,F1.24,medium,
POL219,Majapahit,Majapahit,polity,People,F1.9,AS-ISE,1293,1527,c.,"Majapahit's capital Trowulan produced terracotta figures, brick temples and metalwork.",terracotta; brick; metalwork,figures; temples,rule and display;ritual and belief,historians; Nagarakretagama,tributaries; Balinese successors,sacred,Wikimedia Commons,R2,,high,
POL220,Mataram Sultanate and its successors,Mataram; Yogyakarta; Surakarta,polity,People,F1.10;F1.9,AS-ISE,1587,,Mataram 1587–1755; Yogyakarta and Surakarta courts continue,Javanese courts reserved batik patterns such as parang rusak for royalty and patronised wayang kulit and gamelan.,batik; leather puppets; gamelan,batik; wayang; gamelan,rule and display;clothing and adornment;play and music,historians; court chronicles,women batik makers; commoners barred from patterns,living-community,Wikimedia Commons;Rijksmuseum (CC0),R2,F1.18,high,
POL221,Sultanate of Sulu,Sulu,polity,People,F1.10;F1.9,AS-ISE,1405,1915,c.,"Sulu's Tausug made textiles, weapons and boats and raided for captives.",weaving; blacksmithing; boatbuilding,textiles; kris; boats,exchange and value;war,historians,captives taken in raids and sold; Sama Bajau sea peoples; the sultanate's claims to North Borneo,human-flow,Wikimedia Commons,R3,,medium,
POL222,Klungkung Kingdom,Klungkung,polity,People,F1.9,AS-ISE,1686,1908,puputan 1908,Klungkung's court patronised Kamasan painting and fell in a puputan in 1908.,painting; textiles,Kamasan paintings,rule and display;ritual and belief,historians,the royal household and followers killed in the 1908 puputan; Kamasan painters' village; objects taken by Dutch troops,conflict-looting,Wikimedia Commons;Rijksmuseum (CC0),R3,F1.19a,medium,
POL223,Dutch East Indies,Nederlands-Indië,polity,People,F1.9;F1.13,AS-ISE,1800,1949,,"The colony's cultivation system and collecting shaped batik and took objects such as the Lombok treasure (1894), partly returned in 2023.",batik; plantation crops; collecting,batik; collections,rule and display;exchange and value,historians,forced cultivators; Lombok and Bali,conflict-looting,Rijksmuseum (CC0);Wikimedia Commons,R2,F1.22;F1.23;F1.24,high,
POL224,Spanish Philippines,Captaincy General of the Philippines,polity,People,F1.9;F1.13,AS-ISE,1565,1898,,Spanish rule commissioned ivory santos and furniture from Chinese and Filipino carvers for the Manila galleon trade.,ivory carving; wood,santos; furniture,ritual and belief;exchange and value,historians,Sangley Chinese; Indigenous peoples,none,Wikimedia Commons;Met Open Access (CC0),R2,F1.13;F1.14,high,
POL225,French Indochina,Indochine française,polity,People,F1.9;F1.13,AS-MSE,1887,1954,,"The colony founded the École des Beaux-Arts de l'Indochine (1925), where lacquer painting was modernised.",lacquer painting; silk painting,lacquer paintings,rule and display;exchange and value,historians,"rubber-plantation labourers; Vietnamese, Lao and Khmer artisans retrained to French taste; anti-colonial artists",none,Wikimedia Commons,R2,F1.20,high,
POL226,Scythian kingdoms,Royal Scythians,polity,People,F1.12a;F1.11,AS-CEN;EU-EER,-700,-250,c.,"Scythian elites were buried with gold in the ""animal style"", much of it made by Greek goldsmiths of the Black Sea colonies.",gold repoussé and casting; felt; horse gear,pectorals; plaques; horse trappings,rule and display;clothing and adornment;war,Herodotus; archaeologists,debated polity; Greek makers; non-elite nomads; kurgan looting,funerary;conflict-looting,Met Open Access (CC0);Wikimedia Commons,R2,F1.13;F1.14,medium,Debated polity.
POL227,Xiongnu,Xiongnu confederation,polity,People,F1.12a,AS-CEN;AS-NTH;AS-CHN,-209,93,c.; northern Xiongnu defeated 89–93,"Xiongnu elite tombs such as Noin-Ula held Chinese silks, Bactrian textiles and bronze belt plaques.",bronze casting; felt; imported silk,belt plaques; textiles,rule and display;exchange and value;clothing and adornment,Chinese historians (Sima Qian); archaeologists,debated as state vs confederation; subject peoples,funerary,Met Open Access (CC0);Wikimedia Commons,R2,F1.13,medium,
POL228,Sogdian city-states,Sogdiana; Samarkand; Panjakent,polity,People,F1.12a,AS-CEN,-500,750,c.; Arab conquest early 8th c.,"Sogdian cities painted narrative murals, worked silver and wove silks while Sogdian merchants ran Silk Road trade.",wall painting; silver working; silk weaving,murals; vessels; textiles,exchange and value;rule and display;ritual and belief,historians; archaeologists,Sogdians in China; enslaved people traded,none,Met Open Access (CC0);Wikimedia Commons,R1,F1.13;F1.14,high,
POL229,Göktürk Khaganate,First and Second Turkic Khaganates,polity,People,F1.12a,AS-CEN;AS-NTH,552,744,,The Turkic khaganate carved Old Turkic runic inscriptions and stone memorial complexes such as Bilge Khan's.,stone carving; runic writing; gold,Orkhon inscriptions; statues,rule and display;record and writing,historians; inscriptions,subject peoples; Sogdian scribes,funerary,Wikimedia Commons,R2,F1.28,high,
POL230,Uyghur Khaganate,Uyghur Empire,polity,People,F1.12a,AS-CEN;AS-NTH,744,840,,The Uyghur khaganate made Manichaeism a state religion (763) and built its capital Ordu-Baliq.,city building; textiles,capital; inscriptions,rule and display;ritual and belief,historians,Sogdian and Chinese artisans in the capital; Yenisei Kyrgyz who destroyed it; subject peoples,none,Wikimedia Commons,R3,F1.16,medium,
POL231,Qocho Uyghur Kingdom,Gaochang; Kingdom of Qocho,polity,People,F1.12a;F1.8,AS-CEN;AS-CHN,856,1335,c.,Qocho's Buddhist and Manichaean communities painted the Bezeklik murals and illuminated manuscripts.,mural painting; manuscript painting,murals; manuscripts,ritual and belief;record and writing,historians,murals removed to Berlin 1900s,sacred;conflict-looting,Wikimedia Commons;International Dunhuang Programme (link out; check terms),R2,F1.16;F1.24,high,
POL232,Samanid Empire,Samanids,polity,People,F1.10;F1.12a,AS-CEN;WA-IRN,819,999,,"Samanid Samarkand and Nishapur made epigraphic slipware, and the Samanid mausoleum in Bukhara is a brick landmark.",slip-painted ceramics; decorative brick,epigraphic bowls; mausoleum,rule and display;ritual and belief;food and storage,historians,Turkic slaves traded; peasants,none,Met Open Access (CC0);Cleveland Museum of Art Open Access (CC0);Wikimedia Commons,R2,F1.28,high,
POL233,Mongol Empire,Yeke Mongghol Ulus,polity,People,F1.12a;F1.13,GL,1206,1368,unified empire to 1260; khanates after,"The Mongols relocated captured artisans across Eurasia and wove cloth-of-gold (nasij), while the yam relay system moved goods and envoys.",cloth-of-gold weaving; relocation of artisans; relay post,nasij; paiza; felt,rule and display;exchange and value;transport,historians; Secret History,captured and deported artisans; conquered cities,conflict-looting,Met Open Access (CC0);Cleveland Museum of Art Open Access (CC0);Wikimedia Commons,R1,F1.13;F1.14;F1.23,high,Chinggisid lineage is a DYN row.
POL234,Ilkhanate,Ilkhanids,polity,People,F1.10;F1.12a,WA-IRN;WA-MES;WA-ANA;WA-CAU,1256,1335,,"The Ilkhans commissioned the Great Mongol Shahnama, lustre tiles and Rashid al-Din's illustrated histories.",manuscript painting; lustre tiles,manuscripts; tiles,rule and display;record and writing;ritual and belief,historians,"people killed in the conquest of Baghdad (1258); Christian, Jewish and Chinese artisans; peasant taxpayers",conflict-looting,Met Open Access (CC0);Cleveland Museum of Art Open Access (CC0);Wikimedia Commons,R2,F1.13;F1.14,high,No separate DYN row.
POL235,Timurid Empire,Timurids,polity,People,F1.10;F1.12a,AS-CEN;WA-IRN,1370,1507,,"Timur deported artisans to Samarkand, and Herat's kitabkhana produced manuscripts by painters such as Bihzad.",tilework; manuscript painting,buildings; manuscripts,rule and display;record and writing,historians,"artisans deported from Damascus, Delhi and elsewhere; cities destroyed in conquest",none,Met Open Access (CC0);Cleveland Museum of Art Open Access (CC0);Wikimedia Commons,R1,F1.13;F1.23,high,
POL236,Safavid Empire,Safavids,polity,People,F1.10,WA-IRN;WA-CAU;WA-MES,1501,1736,,Safavid shahs founded court carpet and silk workshops and moved Armenian merchants to New Julfa.,carpets; silk; painting,carpets; manuscripts,rule and display;ritual and belief;exchange and value,historians,Georgian and Armenian deportees; Armenian merchants of New Julfa; carpet weavers including women and children,none,Met Open Access (CC0);Cleveland Museum of Art Open Access (CC0);Wikimedia Commons,R2,F1.13;F1.17,high,
POL237,Bukhara Khanate and Emirate,Khanate of Bukhara; Emirate of Bukhara,polity,People,F1.10;F1.12a,AS-CEN,1500,1920,,"Bukhara's workshops and households made embroidered suzani, resist-dyed ikat silks and gold embroidery for the court.",embroidery; ikat,suzani; robes,clothing and adornment;rule and display,historians,Bukharan Jewish dyers; women embroiderers of suzani; enslaved Persians,human-flow,Met Open Access (CC0);Wikimedia Commons,R2,F1.18,medium,Shaybanid is a DYN row.
POL238,Dutch East India Company,VOC,polity,People,F1.13;F1.9;F1.8,GL,1602,1799,,"The VOC shipped Chinese and Japanese porcelain, Indian chintz and spices to Europe and ran Batavia and the Cape with enslaved labour.",porcelain trade; chintz; spice monopoly,kraak porcelain; chintz; ships,exchange and value;rule and display,historians,Bandanese killed in 1621; enslaved people; weavers,human-flow;conflict-looting,Rijksmuseum (CC0);Wikimedia Commons,R1,F1.13;F1.14;F1.22;F1.23,high,Company-state.
POL239,Ghana under Nkrumah,Republic of Ghana 1957–66,polity,People,F1.6;THEME,AF-GUI,1957,1966,,Nkrumah's Ghana promoted kente as national dress and commissioned modernist buildings and monuments such as Black Star Square.,kente strip weaving; modernist architecture; adinkra,kente; monuments; state buildings,rule and display;clothing and adornment,historians,political opponents detained; Ewe and other kente weavers outside Asante; rural makers,living-community,Wikimedia Commons,R2,F1.20,high,
POL240,Senegal under Senghor,Republic of Senegal 1960–80,polity,People,F1.6;THEME,AF-SAH;AF-GUI,1960,1980,,Senghor's state founded the Manufactures Sénégalaises des Arts Décoratifs tapestry workshop at Thiès (1966) and hosted the First World Festival of Negro Arts.,tapestry; painting,tapestries,rule and display,historians,critics of Négritude; artists outside the École de Dakar; weavers at Thiès,none,Wikimedia Commons,R2,F1.20;F1.17,medium,
