id,name,other_names,kind,family,world,sub_regions,start,end,date_note,making_significance,materials_techniques,object_types,functions,defined_by,leaves_out,sensitivity,free_sources,tier,units,confidence,notes
OCC001,Fall of Ur (c. 2004 BCE),Elamite sack of Ur; Lament for Ur,event,Time,F1.9a,WA-MES;WA-IRN,-2004,-2004,approx.; Middle Chronology,"Elamite and Shimashki forces sacked Ur and ended the Ur III state and its large textile and craft workshops, an event mourned in the Sumerian city laments.",weaving;temple building,tablet;temple,war;ritual and belief,"Assyriologists (Lament for Ur, ETCSL)",the dependent workers of the Ur III workshops,conflict-looting,Cuneiform Digital Library Initiative (link-out); public-domain primary texts,R3,F1.19a;F1.28,high,links: POL094; INS092; PRD034.
OCC002,Thera eruption (c. 1600 BCE),Minoan eruption of Santorini,event,Time,F1.11,EU-GRR,-1620,-1600,date debated: radiocarbon c. 1600 BCE vs archaeological c. 1500 BCE,"The eruption buried the town of Akrotiri on Thera in ash, preserving painted walls, storage jars and multi-storey houses.",fresco;pottery;building,wall painting;storage jar,shelter;food and storage,volcanologists; Aegean archaeologists,"the people who left before the eruption, whose fate is unknown",none,Wikimedia Commons; open-access excavation reports,R3,F1.28;F1.22,medium,links: CIV074; POL115. Link to Minoan decline is debated.
OCC003,Uluburun shipwreck (c. 1320 BCE),Uluburun wreck,event,Time,F1.9a;F1.13,WA-ANA;WA-LEV;EU-GRR,-1320,-1300,approx.; excavated 1984–1994,"A ship that sank off southern Anatolia carried copper and tin ingots, glass ingots, ivory, ebony and jewellery, a snapshot of Late Bronze Age trade in raw materials.",copper and tin ingots;glass ingots;ivory,oxhide ingot;glass ingot;jewellery,exchange and value;transport,nautical archaeologists (Institute of Nautical Archaeology),"the crew, whose origin is still debated",none,open-access excavation reports; Wikimedia Commons,R2,F1.13;F1.22,high,links: NET020; NET026; INV026.
OCC004,Late Bronze Age collapse (c. 1200–1150 BCE),"Bronze Age collapse; ""Sea Peoples"" crisis",event,Time,F1.9a;F1.11;F1.6,WA-LEV;WA-ANA;EU-GRR;AF-EGY,-1200,-1150,approx.,"Palaces from Mycenae to Hattusa and Ugarit fell, ending palace workshops and long-distance trade in copper, tin and glass, and writing stopped in Greece.",palace crafts;trade in ingots,tablet;palace,war;exchange and value,historians and archaeologists,the non-palatial communities that carried on,conflict-looting,open-access excavation reports; Wikimedia Commons,R2,F1.19a;F1.3,high,"links: POL100; POL101; POL116; NET020. Causes debated (drought, earthquakes, raiders, system collapse)."
OCC005,Elamite seizure of Babylonian monuments (c. 1158 BCE),Shutruk-Nahhunte's raid on Sippar and other cities,event,Time,F1.9a,WA-MES;WA-IRN,-1158,-1155,approx.; campaign dates debated,"The Elamite king Shutruk-Nahhunte carried Mesopotamian stelae, including the Code of Hammurabi and the Victory Stele of Naram-Sin, to Susa and re-inscribed some of them, an early recorded case of taking made monuments as trophies.",stone carving;inscription,stele;statue,rule and display;war,"Assyriologists and Elamologists from Susa excavations (French mission, 1898 on)",the craftsmen who carved and re-carved the stelae,conflict-looting,Cuneiform Digital Library Initiative (link-out); Wikimedia Commons; open-access excavation reports,R2,F1.24;F1.19a,high,links: POL098; CIV059; TXT038. Stelae found at Susa by de Morgan's mission 1898–1902 and now in the Louvre.
OCC006,Neo-Assyrian mass deportations (8th–7th c. BCE),Assyrian deportations,event,Time,F1.9a,WA-MES;WA-LEV;WA-ANA,-745,-627,approx.; from Tiglath-pileser III to Ashurbanipal,"Assyrian kings moved hundreds of thousands of conquered people, often skilled craftsmen, to build and furnish their cities.",ivory carving;building;metalwork,ivory furniture fitting;relief,war;rule and display,Assyriologists (royal inscriptions and reliefs),"the deportees, shown only as captives in the reliefs",human-flow;conflict-looting,Cuneiform Digital Library Initiative (link-out); Met Open Access (CC0),R2,F1.23;F1.13,high,links: POL096; STY169. Numbers in royal inscriptions are propaganda.
OCC007,Fall of Nineveh (612 BCE),destruction of Nineveh,event,Time,F1.9a,WA-MES,-612,-612,612 BCE,"The sack of Nineveh by Babylonian and Median forces ended the Assyrian palace workshops, while fire baked clay tablets of the palace libraries and left carved wall reliefs buried until the 19th century.",relief carving;clay tablets,palace relief;tablet,record and writing;rule and display;war,Assyriologists (Babylonian Chronicle),deported craft workers of the Assyrian empire,conflict-looting,Cuneiform Digital Library Initiative (link-out); Met Open Access (CC0); Wikimedia Commons,R2,F1.19a;F1.28,high,links: POL096; POL097. Relief removal to London in the 1840s–50s (Layard) is a later F1.24 story.
OCC008,Cyrus Cylinder and the return of cult statues (539 BCE),Cyrus Cylinder,event,Time,F1.9a,WA-MES;WA-IRN,-539,-539,539 BCE,"After taking Babylon, Cyrus declared that he returned cult statues to their temples and resettled their peoples, a royal claim often read as an early ""restitution"".",cylinder inscription;cult statue,cylinder;cult statue,ritual and belief;rule and display,Achaemenid propaganda; Assyriologists,"the Babylonian priests who wrote it and the modern myths of ""the first human-rights charter""",sacred,Cuneiform Digital Library Initiative (link-out); Wikimedia Commons,R3,F1.24;F1.3,high,links: POL105; POL097.
OCC009,Twelve Tables funerary limits (c. 450 BCE),"Law of the Twelve Tables, Table X",event,Time,F1.11,EU-GRR,-451,-450,approx.; text survives only in later quotations,"The early Roman law code capped funeral display, including numbers of mourning cloths and a ban on burying gold except gold bound to teeth.",goldwork;textile,shroud;dental gold,ritual and belief;rule and display,Roman state; reconstructed by modern philologists from Cicero and others,"non-elite funerals, which left few records",funerary,public-domain primary texts; Wikisource,R3,F1.17;F1.16,high,"Cicero, De legibus 2.23–24 preserves the clauses."
OCC010,Sack of Persepolis (330 BCE),burning of Persepolis,event,Time,F1.9a,WA-IRN,-330,-330,330 BCE,"Alexander's army looted the Achaemenid treasury and burned the palace complex, dispersing metalwork and ending the royal building workshops.",stone relief;metalwork,column capital;relief;vessel,rule and display;war,"historians (Diodorus, Plutarch, Arrian); archaeologists (Oriental Institute excavations 1931–39)",the multi-ethnic workforce named in the Persepolis Fortification Tablets,conflict-looting,Met Open Access (CC0); Wikimedia Commons; open-access excavation reports,R2,F1.19a;F1.24,high,links: POL105; STY095.
OCC011,Qin standardisation (221 BCE),"unification of script, weights, measures and axles",event,Time,F1.8,AS-CHN,-221,-210,from 221 BCE,"After unifying China, the Qin state standardised script, coinage, weights, measures and axle widths, and stamped standard vessels with the edict.",bronze casting;inscription,standard weight;measuring vessel;coin,exchange and value;record and writing;rule and display,Qin state; historians (Sima Qian),the regional scripts and measures it replaced,none,Met Open Access (CC0); Chinese Text Project (link-out); Wikimedia Commons,R2,F1.5;F1.17,high,links: POL159; INS019.
OCC012,Lex Oppia (215 BCE),Oppian Law,event,Time,F1.11,EU-GRR,-215,-195,passed 215 BCE; repealed 195 BCE,"A Roman sumptuary law passed during the Second Punic War limited women to half an ounce of gold and banned multi-coloured dress, so its repeal debate records how dress and jewellery signalled rank.",goldwork;dyeing,jewellery;garment,clothing and adornment;rule and display,Roman state; Livy (Book 34),"the women who protested for its repeal, known mainly through Livy",none,public-domain primary texts; Wikisource,R3,F1.17,high,Livy 34.1–8 gives the repeal debate (Cato vs Valerius).
OCC013,Sack of Corinth (146 BCE),destruction of Corinth by Lucius Mummius,event,Time,F1.11,EU-GRR,-146,-146,146 BCE,"Roman troops sacked Corinth and shipped Greek statues and bronzes to Italy, feeding a Roman market for Greek art and copies.",bronze casting;marble sculpture,statue;bronze vessel,rule and display;war,"historians (Polybius, Pausanias, Pliny)",enslaved Corinthians sold after the sack,conflict-looting;human-flow,Met Open Access (CC0); Wikimedia Commons; public-domain primary texts,R3,F1.19a;F1.14;F1.24,high,"links: POL120. ""Corinthian bronze"" as a luxury label in Pliny."
OCC014,Zhang Qian's missions to the Western Regions (138–126 BCE),Zhang Qian's embassy,event,Time,F1.8;F1.12a;F1.13,AS-CHN;AS-CEN,-138,-115,first mission c. 138–126 BCE; second c. 119–115 BCE,"Han envoy Zhang Qian's journeys to Central Asia are traditionally taken as opening Han contact with the Western Regions and their horses, glass and metalwork.",silk;horse breeding,silk;horse figure,exchange and value;transport,Han historians (Sima Qian),the steppe and oasis peoples already trading,none,Chinese Text Project (link-out); Met Open Access (CC0),R3,F1.13,high,links: NET001; NET003; POL160.
OCC015,Han salt and iron monopolies (117 BCE),Debate on Salt and Iron (81 BCE),event,Time,F1.8,AS-CHN,-117,-81,monopolies from c. 117 BCE; debate 81 BCE,"Emperor Wu put salt making and iron casting under state monopoly, and a court debate in 81 BCE argued over the quality and price of state-made tools.",iron casting;salt boiling,iron tool;salt pan,tools;food and storage,Han state; Huan Kuan's Yantie lun,the conscript and convict labour in state foundries,human-flow,Chinese Text Project (link-out),R3,F1.17;F1.19,high,links: POL160; INV089.
OCC016,Siege of Jerusalem (70 CE),destruction of the Second Temple,event,Time,F1.9a,WA-LEV,70,70,70 CE,"Roman forces destroyed the Second Temple and carried its menorah and vessels to Rome, where the Arch of Titus shows them in procession.",goldwork;relief carving,menorah;relief,ritual and belief;war,historians (Josephus); Roman monuments,captives enslaved after the siege,conflict-looting;sacred;human-flow,Wikimedia Commons; public-domain primary texts,R2,F1.19a;F1.24,high,links: BEL007; POL120.
OCC017,Eruption of Vesuvius (79 CE),destruction of Pompeii and Herculaneum,event,Time,F1.11,EU-GRR,79,79,79 CE; month debated (August or October),"Ash and pyroclastic flows buried Pompeii and Herculaneum, preserving workshops, bakeries, fulleries and painted rooms whose later excavation shaped knowledge of Roman making.",fresco;bronze;glass;fulling,wall painting;furniture;tools,shelter;food and storage;tools,volcanologists; historians (Pliny the Younger's letters),"enslaved workers of the towns, prominent among the dead",funerary;human-flow,Wikimedia Commons; Met Open Access (CC0); public-domain primary texts,R2,F1.28,high,links: STY006; TXT002. Excavation event listed separately (OCC097).
OCC018,Shapur I's Roman captives (260),captivity of Valerian,event,Time,F1.9a;F1.11,WA-IRN;EU-GRR,260,260,260 CE,"After capturing the emperor Valerian, Shapur I settled Roman prisoners in Iran, where they are credited with building dams and bridges such as the Band-e Kaisar at Shushtar.",masonry;hydraulic engineering,bridge;dam,war;food and storage,Sasanian inscriptions (Shapur's Res Gestae); historians,the captives' own names and lives,human-flow,Wikimedia Commons,R3,F1.13;F1.23,medium,links: POL107. Engineering attribution is traditional.
OCC019,Edict on Maximum Prices (301 CE),Diocletian's Price Edict,event,Time,F1.11,EU-GRR;WA-ANA;AF-EGY,301,301,301 CE,"Diocletian's edict fixed prices for goods and wages across the empire, listing rates for purple dye, silk, textiles and the day-pay of builders, carpenters and painters.",purple dyeing;weaving;carpentry;painting,textile;dye,exchange and value;rule and display,Roman state; epigraphers (inscription fragments),makers paid by piece or in kind,none,public-domain primary texts; Wikimedia Commons; open-access excavation reports,R2,F1.17;F1.23,high,"Known from inscribed copies, mostly in the eastern provinces."
OCC020,Sack of Rome (410),Visigothic sack of Rome,event,Time,F1.11,EU-GRR,410,410,24–27 August 410,"Alaric's Visigoths looted Rome for three days, a shock that became a founding story for ""the fall of Rome"" and for Late Antique hoarding of silver.",silverwork;hoarding,silver plate;coin hoard,war;exchange and value,"historians (Orosius, Augustine's City of God)",the non-elite Romans and the Goths' own motives,conflict-looting,public-domain primary texts; Wikimedia Commons,R3,F1.19a;F1.3,high,"links: POL120. The ""fall"" narrative is contested (see PRD064)."
OCC021,Buddhism reaches the Yamato court (538 or 552),gift of a Buddha image from Baekje,event,Time,F1.8,AS-JPN;AS-KOR,538,552,"538 or 552, sources differ","Baekje's gift of a gilt-bronze Buddha and sutras to the Yamato court is the traditional start of Buddhism in Japan, followed by Baekje temple builders, tile makers and image makers.",gilt bronze;roof tile;temple carpentry,Buddhist image;roof tile,ritual and belief;shelter,Japanese chronicles (Nihon shoki; Gangōji engi),the Korean craftsmen who built Asuka-dera,sacred,ColBase (Japan Government Standard Terms); KOGL Type 1 images on Wikimedia Commons,R2,F1.13;F1.16,high,links: POL173; POL178; BEL022.
OCC022,Teotihuacan burning (c. 550),destruction of central Teotihuacan,event,Time,F1.7,AM-MES,550,650,approx.; dating debated,"The civic and ritual centre of Teotihuacan was burned and its images smashed, ending the city's role as Mesoamerica's largest craft centre.",obsidian working;mural painting;pottery,mural;figurine;obsidian blade,ritual and belief;rule and display,archaeologists,"the causes, still unknown (internal revolt or attack)",sacred,INAH Mediateca (link-out); Met Open Access (CC0),R3,F1.19a,medium,links: POL044; CIV026.
OCC023,Silkworms reach Byzantium (c. 552),smuggling of silkworm eggs,event,Time,F1.11;F1.13,EU-BYZ;AS-CEN,552,553,approx.; story told by Procopius,"Procopius tells of monks bringing silkworm eggs from Central Asia to Justinian, the traditional start of Byzantine sericulture.",sericulture;silk weaving,silk textile,clothing and adornment;exchange and value,"historians (Procopius, Theophanes of Byzantium)",Sogdian and Persian silk producers,none,public-domain primary texts,R3,F1.14;F1.13,medium,"links: NET001; DIA001. A story, not a documented transfer; versions differ on who carried the eggs."
OCC024,Tang robe-colour rules (630),Zhenguan dress regulations,event,Time,F1.8,AS-CHN,630,630,"edict of the 8th month, Zhenguan 4 (630); revised later in the Tang","An edict of 630 assigned robe colours to official ranks, purple for the third rank and above, crimson for the fourth and fifth, green for the sixth and seventh and blue for the eighth and ninth, making dyed cloth a visible mark of rank.",dyeing;silk weaving,official robe,clothing and adornment;rule and display,Tang state; historians (Old and New Tang Histories),commoners and dyers,none,Chinese Text Project (link-out); Met Open Access (CC0),R3,F1.17,high,Colour ladder quoted from the Zhenguan 4 edict in a Later Tang memorial (932); rules changed several times.
OCC025,Coinage reform of ʿAbd al-Malik (696–697),Arabisation of coinage,event,Time,F1.10,WA-LEV;WA-MES,696,697,AH 77,"The Umayyad caliph replaced Byzantine- and Sasanian-style coins with gold and silver coins bearing only Arabic inscriptions, setting a lasting epigraphic design for Islamic coinage.",die cutting;minting,dinar;dirham,exchange and value;rule and display,historians and numismatists,the Byzantine- and Sasanian-trained mint workers whose designs it replaced,none,Met Open Access (CC0); Cleveland Museum of Art Open Access (CC0); Wikimedia Commons,R2,F1.5;F1.17,high,links: DYN009. Nomisma for coin types.
OCC026,Byzantine Iconoclasm (726–843),Iconoclast controversy,event,Time,F1.11,EU-BYZ;WA-ANA,726,843,"two phases, c. 726/730–787 and 815–843","Imperial bans on religious figural images led to destroyed or replaced icons and mosaics, and the 843 restoration fixed rules for icon painting that lasted.",icon painting;mosaic,icon;mosaic,ritual and belief,Byzantine church and state; historians,"iconophile monks' and women's roles, known from partisan sources",sacred,Wikimedia Commons; Met Open Access (CC0),R2,F1.16;F1.3,high,links: BEL010; POL121. Sources are almost all from the victorious side.
OCC027,Huichang persecution of Buddhism (845),Great Anti-Buddhist Persecution,event,Time,F1.8,AS-CHN,842,846,peak 845,"Tang orders closed thousands of monasteries and melted bronze images and bells for coinage, destroying much Buddhist metalwork.",bronze casting;melting,Buddhist statue;bell,ritual and belief;exchange and value,historians; Ennin's diary,monks and nuns returned to lay life,sacred;conflict-looting,Met Open Access (CC0); Cleveland Museum of Art Open Access (CC0); public-domain primary texts,R3,F1.16;F1.19a,high,links: BEL022; POL162.
OCC028,End of embassies to Tang (894),suspension of kentōshi,event,Time,F1.8,AS-JPN;AS-CHN,894,894,894,"Japan's court stopped sending envoys to Tang China, a date later used to mark a turn to kokufū (""national style"") court art.",calligraphy;painting,kana manuscript;yamato-e,rule and display,Japanese historiography,continued private trade with China and Korea,none,ColBase (Japan Government Standard Terms); Japan Search,R3,F1.3,high,"links: STY145; PRD121. The ""isolation"" reading is now questioned."
OCC029,Book of the Eparch (c. 912),To eparchikon biblion,event,Time,F1.11,EU-BYZ,911,912,approx.; attributed to Leo VI; 911–912 is one reading of the date,"The Byzantine prefect's rulebook regulated Constantinople's guilds, including silk dealers and dyers, and barred export of reserved imperial silks.",silk weaving;purple dyeing,silk textile,clothing and adornment;exchange and value,Byzantine state,workers outside the guilds,none,public-domain primary texts,R3,F1.17,high,links: TXT009; POL121. Event row for the edict; the text is TXT009.
OCC030,Somnath raid (1026),Mahmud of Ghazni's raid on Somnath,event,Time,F1.9;F1.10,AS-SAS,1026,1026,January 1026,"Mahmud of Ghazni sacked the Somnath temple in Gujarat and carried off its treasure, an event later retold in competing nationalist histories.",stone carving;goldwork,temple;cult image,ritual and belief;war,Persian chroniclers; colonial and nationalist historians,"how the temple and town recovered, which later sources obscure",sacred;conflict-looting,public-domain primary texts; Indian Culture portal (per-owner licence),R3,F1.3;F1.19a,medium,"links: DYN014. See Romila Thapar, Somanatha (2004), on the event's later uses."
OCC031,Fatimid treasury looting (1067–1069),al-Shidda al-ʿUzma (the Great Calamity),event,Time,F1.10,AF-EGY,1067,1069,approx.,"Unpaid troops looted the Fatimid palace treasuries in Cairo, dispersing rock crystal, textiles, books and metalwork across the Mediterranean.",rock-crystal carving;tiraz weaving;bookbinding,rock-crystal ewer;tiraz textile;manuscript,rule and display;exchange and value,"historians (al-Maqrizi, drawing on earlier inventories)",the palace craftsmen who made the objects,conflict-looting,Met Open Access (CC0); Cleveland Museum of Art Open Access (CC0); Wikimedia Commons,R3,F1.24,medium,links: POL041; STY101. Many Fatimid rock crystals now in European church treasuries.
OCC032,Jingkang incident (1127),fall of Kaifeng,event,Time,F1.8,AS-CHN,1127,1127,1126–1127,"Jurchen Jin forces took Kaifeng, capturing two Song emperors, the imperial collections and many artisans, and the Song court re-formed in the south.",ceramics;painting;bronze,Ru ware;painting;ritual bronze,war;rule and display,historians,artisans and palace women taken north,conflict-looting;human-flow,National Palace Museum Taipei Open Data (CC BY 4.0); Met Open Access (CC0); Cleveland Museum of Art Open Access (CC0),R2,F1.19a;F1.24,high,links: POL166; SCH034. Ru ware production ends with the Northern Song.
OCC033,Destruction of Nalanda (c. 1193–1200),sack of Nalanda,event,Time,F1.9,AS-SAS,1193,1200,approx.; date and attackers debated,"Nalanda and other monastic centres in Bihar were destroyed around 1200, ending workshops for Pala-style bronzes and palm-leaf manuscripts in the region.",bronze casting;palm-leaf manuscript,bronze image;manuscript,ritual and belief;record and writing,Persian chronicles; historians,the monks and craftsmen who moved to Nepal and Tibet,sacred;conflict-looting;human-flow,Wikimedia Commons,R3,F1.19a,medium,links: POL191; STY119. Attribution to Bakhtiyar Khalji is common but debated.
OCC034,Sack of Constantinople (1204),Fourth Crusade,event,Time,F1.11,EU-BYZ,1204,1204,April 1204,"Crusaders looted Constantinople and carried relics, reliquaries, enamels and the bronze horses to Venice, filling western treasuries with Byzantine work.",enamel;bronze casting;goldwork,reliquary;icon;horses of San Marco,ritual and belief;war,"historians (Villehardouin, Niketas Choniates)",the Byzantine makers whose work was melted down,conflict-looting;sacred,Wikimedia Commons; Met Open Access (CC0),R2,F1.24;F1.19a,high,links: POL121; POL131; DYN077.
OCC035,Mongol deportations of artisans (1219–1260s),artisan households under the Mongols,event,Time,F1.12a;F1.13;F1.8,AS-CEN;WA-IRN;AS-CHN,1219,1270,approx.,"Mongol armies spared and relocated skilled craftsmen from conquered Central Asian and Iranian cities to workshops in Mongolia and China, mixing textile and metal traditions.",weaving;nasij;metalwork,cloth of gold;robe,clothing and adornment;war,"historians (Juvayni, Rashid al-Din); Yuan registers","the named individuals behind ""artisan households""",human-flow,Met Open Access (CC0); Cleveland Museum of Art Open Access (CC0),R2,F1.13;F1.23,medium,links: POL233; DYN074; NET001. Numbers in chronicles are unreliable.
OCC036,Sack of Baghdad (1258),Mongol conquest of Baghdad,event,Time,F1.10,WA-MES,1258,1258,February 1258,"Hülegü's army sacked Baghdad and ended the Abbasid caliphate, destroying libraries and scattering craftsmen, though some later worked for the Ilkhans.",bookmaking;paper;metalwork,manuscript,record and writing;war,historians,continuities in Baghdad's crafts after 1258,conflict-looting,Digital Library of the Middle East; Met Open Access (CC0),R2,F1.19a,high,links: DYN010; POL234; STY103. Scale of library loss is often exaggerated.
OCC037,Mansa Musa's hajj (1324),pilgrimage of Mansa Musa,event,Time,F1.6;F1.10,AF-SAH;AF-EGY,1324,1325,1324–1325,"Mali's ruler travelled to Mecca through Cairo with large amounts of gold and brought back the Andalusi poet al-Sahili, whom Ibn Khaldun credits with an audience hall in Mali and later tradition with mosques at Timbuktu and Gao.",gold trade;earthen building,mosque;gold,exchange and value;ritual and belief,Arabic chroniclers (al-Umari); historians,the enslaved people in the caravan,human-flow,collection search link-out only,R2,F1.13,medium,links: POL036; CIV008; NET010. Architectural attributions to al-Sahili beyond the audience hall are weakly supported.
OCC038,Black Death (1347–1351),Great Mortality,event,Time,F1.11;F1.10;F1.13,EU-WCE;EU-BLC;EU-IBE;WA-LEV;AF-EGY;AF-MAG,1347,1351,main wave; recurrences to the 18th century,"Plague killed perhaps a third to a half of the population in affected areas, raising wages for surviving craft workers and prompting labour laws.",building;weaving,none specific,care and access,historians,"non-European losses, less studied",funerary,public-domain primary texts; Wellcome Collection,R2,F1.19a;F1.23,high,Mortality estimates vary widely.
OCC039,Statute concerning Diet and Apparel (1363),English sumptuary law of 1363,event,Time,F1.11,EU-BLC,1363,1604,1363; later Acts of Apparel (1533 etc.) repealed 1604,"English law set which cloths, furs and prices each rank could wear, one of a series of sumptuary acts that shaped the cloth trade.",wool;fur;silk,garment,clothing and adornment;rule and display,English crown and Parliament,the tailors and furriers who adapted to the rules,none,official text of the law (government legislation site; link-out); public-domain primary texts,R3,F1.17,high,
OCC040,Ming sumptuary regulations (from 1368),Hongwu dress and house rules,event,Time,F1.8,AS-CHN,1368,1644,approx.; rules reissued and widely broken,"Early Ming law restricted dragon and phoenix motifs, certain colours and gold embroidery to the court and set house sizes and decoration by rank.",embroidery;silk weaving;timber building,dragon robe;mandarin square,clothing and adornment;rule and display;shelter,Ming state; historians,merchants who ignored the rules as Ming commerce grew,none,Met Open Access (CC0); Cleveland Museum of Art Open Access (CC0); National Palace Museum Taipei Open Data (CC BY 4.0),R3,F1.17,medium,links: POL168. Rank badges (buzi) as members.
OCC041,Ming maritime ban (1371–1567),haijin,event,Time,F1.8;F1.13,AS-CHN,1371,1567,1371; relaxed 1567 (Yuegang opened),The Ming ban on private sea trade pushed porcelain and silk exports into tribute missions and smuggling until its relaxation in 1567.,porcelain;silk,blue-and-white porcelain,exchange and value;transport,Ming state; historians,"coastal traders labelled ""pirates"" (wokou)",none,Met Open Access (CC0); Cleveland Museum of Art Open Access (CC0); Rijksmuseum (CC0/PDM),R2,F1.13,high,links: NET054; NET008; DIA007. Qing had a separate ban (see Great Clearance).
OCC042,Timur's deportation of artisans (1398–1402),craftsmen taken to Samarkand,event,Time,F1.12a;F1.10;F1.9,AS-CEN;WA-LEV;AS-SAS;WA-ANA,1398,1405,Delhi 1398; Damascus 1401; Anatolia 1402,"Timur forcibly moved builders, weavers, glass and metal workers from Delhi, Damascus and elsewhere to build and furnish Samarkand, as Clavijo saw in 1404.",tilework;weaving;glass;metalwork,tile;textile,shelter;rule and display,historians; Clavijo's Embajada,the deported makers and their home cities,human-flow;conflict-looting,public-domain primary texts; Archnet (link-out),R2,F1.13;F1.23,high,links: POL235; STY106; TXT036.
OCC043,Zheng He's voyages (1405–1433),Ming treasure fleets,event,Time,F1.8;F1.13;F1.9;F1.6;F1.10,AS-CHN;AS-ISE;AS-SAS;WA-ARB;AF-SWA,1405,1433,seven voyages,"Seven Ming fleets carried porcelain, silk and gifts to Southeast Asia, India, Arabia and East Africa, recorded in the Liujiagang and Changle inscriptions.",shipbuilding;porcelain;silk,treasure ship;porcelain;giraffe painting,transport;exchange and value;rule and display,Ming records; Ma Huan's Yingya shenglan,the crews and the societies visited,none,Chinese Text Project (link-out); Wikimedia Commons,R2,F1.13,high,links: TXT089; TXT090; NET005. Ship sizes in later sources are disputed.
OCC044,Ming occupation of Đại Việt (1407–1427),fourth Chinese domination,event,Time,F1.9;F1.8,AS-MSE,1407,1427,1407–1427,"Ming armies removed books and took Vietnamese craftsmen to China, among them Nguyễn An, later credited with building work in Beijing.",building;printing,book;palace architecture,war;record and writing,Vietnamese and Chinese historians,the craftsmen named only collectively,human-flow;conflict-looting,public-domain primary texts,R3,F1.13;F1.23,medium,links: POL215. Nguyễn An's role in the Forbidden City to verify.
OCC045,Hunminjeongeum promulgated (1446),creation of Hangul,event,Time,F1.8,AS-KOR,1443,1446,created 1443; promulgated 1446,"King Sejong's court issued a designed alphabet for Korean, with the Haerye explaining letter shapes from the organs of speech.",woodblock printing;type design,book;type,record and writing,Joseon court; Korean historiography,the scribes and scholars who worked on it,none,KOGL Type 1 images on Wikimedia Commons; Kyujanggak / Uigwe (link-out),R2,F1.5,high,links: TXT107; POL177.
OCC046,Fall of Constantinople (1453),Ottoman conquest of Constantinople,event,Time,F1.11;F1.10,EU-BYZ;WA-ANA,1453,1453,29 May 1453,Ottoman conquest ended the Byzantine state; Greek scholars and makers moved west while Mehmed II rebuilt the city with new court workshops.,building;manuscript;icon painting,manuscript;icon,war;rule and display,historians,the city's people and continuities under Ottoman rule,conflict-looting;human-flow,Met Open Access (CC0); Wikimedia Commons,R2,F1.19a;F1.13,high,links: POL121; INS041; INS042.
OCC047,Ōnin War (1467–1477),Ōnin no ran,event,Time,F1.8,AS-JPN,1467,1477,1467–1477,"Fighting destroyed much of Kyoto; returning weavers settled near the old Western Army camp, which gave the Nishijin weaving district its name.",silk weaving,brocade;kimono,clothing and adornment;war,Japanese historiography,non-elite Kyoto residents,conflict-looting,ColBase (Japan Government Standard Terms); Japan Search,R3,F1.19a,high,links: POL182; PRD124.
OCC048,Venetian Patent Statute (1474),Parte Veneziana,event,Time,F1.11,EU-WCE,1474,1474,19 March 1474,"Venice granted ten-year exclusive rights to makers of new and useful devices, an early general patent law.",glassmaking;machines,device,tools;exchange and value,Venetian Senate; historians of patents,guild members excluded from rights,none,public-domain primary texts,R3,F1.14,high,links: POL131.
OCC049,Gyeongguk daejeon (1485),Grand Code for State Administration,event,Time,F1.8,AS-KOR,1485,1485,completed 1485,Joseon's law code registered government artisans by craft in the capital and provinces and set dress and household rules by rank.,registered artisans,none specific,rule and display,Joseon state,artisans outside the registers,none,Kyujanggak / Uigwe (link-out),R3,F1.17,medium,Artisan numbers to verify.
OCC050,Portuguese brass in Benin (from c. 1485),manilla trade,event,Time,F1.6;F1.11,AF-GUI;EU-WCE,1485,1600,approx.,"Portuguese traders brought brass manillas to Benin, and metal analysis links many Benin brasses to manillas made in the Rhineland.",brass casting;metal analysis,manilla;plaque,exchange and value,historians; archaeometrists,enslaved people traded in the same exchanges,human-flow,Digital Benin (each lender's licence),R3,F1.13,medium,links: DYN038; POL026. Isotope study published 2023.
OCC051,Alhambra Decree (1492),expulsion of the Jews from Spain,event,Time,F1.11;F1.10,EU-IBE,1492,1492,31 March 1492,"Spain's order expelling Jews scattered Sephardic silversmiths, weavers and printers to North Africa, the Ottoman empire and elsewhere.",silverwork;weaving;printing,ritual silver;textile,ritual and belief;exchange and value,Spanish crown; historians,those who converted and stayed,human-flow;sacred,public-domain primary texts; Wikimedia Commons,R3,F1.13,high,links: BEL007; POL135.
OCC052,Columbus's first voyage and the Columbian exchange (1492),Columbian exchange,event,Time,F1.7;F1.11;F1.13,AM-CAR;EU-IBE;GL,1492,1600,1492; exchange unfolds over the 16th century,"Columbus's landfall in the Caribbean began transfers of crops, animals, materials, diseases and people that remade making in the Americas and beyond.",cochineal;silver;cacao;tobacco,none specific,exchange and value;transport,"historians (Alfred Crosby, 1972)",Taíno and other Indigenous peoples first affected,human-flow;Indigenous-community,public-domain primary texts; Library of Congress (per-item rights; many public domain); Wikimedia Commons,R1,F1.13;F1.22,high,links: CIV030; NET034; POL055.
OCC053,Vasco da Gama reaches Calicut (1498),opening of the Cape route,event,Time,F1.11;F1.9;F1.13,EU-IBE;AS-SAS;AF-SWA,1497,1499,voyage 1497–1499,The Portuguese sea route round Africa to India began direct European trade in Indian textiles and spices.,cotton textile;spice,chintz;pepper,exchange and value;transport,historians,the Gujarati and Arab pilots and traders already on the route,conflict-looting,public-domain primary texts; Wikimedia Commons,R2,F1.13,high,links: NET033; POL136; DIA006.
OCC054,Portuguese sack of Kilwa and Mombasa (1505),Almeida's attacks on the Swahili coast,event,Time,F1.6;F1.13,AF-SWA,1505,1505,1505,"Portuguese forces under Francisco de Almeida sacked Kilwa and Mombasa, disrupting the Swahili coast's gold and cloth trade.",stone building;cloth trade,coral-stone architecture,war;exchange and value,historians; Portuguese chronicles,Swahili accounts such as the Kilwa Chronicle,conflict-looting,public-domain primary texts; Zamani Project (link-out),R3,F1.19a;F1.13,high,links: POL009; NET011; TXT048.
OCC055,Ottoman deportation of artisans from Tabriz and Cairo (1514–1517),sürgün of craftsmen,event,Time,F1.10,WA-IRN;AF-EGY;WA-ANA,1514,1517,Tabriz 1514; Cairo 1517,"After taking Tabriz and Cairo, Selim I moved painters, tile makers, weavers and other craftsmen to Istanbul (""brought"", in the source; historians also call it deportation), feeding the court workshops.",tilework;painting;weaving,tile;manuscript;textile,rule and display,historians; Ottoman court registers,the deported makers' names outside payroll registers,human-flow;conflict-looting,Met Open Access (CC0); Cleveland Museum of Art Open Access (CC0),R2,F1.13;F1.17,high,links: INS041; INS042; POL042; POL236.
OCC056,Epidemics in the Americas (from 1518),smallpox and cocoliztli epidemics,event,Time,F1.7,AM-CAR;AM-MES;AM-AND;GL,1518,1600,smallpox from 1518–1520; cocoliztli 1545 and 1576,"Introduced epidemics killed a large share of Indigenous people, destroying workshops and passing on fewer makers' skills.",none specific,none specific,care and access,historians; demographers; geneticists,the survivors who kept crafts going,funerary;Indigenous-community,public-domain primary texts; INAH Mediateca (link-out),R2,F1.19a;F1.23,high,links: CIV043. Population estimates debated.
OCC057,Fall of Tenochtitlan (1521),Spanish conquest of the Mexica capital,event,Time,F1.7,AM-MES,1519,1521,campaign 1519–1521; city fell 13 August 1521,"The Spanish-led conquest, with Indigenous allies, destroyed Tenochtitlan, and most Mexica goldwork was melted into bars, so few pieces survive.",goldwork;featherwork;melting,gold ornament;feather headdress;codex,war;ritual and belief;exchange and value,historians; Spanish and Nahua sources (Florentine Codex),the Tlaxcalan and other Indigenous allies; Mexica survivors,conflict-looting;sacred;Indigenous-community,INAH Mediateca (link-out); Wikimedia Commons; public-domain primary texts,R1,F1.19a;F1.24,high,links: POL051; POL052; CIV020; TXT109; TXT114. Surviving featherwork (e.g. Vienna headdress) is a restitution case.
OCC058,Ransom of Atahualpa (1532–1533),Cajamarca treasure,event,Time,F1.7,AM-AND,1532,1533,1532–1533,"Inca gold and silver collected to ransom Atahualpa at Cajamarca were melted down by the Spanish, erasing most imperial metalwork.",goldwork;silverwork;melting,metal vessel;figurine,war;exchange and value,Spanish chroniclers; historians,the Andean smiths who made the pieces,conflict-looting;sacred;Indigenous-community,public-domain primary texts; Met Open Access (CC0); Wikimedia Commons,R2,F1.19a;F1.24,high,links: POL061; CIV022.
OCC059,Dissolution of the Monasteries (1536–1541),Suppression of the Monasteries,event,Time,F1.11,EU-BLC,1536,1541,1536–1541,"Henry VIII's closure of English and Welsh monasteries led to stripped lead, melted plate, broken shrines and scattered libraries.",lead;goldsmithing;bookbinding,shrine;plate;manuscript,ritual and belief;rule and display,English crown; historians,lay workers dependent on monasteries,sacred;conflict-looting,British Library public-domain images (Flickr Commons); Wikimedia Commons; Yale Center for British Art (public-domain images),R2,F1.16;F1.19a,high,links: BEL011; BEL012.
OCC060,New Laws of the Indies (1542),Leyes Nuevas,event,Time,F1.7;F1.11,AM-LAT,1542,1542,1542; partly revoked 1545,"Spanish law sought to end Indigenous enslavement and phase out the encomienda, changing how Indigenous labour for building and craft was demanded.",forced labour,none specific,rule and display,Spanish crown; historians,Indigenous and African people still coerced after the laws,human-flow;Indigenous-community,public-domain primary texts,R3,F1.23,high,links: POL069; POL070.
OCC061,Portuguese reach Tanegashima (1543),arrival of the matchlock in Japan,event,Time,F1.8;F1.13,AS-JPN,1543,1543,1543 (some accounts 1542),"Portuguese traders brought matchlock guns to Tanegashima, and Japanese smiths are credited with copying them within a few years.",gunsmithing;ironwork,matchlock gun,war;tools,Japanese chronicle (Teppōki); historians,Chinese traders who carried the Portuguese,none,ColBase (Japan Government Standard Terms); Japan Search,R2,F1.14;F1.19a,high,links: INV166.
OCC062,Silver found at Potosí (1545),Cerro Rico de Potosí,event,Time,F1.7;F1.13,AM-AND,1545,1545,1545,"The silver mountain of Potosí became the largest silver source of its time, feeding mints, colonial silverwork and global trade.",silver mining;amalgamation;minting,coin;silverwork,exchange and value,historians,Andean mitayos and enslaved Africans who worked the mines,human-flow;Indigenous-community,public-domain primary texts; Wikimedia Commons,R2,F1.22;F1.23,high,links: INS008; NET036; POL070.
OCC063,Maní auto-da-fé (1562),burning of Maya books at Maní,event,Time,F1.7,AM-MES,1562,1562,July 1562,"Franciscan friar Diego de Landa burned Maya books and images at Maní, so only four Maya codices are known to survive.",bark paper;painting,codex;image,record and writing;ritual and belief,Landa's Relación; historians,Maya scribes and the knowledge in the books,sacred;conflict-looting;Indigenous-community,public-domain primary texts; Wikimedia Commons,R2,F1.24;F1.28,high,links: TXT115; TXT116; TXT117; BEL037.
OCC064,Council of Trent decree on images (1563),Decree on the invocation of saints and sacred images,event,Time,F1.11,EU-WCE;EU-IBE,1563,1563,December 1563,"The Catholic Church's decree on images asked that religious art be clear, decorous and approved by bishops, shaping Counter-Reformation art in Europe and its colonies.",painting;sculpture,altarpiece;devotional image,ritual and belief,Council of Trent,Indigenous and colonial makers who adapted the rules,sacred,public-domain primary texts,R3,F1.16,high,links: BEL011; STY022.
OCC065,Statute of Artificers (1563),Statute of Apprentices,event,Time,F1.11,EU-BLC,1563,1814,1563; apprenticeship clauses repealed 1814,"English law made a seven-year apprenticeship compulsory in many trades and let justices set wages, framing craft training for 250 years.",apprenticeship,none specific,tools,English Parliament,"women's household craft work, outside the statute",none,official text of the law (government legislation site; link-out); public-domain primary texts,R3,F1.23,high,
OCC066,Battle of Talikota and sack of Vijayanagara (1565),fall of Hampi,event,Time,F1.9,AS-SAS,1565,1565,1565,"After defeat by a coalition of Deccan sultanates, Vijayanagara's capital at Hampi was looted and abandoned, ending its temple and palace workshops.",stone carving;building,temple;palace,war;ritual and belief,historians,continuities in later Nayaka courts,conflict-looting;sacred,Wikimedia Commons; Indian Culture portal (per-owner licence),R3,F1.19a,high,links: POL196; DYN053; DYN055.
OCC067,Urdaneta's return route (1565),tornaviaje,event,Time,F1.9;F1.7;F1.13,AS-ISE;AM-LAT,1565,1565,1565,"Andrés de Urdaneta found a return route across the Pacific, making the Manila–Acapulco galleon run possible.",navigation;shipbuilding,galleon,transport;exchange and value,historians,Filipino and Chinese sailors and shipbuilders,human-flow,public-domain primary texts,R3,F1.13,high,links: INS040; NET036. Event only; the trade itself is INS040/NET036.
OCC068,Beeldenstorm (1566),Iconoclastic Fury,event,Time,F1.11,EU-BLC,1566,1566,August–October 1566,Protestant crowds stripped and smashed images in hundreds of Low Countries churches.,sculpture;stained glass;painting,altarpiece;statue,ritual and belief,historians,Catholic makers and later restorers,sacred;conflict-looting,Rijksmuseum (CC0/PDM); Wikimedia Commons,R2,F1.16;F1.19a,high,links: BEL012; POL129.
OCC069,Potosí mita reorganised (1573),Toledo's mita,event,Time,F1.7,AM-AND,1573,1812,1573; abolished 1812,Viceroy Francisco de Toledo imposed rotating forced labour drafts on Andean communities for the Potosí mines and mills.,forced labour;silver refining,none specific,exchange and value,Spanish viceroyalty; historians,the mitayos and their families,human-flow;Indigenous-community,public-domain primary texts,R2,F1.23;F1.22,high,links: POL070; INS008.
OCC070,Sword hunt (1588),katanagari,event,Time,F1.8,AS-JPN,1588,1588,1588,"Toyotomi Hideyoshi ordered farmers to give up swords and guns, fixing a line between armed samurai and unarmed commoners.",swordsmithing;melting,sword,war;rule and display,Japanese state; historians,farmers who hid weapons,none,ColBase (Japan Government Standard Terms); Japan Search,R3,F1.19a,high,links: DYN070. Hideyoshi claimed the metal would be used for a Great Buddha.
OCC071,Imjin War (1592–1598),"Japanese invasions of Korea; ""pottery wars""",event,Time,F1.8,AS-KOR;AS-JPN,1592,1598,1592–1598,"Japanese invasions devastated Korea, and many Korean potters were taken to Japan, where they are credited with founding kilns such as those at Arita and Satsuma.",ceramics;porcelain;kiln building,tea bowl;porcelain,war;food and storage,Korean and Japanese historiography,the captives who could not return,human-flow;conflict-looting,KOGL Type 1 images on Wikimedia Commons; ColBase (Japan Government Standard Terms),R1,F1.13;F1.19a;F1.23,high,links: DIA012; DYN070; DYN073; POL177.
OCC072,Capture of the carracks São Jacinto and Santa Catarina (1602–1603),kraak porcelain auctions,event,Time,F1.11;F1.8;F1.13,EU-BLC;AS-CHN;AS-ISE,1602,1604,1602 and 1603; Amsterdam sale 1604,"Dutch capture and auction of two Portuguese carracks put large lots of Chinese blue-and-white porcelain on the Amsterdam market, launching the ""kraak"" fashion.",porcelain,kraak porcelain,exchange and value;food and storage,historians,the Jingdezhen potters,conflict-looting,Rijksmuseum (CC0/PDM); Met Open Access (CC0),R2,F1.13;F1.14,high,links: INS038; NET054.
OCC073,Deportation of Armenians from Julfa (1604–1605),forced migration to New Julfa,event,Time,F1.10;F1.13,WA-CAU;WA-IRN,1604,1605,1604–1605,"Shah ʿAbbas forcibly moved the Armenians of Julfa to Isfahan, where New Julfa merchants and craftsmen ran a silk and textile network.",silk trade;painting,textile;illuminated manuscript,exchange and value,historians,those who died in the march,human-flow,Met Open Access (CC0); Wikimedia Commons,R3,F1.13,high,links: DIA002; INS046; POL236.
OCC074,Expulsion of the Moriscos (1609–1614),expulsión de los moriscos,event,Time,F1.11;F1.10,EU-IBE;AF-MAG,1609,1614,1609–1614,"Spain expelled about 300,000 Moriscos, losing silk, pottery and building crafts that moved to North Africa.",silk weaving;lustreware;plasterwork,textile;pottery,clothing and adornment,Spanish crown; historians,Moriscos who stayed hidden,human-flow,public-domain primary texts; Wikimedia Commons,R3,F1.13,high,links: STY015; POL153; POL154.
OCC075,Extirpation of idolatry in Peru (1609–1660s),extirpación de idolatrías,event,Time,F1.7,AM-AND,1609,1670,campaigns c. 1609–1660s,"Church campaigns in the Andes seized and burned huacas, mallquis and ritual objects.",burning;textile;stone,huaca;ritual object,ritual and belief,Catholic church; historians,Andean communities who hid huacas,sacred;ancestral;Indigenous-community,public-domain primary texts,R3,F1.16;F1.24,high,links: BEL038.
OCC076,Statute of Monopolies (1624),English patent statute,event,Time,F1.11,EU-BLC,1624,1624,1624,"English law ended most royal monopolies but kept patents for new inventions, the basis of later patent law.",invention,patent,exchange and value;tools,English Parliament,inventors without means to petition,none,official text of the law (government legislation site; link-out); public-domain primary texts,R3,F1.14,high,
OCC077,Sakoku edicts (1633–1639),maritime restrictions,event,Time,F1.8,AS-JPN,1633,1639,1633–1639; restrictions eased from 1853,Tokugawa edicts limited foreign trade to Dutch and Chinese ships at Nagasaki and set the terms of Japan's porcelain and textile exports.,porcelain;lacquer;silk,export porcelain;lacquer,exchange and value,Tokugawa shogunate; historians (term sakoku coined 1801),"Ryukyu, Tsushima and Ainu trade",none,ColBase (Japan Government Standard Terms); Rijksmuseum (CC0/PDM),R2,F1.13,high,"links: INS025; POL183; DYN071. ""Closed country"" label is contested."
OCC078,Queue order (1645),tifa yifu,event,Time,F1.8,AS-CHN,1645,1911,1645; ended 1911–12,"The Qing required Han men to shave the forehead, wear the queue and adopt Manchu-style dress, changing tailoring and hair work across China.",tailoring;hairdressing,queue;robe,clothing and adornment;rule and display,Qing state,"women, who were largely exempt",none,Met Open Access (CC0); National Palace Museum Taipei Open Data (CC BY 4.0),R3,F1.17,high,links: POL169.
OCC079,Navigation Acts (1651–1660),English Navigation Acts,event,Time,F1.11;F1.13,EU-BLC;AM-LAT;GL,1651,1849,1651; 1660; repealed 1849,"English law required colonial trade to use English ships, shaping what colonies could make and sell.",shipbuilding;trade,none specific,exchange and value;transport,English Parliament,colonial makers barred from some trades,human-flow,official text of the law (government legislation site; link-out); public-domain primary texts,R2,F1.13,high,links: POL137. Enumerated goods included sugar and tobacco produced by enslaved people.
OCC080,VOC's first large order for Japanese porcelain (1659),Arita export porcelain,event,Time,F1.8;F1.11;F1.13,AS-JPN;EU-BLC,1659,1659,1659,"With Chinese supply disrupted, the VOC placed a large order at Arita, beginning Japanese export porcelain for Europe.",porcelain,Imari;Kakiemon,exchange and value;food and storage,historians of ceramics,"the Arita potters, many of Korean descent",none,Rijksmuseum (CC0/PDM); Met Open Access (CC0); ColBase (Japan Government Standard Terms),R3,F1.13;F1.14,medium,"links: INS038; DIA012. Small purchases from the 1650s (4,149 pieces ordered 1656); the 1659 order was for 64,866 pieces."
OCC081,Great Clearance (1661–1683),coastal evacuation,event,Time,F1.8,AS-CHN,1661,1683,1661; lifted 1683–84,"The Qing forced coastal people inland to cut off Zheng forces on Taiwan, disrupting coastal kilns, salt works and trade.",salt making;porcelain trade,none specific,war;exchange and value,Qing state; historians,the displaced coastal people,human-flow,public-domain primary texts,R3,F1.19a,high,links: POL169.
OCC082,Burial in Woollen Acts (1666–1680),Burying in Woollen Acts,event,Time,F1.11,EU-BLC,1666,1814,"1666, 1678, 1680; repealed 1814","English law required the dead to be buried in woollen shrouds, to support the wool trade.",wool;weaving,shroud,clothing and adornment;ritual and belief,English Parliament,"linen weavers and importers, and families fined for using linen",funerary,official text of the law (government legislation site; link-out); public-domain primary texts,R3,F1.17,high,
OCC083,Great Fire of London (1666),Rebuilding Act 1667,event,Time,F1.11,EU-BLC,1666,1667,September 1666; Rebuilding Act 1667,"After the fire, London rebuilt in brick and stone under the Rebuilding Act, with Wren's churches and new building rules.",brick;stone;building regulation,church;house,shelter,historians; London authorities,the displaced poor,none,Yale Center for British Art (public-domain images); British Library public-domain images (Flickr Commons),R2,F1.19a,high,
OCC084,Royal edict founding the Gobelins manufactory (1667),Manufacture royale des meubles de la Couronne,event,Time,F1.11,EU-WCE,1667,1667,1662 purchase; 1667 edict,"Louis XIV's edict made the Gobelins a royal manufactory under Le Brun for tapestry, furniture and metalwork.",tapestry weaving;cabinetmaking,tapestry;furniture,rule and display,French crown,Flemish weavers and other migrant workers,none,Met Open Access (CC0); Getty Museum Open Content (CC0); Paris Musées (Open Content),R2,F1.17,high,links: DYN085; POL126.
OCC085,Pueblo Revolt (1680),Popé's Revolt,event,Time,F1.7,AM-WST,1680,1692,1680; Spanish return 1692,"Pueblo peoples expelled Spanish colonists from New Mexico and destroyed mission churches, restoring kiva practice for a time.",adobe building;ritual objects,mission church;katsina,ritual and belief;war,Pueblo peoples; historians,Pueblo views of the event,sacred;Indigenous-community,Library of Congress (per-item rights; many public domain); US National Archives Catalog,R3,F1.19a;F1.16,high,links: ARC177; BEL039.
OCC086,Tenna sumptuary edicts (1683),Tenna sumptuary laws,event,Time,F1.8,AS-JPN,1683,1683,1683,"Shogunal edicts banned townspeople from wearing gold brocade, embroidery and full tie-dye (sō-kanoko), a ban often linked to the rise of yūzen paste-resist dyeing.",shibori;embroidery;yūzen dyeing,kosode,clothing and adornment;rule and display,Tokugawa shogunate,dyers and weavers who adapted,none,ColBase (Japan Government Standard Terms); Met Open Access (CC0),R3,F1.17;F1.18,medium,Link to yūzen's rise is a common but debated claim.
OCC087,Revocation of the Edict of Nantes (1685),Edict of Fontainebleau,event,Time,F1.11,EU-WCE,1685,1685,October 1685,"The revocation drove Huguenot silk weavers, silversmiths and watchmakers out of France to England, the Netherlands and Prussia.",silk weaving;silversmithing;watchmaking,silk;silver,clothing and adornment;exchange and value,French crown; historians,those who converted and stayed,human-flow,public-domain primary texts; Yale Center for British Art (public-domain images),R3,F1.13,high,links: DIA010.
OCC088,French ban on printed calicoes (1686–1759),prohibition des toiles peintes,event,Time,F1.11,EU-WCE,1686,1759,1686; lifted 1759,"France banned import, making and wearing of printed cottons to protect silk and wool, while smuggling and illicit printing continued.",cotton printing;mordant dyeing,indienne,clothing and adornment,French crown,smugglers and illicit printers,none,Paris Musées (Open Content); Met Open Access (CC0),R2,F1.14;F1.18,high,links: NET055.
OCC089,Minas Gerais gold rush (1690s),ciclo do ouro,event,Time,F1.7,AM-LAT,1693,1780,approx.,"Gold finds in Minas Gerais drew miners and enslaved Africans, funding gilded Baroque churches.",gold mining;gilding,church interior,exchange and value;ritual and belief,historians,enslaved African miners and craftsmen,human-flow,BNDigital (Biblioteca Nacional do Brasil); Wikimedia Commons,R3,F1.22;F1.23,high,links: POL072; DIA008.
OCC090,Calico Act (1700),An Act for the more effectual employing the poor...,event,Time,F1.11;F1.9;F1.13,EU-BLC;AS-SAS,1700,1774,"passed 1700, in force 1701; superseded 1721; repealed 1774","English law banned imports of printed, painted or dyed calicoes from Persia, China and the East Indies, protecting wool and silk and encouraging printing on imported plain cloth in England.",cotton printing;mordant dyeing;woodblock printing,chintz;palampore,clothing and adornment;exchange and value,English Parliament,Indian dyers and printers who lost a market,none,Met Open Access (CC0); Yale Center for British Art (public-domain images); Wikimedia Commons,R1,F1.14;F1.18;F1.13,high,links: NET055; INS030. Pair with OCC093.
OCC091,Coke smelting at Coalbrookdale (1709),Abraham Darby's coke-fired furnace,event,Time,F1.11,EU-BLC,1709,1709,1709,"Abraham Darby smelted iron with coke instead of charcoal, which later made cheap cast iron pots, rails and bridges possible.",coke smelting;iron casting,cast-iron pot;bridge,tools;food and storage,historians of industry,colliers and ironworkers,none,Science Museum Group Collection (link-out); Yale Center for British Art (public-domain images),R2,F1.19,high,links: INV089.
OCC092,Statute of Anne (1710),Copyright Act 1710,event,Time,F1.11,EU-BLC,1710,1710,1710,The first British copyright statute gave authors rather than printers a limited term of rights in books.,printing;bookmaking,book,record and writing;exchange and value,British Parliament,"printers, engravers and designers, not covered until later acts",none,official text of the law (government legislation site; link-out); public-domain primary texts,R2,F1.14,high,
OCC093,Calico Act (1721),7 Geo. I c. 7,event,Time,F1.11;F1.9;F1.13,EU-BLC;AS-SAS,1721,1774,"passed 1721, in force 1722; repealed 1774 (Manchester Act)","English law banned the wearing and household use of most printed calicoes, while fustians and muslins stayed legal, steering the growth of British cotton manufacture.",cotton printing;fustian,chintz;fustian,clothing and adornment,English Parliament; wool and silk weavers' protests,Indian cloth producers,none,Met Open Access (CC0); Yale Center for British Art (public-domain images); Wikimedia Commons,R2,F1.14;F1.18,high,links: NET055. Spitalfields weavers attacked calico-wearers in 1719–20.
OCC094,Afghan sack of Isfahan (1722),siege of Isfahan,event,Time,F1.10,WA-IRN,1722,1722,March–October 1722,"The siege and fall of Isfahan to Afghan forces ended Safavid court patronage of carpets, textiles and painting.",carpet weaving;painting,carpet;manuscript,war;rule and display,historians,the people who starved during the siege,conflict-looting,Met Open Access (CC0),R3,F1.19a,high,links: POL236; SCH021.
OCC095,İbrahim Müteferrika's press (1727),first Ottoman Turkish printing press using Arabic type,event,Time,F1.10,WA-ANA,1727,1742,licensed 1727; about 17 titles printed to 1742,A licence from the sultan let İbrahim Müteferrika print books in Ottoman Turkish with movable Arabic type in Istanbul.,typefounding;printing;engraving,printed book;map,record and writing,Ottoman state; historians,"Jewish, Armenian and Greek printers active in Istanbul earlier",none,Wikimedia Commons; Digital Library of the Middle East,R2,F1.5,high,"links: INV043. The claimed earlier Ottoman ""print ban"" is debated."
OCC096,Engraving Copyright Act (1735),Hogarth's Act,event,Time,F1.11,EU-BLC,1735,1735,1735,"After campaigning by Hogarth and others, British law gave engravers copyright in their designs.",engraving;printmaking,print,record and writing;exchange and value,British Parliament,"engravers working from others' designs, less protected",none,Yale Center for British Art (public-domain images); official text of the law (government legislation site; link-out),R3,F1.14,high,
OCC097,Herculaneum and Pompeii excavations (1738–1748),Bourbon excavations,event,Time,F1.11,EU-GRR,1738,1860,Herculaneum from 1738; Pompeii from 1748,"Royal excavations recovered Roman furniture, bronzes and wall paintings, whose publication fed Neoclassical design.",fresco;bronze;excavation,wall painting;tripod;furniture,rule and display,Bourbon court of Naples; archaeologists,the diggers and the damage done,funerary,Wikimedia Commons; public-domain primary texts; Met Open Access (CC0),R2,F1.2;F1.28,high,links: STY026. See OCC017.
OCC098,Nader Shah's sack of Delhi (1739),capture of the Peacock Throne,event,Time,F1.9;F1.10,AS-SAS;WA-IRN,1739,1739,March 1739,"Nader Shah looted Delhi and took the Mughal treasury, including the Peacock Throne and major gems, to Iran.",goldsmithing;gem setting,throne;gem,rule and display;war,historians,the people killed in the massacre,conflict-looting,public-domain primary texts; Wikimedia Commons,R3,F1.19a;F1.24,high,links: POL197.
OCC099,Lisbon earthquake (1755),Great Lisbon earthquake,event,Time,F1.11,EU-IBE,1755,1755,1 November 1755,"After the earthquake and fire, Lisbon was rebuilt with the Pombaline timber cage (gaiola) for quake resistance and standard building parts.",timber frame;azulejo;building standardisation,gaiola;azulejo,shelter,historians; engineers,the poor displaced by the new plan,none,Wikimedia Commons; Europeana (per-item rights),R2,F1.19a,high,
OCC100,Battle of Plassey (1757),East India Company rule in Bengal,event,Time,F1.9,AS-SAS,1757,1757,June 1757,"The Company's victory gave it control over Bengal's revenue and weaving districts, where it forced weavers into fixed contracts.",handloom weaving;muslin,muslin;calico,exchange and value;war,historians,"the weavers, spinners and dyers",human-flow,British Library public-domain images (Flickr Commons); Yale Center for British Art (public-domain images),R2,F1.13;F1.23,high,"links: INS030; POL200. ""Coerced weavers"" follows Company records; degree debated."
OCC101,Spinning jenny (c. 1764),Hargreaves's jenny,event,Time,F1.11,EU-BLC,1764,1770,approx.; patent 1770,"James Hargreaves's multi-spindle wheel let one spinner work many threads, moving spinning from single wheels to machines.",spinning,spinning jenny,clothing and adornment;tools,historians of industry,women hand-spinners who lost work,none,Science Museum Group Collection (link-out); Wikimedia Commons,R2,F1.19;F1.18,high,
OCC102,Konbaung sack of Ayutthaya (1767),fall of Ayutthaya,event,Time,F1.9,AS-MSE,1767,1767,April 1767,"Burmese forces destroyed Ayutthaya and took artisans, dancers and scholars to Burma.",lacquer;bronze;building,temple;image,war;ritual and belief,Thai and Burmese chronicles; historians,the deported artisans,human-flow;conflict-looting;sacred,Wikimedia Commons,R3,F1.19a;F1.13,high,links: DYN065; POL213.
OCC103,Cook's voyages (1768–1779),"Endeavour, Resolution and Discovery voyages",event,Time,F1.12;F1.13,OC-POL;OC-AUS;OC-MEL;AM-NWC,1768,1780,three voyages 1768–1780,"Collections made on Cook's voyages sent Pacific barkcloth, featherwork and carvings to European museums, often without clear consent.",collecting;barkcloth;featherwork,barkcloth;feather cloak;carving,rule and display,British Admiralty; historians,Pacific makers and exchange partners,Indigenous-community;conflict-looting,Te Papa Collections Online (per-item; taonga restricted); Wikimedia Commons; collection search link-out only,R2,F1.24;F1.13,high,links: TXT125; CIV090.
OCC104,Water frame and Cromford Mill (1769–1771),Arkwright's water frame,event,Time,F1.11,EU-BLC,1769,1771,patent 1769; mill 1771,Richard Arkwright's water-powered spinning frame and mill at Cromford set the model of the factory with shifts and child workers.,water power;spinning;factory,water frame,clothing and adornment;tools,historians of industry,child workers and the inventors Arkwright borrowed from,none,Science Museum Group Collection (link-out); Yale Center for British Art (public-domain images),R2,F1.19;F1.23,high,
OCC105,Siku quanshu and the literary inquisition (1772–1782),Complete Library of the Four Treasuries,event,Time,F1.8,AS-CHN,1772,1782,1772–1782,The Qianlong emperor's great manuscript compilation also led to the banning and burning of thousands of titles judged hostile.,manuscript copying;bookbinding,book,record and writing;rule and display,Qing state,the many copyists,none,Chinese Text Project (link-out); National Palace Museum Taipei Open Data (CC BY 4.0),R3,F1.24;F1.28,high,links: POL169.
OCC106,Túpac Amaru II rebellion and ban on Inca dress (1780–1781),Great Rebellion,event,Time,F1.7,AM-AND,1780,1781,rebellion 1780–81; bans 1781,"After the rebellion, Spanish officials banned Inca noble dress, portraits of Inca kings and other emblems of Inca descent.",tapestry weaving;painting,unku;portrait,clothing and adornment;rule and display,Spanish colonial authorities; historians,Andean nobles who hid their textiles,Indigenous-community,public-domain primary texts; Wikimedia Commons,R2,F1.24;F1.17,high,links: STY066; SCH004. Orders issued by Visitador Areche.
OCC107,Calico Printers' Act (1787),Designing and Printing of Linens Act,event,Time,F1.11,EU-BLC,1787,1787,1787,"British law gave textile print designers two months' copyright, an early design right for patterns.",cotton printing;pattern design,printed textile,clothing and adornment,British Parliament,designers in pattern shops,none,official text of the law (government legislation site; link-out); public-domain primary texts,R3,F1.14;F1.18,high,
OCC108,Wedgwood anti-slavery medallion (1787),"""Am I Not a Man and a Brother?""",event,Time,F1.11;F1.13,EU-BLC,1787,1787,1787,"Josiah Wedgwood's factory produced a jasperware medallion of a kneeling enslaved man for the abolition campaign, an early mass-made campaign object.",jasperware;moulding,medallion,rule and display,abolitionists (Society for Effecting the Abolition of the Slave Trade),the self-image of enslaved people,human-flow,Met Open Access (CC0); Smithsonian Open Access (CC0 where designated); Wikimedia Commons,R2,F1.21;F1.17,high,links: NET035. Designer attributed to Henry Webber or William Hackwood.
OCC109,Brookes slave ship diagram (1788),Description of a Slave Ship,event,Time,F1.11;F1.13,EU-BLC;AM-CAR;AF-GUI,1788,1789,1788 Plymouth; 1789 London version,An abolitionist print showed enslaved Africans packed into the ship Brookes and was reproduced widely.,engraving;printing,broadside,record and writing,abolitionists (Plymouth and London committees),the voices of enslaved people,human-flow,Library of Congress (per-item rights; many public domain); British Library public-domain images (Flickr Commons),R2,F1.21;F1.28,high,links: NET035; SV.
OCC110,US Patent Act (1790),Patent Act of 1790,event,Time,F1.7,AM-EWD,1790,1790,April 1790,The first US federal patent law set up examined patents for useful inventions.,invention,patent model,tools;exchange and value,US Congress,"enslaved inventors, who could not hold patents",human-flow,US National Archives Catalog; Smithsonian Open Access (CC0 where designated),R3,F1.14,high,
OCC111,Abolition of guilds in France (1791),Allarde decree; décret d'Allarde; Le Chapelier Law,event,Time,F1.11,EU-WCE,1791,1791,March and June 1791,"Revolutionary laws abolished the craft guilds and banned workers' combinations, opening trades to anyone with a licence.",none specific,none specific,tools,French National Assembly,journeymen's associations (compagnonnage),none,public-domain primary texts,R3,F1.17;F1.23;F1.11,high,
OCC112,Cotton gin (1793),Whitney's cotton gin,event,Time,F1.7,AM-EWD,1793,1794,built 1793; patent 1794,"The cotton gin made short-staple cotton profitable to clean, driving the expansion of slavery in the US South and raw cotton for mills.",ginning,cotton gin;raw cotton,clothing and adornment;tools,historians,the enslaved people who grew and picked cotton; earlier gins,human-flow,Smithsonian Open Access (CC0 where designated); US National Archives Catalog,R2,F1.19;F1.23,high,links: NET056.
OCC113,Opening of the Louvre (1793),Muséum central des arts,event,Time,F1.11,EU-WCE,1793,1793,10 August 1793,"The revolutionary state opened royal and church collections to the public, the model for national museums fed later by conquest.",display,painting;sculpture,rule and display,French revolutionary state,the confiscated owners and later the looted,conflict-looting,public-domain primary texts; Wikimedia Commons,R2,F1.24,high,
OCC114,Napoleonic art seizures (1796–1815),Treaty of Tolentino confiscations,event,Time,F1.11,EU-WCE;EU-GRR,1796,1815,1796–1815,"French armies took paintings, sculpture and manuscripts from Italy, the Low Countries and elsewhere to Paris under treaty terms.",display,painting;sculpture;manuscript,rule and display;war,French state; historians,the places stripped of works,conflict-looting,public-domain primary texts; Wikimedia Commons,R2,F1.24;F1.19a,high,"Many works were returned in 1815, with Antonio Canova negotiating for the Papal States."
OCC115,French campaign in Egypt (1798–1801),Description de l'Égypte,event,Time,F1.6;F1.11,AF-EGY,1798,1829,campaign 1798–1801; publication 1809–1829,"Napoleon's scholars surveyed Egypt and published the Description de l'Égypte, which fed the Egyptian Revival.",engraving;survey,plate volume,record and writing,French state; savants,Egyptian scholars and workers,conflict-looting,Internet Archive (public-domain texts); Wikimedia Commons,R2,F1.2;F1.28,high,links: STY028.
OCC116,Siege of Seringapatam (1799),fall of Srirangapatna,event,Time,F1.9,AS-SAS,1799,1799,May 1799,"British forces killed Tipu Sultan and looted his palace, sending arms, textiles and Tipu's Tiger to Britain.",arms making;woodcarving,Tipu's Tiger;sword;tent,war;rule and display,British army; historians,Mysore's makers and courts,conflict-looting,Wikimedia Commons; Yale Center for British Art (public-domain images),R2,F1.24;F1.19a,high,links: POL199.
OCC117,Capitulation of Alexandria and the Rosetta Stone (1801),Article 16 transfer,event,Time,F1.6;F1.11,AF-EGY;EU-BLC,1801,1802,1801; arrived London 1802,"Under the French surrender in Egypt, antiquities including the Rosetta Stone passed to Britain.",stone carving,stele,record and writing,British and French states,Egyptian claims to the stone,conflict-looting,Wikimedia Commons,R2,F1.24,high,links: INS051.
OCC118,Elgin's removal of the Parthenon sculptures (1801–1812),Parthenon marbles,event,Time,F1.11,EU-GRR;EU-BLC,1801,1816,removed 1801–1812; bought by Parliament 1816,"Lord Elgin's agents removed about half the surviving Parthenon sculptures to Britain, and Greece's return request (formal since 1983) is still unresolved.",marble carving,frieze;metope;pediment figure,ritual and belief;rule and display,British Parliament; Greek state,the Ottoman-era Athenian view,conflict-looting,Wikimedia Commons; public-domain primary texts,R1,F1.24,high,links: INS051; POL117. Legality of Elgin's firman disputed.
OCC119,Luddite machine-breaking (1811–1816),Luddites,event,Time,F1.11,EU-BLC,1811,1816,1811–1816; Frame Breaking Act 1812,"Textile workers smashed stocking frames and shearing machines that cut wages or skill, and Parliament made frame-breaking a capital crime.",framework knitting;cloth finishing,stocking frame,clothing and adornment;tools,historians; Parliament,"the workers' own aims beyond ""anti-machine""",none,British Library public-domain images (Flickr Commons); public-domain primary texts,R2,F1.19;F1.23,high,
OCC120,Iconoclasm in the Society and Austral Islands (1815–1820s),"burning of ""idols""",event,Time,F1.12,OC-POL,1815,1825,approx.,"After conversions, islanders under missionary influence burned or gave up god images, some sent to London as trophies of conversion.",woodcarving;sennit,god image;toʻo,ritual and belief,London Missionary Society; historians,Islanders' own reasons for conversion,sacred;Indigenous-community,collection search link-out only,R3,F1.16;F1.24,medium,links: POL087. Rurutu islanders gave up A'a and other figures to LMS missionaries on Ra'iatea in August 1821; A'a reached London in 1822.
OCC121,French Artistic Mission to Brazil (1816),Missão Artística Francesa,event,Time,F1.7;F1.11,AM-LAT,1816,1826,1816; Academy opened 1826,French artists invited to Rio de Janeiro founded academic art teaching in Brazil.,painting;architecture;engraving,painting;print,rule and display,Portuguese crown in Brazil; historians,Afro-Brazilian craftsmen already working in Rio,none,BNDigital (Biblioteca Nacional do Brasil); Wikimedia Commons,R3,F1.17,high,links: POL072.
OCC122,Abolition of the kapu system (1819),ʻAi Noa,event,Time,F1.12,OC-POL,1819,1819,1819,"After Kamehameha I's death, rulers ended the kapu system and many heiau images were destroyed or hidden.",woodcarving;featherwork,kiʻi;feather image,ritual and belief,"Hawaiian rulers (Liholiho, Kaʻahumanu); historians",Hawaiians who kept images,sacred;Indigenous-community,Smithsonian Open Access (CC0 where designated); Wikimedia Commons,R3,F1.16,high,links: BEL052; POL083.
OCC123,Clothing law of Mahmud II (1829),introduction of the fez,event,Time,F1.10,WA-ANA;EU-BYZ,1829,1829,1829,"Ottoman law replaced turbans with the fez for officials, spreading fez-making and European tailoring.",felting;tailoring,fez;frock coat,clothing and adornment;rule and display,Ottoman state,"women's dress, not covered",none,Wikimedia Commons; Met Open Access (CC0),R3,F1.17,high,
OCC124,Cultivation System (1830–1870),Cultuurstelsel,event,Time,F1.9;F1.11,AS-ISE,1830,1870,1830; phased out from 1870,"The Dutch forced Javanese villages to grow indigo, sugar and coffee for export.",indigo;sugar,dye;sugar,exchange and value,Dutch colonial state; historians,the Javanese villagers,human-flow,Rijksmuseum (CC0/PDM); Tropenmuseum images on Wikimedia Commons (CC BY-SA),R3,F1.23;F1.22,high,links: POL223.
OCC125,Indian Removal Act and the Trail of Tears (1830–1839),forced removals,event,Time,F1.7,AM-EWD,1830,1839,Act 1830; removals to 1839,"US removal of Cherokee, Muscogee, Choctaw, Chickasaw and Seminole peoples tore makers from lands and materials.",basketry;pottery,basket;pottery,shelter;care and access,US Congress; historians,those who resisted or hid,human-flow;Indigenous-community,US National Archives Catalog; Library of Congress (per-item rights; many public domain),R3,F1.19a,high,links: POL065.
OCC126,Slavery Abolition Act (1833),abolition in British colonies,event,Time,F1.11;F1.7;F1.6,EU-BLC;AM-CAR;AF-SOU,1833,1838,"passed 1833; in force 1834; ""apprenticeship"" to 1838","British law ended slavery in most colonies, paid compensation to enslavers and brought in indentured labour.",none specific,none specific,rule and display,British Parliament,"the formerly enslaved, who got nothing",human-flow,official text of the law (government legislation site; link-out); SlaveVoyages (historical data public domain),R3,F1.23,high,links: DIA009.
OCC127,First Opium War and Treaty of Nanjing (1839–1842),First Anglo-Chinese War,event,Time,F1.8;F1.11,AS-CHN,1839,1842,1839–1842,"The war opened five treaty ports and ceded Hong Kong, reorganising the old Canton trade in export painting, porcelain and silk.",export painting;porcelain,export painting,war;exchange and value,historians,Chinese opium users and traders,conflict-looting,public-domain primary texts; Rijksmuseum (CC0/PDM),R2,F1.13;F1.19a,high,links: INS021; POL169.
OCC128,Treaty of Waitangi (1840),Te Tiriti o Waitangi,event,Time,F1.12,OC-POL,1840,1840,6 February 1840,"The treaty between the British Crown and Māori chiefs guaranteed Māori authority over their taonga, the basis for later claims over carvings, designs and knowledge.",none specific,taonga,rule and display,British Crown; Māori rangatira; Waitangi Tribunal (from 1975),the differences between the English and Māori texts,Indigenous-community,DigitalNZ; Te Papa Collections Online (per-item; taonga restricted),R2,F1.24;F1.26,high,links: POL091; OCC255.
OCC129,Tenpō reforms (1841–1843),Tenpō no kaikaku,event,Time,F1.8,AS-JPN,1841,1843,1841–1843,"Shogunal reforms banned luxury and restricted prints of kabuki actors and courtesans, pushing ukiyo-e artists to new subjects.",woodblock printing,ukiyo-e print,clothing and adornment;record and writing,Tokugawa shogunate (Mizuno Tadakuni),censored publishers,none,ColBase (Japan Government Standard Terms); Met Open Access (CC0); Art Institute of Chicago (CC0 public-domain works),R2,F1.17,high,links: STY148.
OCC130,Irish Famine and crochet relief (1845–1852),Great Hunger,event,Time,F1.11,EU-BLC,1845,1852,1845–1852,"During the famine, schemes taught women crochet and lace so they could earn, the start of ""Irish crochet"".",crochet;lacemaking,crochet lace,clothing and adornment,historians,the women makers,human-flow,collection search link-out only,R3,F1.18;F1.23,high,
OCC131,Fortune's tea smuggling (1848–1851),transfer of tea plants to India,event,Time,F1.8;F1.9;F1.13,AS-CHN;AS-SAS,1848,1851,1848–1851,"Robert Fortune took tea plants, seeds and workers from China to India for the East India Company.",tea processing,tea,food and storage,historians,the Chinese workers who went,none,Wellcome Collection; British Library public-domain images (Flickr Commons),R3,F1.14;F1.13,high,links: NET059.
OCC132,Treaty of Lahore and the Koh-i-Noor (1849),Koh-i-Noor diamond,event,Time,F1.9,AS-SAS,1849,1852,1849; recut 1852,The Koh-i-Noor passed to Queen Victoria under the Treaty of Lahore and was recut in 1852.,gem cutting,diamond,rule and display,British state,"India, Pakistan and Afghanistan's claims",conflict-looting,Wikimedia Commons,R3,F1.24,high,links: POL198.
OCC133,Perry expeditions and the opening of Japan (1853–1858),Treaty of Kanagawa (1854); Harris Treaty (1858),event,Time,F1.8;F1.7,AS-JPN,1853,1858,Perry's visits 1853 and 1854; commercial treaty 1858,"US naval pressure forced Japan to open ports, and the export of lacquer, ceramics, fans and prints that followed fed Japonisme in Europe and America.",lacquer;ceramics;woodblock printing,print;fan;lacquerware,exchange and value;transport,US and Tokugawa states; historians,Japanese merchants and makers who shaped the export trade,none,Library of Congress (per-item rights; many public domain); ColBase (Japan Government Standard Terms); Met Open Access (CC0),R2,F1.13;F1.2,high,links: STY030; POL183; INS025.
OCC134,Bessemer process (1856),Bessemer converter,event,Time,F1.11,EU-BLC,1856,1856,announced 1856,"Henry Bessemer's converter blew air through molten pig iron to make cheap steel in bulk, used for rails, ships and later building frames.",steelmaking;converter,rail;beam;ship plate,shelter;transport;tools,historians of technology,William Kelly's parallel US work and older Asian crucible and co-fusion steels,none,Science Museum Group Collection (link-out); Wikimedia Commons,R2,F1.19,high,links: INV090.
OCC135,Perkin's mauve (1856),mauveine,event,Time,F1.11,EU-BLC,1856,1857,discovered 1856; factory 1857,"William Perkin's aniline dye, found while trying to make quinine, began the coal-tar dye industry that displaced plant and insect dyes and the dyers who worked with them.",synthetic dye;coal tar,dyed silk;dyed wool,clothing and adornment,historians of chemistry,natural-dye growers and dyers worldwide,none,Science Museum Group Collection (link-out); Met Open Access (CC0); Wikimedia Commons,R1,F1.19;F1.18,high,Pair with alizarin (1868–69) and indigo (1897) rows.
OCC136,Indian uprising and the looting of Delhi and Lucknow (1857–1858),1857 rebellion,event,Time,F1.9,AS-SAS,1857,1858,1857–1858,"After retaking Delhi and Lucknow, British troops looted palaces and houses, and Mughal manuscripts, jewels and arms entered British collections.",goldsmithing;manuscript painting;arms making,manuscript;jewellery;arms,war;rule and display,historians,the many Indians killed in reprisals,conflict-looting,British Library public-domain images (Flickr Commons); Wikimedia Commons,R2,F1.24;F1.19a,high,links: POL197; POL201.
OCC137,Indigo revolt (1859–1860),Nil Bidroho,event,Time,F1.9,AS-SAS,1859,1860,1859–1860,"Bengal peasants refused to grow indigo under European planters' coercive contracts, and the protest weakened the Bengal indigo system before synthetic indigo ended it.",indigo cultivation;dye processing,indigo cake,clothing and adornment,historians; the play Nil Darpan (1860),"the peasants, especially women, in planters' records",human-flow,British Library public-domain images (Flickr Commons),R3,F1.23;F1.18,high,links: OCC176.
OCC138,Looting of the Summer Palace (1860),Yuanmingyuan looting and burning,event,Time,F1.8;F1.11,AS-CHN,1860,1860,October 1860,"British and French troops looted and then burned the Yuanmingyuan in Beijing, and its enamels, jades, porcelain and bronze zodiac heads went to European collections and markets.",cloisonné;jade carving;porcelain;bronze casting,cloisonné;jade;zodiac head,rule and display;war,historians,Chinese palace staff and craftsmen; China's continuing claims,conflict-looting,Wikimedia Commons; public-domain primary texts,R1,F1.24;F1.19a,high,links: POL169. Context: Second Opium War (1856–1860).
OCC139,Cotton famine (1861–1865),Lancashire cotton famine,event,Time,F1.11;F1.7;F1.9;F1.6,EU-BLC;AM-EWD;AS-SAS;AF-EGY,1861,1865,1861–1865,"The US Civil War cut raw cotton to Lancashire mills, throwing mill workers out of work and pushing cotton growing in India and Egypt.",cotton spinning;cotton cultivation,cotton cloth,clothing and adornment,historians,the enslaved growers whose labour supplied the pre-war mills,human-flow,British Library public-domain images (Flickr Commons); Library of Congress (per-item rights; many public domain),R2,F1.19;F1.13,high,links: NET056.
OCC140,Blackbirding in the Pacific (1863–1904),Pacific labour trade,event,Time,F1.12,OC-MEL;OC-AUS;OC-POL,1863,1904,1863–1904,"Recruiters took Islanders, often by deception or force, to work on Queensland and Fijian plantations, taking makers out of their communities.",plantation labour,none specific,care and access,historians; Pacific Islander descendants,the Islanders' own accounts,human-flow,Trove (link-out); Wikimedia Commons,R3,F1.23,high,Deportations under the Pacific Island Labourers Act 1901 ended it.
OCC141,Hwéeldi and the Long Walk (1863–1868),Long Walk of the Navajo; Bosque Redondo,event,Time,F1.7,AM-WST,1863,1868,forced removal from fall 1863; return 1868,"US forced removal of the Diné to Bosque Redondo (Hwéeldi); after 1868 weavers gained access to brightly coloured manufactured yarns, and later reservation trading posts reshaped Diné weaving for the market.",weaving;commercial yarn,blanket;rug,clothing and adornment,US state; Diné historians,those who died on the walk,human-flow;Indigenous-community,US National Archives Catalog; Smithsonian Open Access (CC0 where designated),R3,F1.18,high,links: STY078; INS013.
OCC142,Jiangnan Arsenal (1865),Jiangnan Machine Manufacturing Bureau,event,Time,F1.8,AS-CHN,1865,1865,1865,"The Qing Self-Strengthening movement set up an arsenal in Shanghai to make guns and steamships, with a translation bureau for Western technical books.",machining;shipbuilding;translation,rifle;steamship;technical book,war;tools,"Qing state (Zeng Guofan, Li Hongzhang)",the Chinese workers and foreign technicians,none,public-domain primary texts,R3,F1.19,high,links: POL169.
OCC143,Return of the Oegyujanggak uigwe (2011),Uigwe return,event,Time,F1.8;F1.11,AS-KOR;EU-WCE,1866,2011,taken 1866; returned 2011 as renewable loan,"French troops took Joseon royal protocol books from Ganghwa Island in 1866, and France returned 297 volumes to Korea on renewable loan in 2011.",manuscript illustration;bookbinding,uigwe,record and writing;rule and display,French and Korean states,other Korean objects still abroad,conflict-looting,Kyujanggak / Uigwe (link-out),R3,F1.24,high,links: TXT106. Number of volumes to verify.
OCC144,Exposition Universelle (Paris 1867),1867 Exposition,event,Time,F1.11;F1.8,EU-WCE;AS-JPN,1867,1867,April–November 1867,"Japan took part officially for the first time, with Satsuma exhibiting separately, and the displays fed French Japonisme.",display,ceramics;lacquer;print,rule and display,French state; exhibitors,the Japanese makers named only by region,none,Paris Musées (Open Content); Wikimedia Commons,R3,F1.15,high,links: STY030.
OCC145,Removal of Te Hau ki Tūranga (1867),Te Hau ki Tūranga wharenui,event,Time,F1.12,OC-POL,1867,1867,1867,"The Crown removed the carved meeting house Te Hau ki Tūranga, made under Raharuhi Rukupō in 1842, from Manutūke to Wellington, where it is now at Te Papa.",carving;kōwhaiwhai painting,wharenui,shelter;ritual and belief,New Zealand government; historians,"Rongowhakaata, the house's people",sacred;conflict-looting;Indigenous-community,Te Papa Collections Online (per-item; taonga restricted),R3,F1.24,medium,Ownership recognised in the Rongowhakaata settlement; details to verify.
OCC146,Alizarin synthesis (1868–1869),synthetic madder,event,Time,F1.11,EU-WCE;EU-BLC,1868,1869,synthesis 1868; commercial 1869,"Graebe and Liebermann's synthesis of alizarin replaced madder root, and madder growing in France and the Netherlands collapsed within a few years.",synthetic dye,Turkey red cloth,clothing and adornment,historians of chemistry,madder growers and Turkey-red dyers,none,Science Museum Group Collection (link-out),R2,F1.19;F1.18,high,
OCC147,Maqdala (1868),British expedition to Abyssinia,event,Time,F1.6;F1.11,AF-HRN,1868,1868,April 1868,"After defeating Emperor Tewodros II, British troops looted Maqdala and took manuscripts, crosses, crowns and tabots to Britain.",manuscript;metalwork;woodcarving,manuscript;processional cross;tabot,ritual and belief;war,British state,the Ethiopian clergy and makers,sacred;conflict-looting,British Library public-domain images (Flickr Commons); Wikimedia Commons,R1,F1.24;F1.19a,high,links: POL007; OCC265.
OCC148,Removal of Hoa Hakananai'a (1868),Rapa Nui moai in London,event,Time,F1.12,OC-POL,1868,1868,1868; Rapa Nui request 2018,Crew of HMS Topaze took the moai Hoa Hakananai'a from Rapa Nui; a Rapa Nui delegation asked for its return in 2018.,basalt carving,moai,ritual and belief,British navy; British Museum,"the Rapa Nui, who have asked for it back",sacred;ancestral;Indigenous-community,collection search link-out only,R3,F1.24,high,links: CIV092.
OCC149,Separation of Shinto and Buddhism (1868),shinbutsu bunri; haibutsu kishaku,event,Time,F1.8,AS-JPN,1868,1874,orders 1868; anti-Buddhist violence to c. 1874,"Meiji orders to separate Shinto from Buddhism set off the destruction and sale of Buddhist images and temple treasures, many of which went abroad.",sculpture;metalwork,Buddhist image;temple furnishing,ritual and belief,Meiji state,the temples and villages that lost their images,sacred;conflict-looting,ColBase (Japan Government Standard Terms); Met Open Access (CC0),R2,F1.16;F1.24,high,links: BEL032; BEL022.
OCC150,Burning of the royal sampy (1869),sampy,event,Time,F1.6,AF-MAD,1869,1869,September 1869,"After Queen Ranavalona II's conversion, the royal sampy (talismans of the Merina monarchy) were burned.",wood;cloth;beads,sampy,ritual and belief,Merina state,Malagasy people who kept ancestral practice,sacred;Indigenous-community,collection search link-out only,R3,F1.16,high,links: POL018; BEL049.
OCC151,Ottoman antiquities regulations (1869–1884),Asar-ı Atika Nizamnamesi,event,Time,F1.10,WA-ANA;WA-MES;WA-LEV,1869,1884,1869; 1874; 1884,"Ottoman antiquities regulations, tightened in 1884 under Osman Hamdi Bey, made finds state property and banned export.",excavation,antiquity,rule and display,Ottoman state,local finders; the empire's non-Turkish peoples,none,public-domain primary texts,R3,F1.24,high,links: INS047.
OCC152,Suez Canal (1869),opening of the Suez Canal,event,Time,F1.6;F1.13,AF-EGY,1869,1869,November 1869,"The canal cut the sea route between Europe and Asia, speeding trade in raw materials and manufactured goods.",civil engineering,ship,transport;exchange and value,historians,the Egyptian corvée workers who dug it,human-flow,Wikimedia Commons,R2,F1.13,high,
OCC153,Ban on Ainu tattooing and earrings (1871),Kaitakushi prohibition,event,Time,F1.8,AS-JPN,1871,1871,1871; reissued 1876,Japan's Hokkaido Development Commission banned Ainu women's tattooing and men's earrings as part of assimilation.,tattooing;metalwork,earring,clothing and adornment,Meiji state,"Ainu, whose practices continued in secret",Indigenous-community,collection search link-out only,R3,F1.17,medium,
OCC154,Meiji dress and hair reforms (1871–1872),dampatsurei (1871); court dress decree (1872),event,Time,F1.8,AS-JPN,1871,1872,1871–1872,"Meiji edicts allowed men to cut the topknot and made Western-style dress official court and uniform wear, creating demand for tailoring and hats.",tailoring;millinery,uniform;frock coat,clothing and adornment;rule and display,Meiji state,"women, who kept kimono longer",none,NDL Digital Collections (public-domain items); ColBase (Japan Government Standard Terms),R3,F1.17,high,
OCC155,Sagrenti War and the looting of Kumasi (1874),Third Anglo-Asante War,event,Time,F1.6,AF-GUI,1874,1874,February 1874,"British troops looted Kumasi and took Asante gold regalia, some auctioned in London.",goldsmithing;casting,regalia,rule and display;war,British state,Asante goldsmiths and court,conflict-looting,Wikimedia Commons,R2,F1.24,high,links: POL029; OCC292.
OCC156,Haitōrei (1876),Sword Abolition Edict,event,Time,F1.8,AS-JPN,1876,1876,March 1876,"The ban on wearing swords in public ended demand for new swords, and sword-fitting makers turned to export metalwork.",swordsmithing;metal inlay,sword;tsuba;export metalwork,war;clothing and adornment,Meiji state,the smiths who left the trade,none,ColBase (Japan Government Standard Terms); Met Open Access (CC0),R2,F1.19;F1.13,high,
OCC157,Wickham's rubber seeds (1876),transfer of Hevea seeds,event,Time,F1.7;F1.9;F1.13,AM-AMZ;AS-ISE;AS-MSE,1876,1876,1876,"Henry Wickham took about 70,000 Hevea seeds from Brazil to Kew, and seedlings started rubber plantations in Southeast Asia.",rubber tapping,rubber,tools,historians,Indigenous knowledge of rubber,none,Wellcome Collection,R3,F1.14,high,links: INV033.
OCC158,Ancient Monuments Protection Act (1882),UK Ancient Monuments Act,event,Time,F1.11,EU-BLC,1882,1882,1882,"Britain's first heritage law listed prehistoric monuments for state guardianship, with Augustus Pitt-Rivers as first inspector.",conservation,monument,rule and display,British Parliament,sites not on the schedule,none,official text of the law (government legislation site; link-out); public-domain primary texts,R3,F1.24,high,links: INS053.
OCC159,Code of Indian Offenses (1883),Religious Crimes Code,event,Time,F1.7,AM-WST;AM-EWD,1883,1934,1883; enforcement ended 1934,"US rules banned Native American ceremonies, including dances and giveaways, pushing ritual making underground.",regalia making,regalia,ritual and belief,US Department of the Interior,the communities who kept ceremonies,sacred;Indigenous-community,US National Archives Catalog,R3,F1.16,high,links: POL078.
OCC160,Krakatoa eruption (1883),Krakatau,event,Time,F1.9;F1.13,AS-ISE;GL,1883,1883,August 1883,"News of the eruption spread worldwide by telegraph within days, and its ash coloured sunsets painted and reported far away.",none specific,none specific,record and writing,volcanologists; historians,the tens of thousands killed by tsunamis in Java and Sumatra,none,Wikimedia Commons; British Library public-domain images (Flickr Commons),R3,F1.22;F1.21,medium,Link to specific paintings (e.g. Munch) is speculative; keep it general.
OCC161,Paris Convention (1883),Paris Convention for the Protection of Industrial Property,event,Time,F1.13;THEME,GL,1883,1883,signed 1883; in force 1884,"The first international treaty on patents, trademarks and industrial designs let makers claim protection across member states.",patent;trademark;design registration,patent;trademark,exchange and value,signatory states,colonised makers with no standing,none,UNESCO/UN instrument texts (link-out); public-domain primary texts,R2,F1.14,high,WIPO now administers it.
OCC162,Berlin Conference (1884–1885),Congo Conference,event,Time,F1.6;F1.11,GL,1884,1885,November 1884–February 1885,"European powers set rules for claiming African territory, the framework for colonial extraction of rubber, ivory and craft.",none specific,none specific,rule and display,European states,"all African states, which were absent",none,public-domain primary texts,R2,F1.3,high,links: POL139; POL140.
OCC163,Potlatch ban (1884–1951),Indian Act amendment,event,Time,F1.7,AM-NWC,1884,1951,"passed 1884, in force 1885; removed 1951","Canadian law banned the potlatch, criminalising ceremonies where masks, coppers and regalia were made and given.",carving;copper working,mask;copper;regalia,ritual and belief;exchange and value,Canadian government,Kwakwakaʼwakw and other nations who continued in secret,sacred;Indigenous-community,collection search link-out only,R2,F1.16;F1.24,high,links: STY076; POL079.
OCC164,Third Anglo-Burmese War and the Mandalay regalia (1885),fall of Mandalay,event,Time,F1.9,AS-MSE,1885,1964,1885; part returned 1964,"British forces deposed King Thibaw and took the Mandalay regalia, part of which the V&A returned to Burma in 1964.",goldsmithing;gem setting,regalia,rule and display,British state,Burmese court makers,conflict-looting,Wikimedia Commons,R3,F1.24,high,links: DYN065.
OCC165,Berne Convention (1886),Berne Convention for the Protection of Literary and Artistic Works,event,Time,F1.13;THEME,GL,1886,1886,1886,The treaty extended copyright to authors and artists across member states without registration.,printing;illustration,book;print,record and writing,signatory states,oral and collective traditions,none,UNESCO/UN instrument texts (link-out); public-domain primary texts,R2,F1.14,high,
OCC166,Hall–Héroult process (1886),electrolytic aluminium,event,Time,F1.11;F1.7,EU-WCE;AM-EWD,1886,1886,1886,Independent discovery of electrolytic smelting made aluminium cheap enough for household goods and aircraft.,electrolysis;aluminium,pan;aircraft,tools;transport,historians,bauxite miners,none,Science Museum Group Collection (link-out),R2,F1.19;F1.22,high,
OCC167,Merchandise Marks Act (1887),"""Made in Germany""",event,Time,F1.11,EU-BLC;EU-WCE,1887,1887,1887,"British law required foreign goods to be marked with their origin, and ""Made in Germany"" became a mark of quality.",marking,label,exchange and value,British Parliament,makers inside Britain who copied,none,official text of the law (government legislation site; link-out),R3,F1.14,high,
OCC168,Lei Áurea (1888),Golden Law,event,Time,F1.7,AM-LAT,1888,1888,13 May 1888,"Brazil abolished slavery, the last country in the Americas to do so, ending the legal basis of enslaved labour in its plantations, mines and craft workshops.",none specific,none specific,rule and display,Brazilian state,those freed without land or pay,human-flow,BNDigital (Biblioteca Nacional do Brasil),R3,F1.23,high,links: DIA008.
OCC169,Removal and return of the Great Zimbabwe birds (1889–2026),soapstone birds,event,Time,F1.6,AF-SOU,1889,2026,"removed from 1889; four returned from South Africa 1981; pedestal from Germany (loan agreed 2000, public 2003); last bird returned from South Africa 15 April 2026","Soapstone birds taken from Great Zimbabwe from 1889 came back in stages, from South Africa in 1981, from Germany in 2003 and, last, from Cecil Rhodes's former house Groote Schuur in 2026, and the bird is Zimbabwe's national emblem.",soapstone carving,bird carving,ritual and belief,Zimbabwean state; historians,the site damaged by colonial digging,sacred;conflict-looting,Zamani Project (link-out),R3,F1.24,high,links: POL015; CIV005. 2026 handover also returned ancestral human remains.
OCC170,Imperial Household Artists (1890),Teishitsu Gigeiin,event,Time,F1.8,AS-JPN,1890,1944,1890–1944,"The Meiji court appointed leading artists and craftsmen as Imperial Household Artists, backing metalwork, lacquer and ceramics.",metalwork;lacquer;cloisonné,lacquer;cloisonné,rule and display,Meiji state,workshop assistants,none,ColBase (Japan Government Standard Terms); Met Open Access (CC0),R3,F1.17,high,links: INS028.
OCC171,French conquest of Abomey (1892),Dahomey war,event,Time,F1.6,AF-GUI,1892,1892,1892,"French troops took the royal statues, thrones and doors of Abomey to Paris.",brass casting;woodcarving,statue;throne;door,rule and display;war,French state,Fon court artists,conflict-looting;sacred,Paris Musées (Open Content); collection search link-out only,R2,F1.24,high,links: POL030. 26 objects returned 2021 (see OCC286).
OCC172,Lombok expedition (1894),Lombok treasure,event,Time,F1.9,AS-ISE,1894,1894,1894,"Dutch forces looted the Cakranegara palace on Lombok, taking gold and jewellery.",goldsmithing,jewellery;kris,rule and display;war,Dutch state,Balinese and Sasak people,conflict-looting,Rijksmuseum (CC0/PDM); Tropenmuseum images on Wikimedia Commons (CC BY-SA),R3,F1.24,high,links: POL223.
OCC173,Danballyeong (1895),haircut ordinance,event,Time,F1.8,AS-KOR,1895,1895,1895,"A Korean ordinance ordered men to cut the topknot, provoking protest and undermining the market for the horsehair hats (gat) and headbands worn with it.",hairdressing,topknot,clothing and adornment,Joseon state,"women, who were not covered, and the protesters who resisted",none,KOGL Type 1 images on Wikimedia Commons,R3,F1.17,high,links: POL177.
OCC174,Ancient Shrines and Temples Preservation Law (1897),Koshaji hozonhō,event,Time,F1.8,AS-JPN,1897,1897,1897,"Japan's first national heritage law funded temple repairs and created ""national treasures"".",conservation,temple;sculpture,rule and display,Meiji state,non-temple craft,sacred,ColBase (Japan Government Standard Terms),R3,F1.24,high,
OCC175,"British invasion and looting of Benin City (1897; the British ""punitive expedition"")",Sack of Benin City; Siege of Benin (Cleveland's records); Benin Massacre of 1897 (Nigeria's 2023 declaration),event,Time,F1.6;F1.11,AF-GUI,1897,1897,February 1897,"British forces looted Benin City, taking thousands of brass plaques, heads and ivories, many sold to fund the expedition.",brass casting;ivory carving,plaque;commemorative head;tusk,rule and display;war,British state,"the Edo people, the Benin court's own records of the objects, and the guild casters who made them",conflict-looting;sacred;ancestral,Digital Benin (each lender's licence); Wikimedia Commons,R1,F1.24;F1.19a,high,"links: CIV012; DYN038; POL026; INS082. ""Punitive expedition"" is the British term (National Museums Scotland quotes it as such); a primary British source is still to find (F1.6 spec §10)."
OCC176,Synthetic indigo (1897),BASF indigo,event,Time,F1.11;F1.9,EU-WCE;AS-SAS,1897,1897,1897,"BASF's synthetic indigo undercut plant indigo within two decades, collapsing indigo planting in Bengal and Bihar and changing dyers' supplies worldwide.",synthetic dye,indigo,clothing and adornment,historians,indigo cultivators,none,Science Museum Group Collection (link-out),R2,F1.19;F1.18,high,
OCC177,Boxer war and looting of Beijing (1900),Eight-Nation Alliance,event,Time,F1.8,AS-CHN,1900,1901,1900–1901,"Foreign troops looted Beijing's palaces, and fire at the Hanlin Academy destroyed volumes of the Yongle Encyclopedia.",manuscript;porcelain,manuscript;porcelain,war,historians,Chinese Christians and Boxers killed,conflict-looting,Library of Congress (per-item rights; many public domain); Wikimedia Commons,R2,F1.24;F1.19a,high,
OCC178,Dunhuang Library Cave opened (1900–1908),Mogao Cave 17,event,Time,F1.8;F1.12a,AS-CHN;AS-CEN,1900,1908,found 1900; Stein 1907; Pelliot 1908,"Wang Yuanlu found the sealed library cave, and Stein and Pelliot bought thousands of manuscripts, paintings and prints for London and Paris.",manuscript;woodblock printing;silk painting,manuscript;Diamond Sutra;banner,record and writing;ritual and belief,explorers; historians,Wang Yuanlu's position,sacred;conflict-looting,International Dunhuang Programme (link-out; non-commercial); British Library public-domain images (Flickr Commons),R2,F1.24;F1.28,high,links: INV039.
OCC179,Phosphate mining on Banaba (1900–1979),Ocean Island mining,event,Time,F1.12,OC-MIC,1900,1979,"1900–1979; Banabans moved to Rabi, Fiji, 1945","Phosphate mining for Australian and New Zealand fertiliser stripped Banaba's land, and most Banabans were relocated to Rabi Island in Fiji.",phosphate mining,fertiliser,food and storage,historians; Banaban community,"the Banabans' claims, still pursued",human-flow;Indigenous-community,collection search link-out only,R3,F1.22,high,
OCC180,Younghusband expedition (1903–1904),British invasion of Tibet,event,Time,F1.9,AS-HIM,1903,1904,1903–1904,"British troops looted Tibetan monasteries during the invasion, sending manuscripts, thangkas and ritual objects to British collections.",manuscript;thangka painting;metalwork,manuscript;thangka;ritual object,war;ritual and belief,British state; historians,the Tibetans killed at Chumik Shenko,conflict-looting;sacred,British Library public-domain images (Flickr Commons),R3,F1.24,high,links: POL205.
OCC181,Antiquities Act (1906),US Antiquities Act,event,Time,F1.7,AM-WST,1906,1906,June 1906,"US law protected archaeological sites on federal land and required permits to dig, partly to stop pot hunting in the Southwest.",excavation,pottery;site,rule and display,US Congress,"Native nations, whose ancestors' sites were placed under federal control",Indigenous-community,US National Archives Catalog,R3,F1.24,high,
OCC182,Bali puputan (1906–1908),Badung and Klungkung puputan,event,Time,F1.9,AS-ISE,1906,1908,Badung 1906; Klungkung 1908,"Dutch attacks on the Balinese courts ended in ritual mass suicides, and court objects were taken to the Netherlands.",kris making;goldsmithing,kris;regalia,rule and display;war,Dutch state; historians,the Balinese court and people,conflict-looting,Tropenmuseum images on Wikimedia Commons (CC BY-SA); Rijksmuseum (CC0/PDM),R3,F1.24,high,links: POL222.
OCC183,Putumayo atrocities (1907–1912),Casement report,event,Time,F1.7,AM-AMZ,1907,1912,exposed 1907–1912,"The Peruvian Amazon Company forced Indigenous people to collect rubber through torture and killing, exposed in Roger Casement's 1912 report.",rubber tapping,rubber,exchange and value,historians; Roger Casement,the Indigenous peoples themselves,human-flow;Indigenous-community,public-domain primary texts,R3,F1.22;F1.23,high,links: NET060; PRD210.
OCC184,Xinhai Revolution and the end of Qing dress (1911–1912),Xinhai Revolution,event,Time,F1.8,AS-CHN,1911,1912,1911–1912,"The fall of the Qing ended the queue and court robe system, and new dress such as the Zhongshan suit followed.",tailoring,Zhongshan suit;qipao,clothing and adornment,historians,women and rural people,none,Library of Congress (per-item rights; many public domain),R3,F1.17,high,links: OCC078.
OCC185,Export of the Nefertiti bust (1913),Nefertiti bust,event,Time,F1.6;F1.11,AF-EGY;EU-WCE,1912,1913,found 1912; to Germany 1913,"The bust from the Amarna workshop of Thutmose went to Germany under a division of finds, and Egypt has asked for its return.",limestone;painting,bust,rule and display,German excavators (Borchardt),Egyptian claims,conflict-looting,Staatliche Museen zu Berlin (SMB-digital); Wikimedia Commons,R3,F1.24,high,links: STY082.
OCC186,Moving assembly line at Highland Park (1913),Ford assembly line,event,Time,F1.7,AM-EWD,1913,1913,1913,Ford's moving assembly line at Highland Park cut the time to build a Model T and became the model for mass production.,assembly line;interchangeable parts,car,transport,historians,the immigrant workers who faced high turnover,none,Smithsonian Open Access (CC0 where designated); Library of Congress (per-item rights; many public domain),R2,F1.19,high,links: INS065.
OCC187,Werkbund debate (1914),Muthesius–van de Velde debate,event,Time,F1.11,EU-WCE,1914,1914,July 1914,"At the Werkbund meeting in Cologne, Hermann Muthesius argued for standard types and Henry van de Velde for the artist's freedom.",standardisation,furniture;product,tools,Deutscher Werkbund,the workers who made the products,none,public-domain primary texts,R3,F1.20;F1.19,high,links: MOV011.
OCC188,Armenian genocide (1915–1923),Medz Yeghern,event,Time,F1.10;F1.11,WA-ANA;WA-CAU,1915,1923,1915–1923,"Ottoman deportations and massacres destroyed Armenian communities of weavers, silversmiths and potters; survivors carried crafts to Jerusalem, Aleppo, Beirut and beyond.",carpet weaving;silversmithing;ceramics,carpet;silverwork;tile,clothing and adornment,historians,the victims and their unrecorded work,human-flow,Wikimedia Commons,R3,F1.19a;F1.13,high,Armenian potters from Kütahya in Jerusalem (from 1919).
OCC189,Dazzle camouflage (1917),razzle dazzle,event,Time,F1.11,EU-BLC;GL,1917,1918,1917–1918,"Artists led by Norman Wilkinson painted Allied ships in broken, high-contrast patterns meant to confuse enemy range-finding, turning painters and women's design teams to war work.",paint;pattern design;scale models,ship;model,war;transport,British Admiralty; historians,the women art students who drew most of the schemes,none,Wikimedia Commons; Internet Archive (public-domain texts),R3,F1.19a;F1.20,high,Effectiveness was never proven.
OCC190,Radium dial painters (1917–1928),"""Radium Girls""",event,Time,F1.7,AM-EWD,1917,1928,work from 1917; key lawsuit settled 1928,"Women painting watch dials with radium paint were told to point brushes with their lips and later sickened, and their lawsuits helped establish occupational-disease law.",radium paint;dial painting,watch dial,tools,historians; the workers' lawsuits,the many unnamed workers who died before any case,none,Library of Congress (per-item rights; many public domain); US National Archives Catalog,R3,F1.23;F1.22,high,"US Radium Corporation (Orange, New Jersey); Radium Dial Company (Ottawa, Illinois)."
OCC191,Propaganda porcelain (1918),"State Porcelain Factory, Petrograd",event,Time,F1.11,EU-EER,1918,1930,from 1918,The nationalised Imperial Porcelain Factory decorated blank imperial plates with revolutionary slogans and Suprematist designs.,overglaze painting;porcelain,plate;cup,food and storage;rule and display,"Soviet state; artists (Chekhonin, Suetin, Chashnik)",the factory painters who executed designs,none,Met Open Access (CC0); Wikimedia Commons,R2,F1.20;F1.19,high,links: MOV017; POL151.
OCC192,Boycott of foreign cloth (1920–1922),Non-cooperation movement; khadi campaign,event,Time,F1.9,AS-SAS,1920,1922,1920–1922; bonfire in Bombay July 1921,"Gandhi's non-cooperation campaign urged Indians to burn foreign cloth and spin and wear khadi, making hand-spinning a political act.",hand-spinning;handloom weaving,khadi;charkha,clothing and adornment;rule and display,Indian National Congress; Gandhi,the Indian mill workers and traders hurt by the boycott,none,Indian Culture portal (per-owner licence); Wikimedia Commons,R1,F1.18;F1.17,high,links: MOV081; POL201. See also OCC197.
OCC193,Exposición de Artes Populares (1921),"Mexican popular arts exhibition, centenary of independence",event,Time,F1.7,AM-MES;AM-LAT,1921,1921,September 1921,"An exhibition in Mexico City organised by Dr Atl, Roberto Montenegro and Jorge Enciso presented Indigenous and rural crafts as national art.",lacquer;pottery;weaving,lacquer;pottery;textile,rule and display,Mexican state; artists,"the named makers, rarely credited",Indigenous-community,INAH Mediateca (link-out); collection search link-out only,R3,F1.15;F1.29,high,links: POL076; SCH006; MOV056.
OCC194,Seizure of the Village Island potlatch (1921),Cranmer potlatch,event,Time,F1.7,AM-NWC,1921,1980,seized 1921–22; returns from 1979–80,Police seized masks and regalia after Dan Cranmer's potlatch; returned pieces went to the U'mista Cultural Centre (1980) and Nuyumbalees.,carving;painting,mask;copper;regalia,ritual and belief,Canadian government; the ʼNamgis and Kwakwakaʼwakw,those pieces still held elsewhere,sacred;Indigenous-community,collection search link-out only,R2,F1.24;F1.16,high,links: OCC163.
OCC195,Discovery of Tutankhamun's tomb (1922),KV62,event,Time,F1.6,AF-EGY,1922,1932,found 1922; clearance to 1932,"Howard Carter's find set off a craze for Egyptian motifs in Art Deco design, and Egypt kept the whole contents rather than dividing them with excavators.",goldsmithing;cabinetmaking;faience,funerary mask;furniture;jewellery,ritual and belief;rule and display,Egyptian Antiquities Service; Carter and Carnarvon,the Egyptian workmen who did the digging,funerary;sacred,Wikimedia Commons; Met Open Access (CC0),R2,F1.2;F1.24,high,links: STY028; STY042; DYN004.
OCC196,Greek–Turkish population exchange (1923),Convention of Lausanne exchange,event,Time,F1.11;F1.10,EU-BYZ;WA-ANA,1923,1923,1923,"About 1.6 million people were forcibly exchanged, moving potters, weavers and carpet makers between Anatolia and Greece.",carpet weaving;pottery;silversmithing,carpet;pottery,clothing and adornment,Greek and Turkish states; League of Nations,the Karamanli Turkish-speaking Orthodox and Greek-speaking Muslims,human-flow,Wikimedia Commons; Europeana (per-item rights),R3,F1.13,high,links: POL152.
OCC197,All-India Spinners' Association (1925),Akhil Bharat Charkha Sangh,event,Time,F1.9,AS-SAS,1925,1925,1925,"The association organised hand-spinners and weavers across India to produce, certify and sell khadi, paying spinners by the hank.",hand-spinning;handloom weaving,khadi,clothing and adornment,Gandhi and the Congress,the women spinners paid by the hank,none,Indian Culture portal (per-owner licence),R3,F1.18;F1.17,high,
OCC198,Hat Law (1925),Şapka Kanunu,event,Time,F1.10,WA-ANA,1925,1925,November 1925,"The Turkish Republic banned the fez and required brimmed hats for men, shifting headwear making.",felt;millinery,hat;fez,clothing and adornment;rule and display,Turkish Republic,women and rural people,none,Wikimedia Commons,R3,F1.17,high,links: POL152.
OCC199,Hujum (1927),Soviet unveiling campaign,event,Time,F1.12a,AS-CEN,1927,1927,launched March 1927,The Soviet campaign in Uzbekistan had women burn the paranji and chachvon veils in public.,weaving;horsehair,paranji;chachvon,clothing and adornment,Soviet state,the women killed in reprisals,none,Wikimedia Commons,R3,F1.17,high,
OCC200,Uniform Dress Law and unveiling in Iran (1928–1936),Kashf-e hijab,event,Time,F1.10,WA-IRN,1928,1936,1928; 1936,Reza Shah's laws required Western dress and the Pahlavi hat for men and banned the chador in public.,tailoring;millinery,Pahlavi hat;chador,clothing and adornment,Iranian state,women who stopped leaving home,none,Wikimedia Commons,R3,F1.17,high,links: DYN023.
OCC201,Collapse of Gulf pearling (1929–1950s),end of the pearl-diving economy,event,Time,F1.10,WA-ARB,1929,1955,approx.,"The Depression and Japanese cultured pearls collapsed the Gulf pearl trade, and oil work replaced diving, boat building and pearl dealing.",pearl diving;dhow building,pearl;dhow,exchange and value,historians,the indebted and enslaved divers,human-flow,Qatar Digital Library (link-out),R3,F1.22;F1.23,high,Mikimoto's cultured-pearl methods (from 1890s) in notes only.
OCC202,Kazakh famine and forced sedentarisation (1930–1933),Asharshylyk,event,Time,F1.12a,AS-CEN,1930,1933,1930–1933,"Soviet collectivisation and forced settlement killed about 1.5 million Kazakhs and broke the herding life around which felt, yurt and leather making were organised.",felt making;yurt building;leatherwork,yurt;felt,shelter,historians,the dead and those who fled to China,human-flow,Wikimedia Commons,R3,F1.19a,high,Death toll estimates vary.
OCC203,Salt March (1930),Dandi March,event,Time,F1.9,AS-SAS,1930,1930,March–April 1930,Gandhi's march to Dandi to make salt from seawater broke the British salt monopoly in public and made a simple act of making into protest.,salt making,salt,food and storage,historians; Indian National Congress,the salt workers of the coast,none,Indian Culture portal (per-owner licence); Wikimedia Commons,R3,F1.17,high,
OCC204,Mission Dakar–Djibouti (1931–1933),French ethnographic mission,event,Time,F1.6;F1.11,AF-SAH;AF-HRN;AF-GUI,1931,1933,1931–1933,"Marcel Griaule's mission crossed Africa collecting about 3,500 objects for Paris, some taken by pressure or theft as Michel Leiris recorded.",collecting,mask;boli;manuscript;painting,ritual and belief,French state; Musée d'Ethnographie du Trocadéro,the owners and communities,conflict-looting;sacred,collection search link-out only,R3,F1.24,high,links: INS054. Object count to verify.
OCC205,Closure of the Bauhaus (1933),Bauhaus dissolution,event,Time,F1.11,EU-WCE,1932,1933,Dessau closed 1932; Berlin dissolved July 1933,"Under Nazi pressure the Bauhaus closed, and its teachers and students carried its methods to the US, Britain, Palestine and elsewhere.",design teaching,furniture;textile;typography,tools,historians; Bauhaus masters,the women weavers and students who did not emigrate,human-flow,Wikimedia Commons; Met Open Access (CC0),R2,F1.20;F1.13,high,links: INS057; DIA011.
OCC206,Soviet decree on artistic organisations (1932),On the Reconstruction of Literary and Artistic Organisations,event,Time,F1.11;F1.12a,EU-EER;AS-CEN,1932,1932,23 April 1932,"The Communist Party dissolved independent art groups and set up single state unions, clearing the way for Socialist Realism as the rule for art and design.",none specific,poster;painting,rule and display,Communist Party of the Soviet Union,the avant-garde groups dissolved,none,Wikimedia Commons,R3,F1.20,high,links: STY045; MOV019; POL151.
OCC207,Evacuation of the Palace Museum collections (1933–1949),southward removal of the Forbidden City treasures,event,Time,F1.8,AS-CHN,1933,1949,1933–1949,"Facing Japanese invasion, staff moved nearly 20,000 crates of the imperial collection south and west, and part went to Taiwan in 1948–49.",packing;conservation,porcelain;painting;bronze,rule and display,Palace Museum staff; Nationalist government,the staff and porters who moved the crates,conflict-looting,National Palace Museum Taipei Open Data (CC BY 4.0),R2,F1.24;F1.19a,high,links: INS022; POL169.
OCC208,Reich Chamber of Culture (1933),Reichskulturkammer,event,Time,F1.11,EU-WCE,1933,1945,September 1933,"Nazi law required artists, craftspeople, designers and publishers to join a state chamber, which excluded Jewish and politically unwanted makers from working.",none specific,none specific,rule and display,Nazi state (Goebbels),"the excluded makers, many later murdered",human-flow,collection search link-out only,R3,F1.19a;F1.23,high,links: POL150.
OCC209,Machine Art (MoMA 1934),Machine Art exhibition,event,Time,F1.7,AM-EWD,1934,1934,March–April 1934,"Philip Johnson's exhibition presented propellers, springs and kitchenware as art, framing industrial products as design for museums.",machining;display,propeller;bearing;kitchenware,rule and display;tools,Museum of Modern Art,the factory workers who made the objects,none,collection search link-out only,R3,F1.15;F1.19,high,links: INS081; MOV024.
OCC210,International Exhibition of Chinese Art (1935–1936),Burlington House Chinese exhibition,event,Time,F1.11;F1.8,EU-BLC;AS-CHN,1935,1936,November 1935–March 1936,Loans from the Palace Museum shown at the Royal Academy in London shaped Western canons of Chinese art.,display,porcelain;painting;bronze,rule and display,Royal Academy; Chinese government,"objects not selected, and the collectors' agendas",none,collection search link-out only,R3,F1.15;F1.24,high,
OCC211,Iraq Antiquities Law (1936),Law No. 59 of 1936,event,Time,F1.9a;F1.10,WA-MES,1936,1936,1936,Iraq's law ended the easy division of finds with foreign excavators and kept more antiquities in the country.,excavation,antiquity,rule and display,Iraqi state (Sati' al-Husri),local diggers and dealers who lost income,none,Cuneiform Digital Library Initiative (link-out),R3,F1.24,high,
OCC212,"""Degenerate Art"" confiscations and exhibition (1937)",Entartete Kunst,event,Time,F1.11,EU-WCE,1937,1941,"confiscations 1937; exhibition Munich July 1937, touring to 1941","The Nazi state seized about 20,000 modern works from German museums, mocked some in a touring exhibition, and sold or burned others.",painting;sculpture;print,painting;sculpture,rule and display,Nazi state,"the artists persecuted, many Jewish",conflict-looting,collection search link-out only,R2,F1.24;F1.19a,high,links: POL150.
OCC213,Axum obelisk taken and returned (1937–2005),Obelisk of Axum,event,Time,F1.6;F1.11,AF-HRN,1937,2005,taken 1937; returned 2005; re-erected 2008,"Fascist Italy shipped an Aksumite stele to Rome, and after decades of requests it was returned to Ethiopia.",stone carving,stele,ritual and belief;rule and display,Italian and Ethiopian states,Aksum's residents,conflict-looting,Wikimedia Commons,R3,F1.24,high,links: POL006; CIV003.
OCC214,Mongolian purges and destruction of monasteries (1937–1939),Stalinist repression in Mongolia,event,Time,F1.12a,AS-CEN,1937,1939,1937–1939,Purges killed thousands of lamas and destroyed most Buddhist monasteries with their images and workshops.,sculpture;appliqué;painting,image;thangka,ritual and belief,Mongolian People's Republic; historians,the monks killed,sacred;conflict-looting,collection search link-out only,R3,F1.16;F1.19a,high,links: SCH045.
OCC215,Paris Exposition (1937),Exposition Internationale des Arts et Techniques,event,Time,F1.11,EU-WCE,1937,1937,1937,The fair set the Soviet and Nazi pavilions face to face and showed Picasso's Guernica in the Spanish Republic's pavilion.,exhibition,pavilion;painting,rule and display,French state,the colonial pavilions,none,Paris Musées (Open Content); Wikimedia Commons,R3,F1.15;F1.19a,high,
OCC216,Einsatzstab Reichsleiter Rosenberg looting (1940–1945),ERR,event,Time,F1.11,EU-WCE;EU-EER,1940,1945,1940–1945,"The Nazi agency seized art, books, furniture and ritual objects from Jewish collectors and occupied countries, many never recovered.",none specific,painting;furniture;book;Judaica,rule and display;war,Nazi state,victims whose property is still unidentified,conflict-looting,collection search link-out only,R2,F1.24,high,links: OCC261.
OCC217,Utility Furniture Scheme (1942),Utility furniture,event,Time,F1.11,EU-BLC,1942,1952,"designed for the Board of Trade from 1941; aim announced by Dalton in 1942; catalogue of 1943 (about 30 pieces, stamped CC41); scheme to 1952","British wartime rules allowed only approved designs of furniture, overseen by a panel including Gordon Russell.",cabinetmaking;rationing,furniture,shelter,British Board of Trade,the furniture makers restricted,none,Wikimedia Commons,R3,F1.19a;F1.22a,high,"Source: Museum Wales (Williams, 2020), https://museum.wales/blog/2168/Rationing-furniture-during-the-Second-World-War-/. links: OBT347"
OCC218,Yan'an Talks on Literature and Art (1942),Yan'an Forum,event,Time,F1.8,AS-CHN,1942,1942,May 1942,"Mao's talks told artists to serve workers, peasants and soldiers, framing art and craft policy in the PRC.",woodcut;painting,woodcut;poster,rule and display,Mao Zedong; Chinese Communist Party,artists who disagreed and were purged,none,collection search link-out only,R3,F1.20,high,links: MOV090; POL171.
OCC219,Rebuilding of Warsaw (1945–1960s),reconstruction of Warsaw Old Town,event,Time,F1.11,EU-EER,1945,1965,1945–1960s,"After the city was destroyed, Poles rebuilt Warsaw's Old Town using pre-war surveys and Bellotto's paintings, making reconstruction an act of national identity.",masonry;painting;reconstruction,building,shelter,Polish state; historians,the residents moved out,none,Wikimedia Commons,R3,F1.28a,high,"Historic Centre of Warsaw, World Heritage 1980 (verified)."
OCC220,Bikini Atoll nuclear tests (1946–1958),Operation Crossroads,event,Time,F1.12;F1.7,OC-MIC,1946,1958,1946–1958,"US nuclear testing moved Bikini islanders from their atoll, and the ""bikini"" swimsuit took its name days after the first tests.",none specific,swimsuit,care and access,US state,Bikini islanders,human-flow;Indigenous-community,US National Archives Catalog,R3,F1.22,high,
OCC221,Partition of India (1947),Partition,event,Time,F1.9,AS-SAS,1947,1947,August 1947,"Partition displaced millions, including artisans and weavers, and refugee craftspeople restarted work in India and Pakistan.",weaving;embroidery,phulkari,clothing and adornment,historians,women survivors,human-flow,Indian Culture portal (per-owner licence),R2,F1.13;F1.19a,high,links: POL202.
OCC222,Hōryū-ji Kondō fire and the Law for the Protection of Cultural Properties (1949–1950),Bunkazai hogohō,event,Time,F1.8,AS-JPN,1949,1950,fire January 1949; law May 1950,"A fire damaged the 7th-century wall paintings of Hōryū-ji's Golden Hall, and the next year Japan passed a law protecting tangible and intangible cultural properties.",wall painting;conservation,wall painting;temple,ritual and belief;care and access,Japanese state,makers of works not designated,sacred,ColBase (Japan Government Standard Terms); Japan Search,R2,F1.24;F1.29,high,"links: INS028 (Living National Treasures follow from the 1950 law, system from 1955)."
OCC223,Hague Convention (1954),Convention for the Protection of Cultural Property in the Event of Armed Conflict,event,Time,F1.13;THEME,GL,1954,1954,1954; Second Protocol 1999,The first global treaty on protecting cultural property in war set up the blue shield emblem.,none specific,monument;collection,war;care and access,UNESCO member states,non-state armed groups and intangible heritage,conflict-looting,UNESCO/UN instrument texts (link-out),R2,F1.24;F1.19a,high,
OCC224,"Khrushchev's decree against architectural ""excesses"" (1955)",On the elimination of excesses in design and construction,event,Time,F1.11;F1.12a,EU-EER;AS-CEN,1955,1955,November 1955,"The decree condemned Stalinist ornament and pushed standard prefabricated housing, the start of the khrushchyovka.",prefabricated concrete;standard design,apartment block,shelter,Soviet state,the ornamental craftsmen who lost work,none,Wikimedia Commons,R3,F1.20;F1.19,high,links: STY046; STY158.
OCC225,First container ship voyage (1956),Ideal X,event,Time,F1.7;F1.13,AM-EWD;GL,1956,1956,April 1956,"Malcom McLean's converted tanker carried 58 containers from Newark to Houston, the start of container shipping.",standard container;crane,shipping container,transport;exchange and value,historians,dockworkers who lost jobs,none,Library of Congress (per-item rights; many public domain),R2,F1.13;F1.21,high,links: NET062.
OCC226,Minamata disease recognised (1956),Minamata,event,Time,F1.8,AS-JPN,1956,1968,recognised 1956; state admits cause 1968,"Mercury waste from Chisso's acetaldehyde plant poisoned fishing communities, a founding case of industrial pollution.",chemical industry;mercury,none specific,care and access,Japanese state; victims' groups,victims not certified,none,Wikimedia Commons,R3,F1.22,high,links: OCC276.
OCC227,Backyard furnaces of the Great Leap Forward (1958–1960),Great Leap Forward,event,Time,F1.8,AS-CHN,1958,1960,1958–1960,"Millions were told to make steel in small furnaces, melting pots and tools into poor iron while famine followed.",iron smelting;melting,furnace;iron,tools,Chinese Communist Party,the tens of millions who died in the famine,none,collection search link-out only,R3,F1.19;F1.22,high,
OCC228,Igloo tag and the first Kinngait print collection (1958–1959),Cape Dorset prints,event,Time,F1.7,AM-ARC,1958,1959,igloo tag 1958; first annual print collection 1959,"Canada introduced an igloo tag to certify Inuit-made art, and the first annual Kinngait print collection launched Inuit printmaking.",stonecut;stencil;soapstone carving,print;carving,exchange and value,Canadian state; West Baffin Eskimo Co-operative,Inuit makers who did not choose the market framing,Indigenous-community,collection search link-out only,R3,F1.14;F1.17,high,links: STY173; POL079. Igloo tag created 1958 (Government of Canada); managed by the Inuit Art Foundation since 2017.
OCC229,Tibetan exile and carpet weaving in Nepal (1959–1960s),Tibetan refugee carpet industry,event,Time,F1.9,AS-HIM,1959,1970,from 1959,"Tibetan refugees set up carpet workshops in Nepal with Swiss aid, which grew into a major export industry.",knotting;carpet weaving,Tibetan carpet,shelter;exchange and value,historians; aid agencies,child labour in the industry,human-flow,collection search link-out only,R3,F1.13;F1.18,high,links: POL205.
OCC230,Aswan High Dam and the Nubian campaign (1960–1980),International Campaign to Save the Monuments of Nubia,event,Time,F1.6,AF-EGY;AF-NUB,1960,1980,1960–1980,"The dam flooded Nubia, relocating temples such as Abu Simbel and displacing Nubians and their painted house tradition.",stone cutting;relocation,temple,ritual and belief;shelter,UNESCO; Egyptian and Sudanese states,the displaced Nubians,human-flow,UNESCO World Heritage List data (link-out); Wikimedia Commons,R2,F1.24;F1.22,high,
OCC231,Shrinking of the Aral Sea (from 1960),Aral Sea disaster,event,Time,F1.12a,AS-CEN,1960,2010,from the 1960s,"Soviet irrigation for cotton drained the Aral Sea, ruining fishing and leaving salt and dust over Karakalpakstan.",cotton irrigation,cotton,clothing and adornment;food and storage,Soviet planners; environmental historians,the Karakalpak fishing communities,none,Wikimedia Commons,R3,F1.22,high,links: PRD173.
OCC232,"Cultural Heritage Protection Act (Korea, 1962)",Munhwajae boho beop,event,Time,F1.8,AS-KOR,1962,1962,1962,South Korea's law set up the system of designated intangible cultural properties and their holders.,safeguarding,none specific,care and access,South Korean state,makers not designated,none,Korean national e-museum (KOGL Type 1 items only),R3,F1.29,high,
OCC233,Sketchpad (1963),Ivan Sutherland's Sketchpad,event,Time,F1.7,AM-EWD,1963,1963,1963,"Ivan Sutherland's program let users draw on a screen with a light pen, a founding step for CAD.",computer graphics,drawing,tools,historians of computing,other early CAD work in industry,none,collection search link-out only,R3,F1.21,high,
OCC234,Yirrkala bark petitions (1963),Yolŋu bark petitions,event,Time,F1.12,OC-AUS,1963,1963,August 1963,"Yolŋu leaders sent the Australian Parliament petitions typed on paper framed by painted bark, making bark painting a legal document.",bark painting,petition,record and writing,Yolŋu clans,non-Yolŋu voices,Indigenous-community,collection search link-out only,R2,F1.28,high,links: STY156.
OCC235,Border Industrialization Program (1965),maquiladoras,event,Time,F1.7,AM-LAT,1965,1965,1965,"Mexico let foreign firms set up assembly plants on the US border, starting the maquiladora industry.",assembly,garment;electronics,exchange and value,Mexican state,the mostly women workers in the assembly plants,none,collection search link-out only,R3,F1.21;F1.23,high,
OCC236,Destroy the Four Olds (1966–1976),"Cultural Revolution campaign against the ""Four Olds""",event,Time,F1.8,AS-CHN,1966,1976,campaign from August 1966; Cultural Revolution to 1976,"Red Guards smashed temple images, burned books and paintings and seized private collections as ""old"" culture, while many craft workshops were closed or turned to political goods.",none specific,temple image;book;painting,ritual and belief;rule and display,Chinese Communist Party; historians,"the artists and owners persecuted, and the objects hidden by ordinary people",sacred;conflict-looting,collection search link-out only,R3,F1.19a;F1.24,high,links: POL171.
OCC237,Mexico 1968 Olympics design programme,México 68,event,Time,F1.7,AM-MES,1968,1968,1968,"Lance Wyman, Eduardo Terrazas and Pedro Ramírez Vázquez created a graphic identity drawing on Wixárika (Huichol) yarn art and Op Art, applied from stamps to pavements.",graphic design;signage,logo;pictogram;poster,rule and display,Olympic organising committee,the students killed at Tlatelolco days before the Games; the Wixárika makers of the source art,Indigenous-community,collection search link-out only,R3,F1.20;F1.2,high,links: EVT021.
OCC238,Whole Earth Catalog (1968–1972),Whole Earth Catalog,event,Time,F1.7,AM-WST,1968,1972,regular issues 1968–1972,"Stewart Brand's catalogue reviewed tools, books and techniques for self-reliant making and fed the later maker and personal-computer cultures.",printing;tool reviewing,catalogue,tools,Stewart Brand,the Indigenous and rural techniques it borrowed from,none,collection search link-out only,R3,F1.21,high,links: MOV049; MOV046.
OCC239,UNESCO 1970 Convention,"Convention on the Means of Prohibiting and Preventing the Illicit Import, Export and Transfer of Ownership of Cultural Property",event,Time,F1.13;THEME,GL,1970,1970,adopted November 1970; in force 1972,"The convention asked states to control export and import of cultural property, and 1970 became the date museums use to judge whether an acquisition is legitimate.",provenance research,antiquity,rule and display,UNESCO member states,"objects taken before 1970, including most colonial collections",conflict-looting,UNESCO/UN instrument texts (link-out),R1,F1.24,high,
OCC240,Aboriginal flag (1971),Australian Aboriginal Flag,event,Time,F1.12,OC-AUS,1971,2022,first flown July 1971; copyright transferred to the Commonwealth 2022,"Luritja artist Harold Thomas designed the flag; after years of licensing disputes over its use on clothing, he transferred copyright to the Australian government in 2022.",textile printing;graphic design,flag;garment,rule and display,Harold Thomas; Federal Court of Australia (1997 authorship ruling),other Aboriginal flags and Torres Strait Islander symbols,Indigenous-community,collection search link-out only,R3,F1.14;F1.26,high,Flag works still in copyright; link out only.
OCC241,Panguna mine (1972–1989),Bougainville copper mine,event,Time,F1.12,OC-MEL,1972,1989,opened 1972; closed 1989,The open-pit copper mine on Bougainville polluted rivers and helped spark a civil war that closed it.,copper mining,copper concentrate,exchange and value,historians; Bougainvilleans,the landowning clans,conflict-looting;Indigenous-community,collection search link-out only,R3,F1.22,high,
OCC242,World Heritage Convention (1972),Convention Concerning the Protection of the World Cultural and Natural Heritage,event,Time,F1.13;THEME,GL,1972,1972,adopted November 1972; in force 1975,"The convention created the World Heritage List, which directs tourism and conservation money to listed sites and, with them, to craft repair and souvenir trades.",conservation;restoration,monument;site,care and access,UNESCO member states,"sites that states do not nominate, and people living at listed sites",none,UNESCO/UN instrument texts (link-out); UNESCO World Heritage List data (link-out),R2,F1.24;F1.3,high,links: INS075.
OCC243,CITES (1973),Convention on International Trade in Endangered Species of Wild Fauna and Flora,event,Time,F1.13;THEME,GL,1973,1975,signed March 1973; in force 1975,"The treaty controls trade in listed species, changing what makers can legally use for ivory, tortoiseshell, coral, feathers, skins and rare timbers.",ivory;tortoiseshell;coral;rosewood,carving;jewellery;instrument,exchange and value,signatory states,craft communities who depended on the trade,none,UNESCO/UN instrument texts (link-out),R2,F1.22,high,
OCC244,Multi Fibre Arrangement (1974–2004),MFA,event,Time,F1.13;THEME,GL,1974,2004,in force 1974; quotas phased out by 1 January 2005,"Quotas on textile and clothing imports spread garment making to many new countries; their end in 2005 concentrated it in China, Bangladesh and a few others.",garment making;sewing,garment,clothing and adornment,GATT and WTO member states,garment workers in countries that lost orders after 2005,none,collection search link-out only,R3,F1.21;F1.23,high,links: EVT032.
OCC245,Khmer Rouge regime (1975–1979),Democratic Kampuchea,event,Time,F1.9,AS-MSE,1975,1979,April 1975–January 1979,"The regime killed a large share of Cambodia's artists, dancers, musicians and craftspeople and banned religion, so weaving, silverwork and court dance were rebuilt afterwards from few survivors.",silk weaving;silversmithing,textile;silverware,ritual and belief;play and music,historians; survivors' testimony,the victims and survivors who rebuilt the crafts,human-flow;conflict-looting,collection search link-out only,R3,F1.19a,high,Forced labour in communes: human-flow.
OCC246,American Indian Religious Freedom Act (1978),AIRFA,event,Time,F1.7,AM-WST;AM-EWD,1978,1978,August 1978,"US law declared a policy of protecting Native American religious practice, including access to sacred sites and use of eagle feathers and other sacred materials.",featherwork;regalia making,regalia;ceremonial object,ritual and belief,US Congress,tribes without federal recognition; the Act's lack of enforcement,sacred;Indigenous-community,US National Archives Catalog,R3,F1.16,high,
OCC247,Ahmedabad Declaration (1979),Ahmedabad Declaration on Industrial Design for Development,event,Time,F1.9;F1.13,AS-SAS;GL,1979,1979,January 1979,A UNIDO–ICSID meeting at NID Ahmedabad called for design suited to the needs of developing countries rather than copied from industrial nations.,design policy,none specific,tools,UNIDO; ICSID; National Institute of Design,"craftspeople, invited as subjects rather than authors",none,collection search link-out only,R3,F1.20,high,links: INS033.
OCC248,Shenzhen Special Economic Zone (1980),Shenzhen SEZ,event,Time,F1.8,AS-CHN,1980,1980,August 1980,"China's first special economic zones, led by Shenzhen, drew foreign firms and migrant workers and grew into a centre of electronics manufacture.",assembly;electronics manufacture,electronics;toy;garment,exchange and value,Chinese state,"migrant workers, many young women, on factory dormitory regimes",none,collection search link-out only,R3,F1.21;F1.23,high,links: INS069.
OCC249,Egypt's Law 117 (1983),Law on the Protection of Antiquities (No. 117 of 1983),event,Time,F1.6,AF-EGY,1983,1983,1983; amended 2010,"Egypt's law made all antiquities public property, ended the legal antiquities trade and banned export.",none specific,antiquity,rule and display,Egyptian state,local communities who once sold finds,none,official text of the law (government legislation site; link-out),R3,F1.24,high,
OCC250,Stereolithography patent (1984–1986),3D printing,event,Time,F1.7,AM-WST,1984,1986,filed 1984; granted 1986,Chuck Hull's patent on building objects layer by layer from UV-cured resin began commercial 3D printing.,stereolithography;3D printing,prototype,tools,historians of technology,earlier Japanese and French layer-printing proposals,none,collection search link-out only,R3,F1.21,high,links: INS078; MOV049.
OCC251,Desktop publishing (1985),"Macintosh, LaserWriter and PageMaker",event,Time,F1.7,AM-WST,1985,1985,1985,"The Apple LaserWriter, PostScript and Aldus PageMaker let designers set pages on personal computers, displacing much professional typesetting.",digital typesetting;PostScript,page layout;typeface,record and writing,historians of design,typesetters and compositors who lost work,none,collection search link-out only,R3,F1.21,high,links: MOV033.
OCC252,CITES ivory trade ban (1989),African elephant ivory trade ban,event,Time,F1.13;F1.6,GL;AF-SWA;AF-SOU,1989,1990,agreed October 1989; in force January 1990,"Moving the African elephant to CITES Appendix I ended most legal international ivory trade, closing carving workshops from Hong Kong to Japan.",ivory carving,carving;seal;netsuke,exchange and value,CITES parties,African communities living with elephants,none,UNESCO/UN instrument texts (link-out),R3,F1.22,high,"Later one-off sales (1999, 2008) complicate the story."
OCC253,Indian Arts and Crafts Act (1990),IACA 1990,event,Time,F1.7,AM-WST;AM-EWD,1990,1990,November 1990,"US law made it a crime to market goods falsely as made by Native Americans, strengthening the 1935 Act that created the Indian Arts and Crafts Board.",none specific,jewellery;pottery;beadwork,exchange and value,US Congress,Native artists who are not enrolled members of a recognised tribe,Indigenous-community,US National Archives Catalog,R2,F1.14,high,links: INS014. 1935 Act is covered by INS014.
OCC254,NAGPRA (1990),Native American Graves Protection and Repatriation Act,event,Time,F1.7,AM-WST;AM-EWD;AM-NWC;AM-ARC,1990,1990,November 1990,"US law required federally funded museums to inventory and return Native American human remains, funerary objects, sacred objects and objects of cultural patrimony to tribes.",none specific,sacred object;funerary object,ritual and belief,US Congress,tribes without federal recognition; Native Hawaiian claims handled differently,sacred;funerary;Indigenous-community,US National Archives Catalog,R1,F1.24,high,links: POL078.
OCC255,WAI 262 claim (1991–2011),Ko Aotearoa Tēnei report,event,Time,F1.12,OC-POL,1991,2011,lodged 1991; report 2011,"Māori claimants asked the Waitangi Tribunal about control of taonga works, mātauranga and native flora and fauna, and its 2011 report proposed protection for taonga works.",none specific,taonga,care and access,Waitangi Tribunal; claimant iwi,iwi not party to the claim,Indigenous-community,collection search link-out only,R3,F1.14;F1.26,high,
OCC256,Destruction and rebuilding of the Mostar bridge (1993–2004),Stari Most,event,Time,F1.11,EU-BYZ,1993,2004,destroyed November 1993; reopened 2004,The Ottoman bridge of 1566 was shelled down in the Bosnian war and rebuilt with stone from the original quarries and Ottoman methods.,stone masonry;quarrying,bridge,transport,historians; reconstruction team,the divided communities on either bank,conflict-looting,Wikimedia Commons,R3,F1.28a;F1.19a,high,"Old Bridge Area of the Old City of Mostar, World Heritage 2005 (verified)."
OCC257,Mataatua Declaration (1993),Mataatua Declaration on Cultural and Intellectual Property Rights of Indigenous Peoples,event,Time,F1.12;F1.13,OC-POL;GL,1993,1993,June 1993,A conference hosted by the nine tribes of Mataatua in Aotearoa asserted Indigenous peoples' rights to define and control their cultural and intellectual property.,none specific,none specific,care and access,Indigenous delegates from 14 countries,peoples not represented,Indigenous-community,collection search link-out only,R3,F1.14;F1.26,high,
OCC258,Carpets case (1994),Milpurrurru v Indofurn; Bulun Bulun v R & T Textiles (1998),event,Time,F1.12,OC-AUS,1994,1998,1994; related case 1998,"Australian courts ruled that carpets made in Vietnam copying Aboriginal artists' paintings infringed copyright and caused cultural harm, and a 1998 case recognised community interests in an artist's work.",carpet weaving;screen printing,carpet;printed fabric,exchange and value,Federal Court of Australia; the artists' estates,communities whose designs had no single named author,Indigenous-community,collection search link-out only,R3,F1.14;F1.26,high,
OCC259,TRIPS Agreement (1994),Agreement on Trade-Related Aspects of Intellectual Property Rights,event,Time,F1.13;THEME,GL,1994,1995,signed April 1994; in force 1995,"The WTO agreement set minimum patent, copyright, design and trademark rules for all members and protected geographical indications such as regional textiles and foods.",none specific,none specific,exchange and value,WTO member states,"traditional and collective knowledge, not covered",none,collection search link-out only,R3,F1.14,high,
OCC260,UNIDROIT Convention (1995),Convention on Stolen or Illegally Exported Cultural Objects,event,Time,F1.13;THEME,GL,1995,1995,June 1995,"The convention requires the return of stolen cultural objects even from buyers who acted in good faith, tightening the 1970 rules.",none specific,antiquity,rule and display,UNIDROIT member states,objects in states that have not signed,conflict-looting,collection search link-out only,R3,F1.24,high,
OCC261,Washington Principles (1998),Washington Conference Principles on Nazi-Confiscated Art,event,Time,F1.13;THEME,GL,1998,1998,December 1998,"Forty-four governments agreed non-binding principles to identify Nazi-looted art and reach ""just and fair solutions"" with heirs.",provenance research,painting;decorative arts,rule and display,44 governments at the Washington Conference,states that did not sign and the non-binding nature of the principles,conflict-looting,collection search link-out only,R3,F1.24,high,links: OCC216.
OCC262,"Geographical Indications of Goods Act (India, 1999)",GI Act,event,Time,F1.9,AS-SAS,1999,2003,passed 1999; in force 2003,"India's law lets regional crafts and foods register geographical indications, and many handloom and craft names have since been registered.",handloom weaving;registration,sari;textile;tea,exchange and value,Indian state,makers outside the registered area and power-loom copies,none,collection search link-out only,R3,F1.14,high,Darjeeling tea was the first registration (2004); to verify.
OCC263,Destruction of the Bamiyan Buddhas (2001),Bamiyan Buddhas,event,Time,F1.12a;F1.9,AS-CEN,2001,2001,March 2001,"The Taliban blew up the two giant rock-cut Buddhas of Bamiyan, and the same year smashed statues in the Kabul Museum.",rock carving;clay and plaster modelling,colossal statue;cave painting,ritual and belief,historians,the Hazara residents of the valley,sacred;conflict-looting,Wikimedia Commons,R2,F1.19a;F1.24,high,
OCC264,Creative Commons licences (2002),CC licences 1.0,event,Time,F1.13;THEME,GL,2002,2002,December 2002,"Creative Commons released free standard licences that let makers share work on stated terms, later used by many open-access museum programmes.",licensing,none specific,record and writing,Creative Commons (Lawrence Lessig and others),communities whose knowledge sits outside copyright,none,collection search link-out only,R3,F1.14;F1.21,high,
OCC265,Returns of Maqdala objects (2002–2023),Maqdala returns,event,Time,F1.6;F1.11,AF-HRN;EU-BLC,2002,2023,January 2002; September 2021; 24 September 2023,"Returns of Maqdala loot to Ethiopia include a tabot from St John's Episcopal Church, Edinburgh (2002), objects bought and returned by the Scheherazade Foundation (2021) and a tabot bought by a private individual and handed over in London in September 2023.",none specific,tabot;manuscript;cross,ritual and belief,"a church, a foundation, private holders and the Ethiopian state",the objects still in national collections,sacred;conflict-looting,collection search link-out only,R3,F1.24,high,"links: OCC147. Verified: Edinburgh tabot Jan 2002; Scheherazade Foundation Sept 2021; tabot bought by Jacopo Gnisci, handed over at Battersea 24 Sept 2023."
OCC266,Karanga Aotearoa Repatriation Programme (2003),Te Papa repatriation programme,event,Time,F1.12,OC-POL,2003,2003,mandated 2003,Te Papa leads the New Zealand government's programme to bring home Māori and Moriori ancestral remains from overseas institutions.,none specific,none specific,ritual and belief,New Zealand government; Te Papa,ancestors still held abroad,ancestral;funerary;Indigenous-community,Te Papa Collections Online (per-item; taonga restricted),R3,F1.24,high,links: INS087.
OCC267,Kimberley Process (2003),Kimberley Process Certification Scheme,event,Time,F1.13;F1.6,GL;AF-CEN;AF-GUI,2003,2003,launched 2003,Governments and the diamond industry set up certificates to keep rough diamonds from conflict zones out of trade.,certification,rough diamond,exchange and value,states and the diamond industry,"artisanal miners and abuses outside its definition of ""conflict""",none,collection search link-out only,R3,F1.22,high,
OCC268,Looting of the Iraq Museum (2003),Baghdad museum looting,event,Time,F1.9a;F1.10,WA-MES,2003,2003,April 2003,"After the US-led invasion, looters took thousands of objects from the Iraq Museum while site looting spread across southern Iraq.",none specific,cylinder seal;statue;vase,rule and display,historians; museum staff,the staff who protected storerooms,conflict-looting,collection search link-out only,R2,F1.24;F1.19a,high,Numbers and recoveries to verify.
OCC269,UN Declaration on the Rights of Indigenous Peoples (2007),UNDRIP,event,Time,F1.13;THEME,GL,2007,2007,September 2007,"The declaration affirms Indigenous peoples' rights to their cultural heritage, traditional knowledge and repatriation of ceremonial objects and remains (Articles 11, 12 and 31).",none specific,none specific,care and access,UN General Assembly,the four states that first voted against (later endorsed),Indigenous-community,UNESCO/UN instrument texts (link-out),R3,F1.24;F1.26,high,
OCC270,Dodd–Frank Section 1502 (2010),conflict minerals rule,event,Time,F1.7;F1.6,AM-EWD;AF-CEN,2010,2010,July 2010,"US law required listed companies to report tin, tantalum, tungsten and gold from Congo and neighbouring countries, reaching into electronics and jewellery supply chains.",mining;due diligence,electronics;jewellery,exchange and value,US Congress,artisanal miners who lost buyers,none,collection search link-out only,R3,F1.22,high,
OCC271,French law on the return of toi moko (2010),Loi du 18 mai 2010,event,Time,F1.11;F1.12,EU-WCE;OC-POL,2010,2012,law 2010; return 2012,"A French law allowed museums to return preserved tattooed Māori heads (toi moko), and 20 were handed to Te Papa in 2012.",none specific,toi moko,ritual and belief,French Parliament,ancestors held in countries without such laws,ancestral;funerary;Indigenous-community,collection search link-out only,R3,F1.24,high,links: OCC266. Numbers to verify.
OCC272,Aleppo souk fire (2012),al-Madina souq fire,event,Time,F1.10,WA-LEV,2012,2012,September 2012,"Fighting set the covered markets of Aleppo's old city on fire, destroying shops and workshops of soap, textiles and metalwork.",soap making;textile trade,market,exchange and value,historians,merchants and makers displaced by the war,conflict-looting,collection search link-out only,R3,F1.19a,high,
OCC273,Destruction of Timbuktu mausoleums and manuscripts (2012–2013),Timbuktu,event,Time,F1.6;F1.10,AF-SAH,2012,2013,2012–2013,"Armed groups destroyed Sufi saints' mausoleums and burned manuscripts in Timbuktu, while residents smuggled most manuscripts to Bamako.",earthen building;manuscript copying,mausoleum;manuscript,ritual and belief;record and writing,historians; Malian state,the families and librarians who saved the manuscripts,sacred;conflict-looting,British Library Endangered Archives Programme; collection search link-out only,R2,F1.24;F1.19a,high,links: TXT054. Mausoleums rebuilt by local masons 2014–15.
OCC274,Garment factory fires in Karachi and Dhaka (2012),Ali Enterprises fire; Tazreen Fashions fire,event,Time,F1.9;F1.13,AS-SAS,2012,2012,Karachi September 2012; Dhaka November 2012,Fires at the Ali Enterprises factory in Karachi and Tazreen Fashions near Dhaka killed hundreds of garment workers behind locked exits.,garment making,garment,clothing and adornment,labour groups; historians,the brands buying from both factories,none,collection search link-out only,R3,F1.23,high,links: EVT032; EVT031.
OCC275,Bangladesh Accord (2013),Accord on Fire and Building Safety in Bangladesh,event,Time,F1.9;F1.13,AS-SAS,2013,2013,May 2013,"After Rana Plaza, brands and trade unions signed a binding agreement for factory safety inspections in Bangladesh.",factory inspection,garment,clothing and adornment,brands and global trade unions,workers in factories outside the Accord,none,collection search link-out only,R3,F1.23,high,links: EVT032.
OCC276,Minamata Convention (2013),Minamata Convention on Mercury,event,Time,F1.13;THEME,GL,2013,2017,signed October 2013; in force 2017,"The treaty limits mercury in products and industry and targets its use in artisanal gold mining, also constraining fire-gilding.",mercury;amalgamation;gilding,none specific,care and access,UN member states,artisanal miners without alternatives,none,UNESCO/UN instrument texts (link-out),R3,F1.22,high,links: OCC226.
OCC277,Destruction at Palmyra (2015),Palmyra,event,Time,F1.9a;F1.10,WA-LEV,2015,2017,2015–2017,Islamic State blew up the temples of Baalshamin and Bel and killed the antiquities scholar Khaled al-Asaad.,stone carving,temple;funerary bust,ritual and belief,historians; heritage agencies,the residents of Tadmur,conflict-looting;funerary,collection search link-out only,R3,F1.24,high,links: POL114.
OCC278,Gorkha earthquake (2015),Nepal earthquake,event,Time,F1.9,AS-HIM,2015,2015,25 April 2015,"The earthquake toppled temples in the Kathmandu Valley's Durbar squares, which Newar carpenters and masons rebuilt with traditional methods.",woodcarving;brick masonry,temple;strut,ritual and belief,historians; Nepal's Department of Archaeology,rural villages rebuilt with less support,sacred,collection search link-out only,R3,F1.28a,high,links: SCH032; DYN059.
OCC279,ISIS destruction in Mosul and Nimrud (2015),Mosul Museum; Nimrud,event,Time,F1.9a;F1.10,WA-MES,2015,2015,February–April 2015,"Islamic State filmed the smashing of statues in the Mosul Museum and blew up parts of the Assyrian palace at Nimrud, while also selling looted antiquities.",stone carving,statue;lamassu;relief,rule and display,historians; heritage agencies,Iraqi staff and residents who hid objects,conflict-looting,collection search link-out only,R2,F1.24;F1.19a,high,links: POL096.
OCC280,Al Mahdi conviction at the ICC (2016),Prosecutor v. Ahmad Al Faqi Al Mahdi,event,Time,F1.6,AF-SAH,2016,2017,verdict September 2016; reparations order 2017,"The International Criminal Court convicted a man for directing attacks on Timbuktu's mausoleums, its first case centred on cultural destruction.",none specific,mausoleum,ritual and belief,International Criminal Court,other perpetrators,conflict-looting;sacred,collection search link-out only,R3,F1.24,high,links: OCC273.
OCC281,National Museum of Brazil fire (2018),Museu Nacional fire,event,Time,F1.7,AM-LAT,2018,2018,2 September 2018,"Fire destroyed most of Brazil's National Museum in Rio, including Indigenous collections and recordings of languages.",none specific,featherwork;pottery;recording,rule and display,historians; museum staff,the Indigenous communities whose objects were lost,Indigenous-community,collection search link-out only,R3,F1.24,high,
OCC282,Sarr–Savoy report (2018),The Restitution of African Cultural Heritage: Toward a New Relational Ethics,event,Time,F1.6;F1.11,EU-WCE;AF-GUI;AF-SAH;AF-CEN,2018,2018,November 2018,Felwine Sarr and Bénédicte Savoy recommended the return of African objects taken to France in the colonial period without proven consent.,provenance research,none specific,rule and display,Felwine Sarr; Bénédicte Savoy,museums outside France and objects acquired after independence,conflict-looting,collection search link-out only,R1,F1.24,high,Commissioned after Macron's Ouagadougou speech (28 November 2017).
OCC283,Ainu Promotion Act (2019),Act Promoting Measures to Realise a Society in Which the Pride of the Ainu People Is Respected,event,Time,F1.8,AS-JPN,2019,2019,April 2019,"Japanese law recognised the Ainu as an Indigenous people and funded culture programmes, including the Upopoy national museum.",none specific,none specific,care and access,Japanese state,Ainu calls for land and fishing rights,Indigenous-community,collection search link-out only,R3,F1.29,high,links: OCC153.
OCC284,Notre-Dame fire (2019),Notre-Dame de Paris fire,event,Time,F1.11,EU-WCE,2019,2024,fire 15 April 2019; reopened December 2024,"Fire destroyed the cathedral's timber roof and spire, which were rebuilt with oak and hand-hewing methods like the medieval ones.",timber framing;hand-hewing;lead roofing,roof;spire,ritual and belief,French state; restoration team,the workers exposed to lead,sacred,collection search link-out only,R3,F1.28a,high,
OCC285,COVID-19 pandemic (2020–2023),COVID-19,event,Time,F1.13;THEME,GL,2020,2023,WHO emergency 2020–2023,"The pandemic stopped factories and shipping, cancelled garment orders and saw home sewers and makerspaces produce masks and face shields.",sewing;3D printing,mask;face shield,care and access,WHO; historians,garment workers left unpaid when orders were cancelled,none,collection search link-out only,R3,F1.22;F1.22a,high,
OCC286,French restitution law (2020),Loi du 24 décembre 2020,event,Time,F1.6;F1.11,AF-GUI;AF-SAH,2020,2021,law December 2020; Benin return November 2021,A French law allowed 26 objects from the royal treasures of Abomey to go to Benin and a sabre attributed to El Hadj Umar Tall to go to Senegal.,brass casting;woodcarving,statue;throne;sabre,rule and display,French Parliament,other objects that need a new law each time,conflict-looting,collection search link-out only,R3,F1.24,high,links: OCC171.
OCC287,Benin bronze returns by UK universities (2021),Aberdeen head; Okukor,event,Time,F1.6;F1.11,AF-GUI;EU-BLC,2021,2021,October 2021,"The University of Aberdeen returned a Benin head and Jesus College, Cambridge returned the cockerel Okukor, the first UK institutional returns.",brass casting,commemorative head;cockerel,rule and display,the universities; Nigerian authorities,objects in national museums bound by law,conflict-looting;ancestral,Digital Benin (each lender's licence),R3,F1.24,high,
OCC288,Uyghur Forced Labor Prevention Act (2021),UFLPA,event,Time,F1.7;F1.8,AS-CEN;AS-CHN,2021,2022,signed December 2021; in force June 2022,"US law presumes goods made wholly or partly in Xinjiang involve forced labour and bars their import unless proven otherwise, reaching cotton, garments and solar parts.",cotton;garment making,garment;solar panel,clothing and adornment,US Congress,"Uyghur workers themselves, who are rarely heard",human-flow,collection search link-out only,R3,F1.23,high,
OCC289,German transfer of Benin bronzes (2022),Benin bronzes returned by Germany,event,Time,F1.6;F1.11,AF-GUI;EU-WCE,2022,2022,agreement July 2022; first handover December 2022,Germany transferred ownership of Benin objects in its public museums to Nigeria and handed over the first 20 in Abuja.,brass casting;ivory carving,plaque;commemorative head,rule and display,German and Nigerian governments,"the Benin court's own claims, raised later",conflict-looting;ancestral,Digital Benin (each lender's licence),R2,F1.24,high,links: INS082; DYN038. Count of first handover to verify. A 2023 Nigerian presidential notice vested returned objects in the Oba of Benin.
OCC290,Smithsonian and Horniman Benin returns (2022),Benin returns,event,Time,F1.6;F1.7;F1.11,AF-GUI;AM-EWD;EU-BLC,2022,2022,2022,"The Smithsonian transferred 29 Benin objects to Nigeria and London's Horniman Museum 72, among the first transfers of ownership by national museums outside Germany.",brass casting,commemorative head;plaque,rule and display,museum trustees; Nigerian National Commission for Museums and Monuments,objects in museums barred by law from returning,conflict-looting;ancestral,Digital Benin (each lender's licence),R3,F1.24,high,Counts to verify.
OCC291,Dutch returns to Indonesia and Sri Lanka (2023),Dutch restitution of colonial collections,event,Time,F1.9;F1.11,AS-ISE;AS-SAS,2023,2023,July 2023,"The Netherlands returned 478 objects, including part of the Lombok treasure and Singhasari statues to Indonesia and a jewelled cannon to Sri Lanka.",goldsmithing;stone carving,jewellery;statue;cannon,rule and display,Dutch government; Colonial Collections Committee,claims from other former colonies,conflict-looting,Rijksmuseum (CC0/PDM),R3,F1.24,high,links: OCC172. Counts to verify.
OCC292,Asante gold loans to Kumasi (2024),Asante gold regalia loan,event,Time,F1.6;F1.11,AF-GUI;EU-BLC,2024,2024,loans announced January 2024; display opened 1 May 2024,"The V&A (17 objects) and British Museum (15) lent 32 Asante gold and regalia objects, many taken in the wars of 1874 and 1895-96, to the Manhyia Palace Museum in Kumasi for three years, extendable by three.",goldsmithing;casting,regalia;soul washer's disc,rule and display,the museums and the Asantehene,"the question of ownership, left open by a loan",conflict-looting,collection search link-out only,R3,F1.24,high,links: OCC155; POL029.
OCC293,EU Right to Repair Directive (2024),Directive on common rules promoting the repair of goods,event,Time,F1.11,EU-WCE;EU-EER;EU-IBE;EU-SCA,2024,2024,adopted 2024,The EU obliged manufacturers of some appliances to offer repair at reasonable prices and to supply parts.,repair;spare parts,appliance,tools,European Union,repairers outside the EU,none,collection search link-out only,R3,F1.22a,high,
OCC294,Revised NAGPRA regulations (2024),NAGPRA final rule,event,Time,F1.7,AM-WST;AM-EWD;AM-NWC,2024,2024,in force January 2024,"New US rules required museums to get consent from tribes before displaying or researching covered items, and many closed displays.",none specific,sacred object;funerary object,ritual and belief,US Department of the Interior,tribes without federal recognition,sacred;funerary;Indigenous-community,collection search link-out only,R3,F1.24;F1.26,high,links: OCC254.
