id,name,other_names,kind,family,world,sub_regions,start,end,date_note,making_significance,materials_techniques,object_types,functions,defined_by,leaves_out,sensitivity,free_sources,tier,units,confidence,notes
OBT001,lattice-wall felt tent,ger; yurt; kiiz üy; boz üy; öý,object-type,Things,F1.12a,AS-CEN;AS-NTH;WA-ANA,600,,Lattice-wall form clearly attested by the medieval period; earlier felt tents likely; start is low confidence,"A portable house of collapsible wooden lattice, roof poles, crown ring and felt covers that a household can strike, pack and pitch again.",wood lattice; bent roof poles; felt; horsehair and wool rope,Mongol ger; Kazakh kiiz üy; Kyrgyz boz üy; Turkmen öý,shelter,museum and archaeological typology; makers' own terms where known,,living-community,Wikimedia Commons; Europeana (per-item licence); UNESCO ICH lists (link out; per-item photo licence); community-published site,R1,F1.29;F1.22a,medium,Links to practice rows for the Mongol ger (UNESCO 2013) and Kyrgyz/Kazakh yurts (UNESCO 2014); date of origin debated.
OBT002,conical pole tent,tipi; tepee; lodge,object-type,Things,F1.7,AM-WST,,,Pre-contact form of undated antiquity; canvas covers from the 19th century,"A cone of poles covered in sewn bison hide, later canvas, made, owned and pitched by Plains women.",lodgepole pine; bison hide; canvas; sinew; paint,Lakota tipi; Blackfoot painted lodge; Crow tipi,shelter;ritual and belief,museum and archaeological typology; makers' own terms where known,,Indigenous-community;sacred,Smithsonian Open Access (CC0); Smithsonian NMAI (link out; consult community); Wikimedia Commons; community-published site,R2,F1.18;F1.29,high,Painted lodge designs can be owned and sacred; show only community-published designs.
OBT003,snow house,igloo; iglu; igluvigaq,object-type,Things,F1.7,AM-ARC,,,Associated with Thule and later Inuit (c. 1000 CE onward in the eastern Arctic); exact start unknown,A domed winter dwelling cut from wind-packed snow blocks laid in a rising spiral.,snow blocks; snow knife; ice window; skins,Inuit igluvigaq; hunting snow house,shelter,museum and archaeological typology; makers' own terms where known,,Indigenous-community,Wikimedia Commons; community-published site,R3,F1.29,medium,Mainly Central and Eastern Canadian Inuit; not used by all Arctic peoples.
OBT004,longhouse,ganonh'sees; rumah panjai; langhús,object-type,Things,F1.7;F1.11;F1.9,AM-EWD;EU-WCE;AS-ISE;EU-SCA,-5500,,Linearbandkeramik longhouses c. 5500 BCE in Central Europe; Haudenosaunee and Bornean forms recent and living,A long timber-framed building housing several families or a kin group under one roof.,timber posts; elm bark; wattle and daub; thatch; palm,LBK longhouse; Haudenosaunee bark longhouse; Iban rumah panjai; Norse longhouse,shelter;rule and display,museum and archaeological typology; makers' own terms where known,,Indigenous-community;living-community,Wikimedia Commons; open-access excavation reports; Smithsonian Open Access (CC0); community-published site,R2,F1.5;F1.29,high,"A recurrence: independent traditions share an English name, not a history."
OBT005,black tent,beit al-shaʿar; goat-hair tent; yak-hair tent,object-type,Things,F1.10;F1.6;F1.8,WA-ARB;AF-MAG;WA-IRN;AS-HIM;WA-LEV,,,Undated antiquity; well documented from the medieval period,A tension tent of woven goat- or yak-hair strips sewn into a roof and pegged out with guy ropes.,goat hair; yak hair; ground-loom weaving; wooden poles,Bedouin beit al-shaʿar; Tibetan drokpa tent; Zagros black tent,shelter,museum and archaeological typology; makers' own terms where known,,living-community,Wikimedia Commons; Qatar Digital Library (open licence); community-published site,R2,F1.18;F1.29,high,Al Sadu weaving supplies the tent strips and dividers (qata); see Al Sadu practice row.
OBT006,pit house,semi-subterranean house; tateana jūkyo; pithouse,object-type,Things,F1.8;F1.7;F1.12a,AS-JPN;AS-KOR;AS-CHN;AM-WST;AS-NTH;AM-ARC,-14000,,East Asian examples from the late Pleistocene; Americas later; start very approximate,"A dwelling dug partly into the ground and roofed with timber, bark or turf to hold heat.",excavation; timber posts; thatch; turf; whale bone,Jōmon tateana; Banpo houses; Ancestral Puebloan pithouse; Thule qarmaq,shelter,museum and archaeological typology; makers' own terms where known,,Indigenous-community,Wikimedia Commons; open-access excavation reports; ColBase (Japan Government Standard Terms); e-museum Korea (KOGL Type 1),R2,F1.5,medium,Recurrence across many regions; start date needs checking.
OBT007,stilt house,pile dwelling; rumah panggung,object-type,Things,F1.9;F1.11;F1.12;F1.7;F1.6,AS-MSE;AS-ISE;OC-MEL;AM-AMZ;EU-WCE;AF-GUI,-5000,,Alpine pile dwellings from c. 5000 BCE; Southeast Asian forms ancient and living,"A house raised on posts above water, flood or damp ground, with the space beneath used for work or animals.",timber; bamboo; palm thatch; lashing,Alpine pile dwellings; Toraja tongkonan; Malay rumah; Ganvié houses,shelter,museum and archaeological typology; makers' own terms where known,,living-community,Wikimedia Commons; open-access excavation reports; Europeana (per-item licence),R2,F1.5;F1.22,medium,Toraja tongkonan are also rank display; Ganvié (Benin) is a lake village.
OBT008,courtyard house,siheyuan; domus; riad; bayt,object-type,Things,F1.9a;F1.8;F1.11;F1.10,WA-MES;AS-CHN;EU-GRR;AF-MAG;WA-ARB,-2500,,Mesopotamian courtyard houses by the 3rd millennium BCE; many independent later forms,"Rooms arranged around an open court that brings light, air and privacy inward.",mud brick; stone; timber; plaster; tile,Ur houses; Beijing siheyuan; Roman domus; Fes riad; Gulf coral-stone bayt,shelter,museum and archaeological typology; makers' own terms where known,,none,Wikimedia Commons; open-access excavation reports; Europeana (per-item licence),R2,F1.5,medium,
OBT009,earthen mosque,Sudano-Sahelian mosque; banco mosque,object-type,Things,F1.6;F1.10,AF-SAH,1300,,Djenné mosque founded c. 13th–14th century per tradition; present building 1907; replastered yearly,A congregational mosque of sun-dried mud brick and plaster whose projecting palm beams serve as fixed scaffolding for yearly re-rendering.,mud brick (banco); palm-wood beams (toron); mud plaster,Great Mosque of Djenné; Djinguereber (Timbuktu); Agadez mosque,shelter;ritual and belief,museum and archaeological typology; makers' own terms where known,,living-community,Wikimedia Commons; community-published site,R1,F1.22a;F1.29,high,Annual crépissage is a living practice; see practice row.
OBT010,tulou,Hakka earthen house,object-type,Things,F1.8,AS-CHN,1100,,Fujian tulou built c. 12th–20th century,"A multi-storey rammed-earth communal fortress house for a whole lineage, often circular.",rammed earth; timber; tile,Tianluokeng cluster; Chengqilou,shelter;war,museum and archaeological typology; makers' own terms where known,,living-community,Wikimedia Commons,R3,F1.29,high,
OBT011,plank house,big house; NWC longhouse,object-type,Things,F1.7,AM-NWC,,,Pre-contact; age uncertain,A large post-and-beam house clad in split cedar planks that housed extended families and hosted feasts.,western red cedar; split planks; adze; paint,Haida longhouse; Kwakwakaʼwakw big house; Coast Salish shed-roof house,shelter;rule and display,museum and archaeological typology; makers' own terms where known,,Indigenous-community,Wikimedia Commons; community-published site,R3,F1.29,high,
OBT012,adobe pueblo,pueblo; great house; cliff dwelling,object-type,Things,F1.7,AM-WST,850,,"Chaco great houses c. 850–1150 CE; living pueblos (Taos, Acoma)","Terraced room blocks of stone, adobe and timber built and replastered by communities.",adobe; sandstone; timber vigas; mud plaster,Pueblo Bonito; Taos Pueblo; Acoma Pueblo; Mesa Verde cliff dwellings,shelter;ritual and belief,museum and archaeological typology; makers' own terms where known,,Indigenous-community,Wikimedia Commons; open-access excavation reports; Library of Congress (PD items),R2,F1.29,high,
OBT013,conical thatched roundhouse,rondavel; Iron Age roundhouse,object-type,Things,F1.6;F1.11,AF-SOU;AF-SWA;AF-CEN;EU-BLC,-800,,British Iron Age roundhouses c. 800 BCE–100 CE; African forms ancient and living,"A circular wall of wattle, stone or mud under a conical thatched roof.",wattle and daub; stone; thatch; timber,British Iron Age roundhouse; Zulu indlu; Sotho rondavel,shelter,museum and archaeological typology; makers' own terms where known,,living-community,Wikimedia Commons; open-access excavation reports,R3,F1.5;F1.28a,medium,British roundhouses are known from post holes; reconstructions are experimental (F1.28a).
OBT014,earth lodge,Mandan earth lodge,object-type,Things,F1.7,AM-WST,1000,,Plains Village period c. 1000 CE onward,"A timber dome covered in willow, grass and earth housing extended families along the Missouri.",timber; willow; grass; earth,"Mandan, Hidatsa and Arikara earth lodges; Pawnee lodges",shelter,museum and archaeological typology; makers' own terms where known,,Indigenous-community,Wikimedia Commons; Library of Congress (PD items); Smithsonian Open Access (CC0),R3,F1.29,medium,
OBT015,wind tower,barjeel; badgir; malqaf,object-type,Things,F1.10;F1.9a,WA-IRN;WA-ARB;AF-EGY,,,Malqaf traced to ancient Egypt by some authors; Gulf barjeel common from the 19th century,"A tower that catches breezes and sends them down into rooms, cooling houses without power.",coral stone; gypsum; mud brick; timber; cloth,Al Fahidi (Dubai) barjeel; Yazd badgir; Cairo malqaf,shelter;care and access,museum and archaeological typology; makers' own terms where known,,none,Wikimedia Commons; Qatar Digital Library (open licence),R2,F1.22,medium,Ancient Egyptian origin claim needs checking.
OBT016,rock-cut dwelling,cave house; yaodong; troglodyte house,object-type,Things,F1.8;F1.10;F1.6,AS-CHN;WA-ANA;AF-MAG,,,Many periods; dates vary,"Rooms carved into loess, tuff or sandstone that keep an even temperature.",carving; loess; volcanic tuff,Loess Plateau yaodong; Cappadocia cave houses; Matmata pit houses,shelter,museum and archaeological typology; makers' own terms where known,,living-community,Wikimedia Commons,R3,F1.29,high,
OBT017,meeting house,fale tele; wharenui; maneaba,object-type,Things,F1.12,OC-POL;OC-MIC,,,Pre-contact; living,"A large timber house on a raised platform for chiefly meetings and ceremony, built with lashed joints.",breadfruit wood; sennit lashing; thatch; carving,Samoan fale tele; Kiribati maneaba; Māori wharenui,shelter;rule and display,museum and archaeological typology; makers' own terms where known,,Indigenous-community;ancestral,Te Papa Collections Online (per-item; link out where restricted); Auckland Museum Collections Online (per-item); Wikimedia Commons; community-published site,R2,F1.29,medium,Wharenui embody ancestors; show only community-published images.
OBT018,hammock,hamaca; hamac,object-type,Things,F1.7,AM-AMZ;AM-CAR;AM-CAM,,,"Pre-contact; the word is Taíno, recorded by the Spanish in the 1490s",A hanging bed of netted or woven fibre that became a naval and global object after 1492.,cotton; moriche palm fibre; netting,Taíno hamaca; Yucatec hammock; naval hammock,shelter;transport,museum and archaeological typology; makers' own terms where known,,Indigenous-community,Wikimedia Commons; Smithsonian Open Access (CC0); community-published site,R3,F1.13;F1.14,high,
OBT019,plaited mat,pandanus mat; tatami; tsihy; jaki,object-type,Things,F1.12;F1.8;F1.6,OC-POL;OC-MIC;AS-JPN;AF-MAD;AS-ISE,,,Ancient; dates vary,Plaited leaf and rush mats that furnish floors and beds.,pandanus; igusa rush; raffia; palm,Marshallese jaki; Japanese tatami; Malagasy tsihy,shelter;exchange and value,museum and archaeological typology; makers' own terms where known,,living-community,Wikimedia Commons; Te Papa Collections Online (per-item; link out where restricted),R2,F1.18,high,
OBT020,headrest,neck rest; mutsago; wrs,object-type,Things,F1.6;F1.8,AF-EGY;AF-SOU;AF-HRN;AF-CEN;AS-CHN;OC-MEL,-2600,,Old Kingdom Egyptian headrests; many later traditions,A carved support for the neck during sleep that protects hairstyles and often carries status or ancestral meaning.,wood; ivory; ceramic; stone,Egyptian wrs headrest; Shona mutsago; Chinese ceramic pillow,shelter;rule and display;ritual and belief,museum and archaeological typology; makers' own terms where known,,ancestral;funerary,Met Open Access (CC0); Cleveland Museum of Art Open Access (CC0); British Museum collection online (link out); Wikimedia Commons,R2,F1.15,high,Many Egyptian headrests come from burials.
OBT021,stool of office,dwa; stool,object-type,Things,F1.6,AF-GUI;AF-CEN;AF-SOU,,,Many traditions; dates vary,A seat that in many African states marks office and holds the soul of a people or lineage.,carved wood; brass; gold leaf; beadwork,Asante stools (dwa); Luba caryatid stools; Chokwe chairs,shelter;rule and display;ritual and belief,museum and archaeological typology; makers' own terms where known,,sacred;ancestral,Met Open Access (CC0); British Museum collection online (link out); Wikimedia Commons; community-published site,R1,F1.16;F1.24,high,The Asante Golden Stool (Sika Dwa Kofi) is sacred: exclude image entirely. Blackened ancestral stools are also sacred.
OBT022,throne,seat of state,object-type,Things,THEME,GL,-2600,,Egyptian royal chairs by c. 2600 BCE,"A raised chair that stages power through height, material and placement.",wood; ivory; gold; gems; textile,Tutankhamun's throne; Mandu Yenu (Bamum throne of Njoya); Byzantine throne; Joseon royal throne,rule and display;shelter,museum and archaeological typology; makers' own terms where known,,none,Met Open Access (CC0); Wikimedia Commons; Europeana (per-item licence); e-museum Korea (KOGL Type 1),R2,F1.17;F1.24,high,"The Bamum throne in Berlin has a disputed ""gift"" history."
OBT023,oil lamp,lamp; diya; qulliq,object-type,Things,THEME,GL,-15000,,Upper Palaeolithic stone lamps (e.g. Lascaux); ceramic lamps from later prehistory,A vessel holding fuel and a wick that made night work and night worship possible.,stone; ceramic; bronze; animal fat; olive oil,Lascaux stone lamp; Roman terracotta lamp; Indian diya; Inuit qulliq,shelter;ritual and belief;tools,museum and archaeological typology; makers' own terms where known,,none,Met Open Access (CC0); Cleveland Museum of Art Open Access (CC0); Wikimedia Commons,R2,F1.22a,high,The Inuit qulliq also heats and cooks.
OBT024,mosque lamp,qandil,object-type,Things,F1.10,AF-EGY;WA-LEV;WA-ANA,1250,,Mamluk enamelled glass lamps c. 1250–1400,"A glass lamp enamelled with the Qur'anic light verse and the patron's titles, hung in mosques and madrasas.",blown glass; enamel; gilding,Mamluk lamps of Sultan Hasan; Iznik ceramic mosque lamps,ritual and belief;rule and display;shelter,museum and archaeological typology; makers' own terms where known,,none,Met Open Access (CC0); Cleveland Museum of Art Open Access (CC0); Walters Art Museum (CC0); Wikimedia Commons,R2,F1.16;F1.17,high,"Iznik ceramic lamps were symbolic, not for light."
OBT025,paper lantern,chōchin; denglong,object-type,Things,F1.8,AS-CHN;AS-JPN;AS-KOR,,,Ancient; dates uncertain,"A collapsible frame of bamboo and paper or silk around a flame, used in homes, streets and festivals.",bamboo; paper; silk,Japanese chōchin; Chinese festival lanterns; Korean lotus lanterns,shelter;ritual and belief,museum and archaeological typology; makers' own terms where known,,none,ColBase (Japan Government Standard Terms); Wikimedia Commons,R3,F1.16,medium,
OBT026,pile carpet,knotted carpet; rug; qali,object-type,Things,F1.12a;F1.10,AS-CEN;WA-IRN;WA-ANA;WA-CAU;AS-SAS,-400,,Pazyryk carpet c. 4th century BCE is the earliest surviving,"A textile of knotted wool or silk tufts on a warp, used as floor, wall, tent and prayer covering and as trade good.",wool; silk; symmetric and asymmetric knots; natural dyes,Pazyryk carpet; Ardabil carpet; Fars carpets; Azerbaijani carpets; Turkmen gul carpets,shelter;exchange and value;ritual and belief,museum and archaeological typology; makers' own terms where known,,living-community,Met Open Access (CC0); Wikimedia Commons; UNESCO ICH lists (link out; per-item photo licence); Europeana (per-item licence),R1,F1.13;F1.18;F1.23,high,Child and bonded labour in some modern production (F1.23).
OBT027,flatweave,kilim; dhurrie; palas,object-type,Things,F1.10;F1.9,WA-ANA;WA-IRN;WA-CAU;AS-SAS;AF-MAG,,,Ancient; dates uncertain,A tapestry-woven floor and tent covering without pile.,wool; cotton; slit tapestry,Anatolian kilim; Indian dhurrie; Amazigh hanbel,shelter;exchange and value,museum and archaeological typology; makers' own terms where known,,living-community,Met Open Access (CC0); Wikimedia Commons,R3,F1.18,high,
OBT028,prefabricated house,kit house; prefab,object-type,Things,THEME,GL,1830,,"Manning Portable Cottage (London, 1830s) for settler colonies; mass prefabrication in the 20th century","A house made in factory parts and assembled on site, from colonial kit cottages to postwar and Japanese industrial housing.",timber; steel; concrete panels; standard parts,Manning Portable Cottage; Sears Modern Homes; Prouvé Maison Tropicale; Sekisui House,shelter,museum and archaeological typology; makers' own terms where known,,none,Wikimedia Commons; Library of Congress (PD items); Science Museum Group collection (link out; data CC0),R3,F1.19;F1.20,medium,Maison Tropicale units were removed from Niamey and Brazzaville and sold (F1.24 adjacent).
OBT029,emergency shelter,relief tent; refugee shelter,object-type,Things,THEME,GL,1950,,UNHCR family tents from mid-20th century; Better Shelter units from 2015,"A standardised shelter shipped to displaced people, designed for speed, cost and repair.",canvas; polyethylene; flat-pack steel,UNHCR family tent; Better Shelter; tarpaulin,shelter;care and access,museum and archaeological typology; makers' own terms where known,,human-flow;living-community,Wikimedia Commons,R3,F1.19a;F1.22a,medium,"Start approximate; show the people who live in them, not only the object."
OBT030,large-panel apartment block,khrushchyovka; panelák; Plattenbau,object-type,Things,THEME;F1.11,EU-EER;EU-WCE;GL,1955,,Mass production from the late 1950s,Housing assembled from factory-cast concrete panels at national scale.,precast concrete panels; tower cranes,Khrushchyovka; Czech panelák; Plattenbau,shelter,museum and archaeological typology; makers' own terms where known,,none,Wikimedia Commons,R3,F1.20;F1.19,high,
OBT031,lock and key,lock,object-type,Things,THEME,GL,,,Wooden pin locks in Egypt and the Near East of uncertain date; Roman metal keys; industrial locks 19th century,"A device that secures doors and chests, marking private property and trust.",wood; bronze; iron; brass,Egyptian wooden pin lock; Roman ring key; Chubb detector lock; Yale pin-tumbler lock,tools;shelter,museum and archaeological typology; makers' own terms where known,,none,Met Open Access (CC0); Wikimedia Commons,R3,F1.19,low,"Popular ""Khorsabad c. 700 BCE"" first-lock claim needs checking."
OBT032,tunic,chiton; kurta; qamis; uncu,object-type,Things,THEME,GL,-3400,,"Tarkhan dress (Egypt), radiocarbon c. 3482–3102 BCE, among the earliest woven garments","A sewn garment with a head opening and sleeves or armholes, the base of many dress systems.",linen; wool; cotton; sewing,Tarkhan dress; Greek chiton; Andean uncu; South Asian kurta,clothing and adornment,museum and archaeological typology; makers' own terms where known,,none,Met Open Access (CC0); Wikimedia Commons; Europeana (per-item licence),R2,F1.18,high,Tarkhan dress date from a 2016 radiocarbon study.
OBT033,draped unstitched garment,sari; saree; dhoti; lungi,object-type,Things,F1.9,AS-SAS,,,Draped garments depicted from the early historic period; the word sari is medieval,A length of loom-width cloth wrapped and pleated on the body without cutting.,cotton; silk; handloom; zari,Banarasi sari; Kanchipuram sari; Jamdani sari; dhoti,clothing and adornment,museum and archaeological typology; makers' own terms where known,,living-community,Met Open Access (CC0); Wikimedia Commons; community-published site,R2,F1.18,high,
OBT034,kimono,kosode; wafuku,object-type,Things,F1.8,AS-JPN,1600,,The kosode became the outer garment c. 16th–17th century,"A T-shaped robe cut from a single bolt with almost no waste, tied with an obi.",silk; ramie; yūzen dyeing; shibori,kosode; furisode; yukata,clothing and adornment,museum and archaeological typology; makers' own terms where known,,living-community,ColBase (Japan Government Standard Terms); Met Open Access (CC0); Rijksmuseum (CC0); Wikimedia Commons,R2,F1.18;F1.21,high,
OBT035,hanbok,Korean dress,object-type,Things,F1.8,AS-KOR,,,Jacket-and-skirt form traced to the Three Kingdoms period; modern form Joseon,Korean dress of short jacket (jeogori) with skirt (chima) or trousers (baji).,silk; ramie; cotton,jeogori; chima; baji; durumagi,clothing and adornment,museum and archaeological typology; makers' own terms where known,,living-community,e-museum Korea (KOGL Type 1); Wikimedia Commons,R3,F1.18,high,
OBT036,kaftan,caftan; qaftan; chapan,object-type,Things,F1.10;F1.12a,WA-ANA;WA-IRN;AF-MAG;AS-CEN;EU-EER,,,Ancient roots debated; Ottoman court kaftans 15th–17th century,"A long front-opening robe whose cloth and cut marked rank at Ottoman, Safavid and Moroccan courts.",silk; velvet; lampas; brocade,Ottoman ceremonial kaftans (Topkapı); Moroccan qaftan; Central Asian chapan,clothing and adornment;rule and display,museum and archaeological typology; makers' own terms where known,,none,Met Open Access (CC0); Wikimedia Commons,R2,F1.17,high,
OBT037,wide robe,grand boubou; agbada; babban riga,object-type,Things,F1.6;F1.10,AF-SAH;AF-GUI,,,Documented in the Sahel by the medieval period; start uncertain,A wide flowing robe whose embroidered neck and pocket show the wearer's status and faith.,cotton strip cloth; indigo; hand embroidery,Hausa babban riga; Yoruba agbada; Wolof grand boubou,clothing and adornment;rule and display,museum and archaeological typology; makers' own terms where known,,living-community,Met Open Access (CC0); British Museum collection online (link out); Wikimedia Commons,R2,F1.18,medium,
OBT038,poncho,ruana; makuñ,object-type,Things,F1.7,AM-AND;AM-LAT,,,Andean tunics ancient; the open poncho form spreads in the colonial era,"A rectangle of cloth with a head slit, worn from the Andes to the Pampas.",alpaca; sheep wool; warp-faced weaving,Mapuche makuñ; Andean poncho; Colombian ruana,clothing and adornment,museum and archaeological typology; makers' own terms where known,,Indigenous-community;living-community,Met Open Access (CC0); Wikimedia Commons,R3,F1.18,medium,
OBT039,tailored skin clothing,parka; atigi; amauti; kukhlyanka,object-type,Things,F1.7;F1.12a,AM-ARC;AS-NTH,,,"Tailored clothing implied by eyed needles c. 40,000 BP; Arctic forms ancient","Fitted clothing of caribou, seal and bird skin sewn with waterproof seams by Arctic women.",caribou hide; sealskin; sinew thread; gut,Inuit amauti; Yup'ik gut parka; Chukchi kukhlyanka,clothing and adornment;care and access,museum and archaeological typology; makers' own terms where known,,Indigenous-community,Smithsonian Open Access (CC0); Smithsonian NMAI (link out; consult community); Wikimedia Commons; community-published site,R2,F1.18;F1.29,high,The amauti carries an infant in its hood (care and access).
OBT040,huipil,hipil,object-type,Things,F1.7,AM-MES;AM-CAM,,,Pre-Hispanic; depicted in Maya art,A woman's tunic of backstrap-woven panels whose designs locate the weaver's community.,cotton; backstrap loom; supplementary-weft brocade,Maya huipil (Guatemala); Oaxacan huipil,clothing and adornment,museum and archaeological typology; makers' own terms where known,,Indigenous-community;living-community,Met Open Access (CC0); Smithsonian Open Access (CC0); Wikimedia Commons; community-published site,R2,F1.18;F1.2,high,Copying of designs by fashion brands is an F1.2 case.
OBT041,lamba,lamba akotifahana; lamba mena,object-type,Things,F1.6,AF-MAD,,,Silk lamba documented from at least the 18th–19th century,A Malagasy wrapped cloth; the lamba mena of indigenous silk wraps the dead at burial and reburial (famadihana).,landibe wild silk; cotton; raffia,lamba akotifahana; lamba mena,clothing and adornment;ritual and belief,museum and archaeological typology; makers' own terms where known,,funerary;living-community,Met Open Access (CC0); Wikimedia Commons,R2,F1.16;F1.18,medium,Lamba mena is funerary: show burial context with care.
OBT042,kanga,khanga; leso,object-type,Things,F1.6,AF-SWA,1880,,Emerged late 19th century on the Swahili coast,A printed cotton cloth sold in pairs whose Swahili saying (jina) lets the wearer speak without words.,factory-printed cotton; roller and screen printing,kanga; kitenge,clothing and adornment;record and writing,museum and archaeological typology; makers' own terms where known,,living-community,Wikimedia Commons; community-published site,R2,F1.13;F1.21,high,"Often printed in India, China or Europe for East African buyers."
OBT043,wax-print cloth,Dutch wax; ankara,object-type,Things,F1.6;F1.13,AF-GUI;AF-CEN;EU-BLC,1850,,Dutch machine imitation of batik from the mid-19th century; West African market later 19th century,Industrially resist-printed cotton made in Europe to copy Javanese batik and sold into West and Central Africa.,roller printing; resin resist; cotton,Vlisco wax; ABC wax; GTP (Ghana); Nigerian ankara,clothing and adornment;exchange and value,museum and archaeological typology; makers' own terms where known,,none,Rijksmuseum (CC0); Wikimedia Commons,R2,F1.14;F1.13,high,A copy-and-transfer case (F1.14).
OBT044,strip-woven cloth,narrow-strip weave; country cloth,object-type,Things,F1.6,AF-GUI;AF-SAH,1000,,Tellem cave textiles (Bandiagara) c. 11th century are the earliest surviving,"Cloth made by sewing together long narrow strips woven on a treadle loom, sold by the strip as well as the garment.",cotton; silk; rayon; narrow treadle loom,kente; aso oke; Ewe kete; Fulani khasa; Mende country cloth,clothing and adornment;exchange and value;rule and display,museum and archaeological typology; makers' own terms where known,,living-community,Met Open Access (CC0); British Museum collection online (link out); Wikimedia Commons; community-published site,R1,F1.18;F1.13,high,Tellem textiles published by Rita Bolland.
OBT045,resist- and mud-dyed cloth,batik; adire; bogolan; shibori,object-type,Things,F1.6;F1.9;F1.8,AS-ISE;AF-GUI;AF-SAH;AS-JPN;AS-CHN,,,Resist dyeing is ancient in many places; dates vary,"Cloth patterned by blocking dye with wax, starch, stitching or ties, or by painting with fermented mud.",wax; cassava starch; fermented mud; indigo; tie and stitch resist,Javanese batik; Yoruba adire; Bamana bogolan; Japanese shibori; Chinese jiaxie,clothing and adornment,museum and archaeological typology; makers' own terms where known,,living-community,Met Open Access (CC0); Rijksmuseum (CC0); Wikimedia Commons; UNESCO ICH lists (link out; per-item photo licence); community-published site,R1,F1.18;F1.5,high,"Bogolan is a mud-and-mordant technique, not a resist; kept together here as dye-patterned cloth."
OBT046,ikat,abr; patola; tenun ikat; hinggi,object-type,Things,F1.9;F1.12a;F1.7,AS-ISE;AS-SAS;AS-CEN;AM-AND;AS-MSE,,,Ancient; dates uncertain,Cloth whose pattern is dyed into the yarns before weaving by binding them in bundles.,tied-and-dyed warp or weft; silk; cotton,Patan patola; Uzbek abr; Sumba hinggi; Timor tais,clothing and adornment;exchange and value,museum and archaeological typology; makers' own terms where known,,living-community,Met Open Access (CC0); Rijksmuseum (CC0); Wikimedia Commons,R2,F1.18,high,
OBT047,barkcloth,tapa; ngatu; masi; kapa; olubugo,object-type,Things,F1.12;F1.6;F1.9;F1.7,OC-POL;OC-MEL;AF-SWA;AS-ISE;AM-MES,,,Stone beaters in South China and Southeast Asia from c. 6000–5000 BCE suggest antiquity,"Cloth beaten from the inner bark of mulberry, fig and breadfruit trees, then printed or painted.",paper mulberry bark; Ficus bark; wooden beaters; natural pigments,Tongan ngatu; Fijian masi; Hawaiian kapa; Ugandan olubugo; Sulawesi fuya,clothing and adornment;ritual and belief;exchange and value,museum and archaeological typology; makers' own terms where known,,Indigenous-community;living-community,Te Papa Collections Online (per-item; link out where restricted); Auckland Museum Collections Online (per-item); Met Open Access (CC0); Wikimedia Commons; UNESCO ICH lists (link out; per-item photo licence),R1,F1.18;F1.5,high,Beater dating needs checking; Mesoamerican amate is bark paper rather than cloth.
OBT048,feather cloak,ʻahu ʻula; kahu huruhuru,object-type,Things,F1.12;F1.7,OC-POL;AM-AND,,,Hawaiian cloaks documented from the 18th century; Andean feather textiles c. 600–1500 CE,A garment of thousands of tied feathers that displays chiefly rank.,olonā netting; bird feathers; cotton,Hawaiian ʻahu ʻula; Māori kahu huruhuru; Wari feathered panels,clothing and adornment;rule and display,museum and archaeological typology; makers' own terms where known,,sacred;Indigenous-community,Te Papa Collections Online (per-item; link out where restricted); Wikimedia Commons; community-published site,R2,F1.24;F1.17,high,The Kalaniʻōpuʻu cloak returned from Te Papa to Hawaiʻi in 2016.
OBT049,beadwork,beaded regalia,object-type,Things,THEME,AF-SOU;AF-SWA;AM-WST;AM-EWD;AS-ISE,,,"Beads c. 100,000 years old; glass-bead embroidery mostly 19th–20th century",Garments and objects covered in threaded beads whose colours and patterns carry messages.,glass seed beads; shell; sinew; thread,Zulu beadwork (ucu); Maasai collars; Plains beaded moccasins; Métis floral beadwork,clothing and adornment;record and writing,museum and archaeological typology; makers' own terms where known,,Indigenous-community;living-community,Smithsonian Open Access (CC0); Met Open Access (CC0); Wikimedia Commons; community-published site,R2,F1.18;F1.13,high,
OBT050,glass trade bead,trade beads; chevron beads,object-type,Things,F1.13,EU-WCE;AF-GUI;AF-SAH;AM-EWD;AS-SAS,1490,,Venetian chevron beads from the late 15th century; Indo-Pacific drawn beads far earlier,"Glass beads made in Venice, Bohemia, India and West Africa that circulated as value across continents.",drawn glass; lampwork; powder glass,Venetian rosetta beads; Indo-Pacific beads; Krobo powder-glass beads,clothing and adornment;exchange and value,museum and archaeological typology; makers' own terms where known,,human-flow,Met Open Access (CC0); Wikimedia Commons,R2,F1.13;F1.23,high,"Tied to the Atlantic trade: show people, not goods, with a content note."
OBT051,lip plug,labret; lip plate; lip disc,object-type,Things,F1.7;F1.6,AM-MES;AM-NWC;AM-AMZ;AF-HRN;AM-ARC,,,Ancient in several regions; dates vary,"An ornament worn in a pierced lip that marks age, rank or identity.",obsidian; gold; wood; stone; clay,Mexica gold labrets; Tlingit labrets; Mursi lip plates; Kayapó lip discs,clothing and adornment,museum and archaeological typology; makers' own terms where known,,Indigenous-community;living-community,Met Open Access (CC0); Smithsonian Open Access (CC0); Wikimedia Commons,R3,F1.2,high,Tourist photography of Mursi women is exploitative; avoid.
OBT052,torc,torque,object-type,Things,F1.11,EU-WCE;EU-BLC;AS-CEN,-800,,Iron Age c. 8th–1st century BCE,A rigid neck ring of twisted metal worn by Iron Age elites.,gold; electrum; silver; twisting,Snettisham torcs; Broighter torc; Vix torc,clothing and adornment;rule and display,museum and archaeological typology; makers' own terms where known,,none,Wikimedia Commons; Europeana (per-item licence),R3,F1.15,high,
OBT053,fibula,brooch; safety-pin brooch,object-type,Things,F1.11,EU-GRR;EU-WCE;EU-BLC;EU-SCA;EU-BYZ,-1300,,Bronze Age c. 14th century BCE onward,A pin-and-spring brooch that fastened cloaks and signalled regional identity.,bronze; silver; gold; garnet cloisonné,Praeneste fibula; Anglo-Saxon square-headed brooch; Viking tortoise brooch,clothing and adornment,museum and archaeological typology; makers' own terms where known,,funerary,Met Open Access (CC0); Wikimedia Commons; Europeana (per-item licence),R3,F1.15,high,Many come from graves.
OBT054,kundan jewellery,kundan; jadau,object-type,Things,F1.9;F1.10,AS-SAS,1550,,"Associated with Mughal and Rajput courts, 16th–17th century","Jewellery setting stones in highly refined gold foil, often backed with enamel (meenakari).",gold foil; uncut gems; enamel,Mughal jadau; Rajasthani kundan,clothing and adornment;rule and display,museum and archaeological typology; makers' own terms where known,,none,Met Open Access (CC0); Wikimedia Commons; community-published site,R3,F1.17,medium,
OBT055,ear spool,ear flare,object-type,Things,F1.7,AM-AND;AM-MES,,,Moche and Maya elites c. 100–800 CE; start approximate,Discs worn in stretched earlobes that carried inlaid images of rank.,gold; turquoise; shell; jade,Moche ear ornaments (Sipán); Maya jade ear flares,clothing and adornment;rule and display,museum and archaeological typology; makers' own terms where known,,funerary,Met Open Access (CC0); Wikimedia Commons,R3,F1.15,high,Many from tombs.
OBT056,mirror,bronze mirror; obsidian mirror,object-type,Things,THEME,AS-CHN;AS-JPN;AM-MES;AF-EGY;WA-ANA,-6000,,Çatalhöyük obsidian mirrors c. 6000 BCE,"A polished surface for seeing oneself, also used in divination and burial.",obsidian; bronze; iron-ore mosaic; silvered glass,Çatalhöyük obsidian mirror; Han TLV mirror; Olmec iron-ore mirror; Venetian glass mirror,clothing and adornment;ritual and belief,museum and archaeological typology; makers' own terms where known,,sacred;funerary,Met Open Access (CC0); Cleveland Museum of Art Open Access (CC0); Wikimedia Commons,R2,F1.16,high,The Yata no Kagami itself is sacred and never shown.
OBT057,comb,hair comb; duafe,object-type,Things,THEME,AF-GUI;AF-EGY;EU-SCA;GL,-3500,,Predynastic Egyptian combs c. 3500 BCE,A tool for grooming and styling hair that is also a carved gift and badge of identity.,wood; ivory; bone; horn; plastic,Akan duafe; Viking antler comb; Predynastic Egyptian comb; Afro pick,clothing and adornment;tools,museum and archaeological typology; makers' own terms where known,,none,Met Open Access (CC0); Wikimedia Commons; Europeana (per-item licence),R2,F1.20,high,The 1970s Afro pick is a political object.
OBT058,woven palm hat,toquilla hat; sombrero vueltiao; pinta'o,object-type,Things,F1.7,AM-AND;AM-CAM;AM-LAT,,,Toquilla hats from the 17th century; vueltiao antiquity uncertain,"Hats plaited or braided from palm and cane fibres, among them the misnamed ""Panama"" hat made in Ecuador.",toquilla palm; caña flecha; plaiting,Ecuadorian toquilla hat; Colombian sombrero vueltiao; Panamanian pinta'o,clothing and adornment;exchange and value,museum and archaeological typology; makers' own terms where known,,living-community,UNESCO ICH lists (link out; per-item photo licence); Wikimedia Commons,R2,F1.14,high,
OBT059,moccasin,makizin,object-type,Things,F1.7,AM-EWD;AM-WST;AM-ARC,,,Pre-contact,"A soft shoe of tanned hide, often decorated with quill or bead work.",smoked hide; porcupine quill; glass beads,Anishinaabe makizin; Lakota beaded moccasins,clothing and adornment,museum and archaeological typology; makers' own terms where known,,Indigenous-community,Smithsonian Open Access (CC0); Smithsonian NMAI (link out; consult community); Wikimedia Commons,R3,F1.18,high,
OBT060,leather shoe,shoe,object-type,Things,THEME,WA-CAU;GL,-3500,,Areni-1 shoe c. 3500 BCE,"A shaped foot covering of hide, from one-piece shoes to lasted factory footwear.",cowhide; lacing; lasts; rubber soles,Areni-1 shoe; Ötzi's shoes; Egyptian sandal; sneaker,clothing and adornment,museum and archaeological typology; makers' own terms where known,,none,Wikimedia Commons; open-access excavation reports,R3,F1.21,high,
OBT061,trousers,pants,object-type,Things,F1.12a;THEME,AS-CEN;GL,-1200,,Yanghai trousers c. 13th–10th century BCE are the earliest known,A two-legged garment developed by horse-riding peoples of the steppe.,wool; twill and tapestry weave,Yanghai trousers; Scythian trousers,clothing and adornment;transport,museum and archaeological typology; makers' own terms where known,,funerary,Wikimedia Commons; open-access excavation reports,R2,F1.18;F1.13,high,
OBT062,denim jeans,blue jeans,object-type,Things,THEME,GL,1873,,Levi Strauss and Jacob Davis rivet patent 1873,Work trousers of indigo twill reinforced with copper rivets that became a global consumer garment.,cotton denim; indigo; rivets,Levi's 501; Japanese selvedge denim,clothing and adornment,museum and archaeological typology; makers' own terms where known,,none,Wikimedia Commons; Smithsonian Open Access (CC0),R3,F1.21;F1.22;F1.23,high,Cotton growing and finishing labour (F1.23).
OBT063,T-shirt,tee,object-type,Things,THEME,GL,1900,,Undershirt of the early 20th century,"A knitted cotton top that carries print, slogans and brands at mass scale.",cotton jersey; screen printing,slogan T-shirt; band T-shirt,clothing and adornment;exchange and value,museum and archaeological typology; makers' own terms where known,,none,Wikimedia Commons,R3,F1.21;F1.22,medium,
OBT064,Gulf men's dress,kandura; thawb; dishdasha; ghutra; bisht,object-type,Things,F1.10,WA-ARB,,,Modern forms 20th century; bisht older,"A long white robe worn with a head cloth and, for occasions, a gold-edged bisht cloak.",cotton; camel and goat wool; zari edging,Emirati kandura; Saudi thawb; bisht,clothing and adornment;rule and display,museum and archaeological typology; makers' own terms where known,,living-community,Wikimedia Commons; Qatar Digital Library (open licence),R3,F1.21,medium,
OBT065,cosmetic palette,palette,object-type,Things,F1.6,AF-EGY;AF-NUB,-4000,,Predynastic c. 4000–3100 BCE,A stone slab for grinding eye paint that became a vehicle for royal imagery.,greywacke; siltstone; malachite; galena,Narmer Palette; Battlefield Palette; animal-shaped palettes,clothing and adornment;rule and display;care and access,museum and archaeological typology; makers' own terms where known,,funerary,Met Open Access (CC0); Wikimedia Commons; British Museum collection online (link out),R2,F1.28,high,
OBT066,kohl container,mukhula; surmedani,object-type,Things,F1.6;F1.10;F1.9,AF-EGY;WA-ARB;AS-SAS;AF-MAG,-2000,,Egyptian kohl pots from the Middle Kingdom,A small pot or tube with applicator holding eye cosmetic valued also as protection for the eyes.,faience; glass; silver; wood; galena,Egyptian kohl tubes; Arabian silver mukhula; Indian surmedani,clothing and adornment;care and access,museum and archaeological typology; makers' own terms where known,,none,Met Open Access (CC0); Wikimedia Commons,R3,F1.22a,medium,
OBT067,tattooing tools,tattoo comb; uhi; au,object-type,Things,F1.12;THEME,OC-POL;AF-EGY;GL,-3300,,"Tattoos on Ötzi c. 3250 BCE; Polynesian bone combs from c. 2,700 years ago","Combs, needles and pigment for marking skin, among them Polynesian bone combs tapped with a mallet.",bone; turtle shell; soot pigment; mallet,Samoan au; Māori uhi; Tongan tattoo combs,clothing and adornment;ritual and belief,museum and archaeological typology; makers' own terms where known,,sacred;Indigenous-community,Te Papa Collections Online (per-item; link out where restricted); Wikimedia Commons; community-published site,R3,F1.16,medium,Tā moko and tatau are living and protected; community consent needed.
OBT068,amphora,amphorae; Canaanite jar,object-type,Things,F1.11;F1.13,EU-GRR;WA-LEV,-1500,,Canaanite jars c. 1500 BCE; Greek and Roman amphorae to c. 7th century CE,"A two-handled transport jar for wine, oil and fish sauce whose stamps and shapes let archaeologists trace trade.",terracotta; stamps; pitch lining,Canaanite jar; Dressel 1; Dressel 20; Panathenaic amphora,food and storage;exchange and value;transport,museum and archaeological typology; makers' own terms where known,,none,Met Open Access (CC0); Wikimedia Commons; open-access excavation reports,R2,F1.13,high,Panathenaic amphorae were prizes.
OBT069,qvevri,kvevri,object-type,Things,F1.9a;F1.11,WA-CAU,-6000,,Wine residues in jars at Gadachrili Gora c. 6000 BCE; the qvevri form is ancient and living,An egg-shaped clay vessel buried in the ground for fermenting and ageing wine.,coiled clay; beeswax lining; burial in earth,Kakhetian qvevri,food and storage;ritual and belief,museum and archaeological typology; makers' own terms where known,,living-community,UNESCO ICH lists (link out; per-item photo licence); Wikimedia Commons,R1,F1.29,high,See practice row for Georgian qvevri wine-making (UNESCO 2013).
OBT070,celadon bowl,celadon; qingci,object-type,Things,F1.8;F1.13,AS-CHN;AS-KOR;AS-MSE,200,,Eastern Han proto-celadon; Yue and Longquan wares; Goryeo celadon 12th century,A stoneware bowl glazed green by iron in a reducing kiln and traded from Japan to East Africa.,stoneware; iron-bearing glaze; reduction firing; dragon kiln,Yue ware; Longquan bowls; Goryeo inlaid celadon; Sawankhalok ware,food and storage;exchange and value,museum and archaeological typology; makers' own terms where known,,none,Met Open Access (CC0); Cleveland Museum of Art Open Access (CC0); National Palace Museum Taipei Open Data; e-museum Korea (KOGL Type 1); Wikimedia Commons,R2,F1.13;F1.14,high,Sherds reach the Swahili coast and Great Zimbabwe.
OBT071,blue-and-white jar,qinghua,object-type,Things,F1.8;F1.10;F1.13,AS-CHN;WA-IRN;WA-ANA;EU-BLC;AS-JPN,1320,,Jingdezhen c. 1320s–30s using cobalt from Iran,"Porcelain painted in cobalt under the glaze, made in China for Islamic, European and Asian markets and copied in each.",kaolin porcelain; cobalt oxide; underglaze painting,Jingdezhen Yuan jars; Iznik ware; Delftware; Arita ware,food and storage;exchange and value,museum and archaeological typology; makers' own terms where known,,none,Met Open Access (CC0); Cleveland Museum of Art Open Access (CC0); Rijksmuseum (CC0); National Palace Museum Taipei Open Data; Wikimedia Commons,R1,F1.13;F1.14,high,
OBT072,calabash,gourd vessel; igba; ipu,object-type,Things,F1.6;F1.7;F1.12,AF-SAH;AF-GUI;AF-SOU;AM-MES;OC-POL,,,Bottle gourd domesticated very early in Asia and the Americas,"A dried gourd used as bowl, bottle, float, rattle and resonator, often pyro-engraved.",Lagenaria gourd; pyro-engraving; carving,Fulani engraved calabash; Hawaiian ipu; Yoruba igba,food and storage;play and music,museum and archaeological typology; makers' own terms where known,,living-community,Wikimedia Commons; Met Open Access (CC0),R3,F1.18,medium,
OBT073,olla,water jar,object-type,Things,F1.7,AM-WST;AM-MES;AM-LAT,,,Ancient; dates vary,A porous earthenware jar that cools water and stores grain.,coiled clay; slip; open firing,Acoma olla; Zuni water jar; Mata Ortiz jar,food and storage,museum and archaeological typology; makers' own terms where known,,Indigenous-community;living-community,Smithsonian Open Access (CC0); Met Open Access (CC0); Wikimedia Commons,R3,F1.29,high,
OBT074,stirrup-spout vessel,stirrup-spout bottle,object-type,Things,F1.7,AM-AND,-1500,,Cupisnique c. 1500 BCE; Moche c. 100–800 CE; Chimú later,"A bottle with a hollow looped handle-spout that Andean potters moulded into portraits, animals and scenes.",mould-made earthenware; slip painting,Moche portrait vessels; Chimú blackware; Cupisnique bottles,food and storage;ritual and belief,museum and archaeological typology; makers' own terms where known,,funerary,Met Open Access (CC0); Wikimedia Commons; Art Institute of Chicago (CC0),R2,F1.16;F1.24,medium,Many looted from graves.
OBT075,kero,qiru; qero,object-type,Things,F1.7,AM-AND,600,,Wari and Tiwanaku c. 600–1000 CE; Inka and colonial painted keros,A drinking cup for chicha made in pairs and shared in toasts that sealed alliances.,wood; ceramic; gold; mopa-mopa resin inlay,Tiwanaku ceramic kero; Inka wooden kero; colonial painted keros,food and storage;ritual and belief;rule and display,museum and archaeological typology; makers' own terms where known,,none,Met Open Access (CC0); Wikimedia Commons,R2,F1.16;F1.28,high,
OBT076,pithos,pithoi,object-type,Things,F1.11,EU-GRR,-1800,,Minoan pithoi from c. 1800 BCE,"A large storage jar for grain, oil and wine used in palace magazines and houses.",coiled terracotta; rope-pattern decoration,Knossos magazine pithoi,food and storage,museum and archaeological typology; makers' own terms where known,,none,Wikimedia Commons; Met Open Access (CC0),R3,F1.19,high,
OBT077,grinding stone,quern; saddle quern; rotary quern,object-type,Things,THEME,GL,-30000,,"Seed grinding at Cuddie Springs (Australia) and Upper Palaeolithic Europe c. 30,000 BP",A pair of stones for grinding seed and grain into flour.,basalt; sandstone; granite,saddle quern; rotary quern; Aboriginal seed grindstone,food and storage;tools,museum and archaeological typology; makers' own terms where known,,none,Wikimedia Commons; open-access excavation reports,R2,F1.18;F1.23,medium,Women's grinding labour is often invisible in displays.
OBT078,metate and mano,metlatl,object-type,Things,F1.7,AM-MES;AM-CAM,,,Ancient; tied to maize processing,A three-legged grinding slab and hand stone for maize dough.,basalt; carving,Costa Rican ceremonial metates; Mexica metate,food and storage;tools;ritual and belief,museum and archaeological typology; makers' own terms where known,,living-community,Met Open Access (CC0); Wikimedia Commons,R2,F1.18,high,
OBT079,mortar and pestle,usu; kine; odo,object-type,Things,THEME,GL,,,Ancient,"A hollow vessel and pounder for hulling grain, crushing spice and preparing medicine.",wood; stone; bronze,West African wooden mortar; Japanese usu; Thai krok,food and storage;tools;care and access,museum and archaeological typology; makers' own terms where known,,none,Met Open Access (CC0); Wikimedia Commons,R3,F1.18,high,
OBT080,wok,guo,object-type,Things,F1.8,AS-CHN;AS-MSE,,,Origins uncertain,A round-bottomed pan for fast stir-frying over high heat.,cast iron; hand-hammered carbon steel,Cantonese wok; hand-hammered wok,food and storage,museum and archaeological typology; makers' own terms where known,,living-community,Wikimedia Commons,R3,F1.22a,low,Early dating claims (Han) need checking.
OBT081,tagine,tajine,object-type,Things,F1.6;F1.10,AF-MAG,,,Origins uncertain,An earthenware dish with a conical lid that returns steam to slow-cooked food.,earthenware; glaze,Safi tagine; unglazed Amazigh tagine,food and storage,museum and archaeological typology; makers' own terms where known,,living-community,Wikimedia Commons,R3,F1.29,low,
OBT082,tea bowl,chawan,object-type,Things,F1.8,AS-JPN;AS-CHN;AS-KOR,1000,,Jian ware of the Song c. 11th–13th century; Japanese raku from the 16th century,A bowl for whisked tea whose valued irregularities became a theory of making.,stoneware; tenmoku glaze; raku firing,Jian tea bowl; Ido chawan (Korean); Raku chawan,food and storage;ritual and belief,museum and archaeological typology; makers' own terms where known,,none,ColBase (Japan Government Standard Terms); Met Open Access (CC0); Cleveland Museum of Art Open Access (CC0); Wikimedia Commons,R1,F1.14;F1.2,high,Korean Ido bowls were everyday rice bowls re-valued in Japan (F1.2).
OBT083,chopsticks,kuaizi; hashi; jeotgarak,object-type,Things,F1.8,AS-CHN;AS-JPN;AS-KOR;AS-MSE,,,Bronze chopsticks reported from Shang Yinxu; dating needs checking,A pair of sticks for cooking and eating used across East Asia.,bamboo; lacquered wood; metal; plastic,Korean metal jeotgarak; lacquered hashi,food and storage;tools,museum and archaeological typology; makers' own terms where known,,none,Wikimedia Commons,R3,F1.21,medium,
OBT084,granary,grain store; raised granary,object-type,Things,THEME,AF-SAH;AS-ISE;AF-SOU,,,Ancient,"A raised or sealed store for grain protected from damp, pests and theft.",mud; thatch; timber; basketry,Dogon granaries; Minangkabau rangkiang; Zulu isiphala,food and storage;shelter,museum and archaeological typology; makers' own terms where known,,living-community,Wikimedia Commons,R3,F1.29,medium,Check local terms before publishing.
OBT085,basket,coiled basket; twined basket,object-type,Things,THEME,GL,,,Very ancient; survives rarely,"A container woven from plant fibre, the most widespread and least preserved of vessels.",coiling; twining; plaiting; grass; willow; palm,Pomo baskets; Rwandan agaseke; Gullah sweetgrass baskets; Japanese bamboo baskets,food and storage;exchange and value,museum and archaeological typology; makers' own terms where known,,living-community;Indigenous-community,Smithsonian Open Access (CC0); Met Open Access (CC0); Wikimedia Commons,R2,F1.18;F1.28,high,
OBT086,bentwood box,kerfed box,object-type,Things,F1.7,AM-NWC,,,Pre-contact,"A box made from one cedar plank steamed and bent at kerfed corners, used for storage, cooking and burial.",red cedar; steam bending; kerfing; painting,Haida bentwood chest; Tlingit box,food and storage;ritual and belief,museum and archaeological typology; makers' own terms where known,,Indigenous-community,Smithsonian Open Access (CC0); Wikimedia Commons; community-published site,R3,F1.29,high,
OBT087,coffee pot,dallah; jebena; cezve,object-type,Things,F1.10;F1.6,WA-ARB;AF-HRN;WA-ANA,1500,,Coffee drinking from 15th-century Yemen; pot forms later,"Pots for brewing and serving coffee that carry hospitality from Yemen to the Gulf, Ethiopia and Anatolia.",brass; copper; clay,Gulf dallah; Ethiopian jebena; Ottoman cezve,food and storage;ritual and belief;rule and display,museum and archaeological typology; makers' own terms where known,,living-community,Wikimedia Commons; UNESCO ICH lists (link out; per-item photo licence),R2,F1.13,medium,UNESCO: Arabic coffee (2015); Turkish coffee (2013).
OBT088,samovar,samovar,object-type,Things,F1.11;F1.12a,EU-EER;WA-IRN;AS-CEN,1740,,Tula manufacture from the 18th century,A heated urn for boiling water for tea at the centre of household hospitality.,brass; copper; charcoal chimney,Tula samovar; Iranian samovar,food and storage,museum and archaeological typology; makers' own terms where known,,none,Wikimedia Commons,R3,F1.19,medium,
OBT089,clay oven,tannur; tandoor; tonir,object-type,Things,THEME,WA-MES;AS-SAS;WA-CAU;AS-CEN;WA-ARB,,,Ancient; clay ovens at Mesopotamian and Harappan sites,A cylindrical clay oven in which flatbread is slapped against the hot wall.,clay; straw temper; charcoal,tandoor; tonir; tannour,food and storage,museum and archaeological typology; makers' own terms where known,,living-community,Wikimedia Commons; UNESCO ICH lists (link out; per-item photo licence),R3,F1.18,medium,Links to lavash and flatbread practice rows.
OBT090,earth oven,umu; hāngī; lovo; imu,object-type,Things,F1.12,OC-POL;OC-MEL,,,Ancient,A pit of heated stones for steaming food under leaves and earth.,volcanic stones; banana leaves; earth,Samoan umu; Māori hāngī; Fijian lovo,food and storage,museum and archaeological typology; makers' own terms where known,,living-community,Wikimedia Commons,R3,F1.29,high,
OBT091,kava bowl,tanoa; ʻumete; kumete,object-type,Things,F1.12,OC-POL;OC-MEL,,,Pre-contact,A multi-legged wooden bowl for preparing kava at ceremonies.,vesi or ifilele wood; sennit,Fijian tanoa; Samoan ʻumete; Tongan kumete,food and storage;ritual and belief;rule and display,museum and archaeological typology; makers' own terms where known,,living-community,Te Papa Collections Online (per-item; link out where restricted); Wikimedia Commons,R3,F1.16,high,
OBT092,beer pot,ukhamba,object-type,Things,F1.6,AF-SOU,,,Ancient and living,A burnished earthenware pot for serving sorghum beer.,coiled clay; burnishing; smoke firing,Zulu ukhamba; Venda pots,food and storage;ritual and belief,museum and archaeological typology; makers' own terms where known,,living-community,Wikimedia Commons; community-published site,R3,F1.18,medium,
OBT093,martaban jar,dragon jar; tempayan; tajau,object-type,Things,F1.13;F1.9,AS-MSE;AS-ISE;AS-CHN,1300,,Trade jars c. 13th–19th century,Large glazed stoneware jars made in China and mainland Southeast Asia that became heirlooms in Borneo and the Philippines.,stoneware; brown glaze; applied dragons,Martaban jars; Dayak heirloom jars (tajau),food and storage;exchange and value;ritual and belief,museum and archaeological typology; makers' own terms where known,,living-community,Wikimedia Commons; Met Open Access (CC0),R3,F1.13,medium,
OBT094,tin can,canister,object-type,Things,THEME,GL,1810,,Durand patent 1810; Donkin factory 1813,A sealed metal container that let food be stored for years and moved across oceans and wars.,tinplate; soldering; seaming,Donkin can; Campbell's soup can; ring-pull can,food and storage;war;exchange and value,museum and archaeological typology; makers' own terms where known,,none,Wikimedia Commons; Science Museum Group collection (link out; data CC0),R3,F1.19;F1.21,high,
OBT095,refrigerator,fridge,object-type,Things,THEME,GL,1913,,Domestic electric refrigerators from the 1910s,"A cooled cabinet that reorganised shopping, kitchens and supply chains.",compressor; refrigerant; enamelled steel,Domelre (1913); GE Monitor Top,food and storage,museum and archaeological typology; makers' own terms where known,,none,Wikimedia Commons; Science Museum Group collection (link out; data CC0),R3,F1.21;F1.22,medium,
OBT096,packaging,packet; container; wrapper,object-type,Things,THEME,GL,1850,,Printed branded packaging from the 19th century,"Printed containers that carry goods, brand and instructions, now a central waste problem.",paperboard; tinplate; plastic; aluminium; print,Huntley and Palmers biscuit tin; Tetra Pak; PET bottle,food and storage;exchange and value;record and writing,museum and archaeological typology; makers' own terms where known,,none,Wikimedia Commons; Science Museum Group collection (link out; data CC0),R2,F1.21;F1.22,high,
OBT097,bronze ritual vessel,ding; gui; zun,object-type,Things,F1.8,AS-CHN,-1700,,Erlitou and Erligang c. 1700–1300 BCE; Shang and Zhou,"Cast bronze vessels for food and wine offerings to ancestors, some bearing long inscriptions.",piece-mould bronze casting; inscriptions,Houmuwu ding; Mao Gong ding; Shang gu,food and storage;ritual and belief;rule and display;record and writing,museum and archaeological typology; makers' own terms where known,,funerary;ancestral,Met Open Access (CC0); Cleveland Museum of Art Open Access (CC0); National Palace Museum Taipei Open Data; Art Institute of Chicago (CC0); Wikimedia Commons,R1,F1.16;F1.28,high,
OBT098,fish trap,weir; eel trap; kooyang trap; ngunnhu,object-type,Things,THEME,OC-AUS;AF-SWA;AS-MSE;EU-SCA,-4600,,"Budj Bim channels dated to c. 6,600 years ago","Channels, weirs and woven traps that catch and hold fish.",stone channels; woven basketry; wooden stakes,Budj Bim eel traps; Brewarrina fish traps (Ngunnhu); Swahili fence traps,food and storage;tools,museum and archaeological typology; makers' own terms where known,,Indigenous-community,Wikimedia Commons; community-published site,R2,F1.22,medium,Link to Budj Bim practice row.
OBT099,hand axe,biface; Acheulean hand axe,object-type,Things,THEME,AF-SWA;AF-HRN;GL,-1760000,,Kokiselei (Kenya) c. 1.76 million years ago,"A symmetrical, bifacially flaked stone tool made for over a million years across Africa and Eurasia.",flint; quartzite; obsidian; knapping,Kokiselei bifaces; Olorgesailie; Boxgrove,tools,museum and archaeological typology; makers' own terms where known,,none,Wikimedia Commons; open-access excavation reports; Met Open Access (CC0),R2,F1.5,high,
OBT100,obsidian blade,prismatic blade,object-type,Things,THEME,AM-MES;WA-ANA;OC-MEL,,,Varies,Razor-sharp blades pressure-flaked from obsidian cores and traded over long distances.,obsidian; pressure flaking,Teotihuacan prismatic blades; Çatalhöyük blades; Talasea (New Britain) obsidian,tools;exchange and value,museum and archaeological typology; makers' own terms where known,,none,Wikimedia Commons; open-access excavation reports,R3,F1.13,high,
OBT101,adze,toki; koʻi; elbow adze,object-type,Things,THEME,OC-POL;OC-MEL;AM-NWC;GL,,,Ancient,"A blade set at right angles to its handle for shaping wood, key to canoe and house building.",basalt; pounamu; iron; hafting,Hawaiian koʻi; Māori toki; NWC elbow adze,tools;rule and display,museum and archaeological typology; makers' own terms where known,,Indigenous-community,Te Papa Collections Online (per-item; link out where restricted); Auckland Museum Collections Online (per-item); Wikimedia Commons,R2,F1.29,high,Ceremonial toki poutangata are regalia.
OBT102,ground-stone axe,edge-ground axe; polished axe,object-type,Things,THEME,OC-AUS;EU-WCE;EU-BLC,-44000,,"Edge-ground axes in northern Australia c. 44,000–49,000 BP",An axe whose edge is ground and polished rather than only flaked.,basalt; jadeitite; greenstone; grinding,Carpenter's Gap axe fragment; Alpine jadeitite axes; Langdale axes,tools;exchange and value;rule and display,museum and archaeological typology; makers' own terms where known,,Indigenous-community,Wikimedia Commons; open-access excavation reports,R2,F1.5,medium,
OBT103,eyed needle,bone needle,object-type,Things,THEME,AS-NTH;EU-WCE;AS-CHN,-40000,,"Strashnaya Cave c. 44–49 ka; a Denisova Cave claim of c. 50 ka rests on one radiocarbon date; many c. 40,000–20,000 BP","A pointed tool with an eye that allowed fitted, layered clothing.",bone; ivory; bronze; steel,Denisova needle; Solutrean needles; Xiaogushan needles,tools;clothing and adornment,museum and archaeological typology; makers' own terms where known,,none,Wikimedia Commons; open-access excavation reports,R3,F1.18,medium,
OBT104,spindle and whorl,drop spindle; takli; pushka,object-type,Things,THEME,GL,,,Whorls from the Neolithic; dates vary,"A stick weighted by a whorl for twisting fibre into thread, the most persistent tool of textile labour.",wood; clay whorls; stone,Andean pushka; Anatolian spindle whorls; Indian takli,tools,museum and archaeological typology; makers' own terms where known,,none,Wikimedia Commons; Met Open Access (CC0),R2,F1.18;F1.23,medium,
OBT105,backstrap loom,body-tensioned loom,object-type,Things,THEME,AM-MES;AM-AND;AS-MSE;AS-ISE;OC-MIC,,,Ancient; independent in the Americas and Asia,"A loom tensioned by the weaver's body, portable and capable of complex warp patterns.",sticks; backstrap; warp,Maya backstrap loom; Andean backstrap loom; Atayal loom (Taiwan),tools,museum and archaeological typology; makers' own terms where known,,Indigenous-community;living-community,Smithsonian Open Access (CC0); Met Open Access (CC0); Wikimedia Commons,R1,F1.18;F1.5,high,
OBT106,warp-weighted loom,upright loom,object-type,Things,F1.11,EU-WCE;EU-GRR;EU-SCA;WA-ANA,-6000,,Loom weights from Neolithic Anatolia and Europe; start approximate,An upright loom whose warps are tensioned by hanging clay or stone weights.,loom weights; timber frame,Greek warp-weighted loom; Norse vertical loom,tools,museum and archaeological typology; makers' own terms where known,,none,Wikimedia Commons; open-access excavation reports,R3,F1.18,medium,
OBT107,treadle loom,pit loom; frame loom,object-type,Things,THEME,AS-CHN;AS-SAS;AF-SAH;EU-WCE,,,China by the Han; Europe by the 11th century; West African narrow loom,"A frame loom whose sheds are opened by foot pedals, freeing the hands to throw the shuttle.",heddles; treadles; shuttle,Indian pit loom; West African narrow-strip loom; European treadle loom,tools,museum and archaeological typology; makers' own terms where known,,living-community,Wikimedia Commons,R3,F1.18;F1.19,medium,
OBT108,drawloom,figure-harness loom,object-type,Things,F1.8;F1.10;F1.13,AS-CHN;WA-IRN;EU-WCE,-150,,Laoguanshan pattern-loom models c. 2nd century BCE,A loom with a harness raised by a draw-boy that repeats complex figured patterns.,harness; pattern cords; silk,Han pattern loom; Yunjin brocade loom; Lyon drawloom,tools,museum and archaeological typology; makers' own terms where known,,living-community,Wikimedia Commons,R2,F1.13;F1.19,medium,Whether the Laoguanshan models count as drawlooms is debated.
OBT109,Jacquard loom,Jacquard mechanism,object-type,Things,F1.11,EU-WCE,1804,,"Joseph-Marie Jacquard, Lyon, 1804","A loom mechanism controlled by punched cards, a precursor of programmed machines.",punched cards; hooks; silk,woven silk portrait of Jacquard; Spitalfields and Lyon Jacquard silks,tools;record and writing,museum and archaeological typology; makers' own terms where known,,none,Wikimedia Commons; Science Museum Group collection (link out; data CC0),R2,F1.19,high,
OBT110,potter's wheel,tournette; kick wheel,object-type,Things,THEME,WA-MES;AS-CHN;AS-SAS;GL,-4500,,Slow wheel (tournette) in Ubaid Mesopotamia; fast wheel later,"A turning platform on which clay is shaped, first slowly and then at speed.",stone or wood wheel; pivot; kick or stick drive,Ubaid tournette; Longshan wheel-made ware; Japanese kick wheel,tools,museum and archaeological typology; makers' own terms where known,,none,Wikimedia Commons; open-access excavation reports,R2,F1.5,medium,
OBT111,bellows,bag bellows; bowl bellows; piston bellows,object-type,Things,THEME,AF-SAH;AF-GUI;AS-CHN;AS-ISE,,,Ancient,"A device that drives air into furnaces and forges, essential to smelting.",goatskin; clay tuyères; wood; bamboo,African bowl bellows; Malay piston bellows; Chinese box bellows,tools,museum and archaeological typology; makers' own terms where known,,none,Wikimedia Commons,R3,F1.5;F1.22,medium,
OBT112,ard,scratch plough; maresha,object-type,Things,THEME,WA-MES;AF-HRN;AS-SAS;EU-WCE,-4000,,Ard marks and depictions from the 4th millennium BCE,"A plough that scratches the soil, pulled by oxen, reshaping farming and labour.",wood; iron share; yoke,Ethiopian maresha; Mesopotamian seeder plough; Døstrup ard,tools;food and storage,museum and archaeological typology; makers' own terms where known,,none,Wikimedia Commons,R3,F1.18,medium,
OBT113,digging stick,chakitaqlla; ʻōʻō,object-type,Things,THEME,OC-POL;AM-AND;AF-SOU;OC-AUS,,,Ancient,"A pointed stick for digging roots and planting, in the Andes fitted with a foot rest.",hardwood; bored stone weight; foot rest,Andean chakitaqlla; San digging stick with bored stone,tools;food and storage,museum and archaeological typology; makers' own terms where known,,Indigenous-community,Wikimedia Commons,R3,F1.18,medium,
OBT114,fishhook,makau; matau,object-type,Things,F1.12;THEME,OC-POL;AS-JPN;OC-MEL;AM-NWC,-21000,,"Sakitari Cave (Okinawa) shell hooks c. 23,000 BP","Hooks carved from shell, bone, stone and wood matched to species and waters.",shell; bone; pearl shell; wood,Sakitari hooks; Hawaiian makau; Māori matau; NWC halibut hook,tools;food and storage,museum and archaeological typology; makers' own terms where known,,Indigenous-community,Te Papa Collections Online (per-item; link out where restricted); Auckland Museum Collections Online (per-item); Wikimedia Commons,R2,F1.5,high,
OBT115,toggling harpoon,unaaq,object-type,Things,F1.7,AM-ARC;AS-NTH,,,Palaeo-Inuit and Thule; ancient,"A harpoon head that turns sideways in the animal, used for seals and whales.",ivory; antler; slate; sinew,Thule harpoon heads; Yupik harpoons,tools;food and storage,museum and archaeological typology; makers' own terms where known,,Indigenous-community,Smithsonian Open Access (CC0); Wikimedia Commons,R3,F1.29,high,
OBT116,ulu,woman's knife,object-type,Things,F1.7,AM-ARC,,,Ancient,"A crescent knife used by Inuit women to cut skin, food and snow.",slate; steel; bone or wood handle,Inuit ulu; Yupik uluaq,tools;food and storage,museum and archaeological typology; makers' own terms where known,,Indigenous-community,Smithsonian Open Access (CC0); Wikimedia Commons,R3,F1.18,high,
OBT117,kiln,dragon kiln; anagama; noborigama,object-type,Things,THEME,AS-CHN;AS-KOR;AS-JPN;WA-MES,,,Kilns from the 6th millennium BCE; dragon kilns by the Warring States,A chamber for firing clay; East Asian climbing kilns reached the heat for stoneware and porcelain.,brick; clay; wood fuel,Longquan dragon kilns; Jingdezhen egg-shaped kiln; Korean onggi kiln,tools,museum and archaeological typology; makers' own terms where known,,none,Wikimedia Commons; open-access excavation reports,R2,F1.19,medium,
OBT118,crucible,crucible,object-type,Things,THEME,WA-IRN;AS-SAS;AF-SAH;GL,-5000,,Tal-i Iblis crucibles c. 5th millennium BCE,A heat-proof vessel for melting metal or glass.,refractory clay; graphite,Tal-i Iblis crucibles; South Asian crucible-steel crucibles,tools,museum and archaeological typology; makers' own terms where known,,none,Wikimedia Commons; open-access excavation reports,R3,F1.5,medium,
OBT119,boomerang,kylie; returning boomerang,object-type,Things,F1.12,OC-AUS,-8000,,"Wyrie Swamp examples c. 10,000 BP; an older mammoth-ivory object from Obłazowa Cave (Poland)","A curved throwing stick for hunting, digging, music and fighting; only some return.",mulga; hardwood; incised decoration,Wyrie Swamp boomerangs; clapping boomerangs,tools;war;play and music,museum and archaeological typology; makers' own terms where known,,Indigenous-community,Wikimedia Commons; community-published site,R2,F1.29;F1.2,medium,Souvenir boomerangs are an appropriation case (F1.2).
OBT120,sewing machine,lockstitch machine,object-type,Things,THEME,GL,1846,,Howe 1846; Singer 1851,"A machine that sews lockstitch, spreading factory garment work and home dressmaking.",cast iron; needle; shuttle,Singer treadle; Butterfly (China); Usha (India),tools;clothing and adornment,museum and archaeological typology; makers' own terms where known,,none,Smithsonian Open Access (CC0); Wikimedia Commons; Science Museum Group collection (link out; data CC0),R2,F1.19;F1.23,high,
OBT121,typewriter,typewriter,object-type,Things,THEME,GL,1874,,Sholes and Glidden 1874,A machine for typing text that reorganised office labour and writing systems.,steel; keys; type bars,Sholes and Glidden; Olivetti Lettera 22; Chinese typewriter (Double Pigeon),record and writing;tools,museum and archaeological typology; makers' own terms where known,,none,Wikimedia Commons; Science Museum Group collection (link out; data CC0); Smithsonian Open Access (CC0),R2,F1.19;F1.23,high,
OBT122,machete,cutlass; panga; bolo,object-type,Things,THEME,AM-CAR;AM-LAT;AF-GUI;AS-ISE,,,Colonial era; industrial production 19th century,"A long knife for clearing growth and cutting cane, made in industrial quantities.",steel; wood,Collins machete; Filipino bolo; panga,tools;war,museum and archaeological typology; makers' own terms where known,,human-flow,Wikimedia Commons,R3,F1.23,medium,Plantation labour context.
OBT123,clay tablet,tablet,object-type,Things,F1.9a,WA-MES;WA-IRN;WA-ANA;WA-LEV,-3300,,Uruk proto-cuneiform c. 3300 BCE,"A tablet of clay impressed with a stylus that carried accounts, letters, laws and literature for three millennia.",clay; reed stylus; firing (sometimes),Uruk proto-cuneiform tablets; Amarna letters; Old Babylonian school tablets,record and writing;exchange and value,museum and archaeological typology; makers' own terms where known,,none,Met Open Access (CC0); Wikimedia Commons; open-access excavation reports,R1,F1.5;F1.28,high,
OBT124,counting token and bulla,token; bulla,object-type,Things,F1.9a,WA-MES;WA-IRN;WA-LEV,-8000,,Tokens from c. 8000 BCE; sealed bullae c. 3500 BCE,"Small clay shapes that counted goods, later sealed in clay envelopes; a proposed route to writing.",clay; impression,Susa bullae; Uruk tokens,record and writing;exchange and value,museum and archaeological typology; makers' own terms where known,,none,Met Open Access (CC0); Wikimedia Commons,R2,F1.5;F1.3,medium,Schmandt-Besserat's token-to-writing thesis is debated.
OBT125,cylinder seal,cylinder seal,object-type,Things,F1.9a,WA-MES;WA-IRN;WA-LEV;WA-ANA,-3500,,Uruk period c. 3500 BCE to Achaemenid times,A carved stone cylinder rolled on clay to mark ownership and authority with a repeatable image.,stone; lapis lazuli; carving; drill,Uruk seals; Akkadian seals; Achaemenid seals,record and writing;rule and display;exchange and value,museum and archaeological typology; makers' own terms where known,,none,Met Open Access (CC0); Wikimedia Commons,R1,F1.14;F1.28,high,
OBT126,stamp seal,Indus seal; Dilmun seal,object-type,Things,F1.9a;F1.9,WA-ANA;WA-MES;AS-SAS;WA-ARB,-6000,,Near Eastern stamp seals c. 6th millennium BCE; Indus seals c. 2600–1900 BCE; Dilmun seals c. 2000 BCE,A carved stamp pressed into clay or sealing to mark goods and authority.,steatite; stone; clay,"Indus unicorn seals; Dilmun seals (Bahrain, Failaka); Halaf stamp seals",record and writing;exchange and value;rule and display,museum and archaeological typology; makers' own terms where known,,none,Met Open Access (CC0); Wikimedia Commons; open-access excavation reports,R1,F1.13;F1.28,high,
OBT127,papyrus scroll,papyrus,object-type,Things,F1.6,AF-EGY,-2560,,Wadi al-Jarf papyri c. 2560 BCE are the oldest inscribed,"A roll of sheets laminated from papyrus pith, the writing support of Egypt and the Mediterranean.",Cyperus papyrus; carbon ink; reed pen,Diary of Merer; Book of the Dead of Hunefer; Oxyrhynchus papyri,record and writing,museum and archaeological typology; makers' own terms where known,,funerary,Met Open Access (CC0); Wikimedia Commons; open-access excavation reports,R1,F1.28,high,
OBT128,palm-leaf manuscript,olai; lontar,object-type,Things,F1.9,AS-SAS;AS-MSE;AS-ISE;AS-HIM,,,Oldest surviving c. 9th–12th century; use far older,Leaves of talipot or palmyra palm incised or inked and strung between boards.,palm leaf; stylus incision; lamp black; boards,Tamil olai; Balinese lontar; Nepalese Buddhist manuscripts,record and writing;ritual and belief,museum and archaeological typology; makers' own terms where known,,sacred,Wikimedia Commons; Library of Congress (PD items); community-published site,R2,F1.28,medium,
OBT129,bark-paper screenfold book,amate codex; huun,object-type,Things,F1.7,AM-MES,,,Pre-Hispanic; surviving codices c. 13th–16th century,"A long strip of bark paper or deer hide coated with lime gesso, painted and folded like a screen.",amate bark paper; deerskin; lime gesso; mineral and organic pigments,Dresden Codex; Codex Borgia; Codex Zouche-Nuttall; Codex Mendoza (colonial),record and writing;ritual and belief,museum and archaeological typology; makers' own terms where known,,sacred,Wikimedia Commons; Wikidata,R1,F1.28;F1.24,high,Most surviving codices are in European collections.
OBT130,bamboo and wooden slips,jiandu,object-type,Things,F1.8,AS-CHN,-400,,"Warring States to Jin, c. 5th century BCE–4th century CE",Strips of bamboo or wood written with brush and ink and bound with cord into rolls.,bamboo; wood; ink; cord,Guodian slips; Shuihudi Qin slips; Juyan Han slips,record and writing,museum and archaeological typology; makers' own terms where known,,funerary,Wikimedia Commons; open-access excavation reports,R2,F1.28;F1.24,high,Many looted slips circulate on the market; check provenance.
OBT131,handscroll,juan; emaki,object-type,Things,F1.8,AS-CHN;AS-JPN;AS-KOR,,,Han onward,"A horizontal scroll unrolled section by section, carrying text and continuous painting.",silk; paper; mounting,Admonitions Scroll; Along the River During the Qingming Festival; Genji Monogatari Emaki,record and writing,museum and archaeological typology; makers' own terms where known,,none,National Palace Museum Taipei Open Data; ColBase (Japan Government Standard Terms); Met Open Access (CC0); Wikimedia Commons,R2,F1.28,high,
OBT132,codex,bound book,object-type,Things,F1.11;F1.10;F1.6,EU-GRR;EU-BYZ;AF-HRN;WA-LEV,100,,Roman codices 1st–2nd century CE; dominant by the 4th century,"Pages bound at one edge, which replaced the scroll in the Mediterranean and Islamic worlds.",parchment; papyrus; paper; sewing; boards,Codex Sinaiticus; Garima Gospels; Blue Qur'an,record and writing;ritual and belief,museum and archaeological typology; makers' own terms where known,,sacred,Wikimedia Commons; Qatar Digital Library (open licence); Walters Art Museum (CC0),R1,F1.28,high,
OBT133,printed book,printed book,object-type,Things,THEME,AS-CHN;AS-KOR;EU-WCE;GL,868,,Diamond Sutra 868 CE is the earliest dated printed book,"A book produced by printing, first from woodblocks in East Asia and later from movable type everywhere.",woodblock; movable type; paper; ink,Diamond Sutra; Jikji; Gutenberg Bible; Nuremberg Chronicle,record and writing,museum and archaeological typology; makers' own terms where known,,none,Library of Congress (PD items); Wikimedia Commons; Europeana (per-item licence); Internet Archive (PD scans),R1,F1.5;F1.14,high,
OBT134,newspaper,gazette,object-type,Things,THEME,GL,1605,,Relation (Strasbourg) 1605 often called the first; Chinese court gazettes (dibao) earlier,A periodical of news printed on cheap paper for a paying public.,newsprint; rotary press; halftone,Relation; Peking Gazette; al-Waqa'i' al-Misriyya,record and writing;rule and display,museum and archaeological typology; makers' own terms where known,,none,Library of Congress (PD items); Wikimedia Commons; Internet Archive (PD scans),R2,F1.21;F1.28,medium,
OBT135,poster,affiche,object-type,Things,THEME,GL,1866,,Colour lithographic posters from the 1860s,"A printed sheet for public walls that carries advertising, politics and events.",lithography; screen print; offset,Chéret posters; Soviet constructivist posters; OSPAAAL posters,record and writing;rule and display;exchange and value,museum and archaeological typology; makers' own terms where known,,none,Library of Congress (PD items); Wikimedia Commons; Europeana (per-item licence),R2,F1.20;F1.19a,high,
OBT136,screen,display,object-type,Things,THEME,GL,1930,,Television screens from the 1930s; LCD and OLED later,"A lit surface displaying changing text and images, now the main surface of reading.",cathode-ray tube; LCD; OLED; glass,television set; computer monitor; phone screen,record and writing;play and music,museum and archaeological typology; makers' own terms where known,,none,Wikimedia Commons,R3,F1.21,medium,
OBT137,smartphone,mobile phone,object-type,Things,THEME,GL,2007,,iPhone (2007) widely taken as the start; earlier smartphones from 1994 (IBM Simon),"A pocket computer and screen whose materials are mined, assembled and discarded across the globe.",lithium; cobalt; rare earths; glass; software,IBM Simon; iPhone; Android phones,record and writing;exchange and value;care and access;play and music,museum and archaeological typology; makers' own terms where known,,none,Wikimedia Commons,R2,F1.21;F1.22;F1.23,high,Cobalt and coltan mining (DRC) and assembly labour belong in F1.22–F1.23; accessibility features belong in care and access.
OBT138,personal computer,microcomputer,object-type,Things,THEME,GL,1965,,Olivetti Programma 101 (1965); microcomputers 1970s,"A general-purpose programmable machine that became a design, writing and play tool.",silicon chips; plastics; screens,Olivetti Programma 101; Apple II; IBM PC; Macintosh,record and writing;tools;play and music,museum and archaeological typology; makers' own terms where known,,none,Wikimedia Commons; Smithsonian Open Access (CC0),R2,F1.21,high,
OBT139,khipu,quipu,object-type,Things,F1.7,AM-AND,600,,Wari khipus c. 600–1000 CE; Inka khipus to the 16th century; kept in some communities into the 20th century,Knotted cords of cotton or camelid fibre recording numbers and possibly narrative.,cotton; camelid fibre; knotting; dyes,Inka khipus; Wari khipus; Rapaz patrimonial khipus,record and writing;rule and display,museum and archaeological typology; makers' own terms where known,,Indigenous-community;living-community,Wikimedia Commons; Met Open Access (CC0),R1,F1.5;F1.28;F1.29,high,Whether khipu encode language is debated.
OBT140,tally stick,tally; split tally,object-type,Things,THEME,EU-BLC;AF-SOU;AF-CEN;GL,-42000,,"Lebombo bone c. 44,000–43,000 BP (interpretation contested); English Exchequer tallies to 1826","A notched stick or bone recording a count or debt, split so each party holds half.",hazel; bone; notching,Lebombo bone; Ishango bone; English Exchequer tallies,record and writing;exchange and value,museum and archaeological typology; makers' own terms where known,,none,Wikimedia Commons; open-access excavation reports,R2,F1.5,medium,
OBT141,stick chart,mattang; meddo; rebbelib,object-type,Things,F1.12,OC-MIC,,,Documented from the late 19th century; practice older,"A frame of sticks and shells modelling ocean swells around atolls, memorised before a voyage.",coconut midrib; pandanus; shells; lashing,mattang; meddo; rebbelib,record and writing;transport,museum and archaeological typology; makers' own terms where known,,Indigenous-community,Wikimedia Commons; Smithsonian Open Access (CC0); community-published site,R1,F1.29,high,"Marshall Islands; teaching and memory tools, not carried at sea."
OBT142,map,chart,object-type,Things,THEME,GL,-1500,,Nippur city plan on a clay tablet c. 1500–1300 BCE; Babylonian Map of the World c. 600 BCE; Mawangdui maps 168 BCE; older candidates contested,"A drawn model of territory, route or cosmos that serves travel, rule and belief.",clay; silk; paper; print,Babylonian Map of the World; Mawangdui maps; Tabula Rogeriana; Kangnido,record and writing;rule and display;transport,museum and archaeological typology; makers' own terms where known,,none,Library of Congress (PD items); Wikimedia Commons; Qatar Digital Library (open licence); Europeana (per-item licence),R1,F1.13;F1.3,high,
OBT143,portolan chart,portolan,object-type,Things,F1.11;F1.10,EU-IBE;EU-GRR;AF-MAG,1275,,Carta Pisana c. 1275,A sea chart on vellum laid out with rhumb lines and names of coastal places.,vellum; ink; rhumb lines,Carta Pisana; Catalan Atlas; Piri Reis map,record and writing;transport,museum and archaeological typology; makers' own terms where known,,none,Wikimedia Commons; Library of Congress (PD items); Europeana (per-item licence),R2,F1.13,high,
OBT144,astrolabe,asturlab,object-type,Things,F1.10;F1.11,WA-IRN;WA-MES;EU-IBE;AF-MAG,927,,"Oldest surviving by Nastulus, 927–8 CE; Greek theory earlier","A brass model of the sky for telling time, finding prayer direction and surveying.",brass; engraving; plates,Nastulus astrolabe; Toledo astrolabes; Safavid astrolabes; mariner's astrolabe,tools;record and writing;ritual and belief,museum and archaeological typology; makers' own terms where known,,none,Wikimedia Commons; Met Open Access (CC0); Science Museum Group collection (link out; data CC0),R1,F1.13,high,
OBT145,sundial,shadow clock; gnomon,object-type,Things,THEME,AF-EGY;EU-GRR;AS-KOR;AS-SAS,-1500,,Egyptian shadow clocks c. 1500 BCE,A device reading time from a shadow.,stone; bronze,Egyptian shadow clock; Korean angbu ilgu; Jantar Mantar Samrat Yantra,record and writing;tools,museum and archaeological typology; makers' own terms where known,,none,Wikimedia Commons; e-museum Korea (KOGL Type 1),R2,F1.30,medium,
OBT146,clock,mechanical clock,object-type,Things,THEME,AS-CHN;EU-WCE;GL,1088,,Su Song's astronomical clock tower 1088; European weight-driven clocks c. 1300,A machine that divides time mechanically.,escapement; gears; weights; springs,Su Song clock tower; Salisbury Cathedral clock; Japanese wadokei,record and writing;tools,museum and archaeological typology; makers' own terms where known,,none,Wikimedia Commons; Science Museum Group collection (link out; data CC0),R2,F1.30;F1.19,high,
OBT147,inscribed stela,stele,object-type,Things,THEME,GL,,,Varies,A standing stone carrying text and image made to last in public.,stone carving,Code of Hammurabi; Maya stelae; Xi'an Stele; Rosetta Stone,record and writing;rule and display,museum and archaeological typology; makers' own terms where known,,none,Wikimedia Commons; Met Open Access (CC0),R2,F1.28,high,
OBT148,oracle bone,jiaguwen,object-type,Things,F1.8,AS-CHN,-1250,,Late Shang c. 1250–1046 BCE,Ox scapulae and turtle plastrons heated to crack for divination and inscribed with the questions.,bone; turtle shell; heat; incision,Anyang oracle bones,record and writing;ritual and belief,museum and archaeological typology; makers' own terms where known,,sacred,Wikimedia Commons,R2,F1.5,high,
OBT149,lukasa,memory board,object-type,Things,F1.6,AF-CEN,,,Collected 19th–20th century; practice older,A hand-held board studded with beads and shells used by Luba Mbudye experts to recall history.,wood; beads; shells,Luba lukasa,record and writing;ritual and belief;rule and display,museum and archaeological typology; makers' own terms where known,,sacred,Met Open Access (CC0); British Museum collection online (link out); Wikimedia Commons,R2,F1.29;F1.28,high,
OBT150,winter count,waniyetu wowapi,object-type,Things,F1.7,AM-WST,,,Documented 18th–20th century,A hide or cloth painted year by year with one pictograph per winter.,bison hide; muslin; paint,Lone Dog winter count; Battiste Good winter count,record and writing,museum and archaeological typology; makers' own terms where known,,Indigenous-community,Smithsonian Open Access (CC0); Library of Congress (PD items); Wikimedia Commons,R2,F1.29;F1.30,high,
OBT151,rongorongo tablet,kohau rongorongo,object-type,Things,F1.12,OC-POL,,,One tablet (Échancrée) is on wood felled c. 1493–1509 CE (Ferrara et al. 2024); other dated tablets are on 18th–19th-century wood,"Wooden tablets from Rapa Nui carved with glyphs, undeciphered.",toromiro and other woods; shark tooth or obsidian carving,Mamari tablet; Santiago staff,record and writing,museum and archaeological typology; makers' own terms where known,,Indigenous-community;ancestral,Wikimedia Commons,R2,F1.5;F1.3,medium,Whether rongorongo was invented before European contact is debated.
OBT152,birch-bark scroll,wiigwaasabakoon,object-type,Things,F1.7,AM-EWD,,,Documented over centuries,"Birch bark incised with pictographs recording ceremony, migration and song.",birch bark; incision,Anishinaabe Midewiwin scrolls,record and writing;ritual and belief,museum and archaeological typology; makers' own terms where known,,sacred;Indigenous-community,community-published site,R3,F1.29,high,Sacred; exclude from display by default.
OBT153,brush and inkstone,four treasures of the study; wenfang sibao,object-type,Things,F1.8,AS-CHN;AS-KOR;AS-JPN,,,Brush writing evident by the Warring States,"The brush, ink stick, inkstone and paper that make East Asian calligraphy.",animal hair; pine soot; stone; paper,Duan inkstones; Huizhou ink sticks; Xuan paper,record and writing;tools,museum and archaeological typology; makers' own terms where known,,none,National Palace Museum Taipei Open Data; ColBase (Japan Government Standard Terms); e-museum Korea (KOGL Type 1); Met Open Access (CC0); Wikimedia Commons,R2,F1.28,high,
OBT154,reed pen and pen box,qalam; qalamdan; divit,object-type,Things,F1.10,WA-IRN;WA-ANA;AF-EGY;WA-MES,,,Reed pen ancient; Islamic calligraphers' toolkit medieval onward,"The cut reed pen, ink pot and pen box of Arabic, Persian and Ottoman calligraphy.",reed; iron-gall and carbon ink; brass; papier-mâché,qalamdan; Mamluk inkwell; Ottoman divit,record and writing;tools,museum and archaeological typology; makers' own terms where known,,none,Met Open Access (CC0); Cleveland Museum of Art Open Access (CC0); Wikimedia Commons,R2,F1.28,high,
OBT155,abacus,suanpan; soroban; counting board,object-type,Things,THEME,AS-CHN;AS-JPN;EU-GRR,,,Counting boards ancient; suanpan by the Ming,A frame or board with beads or counters for calculation.,wood; beads,Salamis tablet; suanpan; soroban,record and writing;exchange and value;tools,museum and archaeological typology; makers' own terms where known,,none,Wikimedia Commons,R3,F1.19,medium,
OBT156,globe,terrestrial globe; celestial globe,object-type,Things,THEME,EU-WCE;WA-IRN,1492,,Behaim's Erdapfel 1492 (oldest surviving terrestrial globe); Islamic celestial globes earlier,A spherical model of the earth or heavens.,papier-mâché; printed gores; cast brass,Behaim Erdapfel; Islamic celestial globes,record and writing;transport,museum and archaeological typology; makers' own terms where known,,none,Wikimedia Commons; Science Museum Group collection (link out; data CC0),R3,F1.13,medium,
OBT157,coin,coinage,object-type,Things,THEME,WA-ANA;AS-CHN;AS-SAS;GL,-630,,Lydian electrum c. 630–600 BCE; Chinese and Indian coinages c. 6th–5th century BCE,A standardised piece of metal struck or cast with the mark of an issuer.,electrum; silver; bronze casting; die striking,Lydian electrum; Athenian owl; Chinese ban liang; Umayyad dinar; Aksumite gold,exchange and value;rule and display,museum and archaeological typology; makers' own terms where known,,none,Met Open Access (CC0); Cleveland Museum of Art Open Access (CC0); Wikimedia Commons,R1,F1.5;F1.14,high,
OBT158,cowrie shell money,cowries,object-type,Things,F1.13,AF-MAD;AF-GUI;AF-SAH;AS-CHN;AS-SAS,,,Cowries used in Shang China and South Asia; Maldivian cowries in West Africa by the 14th century,"Maldivian shells used as small currency from China to West Africa, shipped in bulk in the Atlantic trade.",Monetaria moneta shells; stringing,Maldivian cowries; Yoruba cowrie strings,exchange and value;clothing and adornment;ritual and belief,museum and archaeological typology; makers' own terms where known,,human-flow,Wikimedia Commons; British Museum collection online (link out),R2,F1.13,high,Maldives filed under AF-MAD (Indian Ocean islands).
OBT159,manilla,manila,object-type,Things,F1.13,AF-GUI;EU-WCE;EU-IBE,1500,,Portuguese trade 15th–16th century; legal tender in Nigeria until 1949,A horseshoe-shaped brass or copper ring made in Europe as currency for West African trade.,brass; copper; casting,Birmingham manillas; Portuguese manillas,exchange and value;clothing and adornment,museum and archaeological typology; makers' own terms where known,,human-flow,Wikimedia Commons; British Museum collection online (link out),R2,F1.13;F1.23,high,Tied to the Atlantic slave trade; Benin brass-casting used manilla metal.
OBT160,Katanga cross,handa; croisette,object-type,Things,F1.6,AF-CEN;AF-SOU,1000,,"c. 10th century onward (Upemba depression, Sanga)",A cast copper ingot in X-shape used as currency and grave good in the Copperbelt.,copper; open-mould casting,Katanga crosses,exchange and value;ritual and belief,museum and archaeological typology; makers' own terms where known,,funerary,Wikimedia Commons,R3,F1.22,medium,
OBT161,tabu shell money,tabu; tambu; diwara,object-type,Things,F1.12,OC-MEL,,,Pre-contact; still used alongside the kina,"Strings of small Nassa shells counted in fathoms, used by the Tolai of New Britain for exchange and mortuary rites.",Nassa shells; cane; stringing,Tolai tabu coils (loloi),exchange and value;ritual and belief,museum and archaeological typology; makers' own terms where known,,living-community;Indigenous-community,Wikimedia Commons; Auckland Museum Collections Online (per-item),R3,F1.29,high,
OBT162,Rai stone,fei; stone money,object-type,Things,F1.12,OC-MIC,,,Quarried on Palau and carried to Yap; many large stones 19th century,Large carved limestone discs whose ownership passes by agreement without the stone moving.,aragonite limestone; quarrying; canoe transport,Yap stone money,exchange and value,museum and archaeological typology; makers' own terms where known,,living-community;Indigenous-community,Wikimedia Commons,R2,F1.3,high,
OBT163,wampum,wampum belt,object-type,Things,F1.7,AM-EWD,,,Shell beads pre-contact; belts documented from the 17th century,Beads drilled from quahog and whelk shell woven into belts that record agreements; colonists also used beads as currency.,quahog shell; whelk shell; drilling; weaving,Two Row Wampum; Hiawatha Belt,exchange and value;record and writing;rule and display,museum and archaeological typology; makers' own terms where known,,sacred;Indigenous-community,Smithsonian NMAI (link out; consult community); community-published site,R2,F1.29;F1.24,high,"Haudenosaunee position: belts are records and agreements, not money; follow community guidance."
OBT164,goldweight,mrammuo; abrammuo,object-type,Things,F1.6,AF-GUI,1400,,c. 15th–19th century,Small cast brass figures and geometric weights used to weigh gold dust against a standard.,brass; lost-wax casting,Akan goldweights; proverb weights,exchange and value;record and writing,museum and archaeological typology; makers' own terms where known,,none,Met Open Access (CC0); British Museum collection online (link out); Wikimedia Commons,R1,F1.13;F1.29,high,
OBT165,Indus weights,chert cubes,object-type,Things,F1.9,AS-SAS,-2600,,Mature Harappan c. 2600–1900 BCE,Cubical chert weights following a binary then decimal ratio used across the Indus cities.,chert; grinding,Harappan weights; Mohenjo-daro weights,exchange and value;record and writing,museum and archaeological typology; makers' own terms where known,,none,Wikimedia Commons; Met Open Access (CC0),R2,F1.5,high,
OBT166,balance scale,scales; steelyard,object-type,Things,THEME,GL,-3000,,Egyptian and Mesopotamian balances by the 3rd millennium BCE; start approximate,"A beam balance for weighing goods and gold and, in Egyptian imagery, the heart.",bronze; wood; weights,Egyptian balance; Akan gold scales; Roman steelyard,exchange and value;tools;ritual and belief,museum and archaeological typology; makers' own terms where known,,none,Met Open Access (CC0); Wikimedia Commons,R3,F1.13,medium,
OBT167,cloth money,textile currency,object-type,Things,THEME,AF-CEN;AS-CHN;EU-SCA;AF-SAH,,,Many periods,Woven cloth used as a store and measure of value.,raffia; silk; wool; cotton strips,Kuba raffia squares; Chinese silk bolts; Icelandic vaðmál; Sahelian cotton strips,exchange and value;clothing and adornment,museum and archaeological typology; makers' own terms where known,,none,Met Open Access (CC0); Wikimedia Commons,R2,F1.18;F1.13,high,
OBT168,paper money,banknote; jiaozi,object-type,Things,F1.8;THEME,AS-CHN;EU-SCA;GL,1024,,Official jiaozi 1024; Stockholms Banco notes 1661,"Printed notes promising value, first issued by the Song state.",paper; woodblock; copper plate; security printing,jiaozi; Da Ming Tongxing Baochao; Stockholms Banco notes,exchange and value;record and writing;rule and display,museum and archaeological typology; makers' own terms where known,,none,Met Open Access (CC0); Wikimedia Commons,R2,F1.14,high,Counterfeiting is an F1.14 thread.
OBT169,knife and spade money,daobi; bubi,object-type,Things,F1.8,AS-CHN,-600,,"Zhou, c. 7th–3rd century BCE",Bronze currency cast in the shape of tools.,bronze casting,Qi knife money; spade money,exchange and value,museum and archaeological typology; makers' own terms where known,,none,Met Open Access (CC0); Wikimedia Commons,R3,F1.5,high,
OBT170,salt bar,amole,object-type,Things,F1.6,AF-HRN;AF-SAH,,,Documented from the medieval period; used into the 20th century,Carved bars of rock salt used as currency in Ethiopia and the Sahara.,rock salt,Afar amole; Taoudenni salt slabs,exchange and value;food and storage,museum and archaeological typology; makers' own terms where known,,living-community,Wikimedia Commons,R3,F1.22,medium,
OBT171,feather money,tevau,object-type,Things,F1.12,OC-MEL,,,Documented 19th–20th century,"Coils of red honeyeater feathers glued to fibre, used as bridewealth in Santa Cruz (Solomon Islands).",scarlet honeyeater feathers; fibre,Santa Cruz tevau,exchange and value;ritual and belief,museum and archaeological typology; makers' own terms where known,,Indigenous-community,Wikimedia Commons; Auckland Museum Collections Online (per-item),R3,F1.29,medium,
OBT172,kula valuable,mwali; soulava; bagi,object-type,Things,F1.12,OC-MEL,,,Kula described by Malinowski 1922; older,Shell armshells and necklaces passed around the Massim islands in ceremonial exchange.,Conus shell; Spondylus shell; decoration,mwali armshells; soulava necklaces,exchange and value;ritual and belief;clothing and adornment,museum and archaeological typology; makers' own terms where known,,living-community;Indigenous-community,Wikimedia Commons,R2,F1.3;F1.13,high,
OBT173,copper,tináa; tl'aqwa,object-type,Things,F1.7,AM-NWC,,,Native copper pre-contact; sheet-copper coppers 19th century,A shield-shaped copper plaque whose value rose with each transfer at a potlatch.,copper sheet; engraving; paint,Kwakwakaʼwakw coppers; Haida coppers,exchange and value;rule and display,museum and archaeological typology; makers' own terms where known,,sacred;Indigenous-community,community-published site; Wikimedia Commons,R3,F1.24;F1.29,high,Confiscations under the Canadian potlatch ban (1884–1951).
OBT174,oxhide ingot,ingot,object-type,Things,F1.13,EU-GRR;WA-LEV,-1600,,Late Bronze Age c. 16th–11th century BCE,"A standardised copper ingot shaped like a stretched hide, traded across the Mediterranean from Cyprus.",copper; casting,Uluburun ingots; Cape Gelidonya ingots,exchange and value;transport,museum and archaeological typology; makers' own terms where known,,none,Wikimedia Commons,R3,F1.13;F1.22,high,
OBT175,Maria Theresa thaler,MTT,object-type,Things,F1.13,AF-HRN;WA-ARB;EU-WCE,1741,,First issued 1741; frozen 1780 date restruck to the present,"A silver coin minted in Austria that became a currency of the Red Sea, Arabia and East Africa for two centuries.",silver; die striking,Maria Theresa thaler (1780-dated restrikes),exchange and value;clothing and adornment,museum and archaeological typology; makers' own terms where known,,none,Wikimedia Commons,R3,F1.13;F1.14,high,
OBT176,Kissi penny,kilindi,object-type,Things,F1.6,AF-GUI,,,19th–20th century,"Twisted iron rods used as currency and grave offerings in Sierra Leone, Liberia and Guinea.",iron; forging,Kissi pennies,exchange and value;ritual and belief,museum and archaeological typology; makers' own terms where known,,funerary,Wikimedia Commons,R3,F1.22,medium,
OBT177,fine mat,ʻie tōga,object-type,Things,F1.12,OC-POL,,,Pre-contact; living,Finely plaited pandanus mats that are the highest-value gifts at Samoan ceremonies.,pandanus; fine plaiting,ʻie tōga,exchange and value;ritual and belief,museum and archaeological typology; makers' own terms where known,,living-community;Indigenous-community,Te Papa Collections Online (per-item; link out where restricted); Wikimedia Commons,R2,F1.18,high,
OBT178,payment card,credit card,object-type,Things,THEME,GL,1950,,Diners Club 1950; magnetic stripe 1960s,A plastic card that turned credit into an object carried in the pocket.,PVC; magnetic stripe; chip,Diners Club card; BankAmericard,exchange and value,museum and archaeological typology; makers' own terms where known,,none,Wikimedia Commons,R3,F1.21,high,
OBT179,prayer beads,misbaha; subha; mala; rosary; juzu,object-type,Things,THEME,GL,,,Hindu and Buddhist malas old; Islamic subha by the early Islamic centuries; rosary medieval,Strings of counted beads for prayer and recitation.,seeds; wood; glass; amber; stone,misbaha; japa mala; rosary; juzu,ritual and belief;clothing and adornment,museum and archaeological typology; makers' own terms where known,,sacred,Met Open Access (CC0); Wikimedia Commons,R2,F1.16,high,
OBT180,reliquary,relic casket; stupa reliquary,object-type,Things,THEME,EU-WCE;EU-BYZ;AS-SAS;AS-CHN,,,Buddhist relic deposits from c. 3rd century BCE; Christian reliquaries from the 4th century,A container made to hold and honour relics.,gold; silver; rock crystal; enamel,Bimaran casket; Sainte-Foy (Conques); Famen Temple reliquaries,ritual and belief,museum and archaeological typology; makers' own terms where known,,sacred,Met Open Access (CC0); Cleveland Museum of Art Open Access (CC0); Wikimedia Commons; Europeana (per-item licence),R2,F1.16,high,
OBT181,mask,mask,object-type,Things,THEME,GL,-7000,,Nahal Hemar stone masks c. 7000 BCE,"A face covering that transforms the wearer or represents a being in performance, ritual or burial.",wood; fibre; metal; paper; gold,Dan masks; Noh masks; Yup'ik masks; Tutankhamun's mask; Chokwe mwana pwo,ritual and belief;play and music,museum and archaeological typology; makers' own terms where known,,sacred;Indigenous-community;funerary,Met Open Access (CC0); Cleveland Museum of Art Open Access (CC0); Wikimedia Commons,R2,F1.16;F1.24;F1.4,high,Many masks are sacred; display only where the community publishes.
OBT182,incense burner,mabkhara; censer; thurible; boshanlu,object-type,Things,THEME,WA-ARB;AS-CHN;EU-BYZ;GL,,,South Arabian burners 1st millennium BCE; Han boshanlu,"A vessel for burning resin or wood to scent spaces, bodies and prayers.",clay; bronze; brass; frankincense; oud,South Arabian cuboid burners; Han boshanlu; Emirati mabkhara; Byzantine censer,ritual and belief;care and access,museum and archaeological typology; makers' own terms where known,,none,Met Open Access (CC0); Wikimedia Commons,R2,F1.13,high,
OBT183,Qur'an stand,rahla; rahle,object-type,Things,F1.10,WA-IRN;WA-ANA;AS-SAS,1300,,Surviving from the 14th century,A folding X-shaped stand cut from one board to hold the Qur'an.,walnut; carving; lacquer; inlay,Ilkhanid rahla (Met); Ottoman rahle,ritual and belief,museum and archaeological typology; makers' own terms where known,,sacred,Met Open Access (CC0); Wikimedia Commons,R3,F1.16,high,
OBT184,prayer rug,sajjada; namazlık,object-type,Things,F1.10,WA-ANA;WA-IRN;AS-CEN;AS-SAS,,,Surviving from the 15th–16th century,A small carpet with a niche design laid toward Mecca for prayer.,wool; silk; knotting,Ottoman prayer rugs; Mughal prayer rug,ritual and belief;shelter,museum and archaeological typology; makers' own terms where known,,sacred,Met Open Access (CC0); Wikimedia Commons,R3,F1.16,high,
OBT185,thangka,thangka,object-type,Things,F1.8;F1.9,AS-HIM,1000,,c. 11th century onward,A painted or appliqué scroll used in Buddhist meditation and teaching.,cotton; mineral pigments; silk mounts,Regong thangka; Tibetan appliqué thangka,ritual and belief,museum and archaeological typology; makers' own terms where known,,sacred;living-community,Met Open Access (CC0); Wikimedia Commons; community-published site,R2,F1.16,high,
OBT186,prayer wheel,mani khorlo,object-type,Things,F1.9;F1.8,AS-HIM,,,Medieval origin uncertain,"A cylinder filled with printed mantras, turned by hand, water or wind.",copper; printed paper; wood,hand prayer wheel; water prayer wheel,ritual and belief,museum and archaeological typology; makers' own terms where known,,sacred;living-community,Wikimedia Commons,R3,F1.16,medium,
OBT187,icon,eikon,object-type,Things,F1.11;F1.6,EU-BYZ;AF-HRN;EU-EER,550,,Sinai encaustic icons 6th century,A painted image of holy persons venerated in Orthodox and Ethiopian churches.,tempera; encaustic; wood panel; gold leaf,Sinai Christ Pantocrator; Rublev's Trinity; Ethiopian diptychs,ritual and belief,museum and archaeological typology; makers' own terms where known,,sacred,Wikimedia Commons; Met Open Access (CC0),R2,F1.16,high,
OBT188,ex-voto,votive offering; milagro; tama,object-type,Things,THEME,EU-GRR;AM-LAT;EU-WCE,,,Ancient,"An object offered in fulfilment of a vow, often shaped as a healed body part.",terracotta; tin; wax; paint,Etruscan anatomical votives; Mexican retablo ex-votos; milagros,ritual and belief;care and access,museum and archaeological typology; makers' own terms where known,,none,Met Open Access (CC0); Wikimedia Commons,R2,F1.16;F1.29,high,
OBT189,amulet,talisman; hirz; ta'wiz,object-type,Things,THEME,GL,,,Ancient,A small object worn for protection or luck.,faience; silver; stone; paper,wedjat eye; hamsa; ta'wiz; Thai phra khruang,ritual and belief;clothing and adornment;care and access,museum and archaeological typology; makers' own terms where known,,sacred,Met Open Access (CC0); Wikimedia Commons,R2,F1.16,high,
OBT190,talismanic shirt,jama; tılsımlı gömlek,object-type,Things,F1.10;F1.6,WA-ANA;AS-SAS;AF-SAH;AF-GUI,1500,,Ottoman and Mughal c. 15th–17th century; West African versions later,A shirt inscribed with Qur'anic verses and magic squares worn for protection in battle or illness.,cotton; ink; gilding; leather amulets,Ottoman talismanic shirts; Asante batakari kese,ritual and belief;war;clothing and adornment,museum and archaeological typology; makers' own terms where known,,sacred,Met Open Access (CC0); Wikimedia Commons,R2,F1.16,high,
OBT191,power figure,nkisi; nkondi,object-type,Things,F1.6,AF-CEN,,,Collected 19th–early 20th century,"A carved figure activated by a ritual specialist (nganga) with substances, nails and blades to heal, protect and seal oaths.",wood; iron nails; medicine packs; mirrors,Kongo nkisi nkondi; Songye nkisi,ritual and belief;care and access,museum and archaeological typology; makers' own terms where known,,sacred,Met Open Access (CC0); British Museum collection online (link out); Wikimedia Commons,R2,F1.24;F1.16,high,Many taken under colonial violence; restitution case.
OBT192,tjurunga,churinga,object-type,Things,F1.12,OC-AUS,,,Ancient,"Sacred objects of Arrernte and other Central Australian peoples, restricted by law and custom.",stone; wood; incision,,ritual and belief,museum and archaeological typology; makers' own terms where known,,sacred;Indigenous-community,community-published site,R3,F1.24,high,Exclude all images; many have been repatriated. Card should explain restriction only.
OBT193,ancestor board,gope; kwoi; hohao,object-type,Things,F1.12,OC-MEL,,,Collected 19th–20th century,Carved boards of the Papuan Gulf that hold ancestral or protective spirits.,wood; pigment,Papuan Gulf gope boards,ritual and belief,museum and archaeological typology; makers' own terms where known,,sacred;ancestral,Met Open Access (CC0); Wikimedia Commons,R3,F1.24,medium,
OBT194,jade cong and bi,cong; bi,object-type,Things,F1.8,AS-CHN,-3300,,Liangzhu c. 3300–2300 BCE,"Worked jade tubes and discs placed in burials, their meaning still debated.",nephrite; abrasive sawing and drilling,Liangzhu cong; Liangzhu bi,ritual and belief;rule and display,museum and archaeological typology; makers' own terms where known,,funerary,Met Open Access (CC0); National Palace Museum Taipei Open Data; Wikimedia Commons,R2,F1.3,high,
OBT195,bronze bell,bianzhong; dōtaku; beomjong,object-type,Things,THEME,AS-CHN;AS-JPN;AS-KOR;EU-WCE,-1200,,Shang bells; Zeng bell set 433 BCE; Yayoi dōtaku,"A cast bell whose sound calls, marks time or honours.",bronze casting; tuning,Marquis Yi of Zeng bianzhong; Yayoi dōtaku; Divine Bell of King Seongdeok,ritual and belief;play and music;rule and display,museum and archaeological typology; makers' own terms where known,,none,Met Open Access (CC0); e-museum Korea (KOGL Type 1); ColBase (Japan Government Standard Terms); Wikimedia Commons,R2,F1.4,high,
OBT196,coffin,sarcophagus; coffin,object-type,Things,THEME,GL,,,Ancient,A container for the dead made to protect and present them.,wood; stone; cartonnage; paint,Egyptian anthropoid coffins; Roman sarcophagi; Ghanaian figurative coffins (abebuu adekai),ritual and belief,museum and archaeological typology; makers' own terms where known,,funerary,Met Open Access (CC0); Wikimedia Commons,R2,F1.16,high,Human remains excluded from display.
OBT197,shabti,ushabti,object-type,Things,F1.6,AF-EGY;AF-NUB,-2000,,Middle Kingdom onward,A small figure placed in the tomb to work for the dead in the afterlife.,faience; wood; stone,Seti I shabtis; Taharqa's shabtis (Nuri),ritual and belief,museum and archaeological typology; makers' own terms where known,,funerary,Met Open Access (CC0); Wikimedia Commons,R3,F1.23,high,Labour imagined for the dead: an F1.23 hook.
OBT198,divination tray,opon Ifá; tablero de Ifá,object-type,Things,F1.6;F1.7,AF-GUI;AM-CAR;AM-LAT,,,Collected from the 17th century; Ifá far older,A carved tray on which Ifá priests mark signs in powder to consult the oracle.,wood; carving; iyerosun powder,Yoruba opon Ifá; Cuban tablero de Ifá,ritual and belief,museum and archaeological typology; makers' own terms where known,,sacred;living-community,Met Open Access (CC0); Wikimedia Commons,R3,F1.16;F1.13,high,UNESCO lists the Ifá divination system (2008).
OBT199,ceremonial pipe,calumet; chanunpa,object-type,Things,F1.7,AM-WST;AM-EWD,,,Pre-contact,A pipe of pipestone with a long stem used in prayer and treaty-making.,catlinite; wood; quills,Lakota chanunpa; Hopewell platform pipes,ritual and belief;rule and display,museum and archaeological typology; makers' own terms where known,,sacred;Indigenous-community,community-published site,R3,F1.24,high,Sacred; exclude from display.
OBT200,katsina figure,tihu; kachina doll,object-type,Things,F1.7,AM-WST,,,Documented 19th century; practice older,Carved cottonwood figures given to Hopi children to teach about katsinam.,cottonwood root; paint,Hopi tihu,ritual and belief;play and music,museum and archaeological typology; makers' own terms where known,,sacred;Indigenous-community,community-published site,R3,F1.2;F1.24,high,Hopi ask that katsinam not be shown; commercial copies are an F1.2 case.
OBT201,processional bronze image,utsava murti,object-type,Things,F1.9,AS-SAS,900,,Chola c. 9th–13th century,A lost-wax cast deity image carried in temple processions.,copper alloy; lost-wax casting,Chola Nataraja; Somaskanda,ritual and belief,museum and archaeological typology; makers' own terms where known,,sacred;conflict-looting,Met Open Access (CC0); Cleveland Museum of Art Open Access (CC0); Wikimedia Commons,R1,F1.24;F1.16,high,Many looted; recent repatriations (e.g. the Subhash Kapoor cases).
OBT202,Hanukkah lamp,hanukkiah,object-type,Things,F1.10;F1.11,AF-MAG;EU-WCE;GL,,,Surviving from the medieval period,An eight-branched lamp lit over the festival of Hanukkah.,brass; silver; clay,North African brass hanukkiot; European silver hanukkiot,ritual and belief,museum and archaeological typology; makers' own terms where known,,sacred,Met Open Access (CC0); Wikimedia Commons,R3,F1.16,medium,
OBT203,cross-stone,khachkar,object-type,Things,F1.9a;F1.11,WA-CAU,800,,9th century onward,A carved stone stele with a cross and interlace set up for prayer and memory.,tuff; carving,Goshavank khachkar; Noratus cemetery khachkars,ritual and belief,museum and archaeological typology; makers' own terms where known,,sacred;living-community,UNESCO ICH lists (link out; per-item photo licence); Wikimedia Commons,R2,F1.16,high,
OBT204,crown,diadem; adé,object-type,Things,THEME,GL,,,Ancient,A head ornament made to show sovereignty.,gold; gems; beads; feathers,Silla gold crowns; Yoruba beaded crown (adé); Holy Crown of Hungary,rule and display;clothing and adornment,museum and archaeological typology; makers' own terms where known,,sacred;funerary,e-museum Korea (KOGL Type 1); Met Open Access (CC0); Wikimedia Commons,R2,F1.17,high,Yoruba beaded crowns are sacred.
OBT205,staff of office,linguist staff; okyeame poma; sceptre,object-type,Things,THEME,AF-GUI;GL,,,Varies,"A staff carried to show delegated authority, often topped with an image of a proverb.",wood; gold leaf; silver,Akan okyeame poma; Egyptian was-sceptre; parliamentary mace,rule and display,museum and archaeological typology; makers' own terms where known,,none,Met Open Access (CC0); Wikimedia Commons,R2,F1.17;F1.29,high,
OBT206,state umbrella,chattra; royal parasol,object-type,Things,THEME,AS-SAS;AS-MSE;AF-GUI,,,Ancient,An umbrella held over a ruler or sacred image as a sign of rank.,textile; wood; gold,Asante state umbrellas; Thai nine-tiered umbrella,rule and display,museum and archaeological typology; makers' own terms where known,,none,Wikimedia Commons,R3,F1.17,medium,
OBT207,seal of state,imperial seal; eobo,object-type,Things,THEME,AS-CHN;AS-KOR;GL,,,Varies,A seal whose impression makes a document an act of state.,jade; gold; silver,Heirloom Seal of the Realm (lost); Korean royal seals (eobo); Great Seal of the Realm,rule and display;record and writing,museum and archaeological typology; makers' own terms where known,,none,e-museum Korea (KOGL Type 1); National Palace Museum Taipei Open Data; Wikimedia Commons,R2,F1.17,high,
OBT208,flag,flag,object-type,Things,THEME,GL,,,Ancient standards; national flags 18th–20th century,"A cloth carrying the colours of a group, state or cause.",textile; dye; appliqué,Fante asafo flags; Japanese hinomaru; national flags,rule and display;war,museum and archaeological typology; makers' own terms where known,,none,Wikimedia Commons; Library of Congress (PD items),R2,F1.20,high,
OBT209,banner,standard; ʿalam; drapo,object-type,Things,THEME,GL,,,Ancient,A shaped standard carried in procession and battle.,textile; metal finial; sequins,Shiʿi ʿalam; Chinese battle banners; Haitian Vodou drapo,rule and display;ritual and belief,museum and archaeological typology; makers' own terms where known,,sacred,Wikimedia Commons; Met Open Access (CC0),R3,F1.16,medium,
OBT210,heraldic sign,coat of arms; mon; tamga,object-type,Things,THEME,EU-WCE;AS-JPN;AS-CEN,1130,,European heraldry c. 1130s–1150s; Japanese mon; steppe tamga older,A system of signs identifying lineages and holders of office.,paint; embroidery; enamel,Japanese kamon; European coats of arms; Kazakh tamga,rule and display;record and writing,museum and archaeological typology; makers' own terms where known,,none,Wikimedia Commons; ColBase (Japan Government Standard Terms),R2,F1.21,medium,
OBT211,logo,trademark; brand mark,object-type,Things,THEME,GL,1876,,"Bass red triangle, first UK registered trademark 1876; earlier makers' marks","A mark identifying a maker or company, descended from makers' marks and seals.",print; digital,Bass red triangle; Coca-Cola script; Nike swoosh,rule and display;exchange and value,museum and archaeological typology; makers' own terms where known,,none,Wikimedia Commons,R2,F1.21;F1.14,high,
OBT212,brass plaque,Benin plaques; Benin Bronzes,object-type,Things,F1.6,AF-GUI,1500,,c. 16th–17th century,Cast brass plaques depicting the court of Benin that clad palace pillars.,leaded brass; lost-wax casting,Benin plaques; commemorative heads,rule and display;record and writing,museum and archaeological typology; makers' own terms where known,,conflict-looting;sacred,Wikimedia Commons; British Museum collection online (link out),R1,F1.24,high,Looted 1897; restitution ongoing; Digital Benin for records.
OBT213,carved door,palace door,object-type,Things,F1.6,AF-GUI;AF-SWA,,,19th–20th century,"Doors carved in relief for palaces and houses, showing court life and encounters.",wood; relief carving; brass studs,Olowe of Ise doors; Zanzibar carved doors,rule and display;shelter,museum and archaeological typology; makers' own terms where known,,none,Wikimedia Commons; British Museum collection online (link out),R2,F1.26,high,Olowe of Ise is a named maker (F1.26).
OBT214,obelisk and stele,obelisk; hawelt,object-type,Things,THEME,AF-EGY;AF-HRN,-2400,,Old Kingdom obelisks; Aksum stelae c. 3rd–4th century CE,A tall monolith raised as royal or funerary monument.,granite; basalt; quarrying,Aksum stelae; Lateran obelisk,rule and display;ritual and belief,museum and archaeological typology; makers' own terms where known,,funerary,Wikimedia Commons,R3,F1.24,high,The Aksum stele taken to Rome in 1937 was returned in 2005.
OBT215,mace,macehead,object-type,Things,THEME,AF-EGY;EU-BLC;GL,-3500,,Predynastic Egypt,A club turned into a symbol of authority.,stone; silver; gilding,Scorpion Macehead; House of Commons mace,rule and display;war,museum and archaeological typology; makers' own terms where known,,none,Wikimedia Commons,R3,F1.17,medium,
OBT216,medal and order,decoration,object-type,Things,THEME,GL,1438,,Renaissance cast medals from c. 1438 (Pisanello),Small struck or cast pieces awarded to mark service and allegiance.,bronze; silver; enamel; ribbon,Pisanello medals; campaign medals,rule and display,museum and archaeological typology; makers' own terms where known,,none,Met Open Access (CC0); Wikimedia Commons,R3,F1.19a,medium,
OBT217,passport,travel document,object-type,Things,THEME,GL,1920,,League of Nations passport standard 1920,A booklet identifying a person to the state and controlling movement.,security paper; print; biometric chip,League of Nations-format passport; Nansen passport,rule and display;record and writing;care and access,museum and archaeological typology; makers' own terms where known,,human-flow,Wikimedia Commons,R3,F1.21,high,
OBT218,uniform,uniform,object-type,Things,THEME,GL,,,Standardised military uniforms from the 17th century,"Standardised dress that makes people legible as members of an army, school or company.",wool; khaki; print,British khaki; Mao suit; school uniforms,rule and display;clothing and adornment;war,museum and archaeological typology; makers' own terms where known,,none,Wikimedia Commons,R3,F1.19a,medium,
OBT219,shop sign,signage,object-type,Things,THEME,GL,,,Ancient; enamel signs 19th century; neon 20th century,Signs that name and advertise shops and services in public space.,wood; enamel; neon; LED; hand painting,Hong Kong neon signs; Ghanaian barbershop signs,rule and display;exchange and value;record and writing,museum and archaeological typology; makers' own terms where known,,none,Wikimedia Commons,R3,F1.21;F1.29,medium,
OBT220,feather headdress,war bonnet; penacho,object-type,Things,F1.7,AM-WST;AM-AMZ;AM-MES,,,Varies,Headdresses of feathers earned or inherited as signs of honour.,eagle feathers; quetzal and macaw feathers; quills,Plains war bonnet; the Vienna penacho; Kayapó krokrokti,rule and display;clothing and adornment,museum and archaeological typology; makers' own terms where known,,sacred;Indigenous-community,community-published site,R3,F1.2;F1.24,high,Vienna penacho restitution debate; fashion appropriation of war bonnets (F1.2).
OBT221,sword,sword,object-type,Things,THEME,GL,-3300,,Arslantepe arsenical-copper swords c. 3300 BCE,A long blade forged or cast for fighting and display.,bronze; iron; crucible steel; pattern welding,Arslantepe swords; Japanese katana; Tuareg takouba; Ethiopian shotel; Ulfberht swords,war;rule and display,museum and archaeological typology; makers' own terms where known,,none,Met Open Access (CC0); Wikimedia Commons; ColBase (Japan Government Standard Terms),R2,F1.19a,high,
OBT222,kris,keris,object-type,Things,F1.9,AS-ISE;AS-MSE,,,c. 14th century onward,An asymmetric pattern-welded dagger regarded as having spiritual power.,pattern-welded iron and nickel (pamor); wood hilt,Javanese keris; Balinese keris,war;ritual and belief;rule and display,museum and archaeological typology; makers' own terms where known,,sacred;living-community,Rijksmuseum (CC0); Met Open Access (CC0); Wikimedia Commons; UNESCO ICH lists (link out; per-item photo licence),R2,F1.16,high,UNESCO Indonesian Kris (2008).
OBT223,spear,spear; iklwa,object-type,Things,THEME,GL,-300000,,"Schöningen spears c. 300,000 BP (earlier estimates to 400,000)",A shafted pointed weapon; the oldest surviving are wooden throwing spears.,wood; stone; iron,Schöningen spears; Zulu iklwa,war;tools,museum and archaeological typology; makers' own terms where known,,none,Wikimedia Commons,R3,F1.19a,high,
OBT224,composite bow,recurve bow,object-type,Things,F1.12a,AS-CEN;AS-NTH;WA-ANA;AS-KOR,-2000,,Steppe and Near East by the 2nd millennium BCE; approximate,"A bow laminated from horn, wood and sinew, powerful enough for use from horseback.",horn; wood; sinew; hide glue,Scythian bow; Mongol bow; Ottoman bow; Korean gakgung,war;tools,museum and archaeological typology; makers' own terms where known,,none,Met Open Access (CC0); Wikimedia Commons; e-museum Korea (KOGL Type 1),R2,F1.19a,medium,
OBT225,crossbow,nu,object-type,Things,F1.8,AS-CHN,-500,,Bronze trigger mechanisms from the Warring States,A bow mounted on a stock and released by a mechanical trigger.,wood; bronze trigger,Qin crossbow triggers,war;tools,museum and archaeological typology; makers' own terms where known,,none,Wikimedia Commons,R3,F1.19a,medium,
OBT226,spear-thrower,atlatl; woomera,object-type,Things,THEME,AM-MES;OC-AUS;EU-WCE,-17000,,"Upper Palaeolithic Europe c. 17,000 BP",A lever that throws a dart or spear further and harder.,wood; antler; stone,Mexica atlatl; Aboriginal woomera; Magdalenian propulseur,war;tools,museum and archaeological typology; makers' own terms where known,,Indigenous-community,Wikimedia Commons,R3,F1.5,medium,
OBT227,shield,shield,object-type,Things,THEME,GL,,,Ancient,A handheld defence often painted with identity.,hide; wood; wickerwork; bronze,Zulu isihlangu; Aboriginal parrying shield; Asmat shields; Greek hoplon,war;rule and display,museum and archaeological typology; makers' own terms where known,,Indigenous-community,Met Open Access (CC0); Wikimedia Commons,R2,F1.19a,high,
OBT228,armour,armor; mail; lamellar,object-type,Things,THEME,GL,,,Ancient,"Body protection of plates, scales, rings or quilting.",iron; leather; lacquer; quilted cotton; mail,Japanese ō-yoroi; Mamluk mail; Mexica ichcahuipilli; European plate armour,war;rule and display,museum and archaeological typology; makers' own terms where known,,none,Met Open Access (CC0); Cleveland Museum of Art Open Access (CC0); Wikimedia Commons,R2,F1.19a,high,
OBT229,helmet,helmet,object-type,Things,THEME,GL,,,Ancient,Head protection that also shows rank.,bronze; iron; leather,Sutton Hoo helmet; Corinthian helmet; Japanese kabuto,war;rule and display,museum and archaeological typology; makers' own terms where known,,funerary,Met Open Access (CC0); Wikimedia Commons,R3,F1.19a,high,
OBT230,obsidian-edged club,macuahuitl,object-type,Things,F1.7,AM-MES,,,Postclassic; described in 16th-century sources,A wooden club set with obsidian blades.,wood; obsidian,macuahuitl,war,museum and archaeological typology; makers' own terms where known,,none,Wikimedia Commons,R3,F1.19a,medium,No original survives (the last known was destroyed in a Madrid fire in 1884).
OBT231,hand club,patu; mere; ula,object-type,Things,F1.12,OC-POL;OC-MEL,,,Pre-contact,"Clubs of stone, bone or wood, some treasured as heirlooms.",pounamu; whalebone; hardwood,Māori mere pounamu; Fijian ula; Tongan ʻakau,war;rule and display,museum and archaeological typology; makers' own terms where known,,ancestral;Indigenous-community,Te Papa Collections Online (per-item; link out where restricted); Auckland Museum Collections Online (per-item); Wikimedia Commons,R3,F1.24,high,
OBT232,firearm,gun; matchlock; musket,object-type,Things,THEME,GL,1288,,Heilongjiang hand cannon c. 1288,A weapon firing projectiles by gunpowder.,iron; bronze; wood,Heilongjiang hand cannon; Tanegashima matchlock; Brown Bess,war,museum and archaeological typology; makers' own terms where known,,none,Met Open Access (CC0); Wikimedia Commons,R2,F1.19a,high,
OBT233,cannon,bombard,object-type,Things,THEME,GL,1300,,China and the Islamic world 13th–14th century,A large gun that remade fortification and naval war.,bronze; cast iron,Great Turkish Bombard (Dardanelles gun); Tsar Cannon,war,museum and archaeological typology; makers' own terms where known,,none,Wikimedia Commons,R3,F1.19a,high,
OBT234,gas mask,respirator,object-type,Things,THEME,GL,1915,,First World War,"A mask filtering poison gas, later a civil-defence object.",rubber; charcoal filter,British PH helmet; Soviet GP-5,war;care and access,museum and archaeological typology; makers' own terms where known,,none,Wikimedia Commons; Science Museum Group collection (link out; data CC0),R3,F1.19a,high,
OBT235,throwing knife,kpinga; shongo,object-type,Things,F1.6,AF-CEN,,,Collected 19th century,Multi-bladed iron weapons also used as currency and emblems.,forged iron,Zande kpinga; Kuba shongo,war;exchange and value;rule and display,museum and archaeological typology; makers' own terms where known,,none,Met Open Access (CC0); Wikimedia Commons,R3,F1.19a,medium,
OBT236,senet,senet,object-type,Things,F1.6,AF-EGY,-3100,,c. 3100 BCE onward,A board game of thirty squares later linked to the soul's journey.,wood; faience; ivory,Tutankhamun's senet boxes,play and music;ritual and belief,museum and archaeological typology; makers' own terms where known,,funerary,Met Open Access (CC0); Wikimedia Commons,R2,F1.4,high,
OBT237,mancala,oware; bao; ayo,object-type,Things,THEME,AF-GUI;AF-SWA;AF-HRN;AS-SAS;AM-CAR,,,Ancient; dates uncertain,"Count-and-capture games played with seeds in pits, spread by trade and the diaspora.",wood; seeds; holes in the ground,Akan oware; Swahili bao; Yoruba ayo; Caribbean warri,play and music,museum and archaeological typology; makers' own terms where known,,none,Wikimedia Commons; Met Open Access (CC0),R2,F1.4;F1.13,high,
OBT238,go,weiqi; baduk,object-type,Things,F1.8,AS-CHN;AS-KOR;AS-JPN,-500,,Mentioned in texts of c. 4th century BCE,A territory game of black and white stones on a grid.,wood board; slate and shell stones,goban; baduk board,play and music,museum and archaeological typology; makers' own terms where known,,none,Wikimedia Commons; ColBase (Japan Government Standard Terms),R3,F1.4,high,
OBT239,chess,chaturanga; shatranj; xiangqi,object-type,Things,THEME,AS-SAS;WA-IRN;EU-WCE;AS-CHN,600,,Chaturanga c. 6th century CE,A war game that changed form as it travelled from India through Iran to Europe and Asia.,ivory; wood; bone,Lewis chessmen; Charlemagne chessmen; shatranj pieces,play and music;war,museum and archaeological typology; makers' own terms where known,,none,Met Open Access (CC0); Wikimedia Commons,R2,F1.13,high,
OBT240,patolli,patolli,object-type,Things,F1.7,AM-MES,,,Postclassic,"A race game played with beans on a cross-shaped board, often for high stakes.",painted mat; marked beans,Codex Magliabechiano patolli scene,play and music;ritual and belief,museum and archaeological typology; makers' own terms where known,,none,Wikimedia Commons,R3,F1.4,medium,
OBT241,Royal Game of Ur,Game of Twenty Squares,object-type,Things,F1.9a,WA-MES;WA-LEV;AF-EGY,-2600,,Royal Cemetery of Ur c. 2600 BCE,A race game of twenty squares played across the Near East for three millennia.,shell; lapis lazuli; red limestone; wood,Ur boards; tablet of rules (c. 177 BCE),play and music,museum and archaeological typology; makers' own terms where known,,funerary,Wikimedia Commons; British Museum collection online (link out),R2,F1.4;F1.28,high,
OBT242,backgammon,nard; tables; tavla,object-type,Things,THEME,WA-IRN;GL,,,Nard described in a Sasanian text; older boards claimed,A race game with dice for two players.,wood; dice,nard boards; tavla,play and music,museum and archaeological typology; makers' own terms where known,,none,Wikimedia Commons,R3,F1.4,medium,
OBT243,chaupar,pachisi; chaupar,object-type,Things,F1.9,AS-SAS,,,Mughal period and earlier,A cross-shaped race game played with cowries.,cloth board; cowries,chaupar cloth; Ludo (patented 1896),play and music,museum and archaeological typology; makers' own terms where known,,none,Wikimedia Commons,R3,F1.14,medium,
OBT244,dice and knucklebones,astragali,object-type,Things,THEME,GL,,,Ancient,Tools of chance used in games and divination.,bone; ivory; clay,astragali; Indus dice; Roman dice,play and music;ritual and belief,museum and archaeological typology; makers' own terms where known,,none,Met Open Access (CC0); Wikimedia Commons,R3,F1.4,medium,
OBT245,playing cards,cards; karuta; ganjifa,object-type,Things,F1.8;THEME,AS-CHN;EU-WCE;WA-IRN,900,,Tang c. 9th century; Mamluk cards; Europe 1370s,Printed or painted cards for games that travelled from China to Europe through the Islamic world.,paper; woodblock; stencil,Mamluk cards; Japanese karuta; Indian ganjifa,play and music,museum and archaeological typology; makers' own terms where known,,none,Wikimedia Commons; Met Open Access (CC0),R3,F1.13,medium,
OBT246,doll,doll,object-type,Things,THEME,GL,,,Ancient,"A figure made for children's play, teaching or ceremony.",cloth; wood; clay; plastic,Hina dolls; Barbie; rag dolls,play and music,museum and archaeological typology; makers' own terms where known,,none,Wikimedia Commons; ColBase (Japan Government Standard Terms),R3,F1.21,medium,
OBT247,wheeled toy,wheeled figurine,object-type,Things,F1.7,AM-MES,,,Veracruz c. 1st millennium CE,"Clay animal figures on axles and wheels, showing wheels known but not used for transport.",clay; axles,Veracruz wheeled animals,play and music,museum and archaeological typology; makers' own terms where known,,none,Wikimedia Commons; Met Open Access (CC0),R2,F1.5,high,
OBT248,kite,layang-layang; wau; fengzheng,object-type,Things,THEME,AS-CHN;AS-ISE;OC-POL,,,Ancient; dates uncertain,"A tethered flying frame used for play, signalling and fishing.",bamboo; paper; silk; leaves,Malay wau; Chinese kites; Polynesian manu,play and music,museum and archaeological typology; makers' own terms where known,,none,Wikimedia Commons,R3,F1.4,low,
OBT249,rubber ball and ballgame yoke,ulli ball,object-type,Things,F1.7,AM-MES,-1600,,El Manatí balls c. 1600 BCE,Solid rubber balls and hip protectors for the Mesoamerican ballgame.,latex; morning-glory juice; carved stone yokes,El Manatí balls; stone yokes and hachas,play and music;ritual and belief,museum and archaeological typology; makers' own terms where known,,none,Wikimedia Commons; Met Open Access (CC0),R2,F1.4,high,
OBT250,spinning top,trompo; gasing,object-type,Things,THEME,GL,,,Ancient,"A spinning toy made from wood, clay or metal.",wood; clay,Malaysian gasing; trompo,play and music,museum and archaeological typology; makers' own terms where known,,none,Wikimedia Commons,R3,F1.4,low,
OBT251,kora,kora,object-type,Things,F1.6,AF-SAH;AF-GUI,,,Documented 18th–19th century,A 21-string harp-lute of calabash and hide played by jeli (griots).,calabash; cowhide; hardwood neck; strings,Mande kora,play and music,museum and archaeological typology; makers' own terms where known,,living-community,Wikimedia Commons,R2,F1.4,high,
OBT252,mbira,likembe; kalimba,object-type,Things,F1.6,AF-SOU;AF-CEN,,,Lamellophones old in Africa; iron keys,"A lamellophone of iron keys on a board or box, often in a gourd resonator.",forged iron keys; wood; gourd,Shona mbira dzavadzimu; likembe,play and music;ritual and belief,museum and archaeological typology; makers' own terms where known,,living-community,Wikimedia Commons,R2,F1.4,medium,
OBT253,talking drum,dùndún; atumpan,object-type,Things,F1.6,AF-GUI,,,Ancient,Drums that reproduce tonal speech to send messages and praise.,wood; hide; tension cords,Yoruba dùndún; Akan atumpan,play and music;record and writing,museum and archaeological typology; makers' own terms where known,,living-community,Wikimedia Commons; Met Open Access (CC0),R2,F1.4;F1.29,high,
OBT254,gamelan,gamelan,object-type,Things,F1.9,AS-ISE,800,,Instruments depicted at Borobudur c. 9th century,An ensemble of tuned bronze gongs and metallophones made and played as one set.,forged tin-bronze; carved wood,Javanese gamelan; Balinese gamelan gong kebyar,play and music;ritual and belief,museum and archaeological typology; makers' own terms where known,,living-community,Wikimedia Commons; Rijksmuseum (CC0); UNESCO ICH lists (link out; per-item photo licence),R2,F1.4,high,
OBT255,sitar,sitar,object-type,Things,F1.9;F1.10,AS-SAS,1700,,18th century,A long-necked lute with sympathetic strings.,tun wood; gourd; steel strings,Hindustani sitar,play and music,museum and archaeological typology; makers' own terms where known,,living-community,Wikimedia Commons; Met Open Access (CC0),R3,F1.4,medium,
OBT256,oud,ʿud; barbat,object-type,Things,F1.10;F1.9a,WA-IRN;WA-MES;WA-ANA;AF-EGY,,,Barbat in Sasanian Iran; oud medieval onward,"A short-necked fretless lute, ancestor of the European lute.",wood staves; gut or nylon strings,Iraqi oud; Syrian oud,play and music,museum and archaeological typology; makers' own terms where known,,living-community,Wikimedia Commons; Met Open Access (CC0),R2,F1.13,medium,
OBT257,pipa,pipa; biwa,object-type,Things,F1.8,AS-CHN;AS-JPN,,,Han–Tang,A pear-shaped lute that reached China from Central Asia.,wood; silk strings,Shōsōin biwa; Chinese pipa,play and music,museum and archaeological typology; makers' own terms where known,,none,Wikimedia Commons; ColBase (Japan Government Standard Terms),R3,F1.13,high,
OBT258,qin,guqin,object-type,Things,F1.8,AS-CHN,,,Warring States onward,A seven-string zither of scholars.,paulownia; lacquer; silk strings,Tang guqin,play and music,museum and archaeological typology; makers' own terms where known,,living-community,Wikimedia Commons; National Palace Museum Taipei Open Data; UNESCO ICH lists (link out; per-item photo licence),R3,F1.4,high,UNESCO Guqin and its music (2008).
OBT259,didjeridu,yidaki; mago,object-type,Things,F1.12,OC-AUS,,,Arnhem Land rock art suggests some antiquity,A wind instrument of termite-hollowed eucalyptus from northern Australia.,eucalyptus; beeswax mouthpiece; ochre,Yolŋu yidaki,play and music;ritual and belief,museum and archaeological typology; makers' own terms where known,,Indigenous-community;sacred,Wikimedia Commons; community-published site,R3,F1.2,medium,Some communities restrict who may play; souvenir copies are an F1.2 case.
OBT260,conch trumpet,pū; shankha; horagai; pututu,object-type,Things,THEME,OC-POL;AS-SAS;AM-AND;AS-JPN,-900,,"Chavín conches c. 900 BCE; Marsoulas conch (France) c. 18,000 BP",A sea shell blown as a horn.,conch shell,Chavín pututus; Hawaiian pū; shankha; Japanese horagai,play and music;ritual and belief,museum and archaeological typology; makers' own terms where known,,sacred,Wikimedia Commons,R3,F1.4,high,
OBT261,panpipes,siku; antara,object-type,Things,THEME,AM-AND;OC-MEL;EU-GRR,,,Ancient,Pipes of graduated length bound in rows.,cane; clay,Andean siku; Solomon Islands panpipes,play and music,museum and archaeological typology; makers' own terms where known,,none,Wikimedia Commons,R3,F1.4,medium,
OBT262,slit drum,garamut; teponaztli,object-type,Things,THEME,OC-MEL;AM-MES;AF-CEN,,,Varies,A hollowed log with a slit that sounds when struck.,wood carving,Vanuatu standing slit drums; Mexica teponaztli; Central African slit gong,play and music;record and writing;ritual and belief,museum and archaeological typology; makers' own terms where known,,sacred,Wikimedia Commons,R3,F1.4,high,
OBT263,bone flute,flute,object-type,Things,THEME,EU-WCE;AS-CHN,-40000,,"Geißenklösterle and Hohle Fels c. 40,000 BP; Jiahu c. 7000 BCE",Pipes of bird bone or ivory with finger holes.,vulture bone; crane bone; mammoth ivory,Hohle Fels flute; Jiahu flutes,play and music,museum and archaeological typology; makers' own terms where known,,none,Wikimedia Commons,R3,F1.5,high,
OBT264,lyre,lyre; krar; begena,object-type,Things,THEME,WA-MES;EU-GRR;AF-HRN,-2500,,Ur lyres c. 2500 BCE,A stringed instrument with a yoke held on two arms.,wood; shell; lapis lazuli; gut,Ur bull lyre; kithara; Ethiopian krar and begena,play and music;ritual and belief,museum and archaeological typology; makers' own terms where known,,funerary,Wikimedia Commons,R3,F1.4,high,
OBT265,arched harp,ennanga; saung,object-type,Things,THEME,AF-EGY;AF-CEN;AF-SWA;AS-MSE,,,Egypt 3rd millennium BCE; Burmese saung,A harp whose neck curves out of the resonator.,wood; hide; strings,Zande harp; Mangbetu harp; Burmese saung,play and music,museum and archaeological typology; makers' own terms where known,,none,Met Open Access (CC0); Wikimedia Commons,R3,F1.4,medium,
OBT266,horsehead fiddle,morin khuur,object-type,Things,F1.12a,AS-CEN,,,Older fiddle traditions; standard modern form 20th century,A two-string bowed fiddle crowned with a horse head.,wood; horsehair; skin,Mongol morin khuur,play and music,museum and archaeological typology; makers' own terms where known,,living-community,Wikimedia Commons; UNESCO ICH lists (link out; per-item photo licence),R3,F1.4,high,
OBT267,steelpan,pan,object-type,Things,F1.7,AM-CAR,1935,,Trinidad c. 1930s–40s,A tuned percussion instrument hammered from oil drums.,oil-drum steel; hammering; tempering,tenor pan,play and music,museum and archaeological typology; makers' own terms where known,,living-community,Wikimedia Commons,R2,F1.4;F1.22a,high,
OBT268,balafon,balafon; bala,object-type,Things,F1.6,AF-SAH;AF-GUI,,,Sosso Bala tradition dates to the 13th century,A frame xylophone with gourd resonators.,wood keys; gourds; membranes,Sosso Bala; Senufo balafon,play and music,museum and archaeological typology; makers' own terms where known,,living-community,UNESCO ICH lists (link out; per-item photo licence); Wikimedia Commons,R3,F1.4,high,
OBT269,shadow puppet,wayang kulit; Karagöz; sbek,object-type,Things,THEME,AS-ISE;AS-MSE;WA-ANA;AS-CHN,,,Varies,Pierced and painted leather figures cast as shadows on a screen.,buffalo hide; horn; paint,wayang kulit; Karagöz; Sbek Thom,play and music;ritual and belief,museum and archaeological typology; makers' own terms where known,,living-community,Rijksmuseum (CC0); Wikimedia Commons; UNESCO ICH lists (link out; per-item photo licence),R2,F1.4,high,
OBT270,sound recording disc,gramophone record,object-type,Things,THEME,GL,1887,,Berliner 1887,A disc storing sound that made music a commodity.,shellac; vinyl,78 rpm disc; LP,play and music;exchange and value,museum and archaeological typology; makers' own terms where known,,none,Wikimedia Commons; Library of Congress (PD items),R3,F1.4;F1.21,high,
OBT271,video game console,console,object-type,Things,THEME,GL,1972,,Magnavox Odyssey 1972,A home machine for playing games on a screen.,electronics; plastic,Magnavox Odyssey; Famicom; PlayStation,play and music,museum and archaeological typology; makers' own terms where known,,none,Wikimedia Commons,R3,F1.4;F1.21,high,
OBT272,toe prosthesis,Cairo toe; Greville Chester toe,object-type,Things,F1.6,AF-EGY,-950,,c. 950–710 BCE,"Carved wooden and cartonnage toes fitted to feet, among the earliest known functional prostheses.",wood; leather; cartonnage,Cairo toe (Tabaketenmut); Greville Chester toe (British Museum),care and access,museum and archaeological typology; makers' own terms where known,,funerary,Wikimedia Commons; British Museum collection online (link out),R1,F1.22a,high,
OBT273,prosthetic limb,artificial leg; prosthesis,object-type,Things,THEME,GL,-300,,Capua leg c. 300 BCE (destroyed 1941),An artificial limb replacing a lost one.,wood; bronze; iron; carbon fibre,Capua leg; Götz von Berlichingen's iron hand; Jaipur foot,care and access,museum and archaeological typology; makers' own terms where known,,none,Wellcome Collection (CC BY / PD); Wikimedia Commons,R2,F1.22a,high,The Jaipur foot (1968) is a low-cost design.
OBT274,crutch,crutch,object-type,Things,THEME,GL,,,Ancient; dates uncertain,A support under the arm for walking.,wood; aluminium,wooden underarm crutch; forearm crutch,care and access,museum and archaeological typology; makers' own terms where known,,none,Wellcome Collection (CC BY / PD); Wikimedia Commons,R3,F1.22a,low,An often-cited Egyptian tomb depiction (c. 2830 BCE) needs checking.
OBT275,walking stick,cane,object-type,Things,THEME,GL,,,Ancient,"A stick for support, also a sign of age and status.",wood; metal,,care and access;rule and display,museum and archaeological typology; makers' own terms where known,,none,Wikimedia Commons,R3,F1.22a,medium,
OBT276,spectacles,eyeglasses,object-type,Things,F1.11;THEME,EU-WCE;GL,1286,,Pisa c. 1286,Lenses mounted before the eyes to correct sight.,glass; quartz; horn; metal,rivet spectacles; Chinese aidai; mass-market frames,care and access,museum and archaeological typology; makers' own terms where known,,none,Wellcome Collection (CC BY / PD); Wikimedia Commons; Science Museum Group collection (link out; data CC0),R2,F1.22a,high,
OBT277,hearing trumpet,ear trumpet,object-type,Things,THEME,EU-WCE,1650,,17th century,A funnel collecting sound into the ear.,tin; silver; horn,Beethoven's ear trumpets,care and access,museum and archaeological typology; makers' own terms where known,,none,Wellcome Collection (CC BY / PD); Science Museum Group collection (link out; data CC0),R3,F1.22a,medium,
OBT278,hearing aid,hearing aid,object-type,Things,THEME,GL,1898,,Electric carbon aid (Akouphone) 1898,An electronic device amplifying sound.,carbon; vacuum tubes; transistors,Akouphone; Zenith Radionic,care and access,museum and archaeological typology; makers' own terms where known,,none,Wellcome Collection (CC BY / PD); Science Museum Group collection (link out; data CC0),R3,F1.22a,medium,
OBT279,wheelchair,wheeled chair,object-type,Things,THEME,GL,1595,,Philip II of Spain's chair 1595; earlier Chinese depictions claimed,A wheeled seat for moving a person who cannot walk.,wood; iron; steel; aluminium,Philip II invalid chair; Everest and Jennings folding chair,care and access;transport,museum and archaeological typology; makers' own terms where known,,none,Wellcome Collection (CC BY / PD); Science Museum Group collection (link out; data CC0),R2,F1.22a,medium,
OBT280,braille writing equipment,braille slate; Perkins brailler,object-type,Things,THEME,EU-WCE;GL,1829,,Braille system 1829; Perkins brailler 1951,Tools and type for writing and printing raised-dot text.,slate; stylus; embossing,braille slate; Perkins brailler; braille printing,care and access;record and writing,museum and archaeological typology; makers' own terms where known,,none,Wikimedia Commons; Science Museum Group collection (link out; data CC0),R2,F1.22a,high,
OBT281,white cane,long cane,object-type,Things,THEME,GL,1921,,1921 (James Biggs); long-cane technique 1940s,A cane that signals blindness and is used to navigate.,aluminium; fibreglass,,care and access,museum and archaeological typology; makers' own terms where known,,none,Wikimedia Commons,R3,F1.22a,medium,
OBT282,cradleboard,tikinagan; baby board,object-type,Things,F1.7;F1.12a,AM-WST;AM-EWD;AM-NWC;AS-NTH,,,Pre-contact,A board to carry and protect an infant.,wood; hide; beadwork,Kiowa beaded cradleboard; Anishinaabe tikinagan,care and access;transport,museum and archaeological typology; makers' own terms where known,,Indigenous-community,Smithsonian Open Access (CC0); Smithsonian NMAI (link out; consult community),R2,F1.18,high,
OBT283,baby carrier,sling; aguayo,object-type,Things,THEME,GL,,,Ancient,"A cloth, net or basket used to carry infants while working.",cloth; netting; basketry,Andean aguayo; Hmong baby carrier; PNG bilum,care and access,museum and archaeological typology; makers' own terms where known,,none,Wikimedia Commons,R3,F1.18,medium,
OBT284,infant feeding vessel,feeding bottle,object-type,Things,THEME,GL,-1200,,Bronze Age vessels with milk residues (c. 1200–800 BCE),A spouted vessel for feeding infants.,clay; glass; plastic,Bronze Age feeding vessels; 19th-century glass bottles,care and access,museum and archaeological typology; makers' own terms where known,,funerary,Wellcome Collection (CC BY / PD); Wikimedia Commons,R3,F1.22a,medium,
OBT285,medicine container,albarello; pharmacy jar,object-type,Things,THEME,GL,,,Varies,"Jars and boxes that store drugs, from maiolica albarelli to gourds.",maiolica; gourd; glass,albarello; Chinese medicine chest,care and access;food and storage,museum and archaeological typology; makers' own terms where known,,none,Wellcome Collection (CC BY / PD); Met Open Access (CC0); Wikimedia Commons,R2,F1.22a,high,
OBT286,surgical instruments,surgical tools,object-type,Things,THEME,EU-GRR;AF-EGY;WA-IRN;GL,,,Roman sets (Pompeii); al-Zahrawi's illustrated instruments c. 1000,"Instruments for cutting, cautery and extraction.",bronze; steel,Pompeii surgeon's kit; al-Zahrawi illustrations,care and access;tools,museum and archaeological typology; makers' own terms where known,,none,Wellcome Collection (CC BY / PD); Wikimedia Commons,R2,F1.22a,high,
OBT287,healing bowl,tasat al-sihha,object-type,Things,F1.10,WA-IRN;WA-LEV;WA-ARB,1150,,12th century onward,Inscribed metal bowls whose water was believed to cure.,brass; engraving,Zangid healing bowls,care and access;ritual and belief,museum and archaeological typology; makers' own terms where known,,none,Met Open Access (CC0); Wikimedia Commons,R3,F1.16,medium,
OBT288,cupping vessel,hijama cup,object-type,Things,THEME,WA-ARB;AS-CHN;GL,,,Ancient,Cups placed on the skin to draw blood or tissue.,horn; glass; bronze,hijama cups,care and access,museum and archaeological typology; makers' own terms where known,,none,Wellcome Collection (CC BY / PD); Wikimedia Commons,R3,F1.22a,medium,
OBT289,birthing stool,birth chair,object-type,Things,THEME,GL,,,Ancient,A seat for giving birth upright.,wood,,care and access,museum and archaeological typology; makers' own terms where known,,none,Wellcome Collection (CC BY / PD),R3,F1.18,low,
OBT290,denture,false teeth,object-type,Things,THEME,GL,-700,,Etruscan gold-band dental appliances c. 7th century BCE,Replacement teeth and bridges.,gold; ivory; porcelain; acrylic,Etruscan gold bridges; Japanese wooden dentures,care and access,museum and archaeological typology; makers' own terms where known,,none,Wellcome Collection (CC BY / PD),R3,F1.22a,medium,
OBT291,mosquito net,net,object-type,Things,THEME,GL,,,Described in antiquity; now mass-made,Netting over sleepers that prevents malaria.,cotton; polyester; insecticide treatment,long-lasting insecticidal net,care and access;shelter,museum and archaeological typology; makers' own terms where known,,none,Wikimedia Commons,R3,F1.22,medium,
OBT292,chewing stick,miswak; siwak,object-type,Things,THEME,WA-ARB;AF-HRN;AS-SAS,,,Ancient,A twig of Salvadora persica chewed to clean teeth.,arak wood,miswak,care and access,museum and archaeological typology; makers' own terms where known,,none,Wikimedia Commons,R3,F1.22a,medium,
OBT293,outrigger canoe,vaka; waka ama; lakana,object-type,Things,F1.12;F1.9;F1.6,OC-POL;OC-MEL;OC-MIC;AS-ISE;AF-MAD,,,Austronesian; date of origin uncertain,A hull stabilised by a float on booms.,breadfruit wood; sennit; pandanus sail,Marshallese walap; Malagasy lakana,transport,museum and archaeological typology; makers' own terms where known,,Indigenous-community,Wikimedia Commons; Te Papa Collections Online (per-item; link out where restricted),R2,F1.13;F1.29,medium,
OBT294,voyaging canoe,drua; waʻa kaulua; vaka moana,object-type,Things,F1.12,OC-POL;OC-MEL,,,Pre-contact; revival with Hōkūleʻa 1975,Two hulls joined by a platform that carried people across the Pacific.,timber; sennit; pandanus sails,Fijian drua; Hōkūleʻa,transport,museum and archaeological typology; makers' own terms where known,,Indigenous-community,Wikimedia Commons; community-published site,R1,F1.13;F1.29,high,
OBT295,dhow,sambuk; boum; lenj; jalibut,object-type,Things,F1.10;F1.13,WA-ARB;WA-IRN;AF-SWA;AS-SAS,,,Sewn-plank ships ancient; Belitung wreck 9th century,Sewn or nailed plank ships with lateen sails that sailed the monsoon.,teak; coir; nails,Belitung wreck; boum; jahazi; Emirati jalibut,transport;exchange and value,museum and archaeological typology; makers' own terms where known,,living-community,Wikimedia Commons; Qatar Digital Library (open licence),R1,F1.13,high,
OBT296,junk,chuan,object-type,Things,F1.8,AS-CHN;AS-MSE,,,Song onward,A sailing ship with battened sails and watertight bulkheads.,timber; bulkheads; bamboo-battened sails,Quanzhou ship; Nanhai One,transport,museum and archaeological typology; makers' own terms where known,,none,Wikimedia Commons,R2,F1.13,high,
OBT297,longship,langskip,object-type,Things,F1.11,EU-SCA,800,,c. 800–1100,A clinker-built ship driven by oars and sail.,oak; iron rivets; wool sail,Oseberg ship; Gokstad ship; Skuldelev ships,transport;war,museum and archaeological typology; makers' own terms where known,,funerary,Wikimedia Commons,R2,F1.13,high,
OBT298,umiak,umiaq,object-type,Things,F1.7,AM-ARC;AS-NTH,,,Ancient,An open skin boat for hunting and travel.,walrus skin; driftwood,umiak,transport,museum and archaeological typology; makers' own terms where known,,Indigenous-community,Smithsonian Open Access (CC0); Wikimedia Commons,R3,F1.18,high,
OBT299,kayak,qajaq,object-type,Things,F1.7,AM-ARC;AS-NTH,,,Ancient,A covered skin boat fitted to one hunter.,sealskin; driftwood; bone,Greenlandic qajaq,transport;tools,museum and archaeological typology; makers' own terms where known,,Indigenous-community,Smithsonian Open Access (CC0); Wikimedia Commons,R2,F1.29,high,
OBT300,reed boat,tankwa; balsa de totora; mashuf,object-type,Things,THEME,AM-AND;WA-MES;AF-HRN;WA-ARB,-5000,,Bitumen-coated reed boat remains at H3 As-Sabiyah (Kuwait) c. 5000 BCE,Boats bound from reed bundles.,totora; papyrus; bitumen,Titicaca totora balsas; tankwa; Marsh Arab boats,transport,museum and archaeological typology; makers' own terms where known,,living-community,Wikimedia Commons,R2,F1.5,medium,
OBT301,birchbark canoe,wiigwaasi-jiimaan,object-type,Things,F1.7,AM-EWD,,,Pre-contact,A light canoe of birchbark on a cedar frame.,birchbark; spruce root; cedar; pitch,Anishinaabe and Wabanaki canoes,transport,museum and archaeological typology; makers' own terms where known,,Indigenous-community,Smithsonian Open Access (CC0); Wikimedia Commons,R2,F1.29,high,
OBT302,dugout canoe,pirogue,object-type,Things,THEME,GL,-8000,,Pesse canoe c. 8000 BCE; Dufuna canoe c. 6000 BCE,A boat carved from one log.,tree trunk; adze; fire,Pesse canoe; Dufuna canoe,transport,museum and archaeological typology; makers' own terms where known,,none,Wikimedia Commons,R2,F1.5,high,
OBT303,coracle,quffa; thúng chai,object-type,Things,THEME,WA-MES;EU-BLC;AS-SAS;AS-MSE,,,Ancient,A round boat of woven frame covered with hide or pitch.,willow; hide; bitumen,Iraqi quffa; Welsh coracle; Vietnamese basket boat,transport,museum and archaeological typology; makers' own terms where known,,none,Wikimedia Commons,R3,F1.5,high,
OBT304,balsa raft,jangada,object-type,Things,F1.7,AM-AND,,,Pre-Hispanic,Sailing rafts of balsa logs steered with centreboards.,balsa; guares,guares raft,transport;exchange and value,museum and archaeological typology; makers' own terms where known,,none,Wikimedia Commons,R3,F1.13,medium,
OBT305,plank-built boat,Khufu ship; Abydos boats,object-type,Things,F1.6,AF-EGY,-3000,,Abydos boats c. 3000 BCE; Khufu ship c. 2500 BCE,"Boats of planks lashed and joined, some buried beside kings.",cedar; rope lashing; mortise-and-tenon,Khufu ship; Abydos boats,transport;ritual and belief,museum and archaeological typology; makers' own terms where known,,funerary,Wikimedia Commons,R3,F1.28a,high,
OBT306,wheeled cart,wagon; cart,object-type,Things,THEME,WA-MES;EU-EER;EU-WCE,-3500,,c. 3500–3300 BCE,A wheeled vehicle drawn by animals.,wood; axles,Ljubljana Marshes wheel; Bronocice pot,transport,museum and archaeological typology; makers' own terms where known,,none,Wikimedia Commons,R1,F1.5,high,
OBT307,chariot,chariot,object-type,Things,F1.12a;THEME,AS-CEN;AF-EGY;AS-CHN,-2000,,Sintashta c. 2000 BCE,A light two-wheeled spoked vehicle.,spoked wheel; bent wood,Sintashta burials; Tutankhamun's chariots; Shang chariot burials,transport;war;rule and display,museum and archaeological typology; makers' own terms where known,,funerary,Wikimedia Commons,R2,F1.5;F1.19a,high,
OBT308,saddle,saddle,object-type,Things,THEME,AS-CEN;GL,-400,,Pazyryk soft saddles c. 5th–3rd century BCE,A seat for riding.,felt; leather; wooden tree,Pazyryk saddles,transport,museum and archaeological typology; makers' own terms where known,,none,Wikimedia Commons,R3,F1.13,medium,
OBT309,stirrup,stirrup,object-type,Things,F1.8;F1.12a,AS-CHN;AS-KOR;AS-CEN,302,,Single mounting stirrup (Changsha figurine) 302; paired stirrups (Feng Sufu tomb) 415,A foot support hung from the saddle.,iron; bronze; wood,Feng Sufu stirrups,transport;war,museum and archaeological typology; makers' own terms where known,,funerary,Wikimedia Commons,R2,F1.13;F1.3,medium,"Lynn White's ""stirrup thesis"" on feudalism is a how-histories-get-written case (F1.3)."
OBT310,bridle and bit,bit,object-type,Things,THEME,AS-CEN;WA-ANA,-2000,,Bits and cheekpieces with Sintashta chariots; earlier bit wear debated,A bit and headstall controlling a horse.,bronze; iron; leather; antler cheekpieces,Sintashta cheekpieces,transport,museum and archaeological typology; makers' own terms where known,,none,Wikimedia Commons,R3,F1.5,medium,
OBT311,camel saddle,shadad; North Arabian saddle; tamzak,object-type,Things,F1.10;F1.6,WA-ARB;AF-SAH,-500,,North Arabian saddle c. 500–100 BCE (approximate),Saddles that made camels usable for war and caravan.,wood; leather,Tuareg tamzak; Arabian shadad,transport;war,museum and archaeological typology; makers' own terms where known,,living-community,Wikimedia Commons,R3,F1.13,medium,
OBT312,dog sled,qamutiik; nart,object-type,Things,F1.7,AM-ARC;AS-NTH,,,"Zhokhov Island (Siberia) sled dogs c. 9,000 BP",A sledge drawn by dogs.,driftwood; bone; sinew,qamutiik,transport,museum and archaeological typology; makers' own terms where known,,Indigenous-community,Wikimedia Commons,R3,F1.29,medium,
OBT313,snowshoes,snowshoe,object-type,Things,THEME,AM-EWD;AM-ARC;AS-NTH,,,Ancient,Frames spreading weight over snow.,ash; rawhide,,transport,museum and archaeological typology; makers' own terms where known,,Indigenous-community,Smithsonian Open Access (CC0); Wikimedia Commons,R3,F1.29,high,
OBT314,skis,ski,object-type,Things,THEME,EU-EER;EU-SCA;AS-NTH,-6300,,Vis I (Russia) c. 6300 BCE,Boards for gliding over snow.,pine,Vis I ski; Kalvträsk ski,transport,museum and archaeological typology; makers' own terms where known,,none,Wikimedia Commons,R3,F1.5,medium,
OBT315,travois,travois,object-type,Things,F1.7,AM-WST,,,Pre-contact,A frame dragged by dog or horse.,poles; hide,,transport,museum and archaeological typology; makers' own terms where known,,Indigenous-community,Wikimedia Commons; Library of Congress (PD items),R3,F1.29,high,
OBT316,palanquin,palki; litter; gama,object-type,Things,THEME,AS-SAS;AS-KOR;AS-CHN;AM-AND,,,Ancient,A covered chair carried by bearers.,wood; lacquer; textile,Korean gama; Inka litter,transport;rule and display,museum and archaeological typology; makers' own terms where known,,none,Wikimedia Commons; e-museum Korea (KOGL Type 1),R3,F1.23,medium,
OBT317,rickshaw,jinrikisha,object-type,Things,THEME,AS-JPN;AS-SAS,1869,,Japan c. 1869,"A two-wheeled cart pulled by a runner, later by a cyclist.",wood; iron; bicycle parts,Dhaka cycle rickshaw,transport,museum and archaeological typology; makers' own terms where known,,living-community,Wikimedia Commons,R3,F1.23,high,
OBT318,bicycle,bicycle,object-type,Things,THEME,GL,1817,,Draisine 1817; safety bicycle 1885,A human-powered two-wheeler.,steel tubes,Rover safety bicycle; Flying Pigeon,transport,museum and archaeological typology; makers' own terms where known,,none,Wikimedia Commons; Science Museum Group collection (link out; data CC0),R2,F1.19,high,
OBT319,motor car,automobile,object-type,Things,THEME,GL,1886,,Benz Patent-Motorwagen 1886,A self-propelled road vehicle.,steel; internal combustion engine,Benz Patent-Motorwagen; Ford Model T,transport,museum and archaeological typology; makers' own terms where known,,none,Wikimedia Commons; Science Museum Group collection (link out; data CC0),R2,F1.19;F1.22,high,
OBT320,railway locomotive,locomotive,object-type,Things,THEME,GL,1804,,Trevithick 1804,A steam or electric engine that pulls trains.,iron; steam,Rocket; Shinkansen 0 Series,transport,museum and archaeological typology; makers' own terms where known,,none,Wikimedia Commons; Science Museum Group collection (link out; data CC0),R2,F1.19,high,
OBT321,aircraft,aeroplane,object-type,Things,THEME,GL,1903,,Wright Flyer 1903,A heavier-than-air flying machine.,spruce; aluminium; composites,Wright Flyer; DC-3,transport;war,museum and archaeological typology; makers' own terms where known,,none,Smithsonian Open Access (CC0); Wikimedia Commons,R3,F1.19,high,
OBT322,shipping container,intermodal container,object-type,Things,F1.13;THEME,GL,1956,,McLean 1956; ISO standard 1968,A standard steel box that remade global trade.,corrugated steel,ISO 20-foot container,transport;exchange and value,museum and archaeological typology; makers' own terms where known,,none,Wikimedia Commons,R2,F1.13;F1.22,high,
OBT323,magnetic compass,compass,object-type,Things,F1.8;THEME,AS-CHN;GL,1088,,Described by Shen Kuo 1088; navigation use by 1117,A magnetised needle showing direction.,lodestone; steel needle,dry compass; wet compass,transport;tools,museum and archaeological typology; makers' own terms where known,,none,Wikimedia Commons; Science Museum Group collection (link out; data CC0),R2,F1.13,high,
