id,name,other_names,kind,family,world,sub_regions,start,end,date_note,making_significance,materials_techniques,object_types,functions,defined_by,leaves_out,sensitivity,free_sources,tier,units,confidence,notes
STY001,Greek Geometric style,Geometric period art,style,Ideas,F1.11,EU-GRR,-900,-700,approx.; Protogeometric precedes c.1050-900 BCE,"Workshops organised pots into bands of meanders and figure friezes, setting the surface logic later Greek painters built on.",wheel-thrown pottery;slip painting;bronze casting,amphora;krater;bronze figurine,ritual and belief;food and storage,19th-20th c. archaeologists and art historians,Cypriot and Levantine contacts; the unnamed potters,funerary,Met Open Access (CC0);Cleveland Museum of Art Open Access (CC0);Walters Art Museum (CC0);Wikimedia Commons,R2,F1.30,high,Dipylon grave markers are funerary; display with care.
STY002,Orientalizing style (Greek and Etruscan),Orientalizing period,style,Ideas,F1.11;F1.9a;F1.13,EU-GRR;WA-LEV,-720,-600,approx.,"Greek and Etruscan workshops took up Near Eastern animal friezes, palmettes and griffins carried by trade, a case of motifs travelling ahead of makers.",pottery painting;ivory carving;metal repousse,aryballos;oinochoe;ivory plaque;bronze cauldron,ritual and belief;exchange and value,art historians (term from 19th c. scholarship),Phoenician and North Syrian makers whose work was copied; the label centres Greece,funerary,Met Open Access (CC0);Walters Art Museum (CC0);Cleveland Museum of Art Open Access (CC0);Wikimedia Commons,R2,F1.2;F1.13,high,
STY003,Archaic Greek style,Archaic period art,style,Ideas,F1.11,EU-GRR,-620,-480,approx.,"Life-size stone kouroi and black-figure painting fixed Greek workshop conventions, partly learned from Egyptian proportional grids.",marble carving;black-figure;bronze hollow casting,kouros;kore;black-figure amphora,ritual and belief;rule and display,art historians,Egyptian models; enslaved and metic workshop labour; original paint on sculpture,funerary,Met Open Access (CC0);Cleveland Museum of Art Open Access (CC0);Walters Art Museum (CC0);Getty Open Content;Wikimedia Commons,R2,F1.30,high,
STY004,Classical Greek style,Classical art,style,Ideas,F1.11,EU-GRR,-480,-323,approx.,Canons of proportion (Polykleitos) and red-figure painting became the model that later academies taught as the norm for all art.,marble and bronze sculpture;red-figure;proportional canon,statue;red-figure krater;temple sculpture,ritual and belief;rule and display,Winckelmann (1764) and later historians; ancient writers such as Pliny,polychromy (sculpture was painted); neighbours treated as barbarians; enslaved labour in mines and workshops,none,Met Open Access (CC0);Cleveland Museum of Art Open Access (CC0);Getty Open Content;Walters Art Museum (CC0);Wikimedia Commons,R1,F1.3;F1.30,high,Core case for how a period became a universal standard.
STY005,Hellenistic style,Hellenistic art,style,Ideas,F1.11;F1.9a;F1.12a,EU-GRR;AF-EGY;WA-LEV;WA-IRN;AS-CEN,-323,-31,approx.; ends with Actium,"Workshops across the successor kingdoms from Egypt to Bactria spread and localised Greek forms, producing mixed idioms such as Greco-Bactrian and Ptolemaic.",marble;bronze;faience;glass;mosaic,portrait bust;mosaic;figurine;coin,rule and display;ritual and belief,"J. G. Droysen (term Hellenismus, 1836)","local Egyptian, Bactrian and Levantine makers who reshaped the forms",none,Met Open Access (CC0);Cleveland Museum of Art Open Access (CC0);Getty Open Content;Walters Art Museum (CC0);Wikimedia Commons,R2,F1.13,high,
STY006,Pompeian styles (First to Fourth),Four Styles of Roman wall painting,style,Ideas,F1.11,EU-GRR,-200,79,approx.; ends with Vesuvius eruption,August Mau's four wall-painting styles show how one scholar's typology became the way Roman interiors are dated.,fresco;stucco;pigment,wall painting;interior decoration,shelter;rule and display,August Mau (1882),enslaved and freed painters; provincial variants outside Campania,none,Met Open Access (CC0);Getty Open Content;Wikimedia Commons,R2,F1.3;F1.30,high,
STY007,La Tene art style,"Early Celtic art;Jacobsthal styles (Early, Waldalgesheim, Plastic, Sword)",style,Ideas,F1.11,EU-WCE;EU-BLC,-450,-50,approx.; later in Ireland and Britain,"Curvilinear metal ornament was shared across many unrelated Iron Age groups, a style that spread without a state.",bronze casting;repousse;enamel;gold working,torc;scabbard;shield boss;brooch;mirror,clothing and adornment;war;rule and display;ritual and belief,"Hans Hildebrand (1872, type site at Lake Neuchatel); Paul Jacobsthal (1944)",the word Celtic lumps many peoples; wood and textile work largely lost,funerary,Met Open Access (CC0);Wikimedia Commons;Europeana,R2,F1.30,high,
STY008,Germanic animal style (Salin Styles I and II),Migration Period animal style,style,Ideas,F1.11,EU-SCA;EU-WCE;EU-BLC,400,750,"approx.; Style I c.400-560, Style II c.560-700",Salin's typology of chopped-up and interlaced animals on metalwork is still the tool for dating Migration Period finds.,gilt copper alloy;chip-carving;garnet cloisonne,brooch;buckle;sword fitting,clothing and adornment;war;rule and display,Bernhard Salin (1904),"the makers themselves (smiths, often itinerant); textile work",funerary,Met Open Access (CC0);Wikimedia Commons;Europeana,R2,F1.3;F1.30,high,Most finds are grave goods.
STY009,Insular art,Hiberno-Saxon art,style,Ideas,F1.11,EU-BLC,600,900,approx.,"Irish, Pictish and Northumbrian monastic workshops merged metalwork interlace with Mediterranean book forms in manuscripts such as Lindisfarne and Kells.",vellum;pigment;interlace;filigree;enamel,gospel book;penannular brooch;high cross,record and writing;ritual and belief;clothing and adornment,art historians,Pictish makers; lay metalsmiths; women's textile work,sacred,British Library digitised manuscripts (public-domain items);Wikimedia Commons;Europeana,R2,F1.28,high,
STY010,Urnes style,Viking Urnes,style,Ideas,F1.11,EU-SCA;EU-BLC,1040,1150,approx.,"The last Viking animal style, carved on the Urnes stave church portal, carried on into Irish and Romanesque metalwork.",wood carving;metal openwork,church portal;brooch;shrine,ritual and belief;rule and display,archaeologists (type site Urnes stave church),continuity into Christian Irish work (e.g. Cross of Cong),sacred,Wikimedia Commons;DigitaltMuseum Norway/Sweden (CC BY items);Met Open Access (CC0),R2,F1.30,high,
STY011,Carolingian art,Carolingian Renaissance,style,Ideas,F1.11,EU-WCE,780,900,approx.,"Court and monastic workshops revived late antique book painting, ivory and script (Carolingian minuscule), shaping later European lettering.",parchment;ivory;gold;minuscule script,gospel book;ivory book cover,record and writing;ritual and belief,art historians,Anglo-Saxon and Irish scribes who staffed the scriptoria,sacred,British Library digitised manuscripts (public-domain items);Wikimedia Commons;Europeana,R3,F1.28,high,
STY012,Romanesque,Romanesque art and architecture,style,Ideas,F1.11,EU-WCE;EU-IBE;EU-BLC;EU-SCA,1000,1200,approx.,Masons and carvers along pilgrimage routes shared round-arched vaulting and portal sculpture across Latin Europe.,stone vaulting;relief carving;fresco;enamel,church;tympanum;reliquary;capital,shelter;ritual and belief,"Charles de Gerville (1818), Arcisse de Caumont",Islamic Iberian contributions; unnamed masons,sacred,Met Open Access (CC0);Cleveland Museum of Art Open Access (CC0);Wikimedia Commons;Europeana,R2,F1.30,high,
STY013,Gothic,Gothic art and architecture,style,Ideas,F1.11,EU-WCE;EU-BLC;EU-IBE;EU-SCA;EU-EER,1140,1520,approx.; starts at Saint-Denis,"Masons' lodges developed rib vaults, flying buttresses and glass walls using geometric drawing rather than calculation.",rib vault;stained glass;tracery;geometric template,cathedral;stained-glass window;altarpiece;reliquary,shelter;ritual and belief,Renaissance writers as an insult (Vasari's maniera tedesca); 19th c. historians,masons' marks and lodge knowledge; Islamic pointed-arch precedents,sacred,Met Open Access (CC0);Cleveland Museum of Art Open Access (CC0);Wikimedia Commons;Europeana,R1,F1.3;F1.5,high,Pair with the Bauhutte masons' lodge row in makers file.
STY014,Brick Gothic,Backsteingotik,style,Ideas,F1.11,EU-SCA;EU-WCE;EU-EER,1200,1550,approx.,"In stone-poor Baltic lands builders translated Gothic into moulded and glazed brick, following Hanseatic trade.",fired brick;glazed brick;moulded brick,church;town hall;city gate,shelter;rule and display,German historians,Slavic and Baltic builders; forced labour on crusader castles,none,Wikimedia Commons;Europeana,R3,F1.13,high,
STY015,Mudejar,Mudejar art,style,Ideas,F1.11;F1.10;F1.7,EU-IBE;AM-LAT,1100,1700,approx.; later in the Americas,"Muslim and converted artisans under Christian rule carried brick, stucco, tile and carved-ceiling (artesonado) skills into churches and palaces.",brick;stucco;alicatado tile;artesonado carpentry,palace;church ceiling;tower,shelter;ritual and belief;rule and display,Jose Amador de los Rios (1859),the legal status and later expulsion of Mudejar and Morisco artisans,none,Wikimedia Commons;Europeana;Met Open Access (CC0),R2,F1.13;F1.14,high,
STY016,Manueline,Portuguese late Gothic,style,Ideas,F1.11;F1.13,EU-IBE,1490,1540,approx.,"Portuguese court masons carved ropes, armillary spheres and sea life from the voyages into stone.",stone carving;azulejo,monastery;tower;window,rule and display;ritual and belief,Francisco Adolfo de Varnhagen (1842),enslaved Africans in Lisbon; the peoples reached by the voyages,none,Wikimedia Commons;Europeana,R3,F1.13,high,
STY017,Plateresque,Plateresco,style,Ideas,F1.11;F1.7,EU-IBE;AM-LAT,1490,1560,approx.,Surface ornament compared to silversmith's work spread from Salamanca to New Spain facades.,stone carving;grotesque ornament,facade;portal,rule and display;ritual and belief,"term from 17th c. writers, 19th c. historians",Indigenous carvers in New Spain,none,Wikimedia Commons;Europeana,R3,,high,
STY018,Churrigueresque,Churrigueresco,style,Ideas,F1.11;F1.7,EU-IBE;AM-LAT,1680,1780,approx.,"Retable makers stacked estipite pilasters and gilded carving, a vocabulary pushed further in New Spain.",gilded wood carving;estipite;stucco,retablo;church facade,ritual and belief,"historians, after the Churriguera family",Indigenous and mestizo carvers and gilders in the Americas,sacred,Wikimedia Commons;Europeana,R3,,high,
STY019,Italian Renaissance,Rinascimento,style,Ideas,F1.11,EU-WCE,1400,1550,approx.,"The bottega system, linear perspective and the move from guild craft to 'liberal art' reshaped the status of making.",fresco;tempera;oil;bronze casting;linear perspective,altarpiece;palazzo;bronze statue;maiolica,rule and display;ritual and belief,"Vasari (rinascita, 1550); Michelet (1855); Burckhardt (1860)",workshop assistants; women (few recorded); Byzantine and Islamic sources; enslaved domestic workers,none,Met Open Access (CC0);Cleveland Museum of Art Open Access (CC0);National Gallery of Art Washington Open Access (CC0);Getty Open Content;Wikimedia Commons,R1,F1.3;F1.17,high,Vasari's Lives as a primary source for how the story was written.
STY020,Early Netherlandish painting,Flemish Primitives,style,Ideas,F1.11,EU-BLC,1420,1530,approx.,Oil-glaze technique and guild-regulated workshops in Bruges and Ghent made panel painting an export trade.,oil glazing;oak panel;underdrawing,altarpiece;portrait;devotional diptych,ritual and belief;rule and display,1902 Bruges exhibition; Erwin Panofsky (1953),workshop assistants; the Iberian and Italian markets that funded it,none,Met Open Access (CC0);Cleveland Museum of Art Open Access (CC0);National Gallery of Art Washington Open Access (CC0);Rijksmuseum (CC0);Wikimedia Commons,R2,,high,
STY021,Northern Renaissance,German Renaissance,style,Ideas,F1.11,EU-WCE;EU-BLC,1480,1580,approx.,"Printmaking (woodcut, engraving) let artists such as Durer sell images across Europe independently of patrons.",woodcut;engraving;oil,print;altarpiece;portrait,record and writing;ritual and belief,art historians,block cutters (Formschneider) who cut the designs,none,Met Open Access (CC0);Cleveland Museum of Art Open Access (CC0);National Gallery of Art Washington Open Access (CC0);Rijksmuseum (CC0);Wikimedia Commons,R3,F1.5;F1.14,high,
SCH001,School of Fontainebleau,Ecole de Fontainebleau,school,Ideas,F1.11,EU-WCE,1530,1610,approx.,Italian artists at the French court developed strapwork and stucco frames that spread through ornament prints.,stucco;strapwork;etching,gallery decoration;ornament print,rule and display,art historians (term 19th c.),French and Flemish assistants,none,Met Open Access (CC0);National Gallery of Art Washington Open Access (CC0);Wikimedia Commons,R3,F1.15,high,
STY022,Baroque,Barocco,style,Ideas,F1.11;F1.7;F1.13,EU-WCE;EU-IBE;AM-LAT;AS-ISE,1600,1750,approx.,"Church and court workshops combined architecture, sculpture and painting into total environments, exported by Catholic missions worldwide.",illusionistic painting;stucco;gilding;bronze,church interior;altarpiece;fountain,ritual and belief;rule and display,Heinrich Wolfflin (1888); term from barroco (irregular pearl),colonial workshops that built most Baroque churches outside Europe,sacred,Met Open Access (CC0);National Gallery of Art Washington Open Access (CC0);Rijksmuseum (CC0);Wikimedia Commons,R2,F1.15,high,
STY023,Auricular style,Kwabstijl;Lobate style,style,Ideas,F1.11,EU-BLC;EU-WCE,1600,1660,approx.,"Dutch silversmiths (van Vianen, Lutma) raised soft, ear-like forms from single sheets of metal.",silver chasing;raising,ewer;dish;frame,rule and display,art historians (Dutch kwab = lobe),the journeymen chasers in the van Vianen and Lutma workshops,none,Rijksmuseum (CC0);Met Open Access (CC0);Wikimedia Commons,R3,F1.15,high,
STY024,Rococo,Rocaille,style,Ideas,F1.11;F1.13,EU-WCE;EU-EER,1720,1770,approx.,"Asymmetric rocaille ornament ran through porcelain, silver and interiors via engraved pattern books.",carved and gilded wood;porcelain;ornament engraving,boiserie;commode;porcelain figure,rule and display,"critics (term from rocaille, used pejoratively c.1790s)",Asian lacquer and porcelain models; Meissen and Sevres workers,none,Met Open Access (CC0);Rijksmuseum (CC0);Cleveland Museum of Art Open Access (CC0);Wikimedia Commons,R2,F1.15,high,
STY025,Palladianism,Palladian architecture,style,Ideas,F1.11;F1.7,EU-BLC;EU-WCE;AM-EWD;AM-CAR,1570,1800,approx.,"Palladio's illustrated treatise let builders reproduce villa forms from Veneto to Virginia, often built by enslaved people.",pattern book;portico;stucco on brick,villa;country house;plantation house,shelter;rule and display,followers who named it after Andrea Palladio,enslaved builders of plantation houses in the Americas,human-flow,Met Open Access (CC0);Wikimedia Commons;Library of Congress (public-domain items),R3,F1.14;F1.23,high,
STY026,Neoclassicism,Neoclassical style,style,Ideas,F1.11;F1.7;F1.13,EU-WCE;EU-BLC;EU-EER;AM-EWD;AM-LAT,1750,1830,approx.,Archaeological finds at Herculaneum and Pompeii were turned into pattern books and ceramics (Wedgwood) for mass markets.,jasperware;engraving;marble,urn;furniture;public building,rule and display,19th c. historians; Winckelmann's writings drove it,enslaved labour behind wealth that funded it; Ottoman lands the antiquities came from,none,Met Open Access (CC0);Cleveland Museum of Art Open Access (CC0);Rijksmuseum (CC0);Yale Center for British Art (public domain);Wikimedia Commons,R2,F1.19;F1.24,high,
MOV001,Pre-Raphaelite Brotherhood,PRB,movement,Ideas,F1.11,EU-BLC,1848,1853,approx.; circle lasted longer,Its return to medieval workshop ideals fed directly into Morris and the Arts and Crafts movement.,oil;stained glass (later);embroidery (later),painting;stained glass;book illustration,ritual and belief,the members,women artists and models such as Elizabeth Siddal; embroiderers,none,Yale Center for British Art (public domain);Wikimedia Commons;British Library digitised manuscripts (public-domain items),R3,,high,
STY027,Gothic Revival,Neo-Gothic,style,Ideas,F1.11;F1.7;F1.9;F1.13,EU-BLC;EU-WCE;AM-EWD;AS-SAS;OC-AUS,1740,1910,approx.,"Pugin tied Gothic form to honest construction, an argument about making that the Arts and Crafts movement inherited; empire carried it worldwide.",stone;encaustic tile;cast iron,church;parliament;railway station,shelter;ritual and belief;rule and display,historians; A. W. N. Pugin's own writings,"colonial builders who made it in Bombay, Melbourne and elsewhere",none,Met Open Access (CC0);Yale Center for British Art (public domain);Wikimedia Commons;Library of Congress (public-domain items),R2,F1.15,high,
STY028,Egyptian Revival,Egyptomania,style,Ideas,F1.11;F1.6;F1.13,EU-WCE;EU-BLC;AF-EGY,1798,1850,approx.; recurs 1920s,Napoleon's Description de l'Egypte turned plundered and surveyed Egyptian forms into furniture and building ornament.,ornament engraving;ormolu,furniture;cemetery gate;clock,rule and display,historians,Egyptians of the time; removed antiquities,conflict-looting,Met Open Access (CC0);Wikimedia Commons;Internet Archive (public-domain scans),R3,F1.2;F1.24,high,
STY029,Chinoiserie,European Chinese taste,style,Ideas,F1.11;F1.8;F1.13,EU-WCE;EU-BLC;AS-CHN,1650,1800,approx.; revivals later,"European makers imitated imported Chinese lacquer, porcelain and silk, building a fantasy of China that fed back into export production.",japanning;tin-glazed earthenware;wallpaper,lacquered cabinet;delftware;wallpaper;pavilion,rule and display,18th c. term; later historians,Chinese export painters and potters who produced to European order,none,Met Open Access (CC0);Rijksmuseum (CC0);Cleveland Museum of Art Open Access (CC0);Wikimedia Commons,R2,F1.2;F1.14,high,
STY030,Japonisme,Japonism,style,Ideas,F1.11;F1.8;F1.13,EU-WCE;EU-BLC;AS-JPN,1860,1910,approx.,"Imported woodblock prints and crafts changed European graphic design, ceramics and furniture.",woodblock print;flat colour;asymmetry,poster;ceramic;furniture,rule and display,Philippe Burty (1872),the Japanese printers and carvers; Meiji export workshops,none,Met Open Access (CC0);Rijksmuseum (CC0);Art Institute of Chicago (CC0);Cleveland Museum of Art Open Access (CC0);Wikimedia Commons,R2,F1.2;F1.14,high,
STY031,Orientalism (style and discourse),Orientalist art,style,Ideas,F1.11;F1.10;F1.6,EU-WCE;AF-MAG;AF-EGY;WA-LEV;WA-ANA,1800,1930,approx.,"European painters and decorators staged the Islamic world as timeless, shaping how its crafts were collected and displayed.",oil;photography;decorative arts,painting;photograph;interior,rule and display,Edward Said (1978) named the discourse; the term existed earlier for the painters,the people depicted; local artists working at the same time,none,Met Open Access (CC0);Wikimedia Commons;Library of Congress (public-domain items),R2,F1.2;F1.3;F1.24,high,
STY032,Moorish Revival,Neo-Moorish;Neo-Mudejar,style,Ideas,F1.11;F1.7;F1.10,EU-WCE;EU-IBE;AM-LAT;AF-MAG,1830,1930,approx.,"Owen Jones's Alhambra plates turned Nasrid ornament into cast-iron, tile and synagogue architecture worldwide.",chromolithography;cast iron;tile,synagogue;bullring;smoking room,rule and display;ritual and belief,historians,the Nasrid and Moroccan craftsmen whose work was reproduced,none,Wikimedia Commons;Internet Archive (public-domain scans);Met Open Access (CC0),R3,F1.14;F1.15,high,
STY033,Indo-Saracenic,Indo-Gothic,style,Ideas,F1.9;F1.11,AS-SAS,1860,1930,approx.,"British architects in India mixed Mughal and Hindu elements onto modern building types, using Indian craftsmen under colonial rule.",stone carving;brick;cast iron,railway station;court;museum;palace,rule and display;shelter,historians; British architects,Indian master builders (mistris) whose names rarely appear,none,Wikimedia Commons;Library of Congress (public-domain items);Internet Archive (public-domain scans),R2,F1.2;F1.20,high,
STY034,Beaux-Arts architecture,Beaux-Arts style,style,Ideas,F1.11;F1.7;F1.13,EU-WCE;AM-EWD;AM-LAT;GL,1830,1930,approx.,The Paris ecole's drawing and competition system exported one method of planning to capitals worldwide.,rendered drawing;steel frame with masonry,opera house;museum;station,rule and display;shelter,"historians, after the Ecole des Beaux-Arts",local builders and craft traditions in the cities where it was imposed,none,Wikimedia Commons;Library of Congress (public-domain items);Met Open Access (CC0),R3,F1.19,high,
MOV002,Peredvizhniki,The Wanderers;Itinerants,movement,Ideas,F1.11,EU-EER,1870,1923,approx.,Russian artists left the Academy and ran travelling exhibitions to reach audiences outside the capitals.,oil,painting,rule and display,the members (Association of Travelling Art Exhibitions),non-Russian subjects of the empire,none,Wikimedia Commons,R3,F1.15,high,
MOV003,Impressionism,Impressionnisme,movement,Ideas,F1.11,EU-WCE,1874,1886,approx.; eight group exhibitions,"Independent group exhibitions bypassed the Salon, a new model for how makers reach buyers.",oil;tube paint;plein air,painting;print,rule and display,critic Louis Leroy (1874); the members,"women members (Morisot, Cassatt) often secondary; Japanese print sources",none,Met Open Access (CC0);National Gallery of Art Washington Open Access (CC0);Art Institute of Chicago (CC0);Cleveland Museum of Art Open Access (CC0);Wikimedia Commons,R2,F1.17,high,
SCH002,Heidelberg School,Australian Impressionism,school,Ideas,F1.12,OC-AUS,1886,1900,approx.,Settler painters' camps near Melbourne made landscape a vehicle of colonial national identity.,oil;plein air,landscape,rule and display,art critic Sidney Dickinson (1891),Aboriginal owners of the land painted as empty,Indigenous-community,Museums Victoria Collections (PD/CC BY items);Wikimedia Commons,R3,F1.3,high,
MOV004,Design reform movement (Britain),South Kensington design reform,movement,Ideas,F1.11;F1.13,EU-BLC,1835,1865,approx.; 1835-36 Select Committee on Arts and Manufactures,"Reformers (Henry Cole, Owen Jones, Richard Redgrave) set rules for 'correct' flat ornament and founded schools and a museum to train industrial designers.",chromolithography;ornament rules;museum collecting,pattern book;textile;wallpaper,rule and display,the members; Parliament's Select Committee,the Indian and Islamic makers whose objects were held up as models; factory workers,none,Yale Center for British Art (public domain);Internet Archive (public-domain scans);Met Open Access (CC0);Wikimedia Commons,R1,F1.15;F1.19;F1.24,high,"Owen Jones, Grammar of Ornament (1856), is a primary source."
MOV005,Arts and Crafts movement,Arts and Crafts,movement,Ideas,F1.11;F1.7;F1.13,EU-BLC;EU-WCE;AM-EWD,1860,1920,approx.; name from Arts and Crafts Exhibition Society (1887),"It argued that the conditions of making (hand, workshop, pleasure in labour) mattered as much as the object, a claim later reworked by Mingei, Swadeshi and studio craft.",hand weaving;woodblock printing;natural dyeing;enamelling;letterpress,wallpaper;textile;furniture;book;metalwork,shelter;clothing and adornment;record and writing,"the members (Morris, Crane, Ashbee, Lethaby)",women embroiderers and makers credited under firm names; the Indian and Persian textiles it studied; its prices put products beyond working-class buyers,none,Met Open Access (CC0);Yale Center for British Art (public domain);Cooper Hewitt Open Access (CC0 metadata; images where PD);Wikimedia Commons;Internet Archive (public-domain scans),R1,F1.17;F1.18;F1.19;F1.20,high,
MOV006,Aesthetic Movement,Aestheticism,movement,Ideas,F1.11;F1.7,EU-BLC;AM-EWD,1860,1900,approx.,"Designers and retailers made domestic interiors and collecting (blue-and-white porcelain, Japanese goods) a matter of taste.",ebonised wood;art pottery;wallpaper,sideboard;tile;wallpaper;dress,shelter;rule and display,the members; critics who mocked it,the Japanese and Chinese makers of the collected goods,none,Met Open Access (CC0);Yale Center for British Art (public domain);Cooper Hewitt Open Access (CC0 metadata; images where PD);Wikimedia Commons,R3,F1.21,high,
MOV007,Private press movement,Fine press movement,movement,Ideas,F1.11;F1.7,EU-BLC;AM-EWD,1891,1940,approx.; Kelmscott Press 1891,"Presses such as Kelmscott and Doves redesigned type and hand-printing, reviving the book as a crafted object.",hand-press printing;type design;wood engraving,book;typeface,record and writing,the members,compositors and pressmen; women binders,none,Internet Archive (public-domain scans);HathiTrust (public-domain scans);British Library digitised manuscripts (public-domain items);Wikimedia Commons,R3,F1.28,high,
STY035,Craftsman style,American Arts and Crafts,style,Ideas,F1.7,AM-EWD;AM-WST,1897,1920,approx.,Gustav Stickley's workshop and magazine sold plain oak furniture and bungalow plans by mail order.,quartersawn oak;mortise and tenon;hammered copper,chair;bungalow;lamp,shelter,historians; Stickley's magazine The Craftsman,the factory workers behind 'handmade' marketing,none,Met Open Access (CC0);Library of Congress (public-domain items);Cooper Hewitt Open Access (CC0 metadata; images where PD),R3,F1.21,high,
STY036,Art Nouveau,Style moderne;Stile floreale,style,Ideas,F1.11;F1.13,EU-WCE;EU-BLC;EU-IBE;EU-EER,1890,1914,approx.; named after Siegfried Bing's Paris shop (1895),"A whiplash-line ornament system applied at once to iron, glass, jewellery, posters and buildings, erasing the line between fine and applied art.",cast and wrought iron;art glass;lithography;enamel,metro entrance;poster;vase;jewellery,rule and display;shelter;clothing and adornment,dealers and critics (Bing); historians,Japanese sources; Congo ivory and rubber behind Belgian Art Nouveau; women designers and glassworkers,none,Met Open Access (CC0);Paris Musees (CC0);Cooper Hewitt Open Access (CC0 metadata; images where PD);Rijksmuseum (CC0);Wikimedia Commons,R1,F1.15;F1.19;F1.20,high,
STY037,Jugendstil,Youth style,style,Ideas,F1.11,EU-WCE;EU-SCA,1896,1914,approx.; after the Munich magazine Jugend,"German and Nordic designers applied Art Nouveau to furniture, typefaces and graphic design.",lithography;type design;furniture,magazine;poster;typeface,record and writing;rule and display,the magazine Jugend and critics,women designers and the factory workers who produced the goods,none,Met Open Access (CC0);MAK Vienna Sammlung Online (open-licence items; check);DigitaltMuseum Norway/Sweden (CC BY items);Wikimedia Commons,R3,,high,
MOV008,Modernisme (Catalan),Catalan Modernism,movement,Ideas,F1.11,EU-IBE,1888,1911,approx.,"Barcelona architects such as Gaudi and Domenech revived trencadis tile, forged iron and Catalan vaulting in modern buildings.",trencadis mosaic;Catalan vault;wrought iron,house;hospital;concert hall,shelter;rule and display,the members and Catalan critics,the tile-setters and ironworkers of the building trades,none,Wikimedia Commons;Europeana,R2,,high,
MOV009,Vienna Secession,Wiener Secession,movement,Ideas,F1.11,EU-WCE,1897,1939,approx.,"Artists broke from the Kunstlerhaus to show design and art together, leading to the Wiener Werkstatte.",graphic design;exhibition design,poster;magazine;building,rule and display,"the members (Klimt, Hoffmann, Moser)",women applied artists,none,MAK Vienna Sammlung Online (open-licence items; check);Met Open Access (CC0);Wikimedia Commons,R3,F1.15,high,
STY038,Glasgow Style,Glasgow School (design),style,Ideas,F1.11,EU-BLC,1890,1920,approx.,"Mackintosh, Margaret and Frances Macdonald and Herbert MacNair made a linear style across furniture, metal and textile.",stencilling;beaten metal;gesso,chair;tea room interior;poster,shelter;rule and display,historians,Margaret Macdonald's share of joint work; the Glasgow Girls,none,Met Open Access (CC0);Wikimedia Commons,R3,F1.26,high,
STY039,Nieuwe Kunst,Dutch Art Nouveau,style,Ideas,F1.11;F1.9;F1.13,EU-BLC;AS-ISE,1892,1904,approx.,Dutch designers adopted Javanese batik techniques and motifs brought through colonial rule.,batik;book design;ceramics,book cover;textile;ceramic,record and writing;clothing and adornment,historians,Javanese batik makers whose technique was taken up,none,Rijksmuseum (CC0);Tropenmuseum/Wereldmuseum photos on Wikimedia Commons (CC BY-SA);Wikimedia Commons,R3,F1.2;F1.14;F1.18,high,
MOV010,Ecole de Nancy,Alliance provinciale des industries d'art,movement,Ideas,F1.11,EU-WCE,1901,1914,approx.,"Galle, Daum and Majorelle organised glass, furniture and craft firms around a shared naturalist programme.",cameo glass;marquetry;pate de verre,vase;cabinet;lamp,shelter;rule and display,the members (founded 1901),factory glassworkers behind signed pieces,none,Met Open Access (CC0);Paris Musees (CC0);Wikimedia Commons,R3,F1.17,high,
STY040,National Romanticism (Nordic),Nationalromantik,style,Ideas,F1.11,EU-SCA,1880,1915,approx.,Architects and craft societies used folk building and textile traditions to express national identity.,timber;granite;folk weaving,house;museum;tapestry,shelter;rule and display,historians,Sami makers used as symbols but excluded,none,Finna.fi (CC BY items);DigitaltMuseum Norway/Sweden (CC BY items);Nationalmuseum Sweden (public domain via Wikimedia Commons);Wikimedia Commons,R3,,high,
STY041,Zakopane style,Styl zakopianski,style,Ideas,F1.11,EU-EER,1890,1914,approx.,Stanislaw Witkiewicz turned Goral highland carpentry into a national architectural style.,log construction;carving,villa;chapel;furniture,shelter,Stanislaw Witkiewicz and followers,Goral carpenters who built it,none,Wikimedia Commons;Europeana,R3,F1.29,high,
MOV011,Deutscher Werkbund,German Werkbund,movement,Ideas,F1.11,EU-WCE,1907,1934,approx.; refounded 1950,"Designers, industrialists and craftspeople organised to raise the quality of German industrial goods, and argued openly over standardisation (Typisierung) versus individual artistry.",industrial design;standardisation;exhibition,appliance;furniture;housing estate;poster,shelter;tools,"the members (Muthesius, Behrens, Naumann)",workers in the factories; the export and colonial ambitions behind it,none,MAK Vienna Sammlung Online (open-licence items; check);Wikimedia Commons;Cooper Hewitt Open Access (CC0 metadata; images where PD),R1,F1.19;F1.20,high,Institution-like; kept here as movement. Weissenhof 1927 in makers file as event.
MOV012,Cubism,Cubisme,movement,Ideas,F1.11,EU-WCE;EU-IBE,1907,1925,approx.,"Fragmented, collaged objects changed graphic and product form and brought African and Oceanic sculpture into Western studios.",collage;papier colle;oil,painting;collage;sculpture,rule and display,critics (Louis Vauxcelles) and the painters,the African and Oceanic makers whose works were studied as 'art negre',none,Met Open Access (CC0);National Gallery of Art Washington Open Access (CC0);Wikimedia Commons,R3,F1.2,high,
MOV013,Italian Futurism,Futurismo,movement,Ideas,F1.11,EU-WCE,1909,1944,approx.,"Manifestos covered cooking, typography, fashion and architecture, treating speed and machine production as the model for all making.",parole in liberta typography;photodynamism;stage design,manifesto;poster;building design,record and writing;transport,F. T. Marinetti and members (1909 manifesto),its links to Fascism; women futurists,none,Wikimedia Commons;collection search link-out only (works in copyright),R2,F1.20,high,
MOV014,Dada,Dadaism,movement,Ideas,F1.11;F1.7,EU-WCE;AM-EWD,1916,1924,approx.,"Dada's readymades and photomontage questioned authorship and the value of hand-making, using mass-produced objects as art.",photomontage;readymade;collage,magazine;assemblage,record and writing,the members,"women Dadaists (Hannah Hoch, Baroness Elsa)",none,collection search link-out only (works in copyright);Wikimedia Commons,R3,F1.14;F1.26,high,
MOV015,Surrealism,Surrealisme,movement,Ideas,F1.11;F1.6;F1.7;F1.13,EU-WCE;AF-EGY;AM-MES;AM-CAR,1924,1966,approx.; Breton manifesto 1924,"Surrealists used automatism, found objects and collected Oceanic and Indigenous American objects.",automatism;assemblage;photography,painting;object;magazine,ritual and belief,Andre Breton (1924 manifesto) and members,collected Indigenous objects and their makers; women surrealists,none,collection search link-out only (works in copyright);Wikimedia Commons,R3,F1.2,high,
MOV016,New Typography,Die neue Typographie,movement,Ideas,F1.11,EU-WCE;EU-EER,1923,1935,approx.,Asymmetric sans-serif layouts and standard paper sizes (DIN) remade commercial printing.,sans-serif type;asymmetric layout;photomontage,poster;letterhead;book,record and writing,Jan Tschichold (1925 special issue; 1928 book) and circle,compositors and printers who executed layouts; women designers in the circle,none,collection search link-out only (works in copyright);Cooper Hewitt Open Access (CC0 metadata; images where PD);Wikimedia Commons,R2,F1.20,high,
MOV017,Suprematism,Suprematizm,movement,Ideas,F1.11,EU-EER,1915,1925,approx.; launched at 0.10 exhibition 1915,"Malevich's non-objective forms were applied to porcelain, textiles and architecture models (arkhitektony).",geometric abstraction;porcelain painting,painting;teapot;architectural model,rule and display,Kazimir Malevich and followers,"women in the group (Rozanova, Popova, Ekster)",none,collection search link-out only (works in copyright);Wikimedia Commons,R3,F1.20,high,
MOV018,UNOVIS,Champions of the New Art,movement,Ideas,F1.11,EU-EER,1919,1922,approx.; Vitebsk,"A teaching collective in Vitebsk that designed signage, trams and ration cards collectively, signing as a group.",lithography;collective authorship,poster;book;banner,record and writing,"the members (Malevich, Lissitzky, Chashnik)",Jewish Vitebsk craft culture it grew from,none,collection search link-out only (works in copyright);Wikimedia Commons,R3,F1.26,medium,
MOV019,Constructivism,Russian Constructivism,movement,Ideas,F1.11,EU-EER,1921,1932,approx.,"Artists recast themselves as constructors of useful things: textiles, workers' clothing, kiosks, posters.",photomontage;textile printing;construction,poster;textile;workers' club;kiosk,clothing and adornment;record and writing;shelter,"the members (Rodchenko, Stepanova, Popova, Tatlin)",textile-factory workers who printed the designs,none,collection search link-out only (works in copyright);Wikimedia Commons,R1,F1.19;F1.20,high,Pair with Vkhutemas (makers file).
MOV020,De Stijl,Neo-Plasticism,movement,Ideas,F1.11,EU-BLC,1917,1931,approx.,"Primary colours and orthogonal forms were applied across painting, furniture, typography and houses.",primary colour;orthogonal composition,chair;house;magazine,shelter;record and writing,"the members (Van Doesburg, Mondrian, Rietveld)",the joiners who made Rietveld's furniture,none,Rijksmuseum (CC0);collection search link-out only (works in copyright);Wikimedia Commons,R2,F1.20,high,
STY042,Art Deco,Style moderne;Art Deco,style,Ideas,F1.11;F1.7;F1.13,EU-WCE;AM-EWD;AM-LAT;AF-MAG;AS-SAS;AS-CHN;OC-POL,1920,1940,approx.; named in the 1960s after the 1925 Paris exposition,A geometric luxury style ran from ocean liners to cinemas and was adopted by local builders from Mumbai to Shanghai to Napier.,lacquer;shagreen;chrome;terrazzo;concrete,cinema;liner interior;jewellery;furniture,rule and display;shelter;transport,"historians (Bevis Hillier, 1968)","colonial materials and labour (ivory, ebony, Indochinese lacquer workers)",none,Met Open Access (CC0);Cooper Hewitt Open Access (CC0 metadata; images where PD);Wikimedia Commons,R2,F1.15;F1.19,high,
STY043,Streamline Moderne,Streamline design,style,Ideas,F1.7;F1.11,AM-EWD;AM-WST,1930,1945,approx.,Industrial designers applied aerodynamic forms to static goods to boost Depression-era sales.,pressed steel;Bakelite;chrome,toaster;train;radio,transport;food and storage,"historians; industrial designers (Loewy, Dreyfuss, Bel Geddes)",the workers on the assembly lines; consumers who could not afford the goods,none,Cooper Hewitt Open Access (CC0 metadata; images where PD);Library of Congress (public-domain items);Wikimedia Commons,R2,F1.19;F1.21,high,
STY044,International Style (architecture),Modern Movement,style,Ideas,F1.11;F1.7;F1.13,GL,1920,1970,approx.,"Steel, glass and reinforced concrete with free plans were promoted as a universal building method.",reinforced concrete;steel frame;curtain wall,villa;housing estate;office tower,shelter,Henry-Russell Hitchcock and Philip Johnson (MoMA 1932),local and vernacular builders; climate difference,none,collection search link-out only (works in copyright);Wikimedia Commons;Library of Congress (public-domain items),R2,F1.3;F1.20,high,
MOV021,Italian Rationalism,Razionalismo,movement,Ideas,F1.11,EU-WCE,1926,1943,approx.,"Gruppo 7 applied modern construction to Italian building, entangled with Fascist state patronage.",reinforced concrete;glass block,party house;school,shelter;rule and display,the members (Gruppo 7),"its role in Fascist and colonial building (Libya, Eritrea)",none,Wikimedia Commons,R3,F1.20,high,
STY045,Socialist Realism,Sotsrealizm,style,Ideas,F1.11;F1.8;F1.12a,EU-EER;AS-CHN;AS-KOR;AS-CEN,1932,1991,approx.; official from 1934,"A state doctrine governed painting, sculpture, posters and ceramics across the Soviet sphere and China.",oil;propaganda poster;monumental sculpture,poster;statue;porcelain,rule and display,Soviet state and Union of Artists (1932-34),suppressed artists; national craft traditions reframed,none,collection search link-out only (works in copyright);Wikimedia Commons,R2,F1.20;F1.19a,high,
STY046,Stalinist architecture,Stalinist Empire style,style,Ideas,F1.11;F1.12a,EU-EER;AS-CEN;WA-CAU,1933,1955,approx.,Monumental classical buildings used craft ornament and prison labour on major projects.,steel frame with stone cladding;ornamental plaster,tower;metro station;palace of culture,shelter;rule and display,historians,Gulag labour on some works,human-flow,Wikimedia Commons,R3,F1.23,high,
MOV022,Isotype,International System of Typographic Picture Education,movement,Ideas,F1.11,EU-WCE;EU-BLC,1925,1971,"approx.; Vienna method from 1925, Isotype name 1935","Otto Neurath, Marie Neurath and Gerd Arntz built a standard pictogram system, a team method of turning data into images.",pictogram;linocut;statistical chart,chart;book;pictogram,record and writing;care and access,the members,"Marie Neurath's role as 'transformer', long overlooked",none,Internet Archive (public-domain scans);collection search link-out only (works in copyright);Wikimedia Commons,R2,F1.26,high,
SCH003,Polish School of Posters,Polska Szkola Plakatu,school,Ideas,F1.11,EU-EER,1950,1980,approx.,"State film and theatre posters became an arena for painterly, personal graphic design.",lithography;screen printing;hand lettering,film poster;theatre poster,rule and display;play and music,critics and historians,the state censorship that framed it; printers,none,Library of Congress (public-domain items);collection search link-out only (works in copyright),R3,F1.4,high,
STY047,Swiss Style,International Typographic Style,style,Ideas,F1.11;F1.13,EU-WCE;GL,1950,1980,approx.,"Grid systems, sans-serif type and objective photography became the default of corporate and public-sector design.",grid;sans-serif type;photography,poster;signage system;corporate identity,record and writing;care and access,"historians; practitioners (Muller-Brockmann, Ruder)",local and non-Latin scripts that its grids handled poorly,none,Cooper Hewitt Open Access (CC0 metadata; images where PD);collection search link-out only (works in copyright),R2,F1.20,high,
MOV023,Garden City movement,Garden city,movement,Ideas,F1.11;F1.13,EU-BLC;GL,1898,1940,approx.,"Ebenezer Howard's plan organised housing, industry and green space as a planned whole.",town planning;cottage building,garden city;estate,shelter,Ebenezer Howard (1898) and members,colonial garden cities (e.g. in Africa) built on segregation,none,Internet Archive (public-domain scans);Wikimedia Commons,R3,,high,
STY048,Scandinavian Modern,Scandinavian design,style,Ideas,F1.11;F1.13,EU-SCA,1930,1970,approx.; label fixed by US touring exhibition Design in Scandinavia (1954-57),"Nordic furniture, glass and textile firms sold humane modern design as a national export brand.",bent plywood;teak;glassblowing;printed textile,chair;glass;textile,shelter;food and storage,the 1954-57 touring exhibition and marketers,Sami design; the factory workers,none,Nationalmuseum Sweden (public domain via Wikimedia Commons);DigitaltMuseum Norway/Sweden (CC BY items);Finna.fi (CC BY items);Cooper Hewitt Open Access (CC0 metadata; images where PD),R2,F1.20;F1.21,high,
STY049,Mid-century modern,Mid-century modern design,style,Ideas,F1.7;F1.11,AM-EWD;AM-WST,1945,1970,approx.; term by Cara Greenberg (1984),"Moulded plywood, fibreglass and wire furniture reached mass markets after war-time material research.",moulded plywood;fibreglass;wire,chair;house;appliance,shelter,Cara Greenberg (1984) and the design market,military research that produced the materials; factory workers,none,Cooper Hewitt Open Access (CC0 metadata; images where PD);Library of Congress (public-domain items);collection search link-out only (works in copyright),R3,F1.19a;F1.21,high,
MOV024,Good Design,Good Design exhibitions,movement,Ideas,F1.7;F1.11,AM-EWD,1950,1955,approx.,"MoMA and the Chicago Merchandise Mart selected everyday products as 'good', making the museum a buyer's guide.",curatorial selection,appliance;furniture;kitchenware,food and storage,Edgar Kaufmann Jr. (MoMA),products outside middle-class markets,none,collection search link-out only (works in copyright),R3,F1.21;F1.24,high,
MOV025,Gute Form,Good Form,movement,Ideas,F1.11,EU-WCE,1949,1970,approx.,"Max Bill and the Swiss Werkbund defined honest, durable product form; the ideology shaped Ulm and Braun.",product design;standardisation,appliance;furniture,tools;food and storage,Max Bill and Swiss Werkbund,critics of consumer taste it dismissed,none,Cooper Hewitt Open Access (CC0 metadata; images where PD);collection search link-out only (works in copyright),R3,F1.20,high,
STY050,Brutalism,New Brutalism,style,Ideas,F1.11;F1.13,EU-BLC;EU-WCE;EU-EER;AM-LAT;AS-SAS;GL,1950,1980,"approx.; term Alison and Peter Smithson (1953), Reyner Banham (1955)","Exposed, board-marked concrete showed the traces of how buildings were made.",beton brut;board-marked concrete,housing estate;university;church,shelter,the Smithsons and Reyner Banham,construction workers; later tenants,none,Wikimedia Commons;collection search link-out only (works in copyright),R2,F1.20,high,
MOV026,Metabolism,Metaboreizumu,movement,Ideas,F1.8,AS-JPN,1960,1975,approx.; manifesto at World Design Conference Tokyo 1960,Japanese architects proposed buildings of replaceable capsules and megastructures growing like organisms.,prefabrication;capsule;megastructure,capsule tower;city plan,shelter,"the members (Kikutake, Kurokawa, Maki, Otaka)",the post-war construction labour,none,collection search link-out only (works in copyright);Wikimedia Commons,R2,F1.20,high,
MOV027,Archigram,Archigram group,movement,Ideas,F1.11,EU-BLC,1961,1974,approx.,"A London group used comic-strip drawings to propose plug-in, walking and instant cities.",collage;drawing,magazine;speculative project,shelter,the members,the people who would live in the proposed cities,none,collection search link-out only (works in copyright),R3,F1.20,high,
MOV028,Italian Radical Design,Radical Design;Anti-design,movement,Ideas,F1.11,EU-WCE,1966,1976,approx.,"Groups such as Archizoom, Superstudio and UFO used objects and speculative projects to critique consumer design.",speculative drawing;photocollage;polyurethane,lamp;sofa;speculative city,shelter,Germano Celant (1966 term 'architettura radicale'); the members,the artisans and small manufacturers who realised the prototypes,none,collection search link-out only (works in copyright),R3,F1.20,high,
MOV029,Memphis Group,Memphis,movement,Ideas,F1.11,EU-WCE,1981,1988,approx.,Ettore Sottsass's group used plastic laminate and bold pattern to reject tasteful modern furniture.,plastic laminate;terrazzo pattern,bookcase;lamp;ceramics,shelter,the members,the manufacturers and laminate makers,none,collection search link-out only (works in copyright);Cooper Hewitt Open Access (CC0 metadata; images where PD),R2,F1.20;F1.21,high,
STY051,Postmodernism (architecture and design),Postmodern design,style,Ideas,F1.7;F1.11,AM-EWD;EU-WCE;AS-JPN,1966,1995,"approx.; Venturi (1966), Jencks (1977)","Designers returned ornament, historical quotation and humour to buildings and goods.",decorative laminate;applied ornament,building;teapot;chair,shelter,Robert Venturi; Charles Jencks,Denise Scott Brown's shared authorship,none,collection search link-out only (works in copyright);Cooper Hewitt Open Access (CC0 metadata; images where PD),R2,F1.20;F1.26,high,
STY052,Deconstructivism,Deconstructivist architecture,style,Ideas,F1.11;F1.7,EU-WCE;AM-EWD,1988,2005,approx.,Computer-aided fragmented forms were grouped by a museum show rather than by the architects.,CAD;steel;titanium cladding,museum;concert hall,shelter,Philip Johnson and Mark Wigley (MoMA 1988),the engineers and fabricators who made the forms buildable,none,collection search link-out only (works in copyright),R3,F1.3;F1.15,high,
STY053,Critical Regionalism,Critical regionalism,style,Ideas,F1.13,GL,1981,,approx.,"A theory that architecture should use local climate, light and craft within modern means.",local materials;climate response,house;public building,shelter,Alexander Tzonis and Liane Lefaivre (1981); Kenneth Frampton (1983),vernacular builders cited as sources,none,collection search link-out only (works in copyright),R3,F1.20,high,
STY054,Neo-vernacular,Neo-vernacular architecture,style,Ideas,F1.6;F1.9;F1.13,AF-EGY;AS-SAS;GL,1945,,approx.; Hassan Fathy's New Gourna from 1945,Architects such as Hassan Fathy and Laurie Baker revived mud-brick vaults and local building crafts against imported concrete.,mud brick;Nubian vault;brick jali,village;house;school,shelter,historians; the architects' own writings,the Nubian masons whose method Fathy adopted; residents who rejected New Gourna,none,Archnet (link-out);collection search link-out only (works in copyright);Wikimedia Commons,R2,F1.20;F1.29,high,
STY055,Tropical Modernism,Tropical Architecture,style,Ideas,F1.6;F1.9;F1.13,AF-GUI;AS-SAS;AS-ISE;GL,1945,1975,approx.,"Modern architecture adapted to heat and rain with brise-soleil and cross-ventilation, taught through colonial schools and later reworked by Geoffrey Bawa and West African architects.",brise-soleil;cross-ventilation;local timber,university;house;hotel,shelter,Maxwell Fry and Jane Drew (1956 book); Architectural Association Tropical department,"the African and Asian architects (e.g. Victor Adegbite, Minnette de Silva) who took it beyond its colonial origins",none,collection search link-out only (works in copyright);Wikimedia Commons,R2,F1.20,high,
STY056,Chandigarh modernism,Chandigarh architecture,style,Ideas,F1.9,AS-SAS,1951,1965,approx.,"Le Corbusier, Pierre Jeanneret, Jane Drew, Maxwell Fry and an Indian team designed a city down to its furniture, made by local joiners.",reinforced concrete;teak and cane furniture,capitol building;chair;house,shelter,historians,"Indian architects (e.g. Aditya Prakash, Eulie Chowdhury) and workers; later furniture looting from the city",none,collection search link-out only (works in copyright);Wikimedia Commons,R2,F1.20;F1.24,high,
STY057,Parametricism,Parametric design,style,Ideas,F1.13,GL,2008,,approx.,A computational design approach in which form is generated by scripted parameters.,parametric modelling;CNC fabrication,building;product,shelter,Patrik Schumacher (2008),fabrication workers; the programmers of the tools,none,collection search link-out only (works in copyright),R3,F1.21,medium,
MOV030,Droog,Droog Design,movement,Ideas,F1.11,EU-BLC,1993,,approx.,"A Dutch collective showed re-used and conceptual objects, making the idea behind making the product.",reuse;found objects,lamp;chair,shelter,"the founders (Renny Ramakers, Gijs Bakker)",the craftspeople and small producers who made the pieces,none,collection search link-out only (works in copyright),R3,F1.22,high,
MOV031,Critical design,Critical design,movement,Ideas,F1.11,EU-BLC,1999,,approx.,Anthony Dunne and Fiona Raby used prototypes to question technology's social effects.,prototype;scenario,object;film,rule and display,"Anthony Dunne (Hertzian Tales, 1999) and Fiona Raby",those without access to the gallery setting,none,collection search link-out only (works in copyright),R3,F1.22,high,
MOV032,Speculative design,Speculative and critical design,movement,Ideas,F1.11;F1.13,EU-BLC;GL,2013,,approx.,Designers make props and scenarios from possible futures so that people can debate technology before it arrives.,prototype;scenario;film,object;film,rule and display,"Dunne and Raby (Speculative Everything, 2013)","critics note its northern, middle-class viewpoint",none,collection search link-out only (works in copyright),R3,F1.22,high,
MOV033,New Wave typography,Swiss Punk;New Wave graphic design,movement,Ideas,F1.11;F1.7,EU-WCE;AM-WST;AM-EWD,1970,1990,approx.,"Wolfgang Weingart, April Greiman and Cranbrook students broke the Swiss grid, some by early Macintosh.",layered type;photocopy;early digital layout,poster;magazine,record and writing,historians; the practitioners,the typesetters and printers displaced by desktop tools,none,collection search link-out only (works in copyright);Cooper Hewitt Open Access (CC0 metadata; images where PD),R3,F1.21,high,
MOV034,Punk DIY graphics,Punk design,movement,Ideas,F1.11;F1.7,EU-BLC;AM-EWD,1976,1985,approx.,"Fanzines, sleeves and flyers were made by photocopier and cut-up, an anti-professional mode of making.",photocopy;collage;cut-up lettering,fanzine;record sleeve;flyer,play and music;record and writing,the participants; later historians,women and queer makers central to zine culture,none,collection search link-out only (works in copyright),R3,F1.4;F1.21,high,
MOV035,Net art,net.art,movement,Ideas,F1.11;F1.13,EU-EER;EU-WCE;GL,1994,2000,approx.,"Artists used the web browser, HTML and email as their material, making work that existed only on the network.",HTML;browser;email,website,record and writing,"the participants (term via Vuk Cosic, 1995)",artists outside Europe and North America with less internet access,none,collection search link-out only (works in copyright),R3,F1.4;F1.21,high,
STY058,Web 1.0 vernacular,Digital folklore;GeoCities style,style,Ideas,F1.13,GL,1994,2009,approx.; GeoCities closed 2009,Amateur home pages with animated GIFs and tiled backgrounds were a mass vernacular design practice.,HTML;animated GIF;tiled background,home page,record and writing;play and music,"Olia Lialina and Dragan Espenschied (Digital Folklore, 2009)",the anonymous page makers,none,collection search link-out only (works in copyright),R3,F1.21;F1.29,medium,
STY059,Flat design,Flat UI,style,Ideas,F1.13,GL,2010,,"approx.; Windows Metro 2010, iOS 7 2013","Platform makers removed simulated texture for flat colour and type, standardising app interfaces.",vector graphics;type,app interface;icon,tools,designers and platform companies,users who relied on visual cues for accessibility,none,collection search link-out only (works in copyright),R3,F1.21,high,
STY060,Material Design,Material Design,style,Ideas,F1.13,GL,2014,,approx.,"Google's published system set rules for layered cards and motion, a corporate style adopted by many makers.",design system;component library,app interface,tools,Google (2014),the many local interface conventions it overrode,none,collection search link-out only (works in copyright),R3,F1.21,high,
MOV036,Generative and computer art,Computer art,movement,Ideas,F1.11;F1.7,EU-WCE;AM-EWD,1965,,"approx.; first exhibitions 1965 (Nees, Nake, Noll)","Programmers used plotters and code to make images, founding algorithmic making.",pen plotter;algorithm,plotter drawing;print,record and writing,the practitioners; 1968 Cybernetic Serendipity exhibition,"women pioneers (Vera Molnar, Lillian Schwartz)",none,collection search link-out only (works in copyright);Wikimedia Commons,R3,F1.21,high,
MOV037,New Tendencies,Nove tendencije,movement,Ideas,F1.11,EU-BYZ;EU-WCE,1961,1973,approx.,"Zagreb exhibitions linked kinetic, op and computer art across Cold War blocs.",kinetic object;computer graphics,object;print,rule and display,"the organisers (Galerija suvremene umjetnosti, Zagreb)",the Yugoslav context of non-alignment that made the exchange possible,none,collection search link-out only (works in copyright),R3,F1.20,high,
MOV038,Kinetic art,Kinetic art,movement,Ideas,F1.11;F1.7,EU-WCE;AM-LAT,1955,1975,approx.; Le Mouvement exhibition 1955,"Artists including many Venezuelans and Argentines (Soto, Cruz-Diez, Le Parc) made motion and perception the medium.",motors;optics;perspex,sculpture;environment,play and music,the participants and Galerie Denise Rene,Latin American artists often credited to Paris,none,collection search link-out only (works in copyright),R3,F1.20,high,
MOV039,Pop Art,Pop,movement,Ideas,F1.11;F1.7,EU-BLC;AM-EWD,1955,1975,approx.; term via Lawrence Alloway,"Artists adopted commercial printing, packaging and screen printing as art methods.",screen printing;collage,print;painting,exchange and value,Independent Group; Lawrence Alloway,commercial illustrators and printers,none,collection search link-out only (works in copyright),R3,F1.21,high,
MOV040,Arte Povera,Poor art,movement,Ideas,F1.11,EU-WCE,1967,1972,approx.,"Artists used soil, felt, rags and scrap to reject industrial polish, treating humble materials and processes as the work.",found materials;organic materials,installation,rule and display,Germano Celant (1967),the southern Italian rural economies it romanticised,none,collection search link-out only (works in copyright),R3,F1.22,high,
MOV041,Studio pottery,Studio ceramics,movement,Ideas,F1.11;F1.8;F1.13,EU-BLC;AS-JPN;GL,1920,,approx.; Leach Pottery at St Ives 1920,"Bernard Leach and Hamada Shoji modelled the potter as designer and maker in one, based on East Asian and English slipware sources.",wheel throwing;stoneware;climbing kiln,bowl;jar;tea bowl,food and storage,the members; Bernard Leach's A Potter's Book (1940),the Korean and Japanese potters whose methods it drew on; Leach Pottery employees,none,collection search link-out only (works in copyright);Wikimedia Commons,R2,F1.2;F1.14,high,
MOV042,Studio craft movement,American studio craft,movement,Ideas,F1.7;F1.11,AM-EWD;AM-WST;EU-BLC,1945,,approx.,"Craftspeople trained in universities built careers as individual makers in clay, fibre, wood and metal.",wheel throwing;furniture making;weaving;metalsmithing,vessel;furniture;jewellery,food and storage;shelter;clothing and adornment,historians; American Craft Council,Black and Indigenous craftspeople outside the university system,none,Smithsonian Open Access (CC0);collection search link-out only (works in copyright),R2,F1.17,high,
MOV043,Studio glass movement,Studio glass,movement,Ideas,F1.7;F1.11,AM-EWD;EU-EER,1962,,approx.; Toledo Museum workshops 1962,"Small furnaces and low-melting glass let individual artists blow glass outside the factory, moving glass from industry into studio craft.",small furnace;glassblowing;lampworking,vessel;sculpture,rule and display,Harvey Littleton and Dominick Labino; participants,Czech glass artists who developed it in parallel,none,collection search link-out only (works in copyright);Cooper Hewitt Open Access (CC0 metadata; images where PD),R3,,high,
MOV044,Fiber art,New Tapestry;Art fabric,movement,Ideas,F1.11;F1.7,EU-WCE;EU-EER;AM-EWD,1962,1995,approx.; Lausanne Tapestry Biennials 1962-1995,"Weavers (many women, including Magdalena Abakanowicz and Sheila Hicks) made off-loom textile sculpture recognised as art.",off-loom weaving;knotting;sisal,wall hanging;sculpture,rule and display,the participants; Lausanne Biennials,non-Western textile traditions they drew on,none,collection search link-out only (works in copyright),R2,F1.18,high,
MOV045,Craftivism,Craftivism,movement,Ideas,F1.11;F1.7;F1.13,GL,2003,,approx.; term Betsy Greer (2003),"Knitting, stitching and embroidery were used as public protest, making slow handwork into a form of political speech.",knitting;cross-stitch;embroidery,banner;knitted object,rule and display;clothing and adornment,Betsy Greer and participants,"earlier protest textiles (arpilleras, suffrage banners)",none,collection search link-out only (works in copyright),R3,F1.18,high,
MOV046,Appropriate technology,Intermediate technology,movement,Ideas,F1.11;F1.13,GL,1966,,approx.; ITDG founded 1966,"E. F. Schumacher's followers designed small, repairable tools built with local skills.",small-scale tools;local manufacture,hand pump;stove;tool,tools;food and storage,"E. F. Schumacher (Small is Beautiful, 1973) and ITDG (now Practical Action)",the users who adapted designs; critiques of top-down transfer,none,collection search link-out only (works in copyright),R3,F1.22;F1.22a,high,
MOV047,Universal design,Inclusive design;Design for All,movement,Ideas,F1.7;F1.11,AM-EWD;EU-BLC,1985,,approx.; term Ronald Mace,Disability activists and designers set the goal of goods and buildings usable by everyone.,ergonomics;accessibility standards,kerb cut;tool handle;building,care and access,Ronald Mace and the Center for Universal Design,disabled activists whose campaigns preceded it,none,collection search link-out only (works in copyright),R3,F1.22a,high,
MOV048,Participatory design,Cooperative design;Scandinavian design tradition (IT),movement,Ideas,F1.11,EU-SCA,1970,,approx.; UTOPIA project 1981-85,Trade unions and researchers involved workers in designing their own tools.,workshops;prototyping,software;workplace tool,tools,the participants (Norwegian and Swedish projects),workers outside unionised Scandinavian workplaces,none,collection search link-out only (works in copyright),R3,F1.17;F1.23,high,
MOV049,Open-source hardware and maker movement,Maker movement,movement,Ideas,F1.13,GL,2005,,approx.; Make magazine and RepRap 2005,Shared digital files and cheap fabrication tools allowed distributed making.,3D printing;microcontroller;laser cutting,3D print;electronics kit,tools,participants; Make magazine,the maker traditions it rebranded; unequal access,none,collection search link-out only (works in copyright),R3,F1.21,high,
MOV050,Sustainable design,Eco-design;Ecological design,movement,Ideas,F1.13,GL,1971,,"approx.; Papanek (Design for the Real World, 1971)","Designers took responsibility for materials, energy and waste across a product's life.",life-cycle assessment;renewable materials,product;building,tools;shelter,Victor Papanek and later practitioners,Indigenous and vernacular sustainable practices,none,collection search link-out only (works in copyright),R3,F1.22,high,
MOV051,Circular design,Circular economy design;Cradle to Cradle,movement,Ideas,F1.13,GL,2002,,approx.; McDonough and Braungart (2002); Ellen MacArthur Foundation (2010),"Designing for repair, reuse and material recovery treats waste as design failure.",design for disassembly;material passport,product;packaging,tools;food and storage,McDonough and Braungart; Ellen MacArthur Foundation,informal recyclers and repair economies it builds on,none,collection search link-out only (works in copyright),R3,F1.22;F1.22a,high,
MOV052,Decolonising design,Decolonial design,movement,Ideas,F1.13,GL,2016,,approx.; Decolonising Design group 2016,Designers and scholars challenge the Western canon and assumptions of design practice and teaching.,research;pedagogy,curriculum;project,care and access,the Decolonising Design group and others,varies by context; it names what others leave out,none,collection search link-out only (works in copyright);community-published site (link-out),R3,F1.3;F1.20,medium,
STY061,Biodesign,Biodesign,style,Ideas,F1.13,GL,2012,,approx.,"Designers grow materials with fungi, bacteria and algae, treating living organisms as collaborators in making.",mycelium;bacterial cellulose,packaging;textile;brick,tools,William Myers (2012 book) and practitioners,"earlier vernacular uses of living materials (e.g. fermentation, living root bridges)",none,collection search link-out only (works in copyright),R3,F1.22,medium,
MOV053,Afrofuturism,Afrofuturism,movement,Ideas,F1.13;F1.7;F1.6,GL;AM-EWD,1993,,approx.; term Mark Dery (1993); roots in Sun Ra and earlier,"African diaspora artists and designers imagine Black futures through fashion, graphics and music.",costume;graphic design;sound,album cover;costume;film,clothing and adornment;play and music,"Mark Dery named it; practitioners define it (Sun Ra, Octavia Butler)",African continental futurisms,none,collection search link-out only (works in copyright),R3,F1.4;F1.20,high,
MOV054,Indigenous Futurism,Indigenous Futurisms,movement,Ideas,F1.13;F1.7;F1.12,GL;AM-WST;OC-AUS;OC-POL,2012,,approx.; term Grace Dillon (2012),Indigenous artists use speculative and technological forms to assert continuity and sovereignty.,digital media;beadwork;costume,artwork;game;film,ritual and belief;play and music,Grace Dillon (2012) and practitioners,the specific nations the umbrella term can flatten,Indigenous-community,community-published site (link-out);collection search link-out only (works in copyright),R3,F1.4;F1.20,medium,
MOV055,Gulf Futurism,Gulf Futurism,movement,Ideas,F1.10,WA-ARB,2012,,approx.,"Artists describe the hyper-modern cities, malls and consumer landscapes of the Gulf as a subject and aesthetic.",video;digital image,video;music,rule and display,Sophia Al-Maria and Fatima Al Qadiri (2012),migrant labour that builds the cities,none,collection search link-out only (works in copyright),R3,F1.22;F1.23,medium,"Term originated as an artists' framing, not a mass movement."
STY062,Primitivism,Modernist primitivism,style,Ideas,F1.11;F1.6;F1.12,EU-WCE;AF-CEN;AF-GUI;OC-MEL,1900,1940,approx.; debated at MoMA 1984,"European modernists took African and Oceanic objects as sources, often without knowing their makers or uses.",appropriation;collecting,painting;sculpture,ritual and belief,"MoMA (Primitivism in 20th Century Art, 1984) and its critics",the named African and Oceanic makers and their communities,sacred,collection search link-out only (works in copyright);Wikimedia Commons,R1,F1.2;F1.3;F1.24,high,Lesson on reference and appropriation.
STY063,Olmec style,Olmec horizon style,style,Ideas,F1.7,AM-MES,-1200,-400,approx.,"Jade, greenstone and basalt carving in a shared style spread across Mesoamerica, raising the question of whether a style equals a people.",jade carving;basalt carving;ceramic,colossal head;jade celt;figurine,ritual and belief;rule and display,archaeologists (Olmec named in 1920s-40s from Aztec term),"the name is Aztec, not theirs; regional makers elsewhere who shared it",sacred;Indigenous-community,Met Open Access (CC0);Cleveland Museum of Art Open Access (CC0);Wikimedia Commons,R2,F1.3;F1.16,medium,Style vs culture debate (mother culture vs sister cultures).
STY064,Chavin style,Early Horizon,style,Ideas,F1.7,AM-AND,-900,-200,approx.,"A shared religious style carried by textiles, gold and ceramics unified Andean imagery across regions.",stone relief;goldworking;painted textile,stone relief;gold ornament;stirrup-spout vessel,ritual and belief,Julio C. Tello (1919); John Rowe's horizon scheme,local communities that adopted it on their own terms,sacred;Indigenous-community,Met Open Access (CC0);Cleveland Museum of Art Open Access (CC0);Wikimedia Commons,R2,F1.30,high,
STY065,Middle Horizon style (Wari and Tiwanaku),Wari-Tiwanaku,style,Ideas,F1.7,AM-AND,600,1000,approx.,"Tapestry tunics with standardised, compressed designs point to state-run weaving and design rules.",tapestry weaving;camelid fibre;cotton,tapestry tunic;kero cup,clothing and adornment;rule and display,Max Uhle; John Rowe (horizon scheme),the weavers themselves,Indigenous-community,Met Open Access (CC0);Cleveland Museum of Art Open Access (CC0);Wikimedia Commons,R2,F1.18;F1.30,high,
STY066,Inca imperial style,Late Horizon style;tocapu,style,Ideas,F1.7,AM-AND,1438,1533,approx.,"State workshops standardised cloth (tocapu), stone masonry and ceramic forms across the empire.",interlocking tapestry;ashlar masonry;standard aryballos,tunic;aryballo;wall,clothing and adornment;rule and display,John Rowe; archaeologists,the conquered peoples whose labour made it (see aqllakuna in makers file),Indigenous-community,Met Open Access (CC0);Cleveland Museum of Art Open Access (CC0);Wikimedia Commons,R2,F1.18,high,
STY067,Mixteca-Puebla style,Postclassic International Style,style,Ideas,F1.7,AM-MES,1200,1520,approx.,"A shared pictorial code in codices, pottery and turquoise mosaic crossed Mesoamerican polities.",painted codex;polychrome ceramic;turquoise mosaic,codex;polychrome vessel;mosaic mask,record and writing;ritual and belief,George Vaillant (1941); later 'International Style' (Robertson),the named Mixtec painters in codices,sacred;Indigenous-community,Wikimedia Commons;Library of Congress (public-domain items);Met Open Access (CC0),R2,F1.5;F1.28,high,
STY068,Puuc style,Puuc architecture,style,Ideas,F1.7,AM-MES,600,1000,approx.,"Maya builders used mass-produced veneer stones for mosaic facades, a modular system.",veneer masonry;stone mosaic,palace;temple facade,shelter;rule and display,archaeologists (after Puuc hills),the labourers who quarried and cut veneer stones,Indigenous-community,Wikimedia Commons,R3,F1.19,high,
STY069,Southeastern Ceremonial Complex,Mississippian Ideological Interaction Sphere,style,Ideas,F1.7,AM-EWD,1100,1450,approx.,Shared imagery on shell gorgets and copper plates linked Mississippian towns.,shell engraving;copper repousse,gorget;copper plate,ritual and belief,Antonio Waring and Preston Holder (1945),descendant nations' own understanding,sacred;Indigenous-community,Smithsonian Open Access (CC0);community-published site (link-out),R3,F1.16,medium,Restrict display; consult descendant communities.
STY070,Marajoara style,Marajoara ceramics,style,Ideas,F1.7,AM-AMZ,400,1400,approx.,Mound-building societies of Marajo Island made large painted and incised burial urns.,incised and painted ceramic,burial urn;tanga,ritual and belief,archaeologists (Meggers and Evans; Roosevelt),present-day Amazonian peoples,funerary;Indigenous-community,Wikimedia Commons;collection search link-out only (works in copyright),R3,F1.16,medium,
STY071,Shipibo-Konibo kene,Kene design,style,Ideas,F1.7,AM-AMZ,1600,,"approx.; living tradition, antiquity unknown","Women's geometric designs link textiles, ceramics and body painting and are protected as cultural heritage.",embroidery;painting;ceramics,textile;vessel,clothing and adornment;ritual and belief,"the Shipibo-Konibo, especially women makers; Peru's heritage declaration (2008)",commercial copying,Indigenous-community;living-community,community-published site (link-out);collection search link-out only (works in copyright),R3,F1.18;F1.29,medium,Dating uncertain; use community sources.
STY072,Tequitqui,Indo-Christian art,style,Ideas,F1.7,AM-LAT,1530,1600,approx.,Indigenous sculptors in New Spain carved Christian images with Native technique and motifs.,stone relief;featherwork,atrial cross;portal,ritual and belief,Jose Moreno Villa (1942),the Nahua carvers and their meaning-making,sacred,Wikimedia Commons,R3,F1.2;F1.14,high,
SCH004,Cuzco School,Escuela cuzquena,school,Ideas,F1.7,AM-AND;AM-LAT,1650,1800,approx.; Indigenous painters split from the guild in 1688,Andean painters mass-produced gold-patterned devotional paintings for export across South America.,oil on canvas;brocateado gold,devotional painting,ritual and belief,art historians,named Indigenous painters such as Diego Quispe Tito; workshop apprentices,sacred,Wikimedia Commons;collection search link-out only (works in copyright),R2,F1.17;F1.23,high,
SCH005,Quito School,Escuela quitena,school,Ideas,F1.7,AM-AND;AM-LAT,1600,1800,approx.,Workshops in Quito exported polychrome sculpture with encarnado finishes across the Spanish empire.,polychrome wood;encarnado;estofado,devotional sculpture,ritual and belief,art historians,Indigenous and mestizo artisans,sacred,Wikimedia Commons;collection search link-out only (works in copyright),R3,F1.19,high,
STY073,Andean Baroque,Arte mestizo;Mestizo Baroque,style,Ideas,F1.7,AM-AND,1650,1780,approx.,"Indigenous stone carvers filled church facades with local flora, fauna and figures.",stone carving,church facade,ritual and belief,Angel Guido and later historians,the carvers themselves,sacred,Wikimedia Commons,R3,F1.2,medium,
STY074,Earthquake Baroque,Philippine Baroque churches,style,Ideas,F1.9,AS-ISE,1600,1800,approx.,Filipino builders under Spanish friars adapted Baroque churches with heavy buttresses against earthquakes.,coral stone;brick;buttress,church;bell tower,ritual and belief;shelter,Alicia Coseteng (1972),forced labour (polo y servicio),human-flow,Wikimedia Commons,R3,F1.22,medium,"Term usually attributed to Alicia Coseteng (Spanish Churches in the Philippines, 1972); Pál Kelemen had used ""earthquake baroque"" for Latin America; forced labour (polo y servicio) flagged as human-flow."
SCH006,Best Maugard method,Metodo Best Maugard,school,Ideas,F1.7,AM-LAT,1923,1930,approx.,A drawing method built on seven motifs from Mexican Indigenous and folk art was taught in state schools.,drawing method;ornament,drawing manual,care and access,Adolfo Best Maugard (1923),the Indigenous makers of the source motifs,none,Internet Archive (public-domain scans);collection search link-out only (works in copyright),R3,F1.15,medium,
MOV056,Mexican Muralism,Muralismo mexicano,movement,Ideas,F1.7,AM-LAT,1920,1970,approx.,"State-funded murals by Rivera, Orozco, Siqueiros and others made public walls a medium of political history, with collective workshops and new paints.",fresco;pyroxylin;public mural,mural,rule and display;record and writing,the members and Mexican state (Vasconcelos),women muralists; the plasterers and assistants,none,collection search link-out only (works in copyright);Wikimedia Commons,R1,F1.17;F1.20,high,
MOV057,Estridentismo,Stridentism,movement,Ideas,F1.7,AM-LAT,1921,1927,approx.,"Mexico's avant-garde linked poetry, woodcut and graphic design with the city and radio.",woodcut;magazine design,magazine;poster,record and writing,Manuel Maples Arce and members,women associated with the group; Indigenous Mexico outside the city,none,collection search link-out only (works in copyright),R3,F1.20,high,
MOV058,Indigenismo (Peru),Peruvian Indigenism,movement,Ideas,F1.7,AM-AND;AM-LAT,1920,1950,approx.,Painters around Jose Sabogal took Andean crafts and people as subjects of national art.,oil;woodcut,painting;print,rule and display,the members,Quechua and Aymara artists themselves,Indigenous-community,collection search link-out only (works in copyright),R3,F1.2,medium,
MOV059,Brazilian Modernismo,Modernismo brasileiro,movement,Ideas,F1.7,AM-LAT,1922,1945,approx.; launched at Semana de Arte Moderna 1922,"Brazilian artists and designers set out to build a national modern art from local, Indigenous and Afro-Brazilian sources.",painting;design,painting;book,rule and display,the members,Indigenous and Afro-Brazilian makers treated as sources,none,collection search link-out only (works in copyright),R3,F1.20,high,
MOV060,Antropofagia,Anthropophagic movement,movement,Ideas,F1.7,AM-LAT,1928,1930,approx.; Oswald de Andrade's manifesto 1928,"It declared that Brazil should 'devour' foreign culture and transform it, a theory of copying.",manifesto;painting,painting;manifesto,rule and display,Oswald de Andrade and Tarsila do Amaral,the Tupi peoples whose ritual was used as metaphor,none,collection search link-out only (works in copyright),R2,F1.2;F1.14,high,
STY075,Brazilian modern architecture,Escola Carioca,style,Ideas,F1.7,AM-LAT,1936,1965,approx.,"Lucio Costa, Oscar Niemeyer and Roberto Burle Marx joined concrete modernism with azulejo tile and tropical planting.",reinforced concrete;azulejo;brise-soleil,ministry;house;capital city,shelter,historians,construction workers (candangos) who built Brasilia,none,collection search link-out only (works in copyright);Wikimedia Commons,R3,F1.20,high,
MOV061,Arte Concreto-Invencion,Asociacion Arte Concreto-Invencion,movement,Ideas,F1.7,AM-LAT,1945,1955,approx.,"Buenos Aires artists made shaped canvases and objects that rejected illusion, linking art to design and industry.",shaped canvas;geometric abstraction,painting;object,rule and display,the members (Tomas Maldonado and others),women members such as Lidy Prati,none,collection search link-out only (works in copyright),R3,F1.20,high,
MOV062,Madi,Movimiento Madi,movement,Ideas,F1.7,AM-LAT,1946,1955,approx.,"Buenos Aires artists made irregular, articulated and movable objects, treating the frame and the object itself as open to change.",shaped frame;articulated object,object;painting,play and music,"the members (Gyula Kosice, Carmelo Arden Quin)",women members such as Diyi Laan,none,collection search link-out only (works in copyright),R3,F1.20,high,
SCH007,Taller Torres-Garcia,Universalismo Constructivo,school,Ideas,F1.7,AM-LAT,1934,1962,approx.,Joaquin Torres-Garcia's workshop in Montevideo trained artists and artisans in a grid-based symbolic art with Andean references.,constructive grid;wood carving;mural,painting;toy;mural,rule and display,"Joaquin Torres-Garcia (Universalismo Constructivo, 1944)",Andean sources it drew on,none,collection search link-out only (works in copyright),R3,F1.20,high,
MOV063,Brazilian Concrete art,Grupo Ruptura;Grupo Frente,movement,Ideas,F1.7,AM-LAT,1952,1959,approx.,"Sao Paulo and Rio groups built rational, geometric art tied to graphic and industrial design.",geometric abstraction;industrial paint,painting;poster,record and writing,the members (Ruptura manifesto 1952),women artists such as Judith Lauand and Lygia Pape,none,collection search link-out only (works in copyright),R3,F1.20,high,
MOV064,Neo-Concretism,Neoconcretismo,movement,Ideas,F1.7,AM-LAT,1959,1961,approx.,"Lygia Clark, Lygia Pape and Helio Oiticica made objects to be handled and worn.",participatory object;hinged metal,bicho;parangole,play and music,"the members (Neo-Concrete Manifesto, 1959)",popular and Afro-Brazilian sources in the favelas that Oiticica drew on,none,collection search link-out only (works in copyright),R2,F1.20,high,
MOV065,Tropicalia,Tropicalismo,movement,Ideas,F1.7,AM-LAT,1967,1969,approx.,"Music, design and art mixed mass culture with Brazilian popular forms under dictatorship.",installation;album design,album cover;installation,play and music,the participants; Helio Oiticica's installation title (1967),the Afro-Brazilian musicians and makers whose forms it quoted,none,collection search link-out only (works in copyright),R3,F1.4,high,
MOV066,Saint-Soleil,Saint Soleil,movement,Ideas,F1.7,AM-CAR,1972,1978,approx.,"Haitian peasant artists, with Maud Robart and Jean-Claude Garoute, made painting and sculpture drawing on Vodou.",painting;sculpture,painting;sculpture,ritual and belief,the members; Andre Malraux wrote about them (1975),the peasant artists' own authorship after outside attention,sacred;living-community,collection search link-out only (works in copyright),R3,F1.16,medium,
MOV067,Caribbean Artists Movement,CAM,movement,Ideas,F1.7;F1.11,AM-CAR;EU-BLC,1966,1972,approx.,"Caribbean writers and artists in London developed a Caribbean aesthetic in exhibitions and publishing, outside metropolitan institutions.",painting;publishing,painting;publication,record and writing,"the members (Kamau Brathwaite, John La Rose, Andrew Salkey)",artists who stayed in the Caribbean,none,collection search link-out only (works in copyright),R3,F1.20,high,
MOV068,Chicano art movement,Chicano Movement art,movement,Ideas,F1.7,AM-WST,1965,1985,approx.,Silkscreen poster workshops and community murals gave Mexican American communities their own public imagery.,screen printing;mural,poster;mural,rule and display;record and writing,the participants,"women artists (e.g. Judith Baca, Yolanda Lopez)",none,Smithsonian Open Access (CC0);Library of Congress (public-domain items);collection search link-out only (works in copyright),R2,F1.17,high,
MOV069,Harlem Renaissance,New Negro Movement,movement,Ideas,F1.7,AM-EWD,1918,1937,approx.,"Black artists and designers (Aaron Douglas, Augusta Savage) made illustration and sculpture that drew on African forms.",illustration;sculpture;book design,magazine cover;sculpture;book,record and writing;rule and display,"the members; Alain Locke (The New Negro, 1925)",women artists and craftspeople; its reliance on white patrons,none,Library of Congress (public-domain items);NYPL Digital Collections (public-domain items);Smithsonian Open Access (CC0);collection search link-out only (works in copyright),R2,F1.20,high,
MOV070,Black Arts Movement,BAM,movement,Ideas,F1.7,AM-EWD;AM-WST,1965,1975,approx.,"Black artists built community-controlled presses, theatres and workshops, making the means of production part of the art.",printmaking;publishing,poster;book;mural,record and writing,"the members (Amiri Baraka, Larry Neal)",women artists and the internal debates on gender,none,Library of Congress (public-domain items);collection search link-out only (works in copyright),R3,F1.17,high,
MOV071,AfriCOBRA,African Commune of Bad Relevant Artists,movement,Ideas,F1.7,AM-EWD,1968,,approx.,"A Chicago collective set a shared visual programme ('Kool-Aid colours', lettering) and made cheap prints for Black communities.",screen printing;lettering,print,record and writing,the members (Jeff Donaldson and others),artists outside Chicago; women members' later careers,none,collection search link-out only (works in copyright),R3,F1.17,high,
STY076,Northwest Coast formline,Formline design,style,Ideas,F1.7,AM-NWC,1700,,approx.; much older; living tradition,"A design system of ovoids and U-forms governs carving, painting and weaving.",formline;red cedar carving;Chilkat weaving,mask;bentwood box;totem pole;Chilkat blanket,ritual and belief;rule and display;food and storage,"Bill Holm named the principles (1965); defined in practice by Haida, Tlingit, Tsimshian and other artists",the name is an outsider's analytic term; many carved objects removed by collectors,sacred;Indigenous-community;ancestral,Smithsonian Open Access (CC0);community-published site (link-out);collection search link-out only (works in copyright),R2,F1.3;F1.26,high,Antiquity far older than 1700; rights held by nations and families.
STY077,Pueblo pottery revival,Sikyatki Revival;San Ildefonso black-on-black,style,Ideas,F1.7,AM-WST,1895,,approx.; Nampeyo from c.1895; Maria and Julian Martinez from c.1919,"Pueblo potters revived and renewed ancestral forms and invented black-on-black ware, moving pottery into a named art market.",coil building;burnished slip;reduction firing,olla;plate;jar,food and storage;exchange and value,potters themselves; encouraged by archaeologists (Hewett) and traders,the archaeologists' and dealers' influence on 'authentic' style,Indigenous-community;living-community,Smithsonian Open Access (CC0);community-published site (link-out),R2,F1.17;F1.29,high,
STY078,Dine regional weaving styles,Navajo rug regional styles,style,Ideas,F1.7,AM-WST,1890,,approx.,"Diné weavers developed regional styles (Two Grey Hills, Ganado, Teec Nos Pos) shaped by trading-post owners' orders.",tapestry weave;handspun wool;aniline dye,rug;blanket,clothing and adornment;exchange and value,Dine weavers; trading post owners and collectors (names),the weavers' own design naming,Indigenous-community;living-community,Smithsonian Open Access (CC0);community-published site (link-out),R2,F1.17;F1.18,high,
SCH008,The Studio style (Santa Fe Indian School),Dorothy Dunn's Studio,school,Ideas,F1.7,AM-WST,1932,1962,approx.,A teacher's programme trained Native students in a flat painting style marketed as traditional.,gouache;flat colour,painting,rule and display,Dorothy Dunn,the students' own diverse practices,Indigenous-community,Smithsonian Open Access (CC0);collection search link-out only (works in copyright),R3,F1.3;F1.29,high,
SCH009,Kiowa Six,Kiowa Five,school,Ideas,F1.7,AM-WST,1926,1935,approx.,Kiowa artists at the University of Oklahoma made flat-style painting that reached international exhibition.,gouache;flat colour,painting,ritual and belief,Oscar Jacobson (promoter); the artists,"Lois Smoky, omitted when the group became 'Five'",Indigenous-community,Smithsonian Open Access (CC0);collection search link-out only (works in copyright),R3,F1.26,high,
STY079,Hudson River School,Hudson River School,style,Ideas,F1.7,AM-EWD,1825,1875,approx.,Landscape painters built an image of national wilderness that erased Native presence.,oil,landscape,rule and display,critic Clarence Cook named them (1870s),Native nations displaced from the painted land,Indigenous-community,Met Open Access (CC0);National Gallery of Art Washington Open Access (CC0);Wikimedia Commons,R3,F1.3,high,
STY080,Mission Revival,California Mission style,style,Ideas,F1.7,AM-WST,1890,1920,approx.,"Railways and resorts adopted mission forms, built on the memory of missions that used coerced Native labour.",stucco;red tile,station;hotel,shelter,historians,coerced Indigenous labour at the original missions,Indigenous-community;human-flow,Library of Congress (public-domain items);Wikimedia Commons,R3,F1.23,high,
STY081,Saharan Round Head rock art,Round Head period,style,Ideas,F1.6,AF-SAH;AF-MAG,-7500,-5500,approx.; most scholars date Round Head painting c. 9500–7500 BP (c. 7500–5500 BCE); a higher (10th millennium BP) and a lower (8th millennium BP) chronology are both argued; some late survivals,Painted figures in Tassili and Acacus show early Saharan painting tradition.,mineral pigment painting,rock painting,ritual and belief,Henri Lhote and Fabrizio Mori,present-day Saharan peoples,sacred,Wikimedia Commons;collection search link-out only (works in copyright),R3,F1.30,low,Chronology contested.
STY082,Amarna style,Amarna art,style,Ideas,F1.6,AF-EGY,-1353,-1336,approx.,"Akhenaten's court workshops changed the canon of the body, showing a state can order a new style.",limestone relief;plaster modelling,relief;portrait head,rule and display;ritual and belief,Egyptologists,workshop of Thutmose; the workers' village at Amarna,none,Met Open Access (CC0);Wikimedia Commons,R2,F1.30,high,
STY083,Coptic art,Coptic textiles and sculpture,style,Ideas,F1.6,AF-EGY,300,900,approx.,Egyptian workshops wove tapestry-decorated tunics and carved limestone for Christian and non-Christian patrons.,tapestry weave;linen;wool;limestone,tunic fragment;relief,clothing and adornment;ritual and belief,art historians,Muslim and non-Christian patrons; the weavers,funerary,Met Open Access (CC0);Cleveland Museum of Art Open Access (CC0);Wikimedia Commons,R2,F1.18,high,Many textiles from graves.
SCH010,Gondarine painting styles,First and Second Gondarine styles,school,Ideas,F1.6,AF-HRN,1636,1855,approx.,Ethiopian church painters and scribes developed styles in the royal capital Gondar.,tempera on cloth and wood;illumination,icon;church mural;manuscript,ritual and belief,art historians (Stanislaw Chojnacki),"the named painters, whose identities are mostly lost",sacred,Walters Art Museum (CC0);Wikimedia Commons,R3,F1.28,high,
STY084,Igbo-Ukwu bronze style,Igbo-Ukwu art,style,Ideas,F1.6,AF-GUI,850,1000,approx.; 9th-10th c.,"Leaded-bronze lost-wax castings of great detail, made in the 9th to 10th centuries, show early West African metalworking independent of outside sources.",lost-wax casting;leaded bronze,vessel;ornament,ritual and belief;rule and display,archaeologists (Thurstan Shaw),Igbo descendant communities,sacred;Indigenous-community,Wikimedia Commons;collection search link-out only (works in copyright),R3,F1.5,high,
STY085,Ife naturalism,Ife art,style,Ideas,F1.6,AF-GUI,1100,1450,approx.,Copper-alloy and terracotta heads show court workshops working in naturalistic style.,lost-wax casting;terracotta,head;figure,rule and display;ritual and belief,art historians and archaeologists,Yoruba descendant communities; the Ooni's institution,sacred,Wikimedia Commons;collection search link-out only (works in copyright),R2,F1.3;F1.24,high,
STY086,Benin court style,Edo court art,style,Ideas,F1.6,AF-GUI,1300,,approx.; ongoing,"Palace guilds cast brass plaques, heads and carved ivory to record court history.",lost-wax casting;ivory carving,plaque;commemorative head;carved tusk,rule and display;record and writing,the Oba's court; art historians,the 1897 British raid and looting; see Igun Eronmwon row,sacred;conflict-looting;ancestral,collection search link-out only (works in copyright);community-published site (link-out),R1,F1.17;F1.24,high,Pair with Igun Eronmwon guild (existing).
STY087,Sapi-Portuguese ivories,Afro-Portuguese ivories,style,Ideas,F1.6;F1.11,AF-GUI,1490,1540,approx.,"Sapi and Edo carvers made salt cellars and horns for Portuguese buyers, mixing African and European motifs.",ivory carving,salt cellar;oliphant;spoon,exchange and value,William Fagg; Ezio Bassani and Fagg (1988),the carvers' names; the Atlantic context,none,Met Open Access (CC0);Wikimedia Commons;collection search link-out only (works in copyright),R3,F1.2;F1.13,high,
STY088,Akan goldweight tradition,Akan goldweights,style,Ideas,F1.6,AF-GUI,1400,1900,approx.,Brass weights cast for weighing gold dust reflect trade systems and proverbs.,lost-wax casting,goldweight;spoon,exchange and value,Timothy Garrard (early and late periods),"the smiths, whose names are mostly unrecorded",none,Met Open Access (CC0);Wikimedia Commons,R2,F1.5,high,
STY089,Kuba textile design,Kuba cloth,style,Ideas,F1.6,AF-CEN,1600,,approx.; living,"Raffia pile and appliqué cloths use improvised geometric design, often made by men and women in stages.",raffia weaving;cut-pile embroidery;applique,skirt;panel,clothing and adornment;exchange and value,Kuba makers; European collectors,the makers' gendered division,living-community,Met Open Access (CC0);Wikimedia Commons,R2,F1.18,high,
STY090,Ndebele painting,Ndebele house painting,style,Ideas,F1.6,AF-SOU,1940,,approx.,"Ndebele women painted houses with geometric patterns, now also on canvas and objects.",mineral pigments;commercial paint,house facade;beadwork,shelter;clothing and adornment,Ndebele women; Esther Mahlangu internationally,the forced removals context of the 1940s,living-community,collection search link-out only (works in copyright);community-published site (link-out),R3,F1.18,high,
STY091,Swahili coast carving style,Swahili carved doors,style,Ideas,F1.6,AF-SWA,1700,,approx.,"Carved doors and furniture show Indian Ocean exchange between Africa, Arabia and India.",wood carving;brass studs,door;chair;chest,shelter;rule and display,historians,enslaved labour in coastal economies,none,Wikimedia Commons;collection search link-out only (works in copyright),R3,F1.13,medium,
STY092,Souwere,Senegalese reverse glass painting,style,Ideas,F1.6,AF-SAH,1900,,approx.,"Reverse glass painting, possibly via Arabia or North Africa, was used for Mouride images and popular scenes.",reverse glass painting,painting,ritual and belief,Senegalese painters and historians,the Mouride and popular contexts that give the images meaning,none,collection search link-out only (works in copyright),R3,F1.16,medium,
SCH011,Hangar school (Lubumbashi),Atelier du Hangar;Hangar workshop,school,Ideas,F1.6,AF-CEN,1946,1954,approx.,Pierre Romain-Desfosses's workshop in Elisabethville trained Congolese painters without academic rules.,gouache;painting,painting,rule and display,Pierre Romain-Desfosses,"the artists' own agency, described as 'untaught'",none,collection search link-out only (works in copyright),R3,F1.3,medium,
SCH012,Poto-Poto School,Ecole de Poto-Poto,school,Ideas,F1.6,AF-CEN,1951,,approx.,Pierre Lods's school in Brazzaville trained painters in a decorative style sold to tourists and collectors as 'African'.,gouache;oil,painting,rule and display,Pierre Lods,the artists,none,collection search link-out only (works in copyright),R3,F1.3,medium,
SCH013,Tingatinga,Tinga Tinga,school,Ideas,F1.6,AF-SWA,1968,,approx.,Edward Saidi Tingatinga's enamel-paint painting became a workshop tradition in Dar es Salaam.,enamel paint on board,painting,rule and display,the painters' cooperative,the painters beyond the founder who sustain the workshop,living-community,collection search link-out only (works in copyright),R3,F1.17,high,
STY093,Congolese popular painting,Peinture populaire,style,Ideas,F1.6,AF-CEN,1970,,approx.,"Kinshasa sign painters became studio artists (Cheri Samba, Moke), using commercial lettering and enamel paint to comment on city life.",acrylic;sign painting,painting,record and writing,artists and critics,the sign-painting trade that trained them,none,collection search link-out only (works in copyright),R3,F1.21,medium,
SCH014,Oshogbo school,Osogbo art school,school,Ideas,F1.6,AF-GUI,1962,,approx.,Mbari Mbayo workshops and Susanne Wenger's New Sacred Art linked Yoruba artists with Ulli and Georgina Beier.,adire;beadwork;cement sculpture;printmaking,painting;sculpture;textile,ritual and belief,Ulli Beier and Georgina Beier; the artists,the artists' agency; women dyers,sacred;living-community,collection search link-out only (works in copyright),R3,F1.17,high,
MOV072,Zaria Art Society,Natural Synthesis;Zaria Rebels,movement,Ideas,F1.6,AF-GUI,1958,1961,approx.,"Students at the Nigerian College of Arts proposed Natural Synthesis, uniting indigenous forms and modern means.",oil;print,painting,rule and display,"the members (Uche Okeke, Demas Nwoko, Bruce Onobrakpeya)",women artists; the craft makers it drew on,none,collection search link-out only (works in copyright),R2,F1.20,high,
SCH015,Nsukka School,Nsukka group,school,Ideas,F1.6,AF-GUI,1970,,approx.,University of Nigeria artists took uli women's body and wall painting as a base for modern practice.,uli drawing;printmaking,painting;print,rule and display,"historians; artists (Uche Okeke, Obiora Udechukwu)",the women uli painters,none,collection search link-out only (works in copyright),R3,F1.18,high,
SCH016,Ecole de Dakar,Dakar School,school,Ideas,F1.6,AF-SAH,1960,1980,approx.,"Senegalese artists under Senghor's patronage worked out a visual Negritude, including tapestry at Thies.",oil;tapestry,painting;tapestry,rule and display,historians; the state,artists opposed to state art (e.g. Laboratoire Agit'Art),none,collection search link-out only (works in copyright),R3,F1.17,high,
MOV073,Negritude,Negritude,movement,Ideas,F1.6;F1.7;F1.11,AF-SAH;AM-CAR;EU-WCE,1935,1970,approx.,A philosophical and literary movement shaped state patronage of art in Senegal.,publishing;painting,journal;painting,record and writing,"Aime Cesaire, Leopold Sedar Senghor, Leon Damas",women (Paulette and Jane Nardal),none,collection search link-out only (works in copyright),R3,F1.20,high,
SCH017,Khartoum School,Khartoum school,school,Ideas,F1.6;F1.10,AF-NUB,1960,,approx.,"Sudanese artists joined Arabic calligraphy, Coptic and African motifs in modern painting and design.",painting;calligraphy,painting,rule and display,"historians; artists (Ibrahim El-Salahi, Ahmed Shibrain)",women artists; southern Sudanese traditions,none,collection search link-out only (works in copyright),R3,F1.20,high,
SCH018,Casablanca School,Ecole de Casablanca,school,Ideas,F1.6;F1.10,AF-MAG,1962,1975,approx.,Artist-teachers in Casablanca brought Amazigh and craft motifs into art and public murals.,painting;public mural,painting;mural,rule and display,"the members (Farid Belkahia, Mohamed Melehi, Mohamed Chabaa)",the women weavers and craftspeople whose motifs were used,none,collection search link-out only (works in copyright),R3,F1.15;F1.20,high,
MOV074,Aouchem,Aouchem group,movement,Ideas,F1.6;F1.10,AF-MAG,1967,1971,approx.,Algerian artists took tattoo and folk motifs as a base for postcolonial art.,painting,painting,rule and display,"the members (Denis Martinez, Choukri Mesli)",the Amazigh women tattooists and makers of the source motifs,none,collection search link-out only (works in copyright),R3,F1.15,medium,
MOV075,Art and Liberty,Art et Liberte;al-Fann wa al-Hurriyya,movement,Ideas,F1.6,AF-EGY,1938,1948,approx.,Cairo Surrealists issued a 1938 manifesto against Fascism and state art and exhibited independently.,painting;photography,painting,rule and display,the members (Georges Henein and others),Arabic-language artists outside the francophone circle,none,collection search link-out only (works in copyright),R3,F1.20,high,
STY094,Township art,Township art,style,Ideas,F1.6,AF-SOU,1950,1990,approx.,Black South African artists working outside apartheid education depicted township life.,painting;printmaking,painting;print,record and writing,critics,artists who rejected the label as a market category,none,collection search link-out only (works in copyright),R3,F1.19a,medium,
STY095,Achaemenid court style,Achaemenid art,style,Ideas,F1.9a,WA-IRN;WA-MES;WA-ANA,-550,-330,approx.,"Persepolis inscriptions record workers from across the empire, making the palace an image of combined labour.",stone relief;glazed brick;goldsmithing,palace relief;rhyton;glazed brick panel,rule and display,historians; Achaemenid texts,the paid and unpaid workers in the Persepolis tablets,none,Met Open Access (CC0);Wikimedia Commons,R2,F1.13;F1.23,high,
STY096,Sasanian court style,Sasanian art,style,Ideas,F1.9a;F1.12a,WA-IRN;WA-MES;AS-CEN,224,651,approx.,"Silver plates, textiles and rock reliefs spread a royal imagery used later in Islamic, Byzantine and Chinese work.",silver repousse;silk weaving;rock relief,silver plate;textile;relief,rule and display,historians,"the craftsmen, including captives resettled from Roman lands",none,Met Open Access (CC0);Cleveland Museum of Art Open Access (CC0);Wikimedia Commons,R2,F1.13,high,
STY097,Luristan bronzes,Luristan bronze style,style,Ideas,F1.9a,WA-IRN,-1000,-650,approx.; dating debated,Cast bronzes in a shared animal style reached the market mostly through looting in the 1920s-30s.,bronze casting,horse bit;finial;weapon,war;transport;ritual and belief,dealers and archaeologists,findspots destroyed by looting; forgeries,conflict-looting,Met Open Access (CC0);Wikimedia Commons,R3,F1.24;F1.14,medium,
STY098,Animal Style (steppe),Scytho-Siberian Animal Style,style,Ideas,F1.12a,AS-CEN;AS-NTH;EU-EER,-900,-200,approx.,"Mounted peoples made portable animal ornament in gold, bronze and felt from the Black Sea to Mongolia.",gold casting;felt applique;wood carving,plaque;belt buckle;horse gear,clothing and adornment;transport;rule and display,historians and archaeologists,the peoples' own names; felts and wood surviving only in frozen tombs,funerary,Met Open Access (CC0);Wikimedia Commons,R2,F1.13,high,
STY099,Umayyad style,Umayyad art,style,Ideas,F1.10,WA-LEV;EU-IBE,661,750,approx.; Cordoba to 1031,Mosaics and carving reused Byzantine and Sasanian craft for a new Islamic court.,mosaic;stucco;ivory,mosque;palace;pyxis,ritual and belief;rule and display,historians,the Christian and local craftsmen employed,none,Met Open Access (CC0);Wikimedia Commons,R3,F1.14,high,
STY100,Samarra styles A-C,Bevelled style,style,Ideas,F1.10,WA-MES,836,892,approx.,Abbasid stucco carved with moulds (Style C) spread a new abstract ornament in fast production.,carved stucco;moulded stucco,wall panel,shelter;rule and display,Ernst Herzfeld (1923),the craftsmen; Herzfeld's categories may not match workshop practice,none,Met Open Access (CC0);Wikimedia Commons,R3,F1.15;F1.19,high,
STY101,Fatimid art,Fatimid style,style,Ideas,F1.10,AF-EGY;AF-MAG,909,1171,approx.,"Cairo workshops made rock crystal, lustre ceramic and textiles for a trading empire.",rock crystal;lustre;tiraz,ewer;bowl;textile,rule and display,historians,Coptic and Jewish makers and merchants (known from the Cairo Geniza),none,Met Open Access (CC0);Cleveland Museum of Art Open Access (CC0);Wikimedia Commons,R3,,high,
STY102,Seljuk style,Seljuk art,style,Ideas,F1.10,WA-IRN;WA-ANA,1040,1300,approx.,Great Seljuk and Rum Seljuk patrons spread brick and tile architecture and inlaid metal.,glazed brick;inlaid brass;tile mosaic,mosque;caravanserai;ewer,shelter;rule and display,historians,"Armenian, Greek and Persian builders who worked for Seljuk patrons",none,Met Open Access (CC0);Cleveland Museum of Art Open Access (CC0);Wikimedia Commons,R3,F1.13,high,
STY103,Ilkhanid style,Ilkhanid art,style,Ideas,F1.10;F1.12a,WA-IRN,1256,1353,approx.,The Mongol court brought Chinese motifs into Persian book painting and tiles.,manuscript painting;lustre tile,manuscript;tile,record and writing;rule and display,historians,makers moved by conquest,human-flow,Met Open Access (CC0);Wikimedia Commons,R3,F1.13,high,
STY104,Mamluk style,Mamluk art,style,Ideas,F1.10,AF-EGY;WA-LEV,1250,1517,approx.,"Mamluk patrons funded enamelled glass, inlaid metal and Qur'an workshops, often through waqf.",enamelled glass;inlaid metal;illumination,mosque lamp;basin;Qur'an,ritual and belief;rule and display,historians,enslaved (mamluk) origins of the elite,human-flow,Met Open Access (CC0);Cleveland Museum of Art Open Access (CC0);Wikimedia Commons,R2,F1.17,high,
STY105,Nasrid style,Nasrid art,style,Ideas,F1.10;F1.11,EU-IBE,1232,1492,approx.,"Alhambra craftsmen used stucco, tile and wood ceilings, later copied worldwide.",carved stucco;alicatado;muqarnas,palace;textile,shelter;rule and display,historians,expelled Muslim artisans,none,Met Open Access (CC0);Wikimedia Commons,R3,F1.14,high,
STY106,Timurid style,Timurid art,style,Ideas,F1.10;F1.12a,AS-CEN;WA-IRN,1370,1507,approx.,"Timur moved craftsmen from conquered cities to Samarkand, building a court style.",tile mosaic;book painting,mosque;manuscript,ritual and belief;rule and display,historians,forcibly moved craftspeople,human-flow,Met Open Access (CC0);Wikimedia Commons,R2,F1.13;F1.23,high,
SCH019,Herat school,Herat painting,school,Ideas,F1.10;F1.12a,AS-CEN,1400,1507,approx.,"Bihzad and others led Timurid kitabkhana painting, later a model for Safavid and Mughal books.",illumination;paper;mineral pigment,manuscript painting,record and writing,historians,workshop assistants,none,Met Open Access (CC0);Wikimedia Commons,R3,F1.28,high,
STY107,Safavid style,Safavid art,style,Ideas,F1.10,WA-IRN,1501,1736,approx.,"Royal workshops in Tabriz, Qazvin and Isfahan organised carpet, silk, book and tile production as court industry.",carpet weaving;silk;book painting,carpet;manuscript;tile,rule and display,historians,Armenian merchants and weavers; Georgian and Circassian captives,none,Met Open Access (CC0);Cleveland Museum of Art Open Access (CC0);Wikimedia Commons,R2,,high,
SCH020,Tabriz school,Safavid Tabriz painting,school,Ideas,F1.10,WA-IRN,1501,1550,approx.,"The Shahnameh of Shah Tahmasp was made by a large royal team, showing how court painting divided labour among named masters.",illumination,manuscript,record and writing,historians,named and unnamed painters,none,Met Open Access (CC0);Wikimedia Commons,R3,F1.17,high,
SCH021,Isfahan school,Isfahan painting,school,Ideas,F1.10,WA-IRN,1597,1700,approx.,"Reza Abbasi's single-page drawings and paintings sold to a wider urban market, not only the court.",single-page painting,album page,record and writing,historians,unnamed pupils and copyists,none,Met Open Access (CC0);Wikimedia Commons,R3,F1.21,high,
STY108,Qajar style,Qajar art,style,Ideas,F1.10,WA-IRN,1789,1925,approx.,"Painting, lacquer and early photography mixed Persian and European techniques in court portraits and objects.",oil;lacquer;photography,portrait;pen box,rule and display,historians,women painters and photographers,none,Met Open Access (CC0);Wikimedia Commons,R3,,high,
STY109,Ottoman classical style,Ottoman classical,style,Ideas,F1.10,WA-ANA;EU-BYZ,1520,1600,approx.,"Court workshops (Sinan; Iznik) standardised domes, tiles and textile patterns.",dome;Iznik tile;silk,mosque;tile panel;kaftan,ritual and belief;rule and display,historians,devshirme and other forced recruitment into court corps,human-flow,Met Open Access (CC0);Wikimedia Commons,R3,,high,
STY110,Saz style,Saz yolu,style,Ideas,F1.10,WA-ANA,1540,1600,approx.,Court designer Sahkulu developed a style of leaves and creatures used across media.,drawing;tile design,drawing;tile,rule and display,historians,the textile and tile makers who executed the designs,none,Met Open Access (CC0);Wikimedia Commons,R3,F1.15,high,
STY111,Tulip Period,Lale Devri,style,Ideas,F1.10,WA-ANA,1718,1730,approx.,"A court period (1718-1730) of pleasure pavilions, tulip cultivation and European-influenced ornament.",architecture;textile,pavilion;fountain,rule and display,"Yahya Kemal (coined the term) and Ahmed Refik Altınay (İkdam serial 1913; book Lâle Devri, c. 1913–15); later historians",the urban poor affected by the revolt of 1730,none,Wikimedia Commons,R3,F1.30,medium,
STY112,Ottoman Baroque,Ottoman Baroque,style,Ideas,F1.10,WA-ANA,1740,1800,approx.,Ottoman architects merged European Baroque curves with Ottoman building types in mosques and fountains.,stone carving,mosque;fountain,ritual and belief,historians,the Greek and Armenian builders involved,none,Wikimedia Commons,R3,F1.14,medium,
MOV076,First National Architectural Movement,Birinci Ulusal Mimarlik Akimi,movement,Ideas,F1.10;F1.11,WA-ANA,1908,1930,approx.,"Architects built modern building types (offices, stations, banks) with Ottoman-revival ornament and tile.",stone;concrete;tile,office;station,shelter,"historians; architects (Kemaleddin, Vedat Tek)",Armenian and Greek architects of the late empire,none,Wikimedia Commons,R3,,medium,
STY113,Indo-Islamic architecture,Sultanate and Mughal architecture,style,Ideas,F1.9;F1.10,AS-SAS,1190,1850,approx.,"Builders joined Islamic arches and domes with local stone-carving and trabeate traditions, often reusing temple materials.",red sandstone;marble;pietra dura,mosque;tomb;fort,ritual and belief;rule and display,historians,the Hindu and Jain craftsmen who carved it,none,Wikimedia Commons,R3,F1.13,high,
MOV077,Hurufiyya,Letterism;Arab Calligraphic modernism,movement,Ideas,F1.10;F1.6,WA-MES;WA-LEV;WA-IRN;AF-NUB;AF-MAG;AS-SAS,1950,,approx.,Artists across the Arab and wider Islamic world used letters as abstract form.,calligraphy;painting,painting;print,record and writing,"historians; artists (Madiha Omar, Shakir Hassan Al Said)",Persian and South Asian practitioners often left out of Arab-focused accounts,none,collection search link-out only (works in copyright),R2,F1.20,high,
MOV078,Baghdad Modern Art Group,Jamaat Baghdad lil-Fann al-Hadith,movement,Ideas,F1.10,WA-MES,1951,1961,approx.,Jewad Selim's group sought a modern Iraqi art linked to Mesopotamian and Abbasid heritage.,painting;sculpture,painting;monument,rule and display,the members,women members; Kurdish and other Iraqi traditions,none,collection search link-out only (works in copyright),R3,F1.20,high,
MOV079,Saqqakhaneh,Saqqakhaneh school,movement,Ideas,F1.10,WA-IRN,1962,1975,approx.,"Iranian artists used votive objects, talismans and folk imagery in modern painting and sculpture.",painting;sculpture,painting,ritual and belief,critic Karim Emami,the folk makers of source objects,none,collection search link-out only (works in copyright),R3,F1.2,high,
MOV080,New Vision (Palestine),New Visions group,movement,Ideas,F1.10,WA-LEV,1987,1990,approx.,"Palestinian artists during the First Intifada boycotted Israeli art supplies and worked with local mud, henna and leather.",mud;henna;leather,artwork,rule and display,the members (Sliman Mansour and others),Palestinian artists outside the West Bank and Gaza,none,collection search link-out only (works in copyright),R3,F1.19a;F1.22,medium,
STY114,Arabic type modernism,Arabic modern typography,style,Ideas,F1.10,WA-LEV;AF-EGY,1950,,approx.,"Designers adapted Arabic script to metal, photo and digital type systems, working around technologies built for Latin letters.",type design;phototypesetting,typeface;book cover,record and writing,historians (e.g. Huda Smitshuijzen AbiFares),calligraphers whose work was simplified for machines,none,collection search link-out only (works in copyright),R3,F1.28,low,"Checked: ""Arabic type modernism"" is the project's own umbrella label, not a name used by the designers or a recognised movement; scope = Arabic type for metal, photo and digital setting from c. 1950 (see AbiFares, Arabic Typography, 2001)."
STY115,Gandharan art,Greco-Buddhist art,style,Ideas,F1.9;F1.12a,AS-SAS;AS-CEN,-100,500,approx.,"Workshops in Gandhara carved some of the earliest Buddha images using Hellenistic, Iranian and Indian methods.",schist carving;stucco,Buddha image;relief,ritual and belief,historians,the label credits Greeks over local makers,sacred;conflict-looting,Met Open Access (CC0);Cleveland Museum of Art Open Access (CC0);Wikimedia Commons,R2,F1.2;F1.13;F1.24,high,
STY116,Mathura style,Mathura school,style,Ideas,F1.9,AS-SAS,-100,500,approx.,"Red sandstone workshops at Mathura made early Buddha, Jain and Hindu images, a local source parallel to Gandhara.",red sandstone carving,image;relief,ritual and belief,historians,the Jain patrons and carvers,sacred,Met Open Access (CC0);Wikimedia Commons,R3,F1.16,high,
STY117,Amaravati style,Andhra school,style,Ideas,F1.9,AS-SAS,-200,300,approx.,Limestone stupa reliefs from the Andhra region set models that spread to Sri Lanka and Southeast Asia.,limestone relief,stupa relief,ritual and belief,historians,reliefs removed to Chennai and London,sacred,Wikimedia Commons,R3,F1.24,high,
STY118,Gupta style,Gupta art,style,Ideas,F1.9,AS-SAS,320,550,approx.,Carving and painting under the Gupta set a canon for Buddhist and Hindu images later treated as India's classical norm.,stone carving;fresco,image;cave painting,ritual and belief,historians,regional workshops outside the Gupta heartland,sacred,Met Open Access (CC0);Cleveland Museum of Art Open Access (CC0);Wikimedia Commons,R3,F1.30,high,
STY119,Pala style,Pala art,style,Ideas,F1.9,AS-SAS;AS-HIM,750,1200,approx.,Bihar and Bengal workshops made bronzes and palm-leaf manuscripts that travelled to Tibet and Southeast Asia.,bronze;palm-leaf painting,image;manuscript,ritual and belief,historians,the monastic makers; objects removed during later raids,sacred,Met Open Access (CC0);Cleveland Museum of Art Open Access (CC0);Wikimedia Commons,R3,F1.13,high,
STY120,Chola bronze style,Chola bronzes,style,Ideas,F1.9,AS-SAS,850,1280,approx.,"Lost-wax casters made processional bronzes following texts on proportion, a practice continued by Swamimalai sthapatis today.",lost-wax casting,processional image,ritual and belief,historians; sthapati lineages,living Swamimalai casters; stolen images,sacred;conflict-looting,Met Open Access (CC0);Cleveland Museum of Art Open Access (CC0);Wikimedia Commons,R2,F1.16;F1.24,high,
SCH022,Mughal painting,Mughal school,school,Ideas,F1.9;F1.10,AS-SAS,1560,1858,approx.,"Imperial workshops combined Persian, Indian and European methods, often in teams of designer, colourist and portraitist.",opaque watercolour;burnishing,manuscript;album page,record and writing;rule and display,historians,the many named and unnamed collaborating painters,none,Met Open Access (CC0);Cleveland Museum of Art Open Access (CC0);Wikimedia Commons,R1,F1.17;F1.26,high,
SCH023,Deccani painting,Deccan school,school,Ideas,F1.9;F1.10,AS-SAS,1560,1700,approx.,"Bijapur, Golconda and Ahmadnagar court workshops used gold and Persian models, a distinct southern Islamic painting.",opaque watercolour;gold,painting,rule and display,historians,the Abyssinian and Persian artists at Deccan courts,none,Met Open Access (CC0);Wikimedia Commons,R3,,high,
SCH024,Basohli school,Basohli painting,school,Ideas,F1.9,AS-SAS;AS-HIM,1660,1730,approx.,"Pahari painters used beetle-wing inlay and bold colour, the earliest distinct hill style.",opaque watercolour;beetle-wing,painting,ritual and belief,historians,family lineage of painters (see Pandit Seu row),none,Met Open Access (CC0);Wikimedia Commons,R3,,high,
SCH025,Pandit Seu family workshop (Guler),Guler school;Manaku and Nainsukh,school,Ideas,F1.9,AS-SAS;AS-HIM,1720,1830,approx.,"B. N. Goswamy showed the family, not the kingdom, was the unit of Pahari painting.",opaque watercolour,painting,ritual and belief,B. N. Goswamy,the court-based 'school' names it replaced,none,Met Open Access (CC0);Cleveland Museum of Art Open Access (CC0);Wikimedia Commons,R1,F1.26;F1.3,high,
SCH026,Kangra school,Kangra painting,school,Ideas,F1.9,AS-SAS;AS-HIM,1775,1850,approx.,"Pahari painters under Sansar Chand, many from the Pandit Seu family, made lyrical Krishna subjects.",opaque watercolour,painting,ritual and belief,historians,family lineage of painters (see Pandit Seu row),none,Met Open Access (CC0);Cleveland Museum of Art Open Access (CC0);Wikimedia Commons,R3,,high,
STY121,Company School,Company painting,style,Ideas,F1.9;F1.11;F1.13,AS-SAS;AS-ISE;AS-CHN,1760,1880,approx.,"Indian artists painted natural history, trades and festivals for East India Company buyers, changing their materials and subjects.",watercolour on paper,natural history painting;album,record and writing,historians,named Indian artists; the Company's power,none,Met Open Access (CC0);Yale Center for British Art (public domain);Wikimedia Commons,R2,F1.13;F1.17,high,
STY122,Kalighat painting,Kalighat pat,style,Ideas,F1.9,AS-SAS,1830,1930,approx.,"Patuas near Kalighat temple made cheap, fast paintings on mill paper for pilgrims, a mass-market art.",watercolour on mill paper,painting,ritual and belief,historians,the painters' community,none,Met Open Access (CC0);Wikimedia Commons,R3,F1.21,high,
STY123,Thanjavur painting,Tanjore painting,style,Ideas,F1.9,AS-SAS,1600,,approx.,Gold-leaf devotional paintings with raised gesso were made by Raju and Naidu communities.,gold leaf;gesso;glass inlay,devotional painting,ritual and belief,historians,the women in the family workshops,sacred;living-community,Wikimedia Commons,R3,,medium,
STY124,Mithila painting,Madhubani painting,style,Ideas,F1.9,AS-SAS,1966,,approx.; wall tradition older; paper after 1966 drought programme,Women's wall painting moved onto paper for income after a relief programme.,mineral pigment;paper,painting,ritual and belief;exchange and value,Mithila women; the All India Handicrafts Board,caste distinctions in style,living-community,collection search link-out only (works in copyright),R2,F1.18;F1.29,high,
STY125,Warli painting,Warli art,style,Ideas,F1.9,AS-SAS,1970,,approx.,Adivasi Warli wall painting moved to paper and canvas for sale from the 1970s.,rice paste on mud,painting,ritual and belief,Warli artists (Jivya Soma Mashe),the ritual context in which women painted,Indigenous-community;living-community,collection search link-out only (works in copyright),R3,F1.29,medium,
SCH027,Jangarh Kalam,Gond painting,school,Ideas,F1.9,AS-SAS,1981,,approx.,"Jangarh Singh Shyam's style, developed at Bharat Bhavan, founded contemporary Gond painting as a lineage.",acrylic;ink,painting,ritual and belief,artists; J. Swaminathan,Pardhan Gond community,Indigenous-community;living-community,collection search link-out only (works in copyright),R3,F1.26,high,
MOV081,Swadeshi movement,Swadeshi,movement,Ideas,F1.9,AS-SAS,1905,1947,approx.,A boycott of British goods made hand-spinning and khadi a political act and a design question.,hand spinning;hand weaving,khadi;charkha,clothing and adornment;exchange and value,the participants,the weavers in the colonial economy,none,Wikimedia Commons;collection search link-out only (works in copyright),R1,F1.18;F1.19;F1.20,high,
MOV082,Bengal School,Bengal School of Art,movement,Ideas,F1.9,AS-SAS,1905,1940,approx.,Artists around Abanindranath Tagore used wash technique and Asian sources to seek an Indian art against colonial academic training.,wash technique,painting,rule and display,the members; E. B. Havell,Pan-Asian links with Japanese artists,none,Wikimedia Commons;collection search link-out only (works in copyright),R2,F1.20,high,
SCH028,Santiniketan,Contextual modernism,school,Ideas,F1.9,AS-SAS,1919,,approx.,"Nandalal Bose and others at Kala Bhavana linked art teaching to local craft, murals and rural life.",mural;printmaking;craft,mural;print,rule and display,R. Siva Kumar (1997),the local Santal community it drew on,none,collection search link-out only (works in copyright),R2,F1.20,high,
MOV083,Progressive Artists' Group,PAG,movement,Ideas,F1.9,AS-SAS,1947,1956,approx.,"Bombay artists sought an Indian modern art after independence, rejecting both colonial academy and revivalism.",oil,painting,rule and display,"the members (Souza, Raza, Husain)",women artists (e.g. Amrita Sher-Gil earlier); craft,none,collection search link-out only (works in copyright),R3,F1.20,high,
MOV084,Madras Art Movement,Cholamandal,movement,Ideas,F1.9,AS-SAS,1960,1980,approx.,"Artists founded the Cholamandal artists' village (1966), making and selling craft objects to fund their painting.",metal;batik,painting,exchange and value,the members (K. C. S. Paniker),women artists,none,collection search link-out only (works in copyright),R3,F1.17,high,
SCH029,Baroda School,Narrative figuration,school,Ideas,F1.9,AS-SAS,1950,,approx.,"Artists at MSU Baroda linked art, craft and narrative figuration.",painting;print,painting,rule and display,historians,the craftspeople who taught there,none,collection search link-out only (works in copyright),R3,F1.20,medium,
MOV085,Colombo '43 Group,43 Group,movement,Ideas,F1.9,AS-SAS,1943,1967,approx.,Sri Lankan artists sought a modern national art outside colonial academic painting.,painting,painting,rule and display,the members,Tamil and women artists,none,collection search link-out only (works in copyright),R3,F1.20,high,
MOV086,Indian craft revival,Kamaladevi craft revival,movement,Ideas,F1.9,AS-SAS,1947,1975,approx.,"Kamaladevi Chattopadhyay built state boards, cooperatives and emporia to support craftspeople after independence.",cooperative;handloom,textile;craft,exchange and value,the participants,caste-based craft labour,none,collection search link-out only (works in copyright),R1,F1.17;F1.18,high,
SCH030,Menri,Menri painting,school,Ideas,F1.9,AS-HIM,1450,,approx.,Menla Dondrup's school codified Tibetan painting proportions and became the main painting tradition.,mineral pigment;thangka,thangka,ritual and belief,Tibetan painters and historians,the individual painters,sacred,Met Open Access (CC0);Wikimedia Commons,R3,F1.26,high,
SCH031,Karma Gadri,Gardri,school,Ideas,F1.9,AS-HIM,1560,,approx.,A Karma Kagyu painting school that absorbed Chinese blue-green landscape and open composition.,mineral pigment,thangka,ritual and belief,Tibetan painters and historians,the individual painters,sacred,Met Open Access (CC0);Wikimedia Commons,R3,F1.13,medium,
SCH032,Newar artistic lineages,Newar school,school,Ideas,F1.9,AS-HIM,800,,approx.,"Newar metal casters and painters of the Kathmandu Valley worked for Tibetan and Chinese patrons, including Araniko at the Yuan court.",lost-wax casting;repousse;paubha painting,image;paubha,ritual and belief,historians; Newar families,the individual makers,sacred;living-community,Met Open Access (CC0);Wikimedia Commons,R2,F1.13;F1.26,high,
STY126,Dvaravati style,Dvaravati art,style,Ideas,F1.9,AS-MSE,600,1100,approx.,"Mon communities in present-day Thailand made Buddhist sculpture, stucco and stone dharmacakra wheels.",stone carving;stucco,image,ritual and belief,historians,the Mon communities whose name for themselves differs from the inscription-based label,sacred,Wikimedia Commons,R3,,medium,
STY127,Central Javanese style,Sailendra art;Borobudur style,style,Ideas,F1.9,AS-ISE,750,930,approx.,Builders and carvers raised Borobudur and Prambanan with extensive narrative stone-relief programmes.,andesite carving,stupa relief,ritual and belief,historians,"the carvers and the labour organisation behind the monuments, known only from inscriptions",sacred,Rijksmuseum (CC0);Tropenmuseum/Wereldmuseum photos on Wikimedia Commons (CC BY-SA);Wikimedia Commons,R2,,high,
STY128,East Javanese style,Majapahit art,style,Ideas,F1.9,AS-ISE,930,1500,approx.,"Brick and terracotta temples and figures of Kediri, Singhasari and Majapahit replaced the stone of Central Java.",brick;terracotta,temple;figure,ritual and belief,historians,continuity into Balinese practice,sacred,Rijksmuseum (CC0);Wikimedia Commons,R3,,medium,
STY129,Khmer art-historical styles,Khmer styles,style,Ideas,F1.9,AS-MSE,600,1432,approx.,"French scholars dated Khmer temples by carved ornament, making a style sequence (Phnom Da to Bayon) the chronology.",sandstone carving,temple;image,ritual and belief,Philippe Stern; Gilberte de Coral-Remusat,the names of Khmer builders,sacred;conflict-looting,Met Open Access (CC0);Wikimedia Commons,R2,F1.3;F1.24,high,
STY130,Cham art styles,Champa art,style,Ideas,F1.9,AS-MSE,600,1471,approx.,Cham brick temples and sandstone sculpture at My Son and Dong Duong were classified into styles by French scholars.,brick;sandstone,temple,ritual and belief,Philippe Stern,present-day Cham community,sacred,Wikimedia Commons,R3,,medium,
STY131,Pagan style,Bagan style,style,Ideas,F1.9,AS-MSE,1044,1287,approx.,"Thousands of brick temples with mural painting were built at Bagan, funded by donors who also gave land and people to the temples.",brick;stucco,temple,ritual and belief,historians,the bonded temple servants (kyun) recorded in donation inscriptions,sacred;human-flow,Wikimedia Commons,R3,,high,
STY132,Sukhothai style,Sukhothai art,style,Ideas,F1.9,AS-MSE,1240,1438,approx.,"Bronze casters made the walking Buddha image type in Sukhothai, later treated as the Thai classical style.",bronze,image,ritual and belief,historians,the Sri Lankan and Khmer sources; Mon makers,sacred,Wikimedia Commons,R3,,high,
STY133,Mooi Indie,Beautiful Indies,style,Ideas,F1.9;F1.11,AS-ISE,1850,1940,approx.,Colonial landscape painting pictured the Dutch East Indies as picturesque for sale to Europeans.,oil,landscape,rule and display,S. Sudjojono (as critique),Indonesians shown as scenery,none,Rijksmuseum (CC0);Wikimedia Commons,R3,F1.3,high,
MOV087,PERSAGI,Persatuan Ahli-Ahli Gambar Indonesia,movement,Ideas,F1.9,AS-ISE,1938,1942,approx.,Indonesian artists rejected Mooi Indie picturesque painting in favour of Indonesian subjects.,painting,painting,rule and display,the members (S. Sudjojono),women artists,none,collection search link-out only (works in copyright),R3,F1.20,high,
MOV088,Pita Maha,Pita Maha,movement,Ideas,F1.9,AS-ISE,1936,1942,approx.,A Balinese artists' association organised sales and quality standards for painting and carving.,painting;carving,painting,exchange and value,the members; Walter Spies; Rudolf Bonnet,the Balinese artists' own role; Spies and Bonnet get credit,none,collection search link-out only (works in copyright),R3,F1.17,high,
SCH033,Vietnamese lacquer painting,Son mai,school,Ideas,F1.9,AS-MSE,1930,,approx.,Artists at the Hanoi art school turned traditional lacquer craft into a painting medium.,lacquer,painting,rule and display,historians,lacquer craft villages,none,collection search link-out only (works in copyright),R3,F1.20,high,
STY134,Nanyang style,Nanyang art,style,Ideas,F1.9,AS-ISE,1950,1970,approx.,Singapore artists mixed Chinese ink and Western oil methods to depict Southeast Asian subjects.,painting,painting,rule and display,historians,Malay and Indian artists,none,collection search link-out only (works in copyright),R3,F1.13,medium,
MOV089,Thirteen Moderns,Philippine Thirteen Moderns,movement,Ideas,F1.9,AS-ISE,1938,1950,approx.,Filipino modernists around Victorio Edades broke with academic painting.,painting,painting,rule and display,Victorio Edades,women artists,none,collection search link-out only (works in copyright),R3,F1.20,medium,
STY135,Tang international style,Tang cosmopolitan style,style,Ideas,F1.8;F1.12a;F1.13,AS-CHN;AS-KOR;AS-JPN;AS-CEN,618,907,approx.,"Silk Road metalwork, sancai ceramics and Buddhist sculpture shared a style from Chang'an to Nara, carried by trade and monks.",sancai lead glaze;silver repousse;dry lacquer,tomb figure;silver cup;Buddhist image,ritual and belief;rule and display;food and storage,art historians,Sogdian and Persian makers in Chinese cities,funerary;sacred,Met Open Access (CC0);Cleveland Museum of Art Open Access (CC0);Wikimedia Commons,R2,F1.13,high,Shosoin (Nara) holds matching objects; images limited.
STY136,Literati painting,Wenrenhua;Southern School,style,Ideas,F1.8,AS-CHN,1050,,approx.; ideal from Su Shi; codified by Dong Qichang (c.1600),"Scholar-amateurs defined painting as personal expression in brush and ink, ranking the amateur above the professional artisan.",ink;brush;silk and paper;calligraphy,hanging scroll;handscroll;album leaf,record and writing;ritual and belief,the literati themselves (Su Shi; Dong Qichang's Northern and Southern Schools theory),professional and workshop painters; mounters and inkmakers,none,Met Open Access (CC0);Cleveland Museum of Art Open Access (CC0);National Palace Museum Taipei Open Data (check per-item terms);Wikimedia Commons,R1,F1.3;F1.17,high,Core case of makers writing their own hierarchy.
SCH034,Southern Song Academy (Ma-Xia school),Ma-Xia school,school,Ideas,F1.8,AS-CHN,1127,1279,approx.,Court painters Ma Yuan and Xia Gui developed the one-corner composition later taken to Japan.,ink and colour on silk,album leaf;fan painting,rule and display,historians,court painters' low status in literati theory,none,Met Open Access (CC0);Cleveland Museum of Art Open Access (CC0);National Palace Museum Taipei Open Data (check per-item terms);Wikimedia Commons,R3,F1.13,high,
SCH035,Zhe school,Zhe pai,school,Ideas,F1.8,AS-CHN,1400,1550,approx.,Professional painters from Zhejiang continued Song academic manner and were later dismissed by literati critics.,ink on silk,hanging scroll,rule and display,Ming critics (named pejoratively),the professional painters' own view of their status,none,Met Open Access (CC0);Cleveland Museum of Art Open Access (CC0);Wikimedia Commons,R3,F1.3,high,
SCH036,Yangzhou Eccentrics,Yangzhou baguai,school,Ideas,F1.8,AS-CHN,1700,1800,approx.,"Painters sold to Yangzhou salt merchants, showing a commercial market for art in 18th-century China.",ink;paper,hanging scroll,exchange and value,historians,the merchants' role as patrons,none,Met Open Access (CC0);Cleveland Museum of Art Open Access (CC0);Wikimedia Commons,R3,F1.17,high,
SCH037,Shanghai School,Haipai,school,Ideas,F1.8,AS-CHN,1850,1937,approx.,"Painters sold in a treaty-port market, using bright colour and epigraphic brushwork.",ink and colour;lithography,hanging scroll;fan,exchange and value,historians,the lithographic printers and poster painters of the same city,none,Met Open Access (CC0);collection search link-out only (works in copyright);Wikimedia Commons,R2,F1.21,high,
SCH038,Lingnan School,Lingnan pai,school,Ideas,F1.8,AS-CHN,1900,,approx.,Guangdong painters trained in Japan joined Chinese ink with Japanese Nihonga methods.,ink and colour,hanging scroll,rule and display,"the members (Gao Jianfu, Gao Qifeng, Chen Shuren)",Japanese teachers; women painters,none,collection search link-out only (works in copyright),R3,F1.13;F1.20,high,
MOV090,Modern Woodcut Movement,Xinxing muke yundong,movement,Ideas,F1.8,AS-CHN,1931,1949,approx.,"Lu Xun promoted woodcut printing, drawing on German Expressionist and Soviet prints, as a cheap political medium.",woodcut,print;poster,record and writing,Lu Xun and participants,the folk nianhua printers whose techniques were reused,none,collection search link-out only (works in copyright),R2,F1.19a;F1.20,high,
MOV091,85 New Wave,Bawu meishu yundong,movement,Ideas,F1.8,AS-CHN,1985,1989,approx.,Groups across China experimented with installation and performance after reform.,installation;performance,installation,rule and display,critic Gao Minglu and participants,women artists,none,collection search link-out only (works in copyright),R3,F1.20,high,
STY137,Political Pop,Zhengzhi bopu,style,Ideas,F1.8,AS-CHN,1990,2005,approx.,Artists used Mao-era poster imagery combined with commercial brands.,oil;appropriation,painting,rule and display,critic Li Xianting,the original poster designers,none,collection search link-out only (works in copyright),R3,F1.14,high,
STY138,Chinese Revival architecture,Adaptive Chinese Renaissance,style,Ideas,F1.8,AS-CHN,1920,1960,approx.,Architects put Chinese roofs on concrete buildings for universities and state buildings.,reinforced concrete;glazed roof tile,university;museum,shelter;rule and display,historians,"Chinese architects (Lu Yanzhi, Liang Sicheng) beside foreign designers (Henry Murphy)",none,Wikimedia Commons,R3,,medium,
STY139,Goryeo celadon,Goryeo cheongja;sanggam celadon,style,Ideas,F1.8,AS-KOR,1050,1350,approx.,"Korean potters developed inlaid (sanggam) celadon, filling carved lines with white and black clay, a technique praised by Song Chinese writers.",celadon glaze;sanggam inlay,maebyeong vase;bowl;ewer,food and storage;ritual and belief,historians; Song writer Taiping Laoren praised it,potters at Gangjin and Buan; tombs looted in colonial era,funerary;conflict-looting,e-Museum Korea (KOGL Type 1 items);Met Open Access (CC0);Cleveland Museum of Art Open Access (CC0),R2,F1.24,high,
STY140,Buncheong,Punch'ong,style,Ideas,F1.8,AS-KOR,1400,1600,approx.,Stoneware with white slip was made widely in Korea and later admired in Japan.,slip;stamping;sgraffito,bowl;bottle,food and storage,term coined by Ko Yu-seop (1930s),the potters taken to Japan after 1592,none,e-Museum Korea (KOGL Type 1 items);Met Open Access (CC0),R2,F1.14,high,
STY141,Joseon white porcelain,Joseon baekja;moon jar,style,Ideas,F1.8,AS-KOR,1400,1900,approx.; moon jars late 17th-18th c.,"Royal kilns made plain white porcelain, including moon jars built from two halves.",white porcelain;joined halves,moon jar;bowl,food and storage;ritual and belief,historians; 'moon jar' name 20th c.,the potters of the royal kilns (see Bunwon in makers file),none,e-Museum Korea (KOGL Type 1 items);Met Open Access (CC0),R2,F1.22,high,
STY142,True-view landscape,Jingyeong sansu,style,Ideas,F1.8,AS-KOR,1700,1800,approx.,"Jeong Seon painted Korean places from direct observation rather than from Chinese model books, localising a borrowed genre.",ink,landscape,record and writing,historians,court painters of the Dohwaseo,none,e-Museum Korea (KOGL Type 1 items);Wikimedia Commons,R3,,high,
STY143,Minhwa,Korean folk painting,style,Ideas,F1.8,AS-KOR,1700,1900,approx.,Anonymous painters made decorative paintings for homes; the name came from Yanagi Soetsu.,ink and colour,screen;painting,ritual and belief,Yanagi Soetsu,the anonymous painters,none,e-Museum Korea (KOGL Type 1 items);Wikimedia Commons,R3,F1.3;F1.29,high,
STY144,Dansaekhwa,Korean Monochrome painting,style,Ideas,F1.8,AS-KOR,1970,1990,approx.,"Korean painters made repetitive, process-based monochrome works with hanji paper.",hanji;oil;repetition,painting,rule and display,critics (term popularised in 2000s),women artists; the hanji makers whose paper was the material,none,collection search link-out only (works in copyright),R3,F1.20,high,
MOV092,Minjung art,Minjung misul,movement,Ideas,F1.8,AS-KOR,1980,1995,approx.,"Artists made woodcuts, banners and murals collectively for the democracy and labour movements, often unsigned.",woodcut;banner painting,print;banner,rule and display,the participants,the collective and unnamed makers of banners,none,collection search link-out only (works in copyright),R3,F1.19a,high,
SCH039,Kei school,Keiha,school,Ideas,F1.8,AS-JPN,1150,1350,approx.,Unkei and Kaikei used joined-wood (yosegi) technique for realistic sculpture.,yosegi-zukuri;crystal eyes,guardian;Buddha image,ritual and belief,historians,the carvers and assistants in the workshop,sacred,ColBase Japan (check per-item terms);Wikimedia Commons,R3,F1.19,high,
STY145,Yamato-e,Japanese-style painting,style,Ideas,F1.8,AS-JPN,900,1600,approx.,Court painters developed narrative handscrolls and screens of Japanese subjects distinct from Chinese models.,mineral pigment;handscroll,emaki;screen,record and writing,historians,women authors and patrons at court,none,Met Open Access (CC0);ColBase Japan (check per-item terms);Wikimedia Commons,R3,,high,
STY146,Muromachi ink painting,Suibokuga,style,Ideas,F1.8,AS-JPN,1350,1570,approx.,"Zen monk-painters adapted imported Chinese ink painting, making the monastery a painting workshop.",ink,hanging scroll,ritual and belief,historians,the Chinese paintings and painters they studied,none,Met Open Access (CC0);Wikimedia Commons,R3,F1.13,high,
SCH040,Kano school,Kanoha,school,Ideas,F1.8,AS-JPN,1480,1868,approx.,A hereditary workshop trained painters by copying model books (funpon) for screens and castles.,ink;gold leaf;model books,folding screen;sliding door,rule and display,the Kano family; historians,the workshop assistants; women,none,Met Open Access (CC0);Cleveland Museum of Art Open Access (CC0);ColBase Japan (check per-item terms);Wikimedia Commons,R1,F1.17;F1.26,high,
SCH041,Tosa school,Tosaha,school,Ideas,F1.8,AS-JPN,1400,1868,approx.,A hereditary court painting lineage kept Yamato-e practice and supplied the imperial court for centuries.,mineral pigment,handscroll;album,rule and display,the Tosa family,workshop assistants and women of the family,none,Met Open Access (CC0);ColBase Japan (check per-item terms);Wikimedia Commons,R3,,high,
STY147,Rinpa,Rimpa,style,Ideas,F1.8,AS-JPN,1600,,approx.; term 20th c.,"Artists linked not by teaching but by emulation across a century made designs in gold, lacquer and textile.",gold leaf;tarashikomi;lacquer,screen;fan;kosode,rule and display,later historians,Hon'ami Koetsu's craft network; textile makers,none,Met Open Access (CC0);Cleveland Museum of Art Open Access (CC0);Wikimedia Commons,R2,F1.26,high,
STY148,Ukiyo-e,Pictures of the floating world,style,Ideas,F1.8,AS-JPN,1660,1900,approx.,"Publishers, designers, block-carvers and printers made cheap colour prints as a team.",woodblock printing;colour registration,print;book,record and writing;play and music,historians,the carvers and printers,none,Met Open Access (CC0);Rijksmuseum (CC0);Art Institute of Chicago (CC0);Cleveland Museum of Art Open Access (CC0);National Diet Library Digital Collections (public-domain items),R1,F1.17;F1.21;F1.23,high,
STY149,Nanga,Bunjinga,style,Ideas,F1.8,AS-JPN,1720,1900,approx.,"Japanese painters learned Chinese literati painting largely from imported printed manuals such as the Mustard Seed Garden, painting from books rather than teachers.",ink,scroll,record and writing,historians,the professional painters they looked down on,none,Met Open Access (CC0);Wikimedia Commons,R3,F1.14,high,
STY150,Chanoyu aesthetics (wabi),Wabi-sabi;tea aesthetics,style,Ideas,F1.8,AS-JPN,1480,,approx.; wabi-sabi as a pair is a modern term,"Tea masters valued plain, irregular vessels, changing which objects were prized.",raku;stoneware;bamboo,tea bowl;tea caddy,food and storage;ritual and belief,"tea masters (Murata Juko, Sen no Rikyu); later writers",the potters,none,Met Open Access (CC0);Cleveland Museum of Art Open Access (CC0);Wikimedia Commons,R1,F1.3;F1.22a,high,
STY151,Sukiya-zukuri,Sukiya style,style,Ideas,F1.8,AS-JPN,1580,,approx.,"Residential architecture drew on the tea house, using unfinished natural materials and irregular joinery as refinement.",timber;clay,tea house,shelter,historians,the carpenters (daiku) who developed the joinery,none,Wikimedia Commons,R3,,high,
STY152,Giyofu architecture,Pseudo-Western architecture,style,Ideas,F1.8,AS-JPN,1860,1890,approx.,Japanese carpenters built Western-looking buildings with Japanese techniques.,timber;plaster,school,shelter,historians,the master carpenters,none,Wikimedia Commons,R3,F1.14,high,
STY153,Imperial Crown Style,Teikan yoshiki,style,Ideas,F1.8,AS-JPN,1930,1945,approx.,Reinforced-concrete public buildings were topped with Japanese-style roofs to express nationalism in the 1930s.,reinforced concrete,museum,rule and display,historians,its use in colonial buildings in Korea and Taiwan,none,Wikimedia Commons,R3,F1.19a,medium,
MOV093,Nihonga,Japanese-style painting,movement,Ideas,F1.8,AS-JPN,1887,,approx.,"Okakura Kakuzo and Ernest Fenollosa defined 'Japanese' painting, using mineral pigments on silk, as a modern category against Western oil painting.",mineral pigment;silk,painting,rule and display,Okakura Kakuzo; Ernest Fenollosa,the pre-Meiji schools it absorbed and renamed,none,Met Open Access (CC0);Wikimedia Commons,R2,F1.3,high,
MOV094,Shin-hanga,New prints,movement,Ideas,F1.8,AS-JPN,1915,1960,approx.,"Publisher Watanabe Shozaburo revived the ukiyo-e team of designer, carver and printer to make prints for export.",woodblock,print,exchange and value,Watanabe Shozaburo,the carvers and printers who made the prints,none,Met Open Access (CC0);collection search link-out only (works in copyright),R3,F1.21,high,
MOV095,Sosaku-hanga,Creative prints,movement,Ideas,F1.8,AS-JPN,1904,1960,approx.,"Artists carved and printed their own blocks, rejecting the publisher's division of labour for single-author making.",woodblock,print,record and writing,the members,the professional carvers whose skill set the standard,none,collection search link-out only (works in copyright),R3,F1.26,high,
MOV096,Mingei,Folk craft movement,movement,Ideas,F1.8;F1.13,AS-JPN;AS-KOR,1926,,approx.; manifesto 1926,"Yanagi Soetsu, Hamada Shoji and Kawai Kanjiro championed anonymous everyday crafts.",hand production,ceramics;textile,food and storage;clothing and adornment,the members,the anonymous makers; Korean craftspeople,none,Met Open Access (CC0);collection search link-out only (works in copyright),R1,F1.3;F1.29,high,Existing project node; reconcile ID.
MOV097,Gutai,Gutai Art Association,movement,Ideas,F1.8,AS-JPN,1954,1972,approx.,"Artists in Osaka and Ashiya used bodies and materials such as mud, paper and paint in performative making.",performance;mud,painting,rule and display,the members (Yoshihara Jiro),women members (e.g. Tanaka Atsuko) long under-credited,none,collection search link-out only (works in copyright),R3,F1.20,high,
MOV098,Mono-ha,School of Things,movement,Ideas,F1.8,AS-JPN;AS-KOR,1968,1975,approx.,"Artists placed raw stone, wood, steel and glass in relation to one another, letting materials rather than making carry the work.",stone;steel,installation,rule and display,the members (Lee Ufan),Korean members such as Lee Ufan in Japan-centred accounts,none,collection search link-out only (works in copyright),R3,F1.22,high,
MOV099,Superflat,Superflat,movement,Ideas,F1.8,AS-JPN,2000,,approx.,"Takashi Murakami joined anime, commercial goods and Japanese painting, running a studio organised like a production company.",studio production,painting,play and music,Takashi Murakami,the studio assistants who make the works,none,collection search link-out only (works in copyright),R3,F1.17;F1.21,high,
STY154,Lapita style,Lapita decorative system,style,Ideas,F1.12,OC-MEL;OC-POL,-1500,-500,approx.,Dentate-stamped pottery traces the first settlement of Remote Oceania by seafarers and is used to map that migration.,dentate stamping;earthenware,pot,food and storage,archaeologists (type site 1952),descendant Pacific communities,Indigenous-community,Wikimedia Commons;open-access excavation reports,R2,F1.13;F1.30,high,
STY155,Arnhem Land x-ray style,X-ray art,style,Ideas,F1.12,OC-AUS,-2000,,approx.,"Painters on rock and bark show the internal organs and bones of animals and people, a long-lived tradition still practised.",ochre;bark,rock art;bark painting,ritual and belief,archaeologists,the clan-specific knowledge behind the images,sacred;Indigenous-community,community-published site (link-out);collection search link-out only (works in copyright),R3,F1.16,medium,
STY156,Yirrkala bark painting,Yolngu bark painting,style,Ideas,F1.12,OC-AUS,1935,,approx.,Yolngu painters made bark paintings for exchange and for the 1963 Bark Petitions.,ochre on bark,bark painting,ritual and belief,Yolngu artists,community control,sacred;Indigenous-community,community-published site (link-out);collection search link-out only (works in copyright),R2,F1.16;F1.26,high,
SCH042,Hermannsburg School,Arrernte watercolour,school,Ideas,F1.12,OC-AUS,1936,,approx.,"Albert Namatjira and other Western Arrernte painters made watercolour landscapes of their Country, a practice continued by family members today.",watercolour,landscape,rule and display,artists; Rex Battarbee,the legal restrictions on Namatjira's citizenship and the copyright loss after his death,Indigenous-community,community-published site (link-out);collection search link-out only (works in copyright),R2,F1.26,high,
MOV100,Western Desert painting movement,Papunya Tula,movement,Ideas,F1.12,OC-AUS,1971,,approx.,"Papunya men began painting ancestral designs in acrylic on board in 1971, founding a painting movement run through community art centres.",acrylic;dot,painting,ritual and belief,the artists; Geoffrey Bardon,the sacred designs that had to be withdrawn from public display after 1972 disputes,sacred;Indigenous-community,community-published site (link-out);collection search link-out only (works in copyright),R1,F1.16;F1.26,high,
STY157,East Kimberley painting,Warmun painting,style,Ideas,F1.12,OC-AUS,1975,,approx.,"Gija artists at Warmun, following Rover Thomas and the Gurirr Gurirr ceremony, painted natural ochre on canvas.",ochre,painting,ritual and belief,Gija artists,restricted ceremonial knowledge,Indigenous-community,community-published site (link-out);collection search link-out only (works in copyright),R3,,medium,
MOV101,proppaNOW,proppaNOW,movement,Ideas,F1.12,OC-AUS,2003,,approx.,A Brisbane collective of urban Aboriginal artists makes work that refuses the market expectation of 'traditional' desert style.,mixed media,artwork,rule and display,the members,remote community artists whose market position it critiques,Indigenous-community,collection search link-out only (works in copyright),R3,F1.20,high,
MOV102,Hawaiian Renaissance,Hawaiian Renaissance,movement,Ideas,F1.12,OC-POL,1970,1990,approx.,"Hawaiians revived voyaging-canoe building (Hokule'a, 1975), hula, kapa making and language as a cultural and political movement.",canoe building,canoe,transport,the participants,the makers who kept practices alive before the revival,Indigenous-community,community-published site (link-out),R3,F1.29,high,
MOV103,Contemporary Maori art movement,Maori modernism,movement,Ideas,F1.12,OC-POL,1950,,approx.,"Maori artists (e.g. Paratene Matchitt, Arnold Wilson, Sandy Adsett) joined customary forms with modern painting and sculpture.",painting;carving,painting,rule and display,artists,iwi-based carvers and weavers working within customary practice,Indigenous-community,Te Papa Collections Online (CC BY items);community-published site (link-out),R3,F1.20,medium,
MOV104,Pacific Sisters,Pacific Sisters collective,movement,Ideas,F1.12,OC-POL,1992,,approx.,"A collective of Pacific Island and Maori women in Auckland combined fashion, performance and customary materials.",fashion,garment,clothing and adornment,the members,Pacific makers outside the diaspora,Indigenous-community,Te Papa Collections Online (CC BY items);community-published site (link-out),R3,F1.18,medium,
MOV105,Sami Artist Group,Maze Group,movement,Ideas,F1.11,EU-SCA,1978,1983,approx.,"Sami artists in Masi, Norway, formed a group that made Sami identity visible in contemporary art and duodji.",painting,painting,rule and display,the members,"Sami makers in Sweden, Finland and Russia",Indigenous-community,DigitaltMuseum Norway/Sweden (CC BY items);community-published site (link-out),R3,F1.20,medium,
STY158,Soviet Modernism,Soviet modernist architecture,style,Ideas,F1.11;F1.12a,EU-EER;AS-CEN;WA-CAU,1955,1991,approx.,"Soviet architects built prefabricated panel housing and modernist public buildings with large mosaics, including in Central Asia and the Caucasus.",prefabricated panel;mosaic,housing,shelter,historians,local artists who made the mosaics; residents,none,Wikimedia Commons,R3,F1.19,high,
STY159,Viking art styles (Oseberg to Ringerike),"Oseberg/Broa, Borre, Jelling, Mammen, Ringerike styles",style,Ideas,F1.11,EU-SCA;EU-BLC;EU-EER,775,1050,"approx.; Oseberg c.775-875, Borre c.850-975, Jelling c.900-975, Mammen c.950-1025, Ringerike c.990-1050","A sequence of animal-ornament styles on wood, metal and stone lets archaeologists date Viking Age finds from Ireland to Russia.",wood carving;metal casting;filigree;silver inlay;stone carving,ship fittings;brooch;harness mount;runestone,clothing and adornment;transport;rule and display;ritual and belief,"20th c. archaeologists naming type sites (e.g. Wilson and Klindt-Jensen, 1966)",the makers (smiths and carvers); women's textiles from the same graves; Sami and Slavic neighbours,funerary,Wikimedia Commons;DigitaltMuseum Norway/Sweden (CC BY items);Met Open Access (CC0),R2,F1.3;F1.30,high,Urnes has its own row. Many finds are grave goods.
STY160,"Hindu temple styles (Nagara, Dravida, Vesara)",Nagara;Dravida;Vesara,style,Ideas,F1.9,AS-SAS;AS-MSE;AS-ISE,500,,approx.; living tradition,"South Indian building texts name three temple types, defined mainly by plan shape (square, polygonal, round or apsidal), which later writers mapped onto north, south and the Deccan and still use to classify temples.",stone masonry;corbelled tower;proportional grid (vastu),temple;shrine;gateway (gopuram),ritual and belief;shelter,Sanskrit architectural treatises (shilpa and vastu texts); later historians,regional and village temple traditions that do not fit the three types; the masons' guild knowledge,sacred;living-community,Wikimedia Commons;collection search link-out only (works in copyright),R2,F1.16;F1.28,high,"Checked: in the agamas and Manasara, Vesara means a round or apsidal (or square-below, round-above) form; its modern use for Deccan ""hybrid"" temples is contested (Adam Hardy prefers ""Karnata Dravida""; George Michell avoids the term)."
SCH043,Rajasthani (Rajput) painting schools,"Mewar, Bundi-Kota, Kishangarh, Bikaner, Marwar schools",school,Ideas,F1.9,AS-SAS,1600,1900,approx.,"Court workshops in Rajput kingdoms made illustrated texts, court records and portraits, each with local conventions; many painters were Muslim families working for Hindu courts.",opaque watercolour;burnishing;gold,manuscript page;court painting;portrait,record and writing;rule and display;ritual and belief,art historians (court-based classification),"the painter families who moved between courts, making court labels misleading",none,Met Open Access (CC0);Cleveland Museum of Art Open Access (CC0);Wikimedia Commons,R2,F1.26,high,Classification by court is challenged by family-lineage research (see Pandit Seu row).
STY161,Lahore and Karachi modernism,Pakistani modernism,style,Ideas,F1.9,AS-SAS,1947,1980,approx.,"Artists in Lahore and Karachi built a modern art after Partition, including calligraphic painting (Sadequain, Hanif Ramay) and teaching at the Mayo School/NCA.",oil;calligraphy;mural,painting;mural,record and writing;rule and display,historians; groups such as the Lahore Art Circle (1952),"women artists (e.g. Zubeida Agha, Anna Molka Ahmed) who led it; regional craft traditions",none,collection search link-out only (works in copyright),R3,F1.20,medium,"Project's own umbrella label, not a historical group name. Checked: Lahore Art Circle founded 1952 (Shakir Ali, Anwar Jalal Shemza, Ahmed Parvez and others); Mayo School became the National College of Arts in 1958."
STY162,Sepik River art styles,Middle Sepik styles,style,Ideas,F1.12,OC-MEL,1800,,approx.; much older; living,"Carvers and painters of Sepik villages make house posts, masks and gable paintings in village-specific styles, heavily collected in the colonial period.",wood carving;clay overmodelling;painting on sago spathe,mask;hook figure;men's house gable,ritual and belief;shelter,anthropologists and collectors; Sepik communities,village-level distinctions the regional label flattens; objects removed by collecting expeditions,sacred;Indigenous-community;living-community,Met Open Access (CC0);Auckland Museum Collections Online (CC BY items);collection search link-out only (works in copyright),R3,F1.24,medium,
STY163,Asmat carving,Asmat art,style,Ideas,F1.12,OC-MEL;AS-ISE,1900,,approx.; living,"Asmat carvers make ancestor poles (bis), shields and canoes; collecting and missionary markets reshaped the practice.",wood carving;pigment,bis pole;shield;canoe prow,ritual and belief;war;transport,Asmat carvers; missionaries and collectors (e.g. 1961 Rockefeller expedition),the political situation in West Papua,sacred;ancestral;Indigenous-community,Met Open Access (CC0);collection search link-out only (works in copyright),R3,F1.24,medium,
SCH044,Ngati Tarawhai carving school,Te Arawa carvers,school,Ideas,F1.12,OC-POL,1850,1930,approx.,"A lineage of Te Arawa carvers (e.g. Wero Taroi, Tene Waitere) carved meeting houses and also for colonial tourism and museums.",wood carving;paua inlay,meeting house;panel,ritual and belief;shelter,Ngati Tarawhai; historians (Roger Neich),the tourism and museum commissions that moved carvings overseas,ancestral;Indigenous-community,Te Papa Collections Online (CC BY items);Auckland Museum Collections Online (CC BY items);community-published site (link-out),R3,F1.26;F1.29,medium,
MOV106,Torres Strait Islander printmaking,Torres Strait linocut movement,movement,Ideas,F1.12,OC-AUS;OC-MEL,1990,,approx.,"Islander artists (e.g. Dennis Nona, Alick Tipoti) turned carving and mask designs into large linocuts, a new medium for old designs.",linocut;etching,print,ritual and belief;record and writing,the artists; Cairns TAFE teaching programme,Islanders outside the printmaking market,Indigenous-community,collection search link-out only (works in copyright),R3,F1.26,medium,
SCH045,Zanabazar school,Zanabazar sculpture,school,Ideas,F1.12a;F1.9,AS-CEN;AS-HIM,1650,1723,approx.; lifetime of Zanabazar and followers,"The first Bogd Gegeen of Mongolia led a workshop of gilt-bronze casting, setting a Mongolian Buddhist sculpture style.",lost-wax casting;fire gilding,Buddhist image,ritual and belief,Mongolian tradition; historians,Newar and Tibetan sources; workshop members,sacred,Wikimedia Commons;collection search link-out only (works in copyright),R3,F1.13,medium,
STY164,Kucha (Kizil) painting style,Kizil cave painting,style,Ideas,F1.12a;F1.9,AS-CEN;AS-CHN,300,700,approx.,"Cave murals at Kizil show a Central Asian Buddhist painting workshop tradition between India, Iran and China.",mineral pigment on clay plaster,cave mural,ritual and belief,art historians; German Turfan expeditions named styles,mural sections cut out and removed to Berlin,sacred;conflict-looting,Wikimedia Commons;collection search link-out only (works in copyright),R3,F1.13;F1.24,medium,
STY165,Suzani regional styles,Suzani,style,Ideas,F1.12a;F1.10,AS-CEN,1750,,approx.; living,"Women embroidered dowry hangings in regional styles (Bukhara, Samarkand, Nurata, Shakhrisabz) that collectors named by city.",silk embroidery;chain stitch;couching,wall hanging;bedcover,shelter;ritual and belief,dealers and collectors (city names); the embroiderers,the women makers; collector naming by city,living-community,Met Open Access (CC0);Cleveland Museum of Art Open Access (CC0);collection search link-out only (works in copyright),R2,F1.18;F1.3,medium,
STY166,Turkmen carpet gol tradition,Turkmen rugs,style,Ideas,F1.12a;F1.10,AS-CEN,1700,,approx.,"Turkmen weavers used gol medallions that dealers and scholars read as signatures of particular groups (Tekke, Yomut, Salor).",knotted pile;wool;natural dye,carpet;tent band;bag,shelter;transport;food and storage,dealers and rug scholars,women weavers; the uncertainty of tribal attribution,living-community,Met Open Access (CC0);collection search link-out only (works in copyright),R3,F1.3;F1.18,medium,
STY167,Caucasian rug regional styles,"Kazak, Shirvan, Karabagh rugs",style,Ideas,F1.12a;F1.9a,WA-CAU,1800,,approx.,Village weavers across the Caucasus made rugs that the Western trade classified by region names.,knotted pile;flatweave,rug,shelter,dealers and collectors,"Armenian, Azerbaijani and other makers' own names; women weavers",living-community,Met Open Access (CC0);collection search link-out only (works in copyright),R3,F1.3;F1.18,medium,
SCH046,Cilician Armenian illumination,Cilician school,school,Ideas,F1.9a;F1.11,WA-ANA;WA-CAU,1150,1375,approx.,"Manuscript painters such as T'oros Roslin worked in the Armenian kingdom of Cilicia, linking Byzantine, Latin and Mongol-era art.",parchment;gold;illumination,gospel book,ritual and belief;record and writing,historians,scribes' colophons name makers often left out of accounts,sacred,Walters Art Museum (CC0);Getty Open Content;Wikimedia Commons,R3,F1.28,high,
STY168,Urartian metalwork style,Urartian art,style,Ideas,F1.9a,WA-CAU;WA-ANA,-850,-590,approx.,"Bronze workshops of Urartu made cauldrons, shields and belts in a court style.",bronze casting;repousse,cauldron;belt;shield,war;rule and display,archaeologists,looted findspots,conflict-looting,Met Open Access (CC0);Wikimedia Commons,R3,F1.24,medium,
STY169,Phoenician and North Syrian ivory style,Syro-Phoenician ivories,style,Ideas,F1.9a,WA-LEV;WA-MES,-900,-700,approx.,"Carved ivory furniture panels were traded and taken as tribute, many found at Nimrud.",ivory carving;gold leaf;glass inlay,furniture panel,rule and display;exchange and value,archaeologists,the carvers; the elephants and trade,none,Met Open Access (CC0);Wikimedia Commons,R3,F1.13,medium,
STY170,Nabataean style,Nabataean art,style,Ideas,F1.9a,WA-ARB;WA-LEV,-300,106,approx.,Rock-cut facades at Petra and Hegra and thin painted pottery show a trading kingdom's building and ceramic workshops.,rock-cut architecture;eggshell-thin pottery,tomb facade;bowl,ritual and belief;food and storage,archaeologists,the caravan traders and workers; the Arabian peoples outside the kingdom,funerary,Wikimedia Commons,R3,F1.13,medium,
STY171,Al-Qatt Al-Asiri,Asiri wall painting,style,Ideas,F1.10,WA-ARB,1800,,approx.; living,"Women of Asir paint geometric designs on house interiors, recorded by UNESCO (2017).",wall painting;pigment,interior wall,shelter,the women painters; UNESCO,the women painters' names,living-community,community-published site (link-out);collection search link-out only (works in copyright),R3,F1.18;F1.29,medium,
STY172,Najdi architecture,Najdi mud-brick architecture,style,Ideas,F1.10,WA-ARB,1700,,approx.,"Builders in central Arabia used mud brick with triangular openings and painted doors, a style later revived in Riyadh.",mud brick;palm timber,house;palace;door,shelter,historians,the builders,none,Wikimedia Commons;collection search link-out only (works in copyright),R3,F1.29,medium,
STY173,Inuit carving (post-war),Inuit sculpture,style,Ideas,F1.7,AM-ARC,1948,,approx.,Inuit carvers made stone sculpture for a southern market promoted by James Houston and the Canadian state.,soapstone carving;serpentine,sculpture,exchange and value,James Houston and Canadian Handicrafts Guild; Inuit carvers,pre-contact carving; the state's role in shaping style,Indigenous-community,collection search link-out only (works in copyright),R3,F1.17;F1.21,high,
STY174,Zafimaniry woodcraft,Zafimaniry carving,style,Ideas,F1.6,AF-MAD,1700,,approx.; living,"Zafimaniry carvers cover houses and furniture with geometric patterns, recorded by UNESCO (2003/2008).",wood carving,house;furniture,shelter,Zafimaniry makers; UNESCO,forest loss that now limits wood,living-community,community-published site (link-out);collection search link-out only (works in copyright),R3,F1.22;F1.29,medium,
STY175,Aloalo sculpture,Mahafaly and Sakalava funerary posts,style,Ideas,F1.6,AF-MAD,1800,,approx.,Carvers make funerary posts with figures for tombs in southern and western Madagascar.,wood carving,funerary post,ritual and belief,Mahafaly and Sakalava carvers; historians,posts taken for museums,funerary;ancestral,collection search link-out only (works in copyright),R3,F1.16;F1.24,medium,
STY176,Kusiwa,Wajapi body painting,style,Ideas,F1.7,AM-AMZ,1900,,approx.; living,Wajapi designs painted on the body with urucum and genipap were recorded by UNESCO (2003/2008).,body painting,body design,clothing and adornment;ritual and belief,the Wajapi; UNESCO,the designs' meaning,Indigenous-community;living-community,community-published site (link-out),R3,F1.29,medium,
STY177,Makonde modern carving,Shetani style,style,Ideas,F1.6,AF-SWA,1950,,approx.,"Makonde carvers in Tanzania and Mozambique made ebony figures such as Shetani and Ujamaa, for a tourist and art market.",ebony carving,sculpture,ritual and belief;exchange and value,carvers; dealers,the carvers' names under market labels,living-community,collection search link-out only (works in copyright),R3,F1.21,medium,
STY178,Kamba carving,Akamba carving,style,Ideas,F1.6,AF-SWA,1920,,approx.,"Kamba carvers after Mutisya Munge made figures for colonial and tourist markets, often in cooperatives.",wood carving,figure,exchange and value,carvers; historians,market labels over individual carvers,living-community,collection search link-out only (works in copyright),R3,F1.21,medium,
SCH047,Shona stone sculpture,Zimbabwean stone sculpture;Workshop School,school,Ideas,F1.6,AF-SOU,1957,,approx.; Frank McEwen's Workshop School from 1957,Sculptors at the National Gallery workshop and Tengenenge made serpentine sculpture for international markets.,stone carving,sculpture,ritual and belief;exchange and value,Frank McEwen; the sculptors,"the 'Shona' label, since not all artists were Shona",none,collection search link-out only (works in copyright),R3,F1.17,medium,
STY179,Ga figurative coffins,Abebuu adekai,style,Ideas,F1.6,AF-GUI,1950,,approx.,Ga carpenters build coffins shaped like objects of the dead person's life.,carpentry;paint,coffin,ritual and belief,Ga carpenters (e.g. Seth Kane Kwei workshop),the funeral context behind gallery display,funerary,collection search link-out only (works in copyright),R3,F1.16,medium,
STY180,Fante asafo flags,Asafo flags,style,Ideas,F1.6,AF-GUI,1850,,approx.,Fante militia companies commissioned applique flags with proverbs and Union Jack cantons.,applique;cotton,flag,war;rule and display,Fante asafo companies; historians,the flag makers,none,collection search link-out only (works in copyright);Met Open Access (CC0),R3,F1.19a,medium,
