id,name,other_names,kind,family,world,sub_regions,start,end,date_note,making_significance,materials_techniques,object_types,functions,defined_by,leaves_out,sensitivity,free_sources,tier,units,confidence,notes
ARC001,Lomekwian,,archaeological-culture,People,F1.6,AF-SWA,-3300000,-3300000,"c. 3.3 million years ago; single site complex (Lomekwi 3, West Turkana)","The oldest known knapped stone tools, made before the genus Homo is securely attested.",stone knapping (anvil and passive-hammer techniques),cores; flakes; anvils,tools,Sonia Harmand et al. (2015),,none,Wikimedia Commons;open-access excavation reports,R3,F1.5,medium,"Stone-tool industry, not a people or society. Single-site evidence; some researchers question the dating and context."
ARC002,Oldowan,Mode 1,archaeological-culture,People,F1.6;F1.9a,AF-HRN;AF-SWA;AF-SOU;WA-CAU;GL,-2600000,-1000000,c. 2.6 million to c. 1 million years ago (persists alongside Acheulean),Simple flaked cores and sharp flakes made by early hominins for butchery and plant processing.,hard-hammer percussion; stone selection,choppers; flakes; hammerstones,tools;food and storage,"Louis and Mary Leakey, after Olduvai Gorge (Tanzania)",,none,Wikimedia Commons;open-access excavation reports;Smithsonian Open Access (CC0),R3,F1.5,high,"Stone-tool industry, not a people or society. Also at Dmanisi (Georgia)."
ARC003,Acheulean,Acheulian; Mode 2,archaeological-culture,People,F1.6;F1.9a;F1.9;F1.11,AF-HRN;AF-SWA;AF-SOU;AF-MAG;WA-LEV;AS-SAS;EU-WCE;EU-IBE;GL,-1760000,-130000,"c. 1.76 million to c. 130,000 years ago; varies by region","Hominins shaped symmetrical handaxes, a sign of planned, standardised tool-making sustained for over a million years.",bifacial flaking; soft-hammer thinning,handaxes; cleavers; picks,tools,"Gabriel de Mortillet, after Saint-Acheul (France)",,none,Met Open Access (CC0);Wikimedia Commons;open-access excavation reports;British Museum collection online (link out);Portable Antiquities Scheme (CC BY),R2,F1.5,high,"Stone-tool industry, not a people or society. Earliest dates from Kokiselei (Kenya)."
ARC004,Middle Stone Age,MSA,archaeological-culture,People,F1.6,AF-HRN;AF-SWA;AF-SOU;AF-MAG;AF-CEN;AF-GUI;AF-SAH,-300000,-30000,"c. 300,000–30,000 years ago; regional end dates vary","Early Homo sapiens made prepared-core points, ochre pigments and shell beads, the earliest evidence of symbolic adornment.",prepared-core (Levallois) knapping; hafting with adhesives; ochre processing; shell perforation,points; blades; ochre pieces; shell beads,tools;clothing and adornment;ritual and belief,A. J. H. Goodwin and C. van Riet Lowe (1929),,none,Wikimedia Commons;open-access excavation reports,R2,F1.5;F1.30,high,"Stone-tool industry, not a people or society. Broad African period-industry; also used for Jebel Irhoud (Morocco, c. 300 ka)."
ARC005,Aterian,,archaeological-culture,People,F1.6,AF-MAG;AF-SAH,-145000,-29000,"c. 145,000–29,000 years ago (dates vary widely)",North African MSA toolmakers made tanged points for hafting and some of the earliest shell beads.,tang shaping; hafting; shell perforation,tanged points; scrapers; Nassarius beads,tools;clothing and adornment,Named after Bir el-Ater (Algeria) by French prehistorians,,none,Wikimedia Commons;open-access excavation reports,R3,,medium,"Stone-tool industry, not a people or society."
ARC006,Nubian Complex,Nubian Levallois,archaeological-culture,People,F1.6;F1.9a,AF-NUB;WA-ARB,-130000,-70000,"c. 130,000–70,000 years ago in Nubia and Dhofar (Oman)","A distinctive Levallois point method found in Nubia and in southern Arabia, used to trace early human movements out of Africa.",Nubian Levallois core preparation,points; cores,tools,Anthony Marks and Philip Van Peer; applied to Arabia by Jeffrey Rose et al. (2011),,none,open-access excavation reports,R3,,medium,"Stone-tool industry, not a people or society. Arabian attribution debated."
ARC007,Still Bay,Stillbay,archaeological-culture,People,F1.6,AF-SOU,-77000,-70000,"c. 77,000–70,000 years ago","Southern African makers pressure-flaked bifacial points, sometimes heat-treating silcrete, alongside engraved ochre at Blombos Cave.",heat treatment; pressure flaking; ochre engraving,bifacial points; engraved ochre; shell beads,tools;clothing and adornment;ritual and belief,Named after Still Bay (South Africa); Goodwin and van Riet Lowe (1929),,none,Wikimedia Commons;open-access excavation reports,R2,F1.5,high,"Stone-tool industry, not a people or society."
ARC008,Howiesons Poort,,archaeological-culture,People,F1.6,AF-SOU,-66000,-59000,"c. 66,000–59,000 years ago",Makers produced backed blades for composite tools and engraved ostrich eggshell water containers with repeated patterns.,backed-blade production; composite hafting; eggshell engraving,backed blades; engraved ostrich eggshell,tools;food and storage;ritual and belief,Named after Howiesons Poort shelter (South Africa),,none,Wikimedia Commons;open-access excavation reports,R3,F1.15,high,"Stone-tool industry, not a people or society."
ARC009,Later Stone Age,LSA,archaeological-culture,People,F1.6,AF-HRN;AF-SWA;AF-SOU;AF-CEN;AF-GUI,-50000,1900,"from c. 50,000–40,000 years ago; forager toolkits persist into recent centuries","Microlithic toolkits, ostrich-eggshell beads and rock art made by African foragers over tens of thousands of years.",microlith production; bead making; rock painting,microliths; eggshell beads; bone points,tools;clothing and adornment;ritual and belief,A. J. H. Goodwin and C. van Riet Lowe (1929),,Indigenous-community;living-community,Wikimedia Commons;open-access excavation reports,R3,F1.30,medium,"Stone-tool industry, not a people or society. Descendant forager communities (e.g. San) are living."
ARC010,Iberomaurusian,Oranian,archaeological-culture,People,F1.6,AF-MAG,-23000,-9500,"c. 23,000–9500 BCE (calibrated ranges vary)","North African foragers made bladelet tools and buried their dead in large cemeteries, with evidence of tooth avulsion.",bladelet production; bone tools; ochre,bladelets; bone points; burials,tools;ritual and belief,archaeologists,,funerary,Wikimedia Commons;open-access excavation reports,R3,,medium,"Known largely from cemeteries (Taforalt, Afalou)."
ARC011,Capsian,,archaeological-culture,People,F1.6,AF-MAG,-10000,-6000,"c. 10,000–6000 BCE","Capsian foragers of Tunisia and Algeria left snail-shell middens, engraved ostrich eggshell and decorated stones.",microlith production; eggshell engraving,microliths; engraved eggshell; escargotières,tools;food and storage;ritual and belief,"Jacques de Morgan, after Gafsa (Latin Capsa)",,none,Wikimedia Commons;open-access excavation reports,R3,,medium,
ARC012,Kiffian,,archaeological-culture,People,F1.6,AF-SAH,-8000,-6000,"c. 8000–6000 BCE (Gobero, Niger)",Early Holocene 'Green Sahara' fisher-hunters made bone harpoons and wavy-line pottery by now-dry lakes.,bone harpoon making; pottery,harpoons; pottery; burials,food and storage;tools,Paul Sereno and Elena Garcea (2008),,funerary,open-access excavation reports;Wikimedia Commons,R3,,medium,Known mostly from the Gobero cemetery.
ARC013,Faiyum A,Fayum Neolithic,archaeological-culture,People,F1.6,AF-EGY,-5200,-4000,c. 5200–4000 BCE,Early Egyptian farmers stored grain in basket-lined pits and made linen and pottery by Lake Qarun.,basketry; pottery; linen; grain storage,baskets; pottery; sickles,food and storage;clothing and adornment,Gertrude Caton-Thompson and Elinor Gardner (1920s),,none,Wikimedia Commons;open-access excavation reports,R3,,high,
ARC014,Badarian,,archaeological-culture,People,F1.6,AF-EGY,-4400,-4000,c. 4400–4000 BCE,"Upper Egyptian communities made thin rippled pottery, ivory combs and cosmetic palettes, known mostly from graves.",rippled black-topped pottery; ivory carving; stone palettes,pottery; palettes; figurines; beads,food and storage;clothing and adornment;ritual and belief,"Guy Brunton and Gertrude Caton-Thompson, after el-Badari",,funerary,Met Open Access (CC0);Wikimedia Commons;open-access excavation reports,R3,,high,
ARC015,Naqada,Naqada I–III; Amratian; Gerzean,archaeological-culture,People,F1.6,AF-EGY,-4000,-3000,c. 4000–3000 BCE,"Predynastic Egyptian workshops made painted pottery, flint knives, stone vessels and ceremonial palettes before unification.",ripple-flaked flint; stone-vessel drilling; painted pottery; copper,decorated pottery; palettes; knives; stone vessels,ritual and belief;rule and display;food and storage,"Flinders Petrie (1890s), after Naqada",,funerary,Met Open Access (CC0);Cleveland Museum of Art Open Access (CC0);Wikimedia Commons;open-access excavation reports,R2,,high,
ARC016,Khartoum Mesolithic,Early Khartoum,archaeological-culture,People,F1.6,AF-NUB,-8000,-5000,c. 8000–5000 BCE,"Nile foragers made some of Africa's earliest pottery, decorated with wavy lines, and bone harpoons.","early pottery (wavy-line, dotted wavy-line); bone working",pottery; harpoons,food and storage;tools,A. J. Arkell (1940s),,none,Wikimedia Commons;open-access excavation reports,R3,F1.5,medium,
ARC017,A-Group,,archaeological-culture,People,F1.6,AF-NUB,-3800,-2900,c. 3800–2900 BCE,Lower Nubian communities made eggshell-thin painted pottery and traded with Predynastic Egypt.,fine painted pottery; trade,pottery; palettes; imported goods,food and storage;exchange and value,George Reisner (1907–09),,funerary,Met Open Access (CC0);Wikimedia Commons;open-access excavation reports,R3,,high,Known mainly from cemeteries; the 'A-Group' letter labels are Reisner's.
ARC018,C-Group,,archaeological-culture,People,F1.6,AF-NUB,-2400,-1550,c. 2400–1550 BCE,Lower Nubian cattle-herders made incised black pottery and stone grave superstructures.,incised pottery; herding,bowls; figurines; stelae,food and storage;ritual and belief,George Reisner,,funerary,Met Open Access (CC0);Wikimedia Commons;open-access excavation reports,R3,,high,
ARC019,Kerma,Kerma culture,archaeological-culture,People,F1.6,AF-NUB,-2500,-1500,c. 2500–1500 BCE,Kerma potters made black-topped beakers of extraordinary thinness and the city had monumental mud-brick deffufa.,black-topped fine pottery; mud-brick monumental building; faience; mica ornament,beakers; deffufa; beds; faience,food and storage;ritual and belief;rule and display,George Reisner (1913–16); Charles Bonnet,,funerary,Met Open Access (CC0);Wikimedia Commons;open-access excavation reports,R2,,high,Royal tumuli included human sacrifice; handle remains carefully.
ARC020,X-Group,Ballana culture; Post-Meroitic,archaeological-culture,People,F1.6,AF-NUB,350,600,c. 350–600 CE,"Post-Meroitic rulers at Ballana and Qustul were buried with silver crowns, horse gear and imported goods.",silver working; wheel-made pottery,crowns; horse trappings; pottery,rule and display;ritual and belief,George Reisner; Walter Emery,,funerary,Wikimedia Commons;open-access excavation reports,R3,,high,
ARC021,D'mt / pre-Aksumite,Da'amat,archaeological-culture,People,F1.6,AF-HRN,-800,-400,c. 800–400 BCE,Highland Ethiopian and Eritrean communities built temples such as Yeha in South Arabian style.,ashlar masonry; stone carving; inscriptions,temples; incense burners; inscriptions,ritual and belief;record and writing,archaeologists,,none,Wikimedia Commons;open-access excavation reports,R3,,medium,Degree of South Arabian migration vs local agency is debated.
ARC022,Savanna Pastoral Neolithic,,archaeological-culture,People,F1.6,AF-SWA,-3000,700,c. 3000 BCE–700 CE,"East African herders made stone bowls and obsidian tools and moved cattle, sheep and goats across the Rift Valley.",obsidian knapping; stone bowls; pottery,stone bowls; obsidian tools,food and storage;tools,archaeologists,,funerary,open-access excavation reports,R3,,medium,Many sites are burial cairns.
ARC023,Urewe,Dimple-based ware,archaeological-culture,People,F1.6,AF-SWA;AF-CEN,-600,500,c. 600 BCE–500 CE,Early Iron Age Great Lakes communities smelted iron and made distinctive dimple-based pottery.,iron smelting; pottery,pottery; furnaces,tools;food and storage,"Mary Leakey (1948), after Urewe (Kenya)",,none,open-access excavation reports;Wikimedia Commons,R3,,medium,Often linked to Bantu-speaking expansions; link language to material with care.
ARC024,Triangular Incised Ware,TIW; Tana tradition,archaeological-culture,People,F1.6,AF-SWA,600,1000,c. 7th–10th century CE,"Early coastal pottery ancestral to Swahili towns, showing their African roots.",pottery,pottery,food and storage,archaeologists,,none,open-access excavation reports,R3,,medium,Also called Tana tradition; ties to CIV Swahili.
ARC025,Engaruka,,archaeological-culture,People,F1.6,AF-SWA,1400,1700,c. 15th–18th century,Farmers in northern Tanzania built stone-walled terraces and irrigation channels.,stone terracing; irrigation,terraces; channels; house platforms,food and storage;shelter,archaeologists,,none,open-access excavation reports,R3,,medium,
ARC026,Tichitt tradition,Dhar Tichitt,archaeological-culture,People,F1.6,AF-SAH,-2200,-200,c. 2200–200 BCE (Mauritania),"Agro-pastoralists built dry-stone walled villages along the Tichitt–Walata escarpments, among the earliest in West Africa.",dry-stone building; pearl-millet cultivation; pottery,walled compounds; pottery; grinding stones,shelter;food and storage,Patrick Munson (1970s); Kevin MacDonald,,none,open-access excavation reports;Wikimedia Commons,R3,F1.5,medium,
ARC027,Kintampo,Kintampo complex,archaeological-culture,People,F1.6,AF-GUI,-2500,-1400,c. 2500–1400 BCE (Ghana),"Early farming communities made grooved stone 'rasps' (possibly for pottery), clay figurines and ground-stone axes.",ground stone; pottery; daub houses,stone rasps; axes; pottery,food and storage;tools,Oliver Davies (1960s),,none,open-access excavation reports,R3,,medium,
ARC028,Nok,Nok culture,archaeological-culture,People,F1.6,AF-GUI,-1500,1,c. 1500 BCE–1 CE; terracottas from c. 900 BCE (Goethe University chronology),Farming communities in central Nigeria made large fired-clay figures and smelted iron.,terracotta modelling and firing; iron smelting,terracotta figures; pottery; iron tools; grinding stones,ritual and belief;tools;food and storage,"Bernard Fagg (1940s), after the village of Nok",,conflict-looting,Met Open Access (CC0);Wikimedia Commons;open-access excavation reports,R1,F1.24;F1.5,high,Existing in project. Terracottas heavily looted and faked; use only excavated or pre-1970 documented pieces.
ARC029,Gajiganna,,archaeological-culture,People,F1.6,AF-SAH,-1800,-800,"c. 1800–800 BCE (Lake Chad basin, Nigeria)","Herders and later farmers settled the Lake Chad firki plains, making impressed pottery.",pottery; pearl millet cultivation,pottery; bone tools,food and storage,"Frankfurt Lake Chad project (Peter Breunig, 1990s)",,none,open-access excavation reports,R3,,medium,
ARC030,Sao,Sao civilisation,archaeological-culture,People,F1.6,AF-SAH;AF-CEN,-600,1600,c. 6th century BCE to 16th century CE (dates debated),"Communities south of Lake Chad made terracotta figures, bronze ornaments and large burial jars.",terracotta; lost-wax copper-alloy casting; pottery,figurines; burial jars; ornaments,ritual and belief;clothing and adornment,Kotoko and Kanuri oral tradition; Jean-Paul Lebeuf's excavations (1930s–),,funerary;living-community,Wikimedia Commons;open-access excavation reports,R3,,medium,'Sao' is a name from oral tradition for earlier peoples; Kotoko communities claim descent.
ARC031,Djenné-Djenno,Jenne-jeno,archaeological-culture,People,F1.6,AF-SAH,-250,1400,c. 250 BCE–1400 CE,"An early West African city without a citadel, with iron working, pottery and trade in the Inland Niger Delta.",iron smelting; pottery; mud-brick; copper import,pottery; iron tools; burial urns,shelter;exchange and value;tools,Susan and Roderick McIntosh (1977 on),,none,Wikimedia Commons;open-access excavation reports;UNESCO World Heritage listing (link out),R2,F1.5,high,
ARC032,Inland Niger Delta terracottas,Djenné terracottas,archaeological-culture,People,F1.6,AF-SAH,1100,1600,c. 12th–16th century,"Makers in the Inland Niger Delta modelled seated and kneeling clay figures, later looted in large numbers.",terracotta modelling,figures,ritual and belief,archaeologists,,conflict-looting;sacred,Met Open Access (CC0);Wikimedia Commons,R3,F1.24,medium,Mali restricted export (1970s); much looting; strict provenance. F1.24 case.
ARC033,Bura,Bura-Asinda-Sikka,archaeological-culture,People,F1.6,AF-SAH,200,1300,"c. 3rd–13th century CE (Niger, Burkina Faso)",A burial tradition with terracotta heads and figures set on funerary jars.,terracotta; iron,jars; heads; figures,ritual and belief,Boubé Gado (1975 on),,funerary;conflict-looting,Wikimedia Commons;open-access excavation reports,R3,,medium,
ARC034,Igbo-Ukwu,,archaeological-culture,People,F1.6,AF-GUI,800,1000,c. 9th–10th century CE,Makers cast highly detailed leaded-bronze vessels and ornaments using local ores and imported glass beads.,lost-wax casting of leaded bronze; beadwork,vessels; ornaments; beads,ritual and belief;rule and display;clothing and adornment,Thurstan Shaw (1959–64),,funerary;sacred;living-community,Wikimedia Commons;open-access excavation reports;British Museum collection online (link out),R2,F1.5,high,Includes a burial chamber and a shrine repository; Igbo living community.
ARC035,Senegambian stone circles,Senegambian megaliths,archaeological-culture,People,F1.6,AF-SAH,-300,1600,c. 3rd century BCE–16th century CE,Communities quarried and set laterite pillars in over a thousand circles.,laterite quarrying; iron tools,stone circles; burial goods,ritual and belief,archaeologists; UNESCO (2006),,funerary,Wikimedia Commons;UNESCO World Heritage listing (link out);open-access excavation reports,R3,,high,
ARC036,Tellem,,archaeological-culture,People,F1.6,AF-SAH,1000,1500,c. 11th–15th century (Bandiagara),"Tellem people buried their dead in cliff caves with textiles, headrests and wooden figures.",cotton weaving; wood carving,textiles; headrests; figures,ritual and belief;clothing and adornment,"Dogon oral tradition; Dutch excavations (Utrecht, 1960s)",,funerary;sacred;conflict-looting,Wikimedia Commons;open-access excavation reports,R3,,medium,Earliest cotton textiles in West Africa; cave burials.
ARC037,Sapi,Sapi-Portuguese ivories; nomoli,archaeological-culture,People,F1.6,AF-GUI,1400,1600,c. 15th–16th century (Sierra Leone coast),"Sapi carvers made ivory salt cellars and horns for Portuguese buyers, and steatite figures (nomoli).",ivory carving; steatite carving,salt cellars; oliphants; nomoli; pomdo,exchange and value;ritual and belief,European art history; 'Sapi' from Portuguese sources,,none,Met Open Access (CC0);Wikimedia Commons;British Museum collection online (link out),R3,F1.2;F1.17,medium,
ARC038,Kisalian,Classic Kisalian; Upemba Depression,archaeological-culture,People,F1.6,AF-CEN,900,1300,c. 10th–13th century CE (Classic Kisalian),"Cemeteries at Sanga and Katoto contain copper crosses (currency), ironwork and pottery, foreshadowing the Luba state.",copper casting; iron smithing; pottery,copper crosses; ornaments; pottery,exchange and value;ritual and belief,Jacques Nenquin; Pierre de Maret,,funerary,open-access excavation reports,R3,,medium,
ARC039,Lydenburg,Lydenburg Heads,archaeological-culture,People,F1.6,AF-SOU,500,700,c. 500–700 CE,"Early farmers in Mpumalanga made seven hollow terracotta heads, the earliest known in southern Africa.",terracotta,heads; pottery,ritual and belief,Found by Ludwig von Bezing (1957); archaeologists,,sacred,Wikimedia Commons;open-access excavation reports,R3,,medium,
ARC040,Mapungubwe,K2–Mapungubwe,archaeological-culture,People,F1.6,AF-SOU,1000,1290,K2 c. 1000–1220; Mapungubwe hilltop c. 1220–1290,Early southern African class society with gold foil and imported glass beads.,gold foil; bead making; ivory,gold rhinoceros; beads; pottery,rule and display;exchange and value,archaeologists,,funerary;ancestral;living-community,Wikimedia Commons;UNESCO World Heritage listing (link out),R3,,high,Routes from CIV Mapungubwe; reburied remains.
ARC041,Zimbabwe tradition,Great Zimbabwe culture,archaeological-culture,People,F1.6,AF-SOU,1200,1800,c. 1200–1800,"Dry-stone walled centres across Zimbabwe, Botswana and Mozambique, including Great Zimbabwe and Khami.",dry-stone walling; gold; soapstone,enclosures; soapstone; beads,rule and display;shelter,archaeologists,,sacred;living-community,Wikimedia Commons;UNESCO World Heritage listing (link out),R3,,high,Routes from CIV Great Zimbabwe.
ARC042,Bokoni,,archaeological-culture,People,F1.6,AF-SOU,1500,1820,c. 1500–1820 (Mpumalanga),"Farming communities built stone-walled homesteads, terraces and roads over a large landscape.",dry-stone walling; terracing,homesteads; terraces; roads,shelter;food and storage;transport,Peter Delius and colleagues (2000s),,none,open-access excavation reports,R3,,medium,
ARC043,Dembeni phase,,archaeological-culture,People,F1.6,AF-MAD,800,1000,c. 9th–10th century CE (Mayotte and the Comoros),"Early Comorian villages worked and traded chlorite-schist vessels, local pottery and imported Near Eastern and Chinese ceramics, linking Madagascar to the Swahili coast.",chlorite-schist carving; pottery; shell bead making,chlorite-schist vessels; pottery; beads,exchange and value;food and storage;clothing and adornment,Henry Wright and colleagues (1980s–90s),,none,open-access excavation reports,R3,F1.13,medium,Named after the Dembeni site on Mayotte.
ARC044,Mahilaka,,archaeological-culture,People,F1.6,AF-MAD,900,1500,c. 10th–15th century CE (northwest Madagascar),"A walled port town where makers worked chlorite-schist, iron and glass beads for Indian Ocean trade.",chlorite-schist carving; iron smelting; coral and stone building,chlorite-schist vessels; iron; town walls,exchange and value;shelter;tools,Chantal Radimilahy (1990s),,none,open-access excavation reports,R3,F1.13,medium,Site-based grouping; Malagasy and Swahili links.
ARC045,Rasikajy,Vohémar; Iharana,archaeological-culture,People,F1.6,AF-MAD,1200,1600,c. 13th–16th century CE (northeast Madagascar),"Islamised trading communities buried their dead with Chinese celadon, glass, chlorite-schist vessels and iron, showing Madagascar's place in Indian Ocean exchange.",chlorite-schist carving; iron; imported ceramics,chlorite-schist vessels; celadon; mirrors; beads,ritual and belief;exchange and value,French colonial excavators (early 20th c.); Pierre Vérin,,funerary,open-access excavation reports;Wikimedia Commons,R3,F1.13;F1.24,medium,Known almost entirely from cemeteries; many grave goods removed in colonial period.
ARC046,Mousterian,Mode 3 (Europe/West Asia),archaeological-culture,People,F1.11;F1.9a;F1.12a,EU-WCE;EU-IBE;WA-LEV;WA-CAU;WA-IRN;AS-CEN,-160000,-40000,"c. 160,000–40,000 years ago","Neanderthals (and in the Levant also Homo sapiens) made prepared-core flake tools, hafted with birch-tar and bitumen adhesives.","Levallois knapping; adhesive making (birch tar, bitumen)",scrapers; points; flakes,tools,"Gabriel de Mortillet, after Le Moustier (France)",,none,Wikimedia Commons;open-access excavation reports;Portable Antiquities Scheme (CC BY);Europeana (filter by rights),R3,,high,"Stone-tool industry, not a people or society."
ARC047,Natufian,,archaeological-culture,People,F1.9a,WA-LEV,-13000,-9500,"c. 13,000–9500 BCE","Sedentary foragers built round houses, carved bone and stone, used sickles on wild cereals and made bead headdresses.",ground stone; bone carving; dentalium shell beadwork; sickle blades,mortars; sickles; figurines; bead ornaments,food and storage;clothing and adornment;shelter;ritual and belief,"Dorothy Garrod (1928), after Wadi an-Natuf",,none,open-access excavation reports;Wikimedia Commons,R2,F1.5,high,Burials include adorned individuals; handle remains carefully.
ARC048,Pre-Pottery Neolithic A,PPNA,archaeological-culture,People,F1.9a,WA-LEV;WA-ANA;WA-MES,-10000,-8800,"c. 10,000–8800 BCE","Early cultivators built round houses, the Jericho tower and storage buildings.",stone architecture; ground stone; early cultivation,towers; granaries; axes,shelter;food and storage,"Kathleen Kenyon (Jericho, 1950s)",,none,open-access excavation reports;Wikimedia Commons,R3,F1.5,high,
ARC049,Pre-Pottery Neolithic B,PPNB,archaeological-culture,People,F1.9a,WA-LEV;WA-ANA;WA-MES,-8800,-6500,c. 8800–6500 BCE,"Farming villages made lime plaster, plastered skulls and large statues, and traded obsidian.",lime plaster; naviform blade cores; obsidian exchange,plastered skulls; plaster statues ('Ain Ghazal); blades,shelter;ritual and belief;exchange and value,Kathleen Kenyon,,funerary,open-access excavation reports;Wikimedia Commons,R3,F1.5,high,Plastered skulls are human remains: default-exclude from display.
ARC050,Taş Tepeler,Göbekli Tepe–Karahan Tepe group,archaeological-culture,People,F1.9a,WA-ANA,-9600,-8000,c. 9600–8000 BCE,Hunter-gatherer and early farming communities carved T-shaped pillars and animal reliefs in communal buildings.,limestone quarrying and carving; relief,T-pillars; sculptures; enclosures,ritual and belief;shelter,"Şanlıurfa Neolithic research project (2020s); Klaus Schmidt (Göbekli Tepe, 1995 on)",,none,Wikimedia Commons;UNESCO World Heritage listing (link out);open-access excavation reports,R3,F1.16,medium,Name is a recent regional grouping; Göbekli Tepe itself is PPNA/PPNB.
ARC051,Central Anatolian Neolithic (Çatalhöyük),Çatalhöyük,archaeological-culture,People,F1.9a,WA-ANA,-7100,-5950,c. 7100–5950 BCE,"Densely packed houses with wall paintings, plaster reliefs, figurines and obsidian mirrors.",mud-brick; wall painting; obsidian polishing; clay figurines,paintings; figurines; mirrors,shelter;ritual and belief,James Mellaart (1960s); Ian Hodder (1993–2017),,none,Wikimedia Commons;open-access excavation reports;Open Context (CC BY);UNESCO World Heritage listing (link out),R2,F1.5;F1.14,high,Open Context holds Çatalhöyük data. Mellaart's later drawings include fabrications; flag.
ARC052,Halaf,Halafian,archaeological-culture,People,F1.9a,WA-MES;WA-ANA,-6100,-5100,c. 6100–5100 BCE,Makers of finely painted polychrome pottery and stamp seals across northern Mesopotamia.,polychrome pottery; stamp seals,pottery; seals; figurines,food and storage;record and writing;ritual and belief,"Max von Oppenheim, after Tell Halaf",,none,Met Open Access (CC0);Wikimedia Commons;open-access excavation reports,R3,,high,
ARC053,Ubaid,Ubaid period,archaeological-culture,People,F1.9a,WA-MES;WA-ARB;WA-IRN,-6500,-3800,c. 6500–3800 BCE,"Ubaid communities made painted pottery, clay sickles and temples; their pottery reached the Gulf.",painted pottery; mud-brick; clay sickles,pottery; figurines; sickles,food and storage;ritual and belief;shelter,"Named after Tell al-'Ubaid (H. R. Hall and Leonard Woolley, 1919–)",,none,Met Open Access (CC0);Wikimedia Commons;open-access excavation reports,R3,F1.13,high,
ARC054,Uruk,Uruk period,archaeological-culture,People,F1.9a,WA-MES,-4000,-3100,c. 4000–3100 BCE,Uruk workshops mass-produced bevelled-rim bowls and developed cylinder seals and proto-cuneiform.,mould-made pottery; cylinder seals; accounting tokens,bowls; seals; tablets; Warka Vase,record and writing;food and storage;rule and display,archaeologists,,none,Met Open Access (CC0);Wikimedia Commons;open-access excavation reports,R2,F1.5;F1.28,high,
ARC055,Ghassulian,,archaeological-culture,People,F1.9a,WA-LEV,-4400,-3500,c. 4400–3500 BCE,Chalcolithic Levantine makers cast arsenical copper by lost-wax process (Nahal Mishmar hoard) and painted wall frescoes.,lost-wax copper casting; ivory carving; wall painting,maceheads; standards; ossuaries,ritual and belief;rule and display,archaeologists,,funerary,Wikimedia Commons;open-access excavation reports,R3,,medium,
ARC056,Proto-Elamite,,archaeological-culture,People,F1.9a,WA-IRN,-3100,-2700,c. 3100–2700 BCE,Proto-Elamite tablets and seals show an administrative writing system across the Iranian plateau.,clay tablets; seals,tablets; seals,record and writing,archaeologists,,none,Met Open Access (CC0);Wikimedia Commons;open-access excavation reports,R3,,medium,
ARC057,Marlik,,archaeological-culture,People,F1.9a,WA-IRN,-1400,-1000,"c. 14th–11th century BCE (Gilan, northern Iran)","A cemetery of elite tombs with repoussé gold and silver beakers, bronze weapons and zoomorphic pottery.",gold and silver repoussé; bronze casting; burnished pottery,gold beakers; zoomorphic vessels; weapons,rule and display;ritual and belief;war,Ezat Negahban (excavated 1961–62),,funerary;conflict-looting,Wikimedia Commons;open-access excavation reports,R3,,medium,Known almost entirely from tombs; 'Amlash' market pieces are often looted or fake.
ARC058,Luristan bronzes,Luristan,archaeological-culture,People,F1.9a,WA-IRN,-1000,-650,c. 1000–650 BCE (Iron Age western Iran),"Metalworkers of the Zagros cast bronze horse-bits, finials and weapons with animal imagery.",bronze casting,horse-bits; standard finials; axes; pins,transport;ritual and belief;war,archaeologists,,funerary;conflict-looting,Met Open Access (CC0);Cleveland Museum of Art Open Access (CC0);Wikimedia Commons,R3,F1.24,medium,Most on the market were looted from graves from the 1920s; many fakes. F1.24 case.
ARC059,Arabian Neolithic,,archaeological-culture,People,F1.9a,WA-ARB,-6000,-3500,c. 6000–3500 BCE,"Herders and fishers across Arabia made fine bifacial arrowheads, shell ornaments and stone structures.",bifacial flaking; shell working,arrowheads; shell beads; cairns,tools;clothing and adornment;food and storage,archaeologists,,none,open-access excavation reports,R3,,medium,Broad regional label; many local variants.
ARC060,Hafit,Hafit period,archaeological-culture,People,F1.9a,WA-ARB,-3200,-2600,c. 3200–2600 BCE,Early Bronze Age communities in the UAE and Oman built beehive stone tombs on ridges and imported Jemdet Nasr pottery.,dry-stone tomb building; pottery import; copper,beehive tombs; pottery; beads,ritual and belief;exchange and value,Danish expedition (1959) at Jebel Hafit; later Emirati and Omani archaeology,,funerary,open-access excavation reports;Wikimedia Commons;UNESCO World Heritage listing (link out),R3,F1.13,high,Part of the Al Ain UNESCO site (2011).
ARC061,Umm an-Nar,,archaeological-culture,People,F1.9a,WA-ARB,-2600,-2000,c. 2600–2000 BCE,"Umm an-Nar communities smelted copper, built stone towers and communal round tombs, and traded with Mesopotamia and the Indus.",copper smelting; ashlar stone tombs; soft-stone vessels; date cultivation,circular tombs; towers; soft-stone vessels; copper ingots,exchange and value;ritual and belief;food and storage;tools,"Danish expedition (P. V. Glob, 1959), after Umm an-Nar island (Abu Dhabi)",,funerary,open-access excavation reports;Wikimedia Commons;UNESCO World Heritage listing (link out),R2,F1.13,high,Archaeological correlate of 'Magan'.
ARC062,Wadi Suq,,archaeological-culture,People,F1.9a,WA-ARB,-2000,-1600,c. 2000–1600 BCE,Middle Bronze Age Oman peninsula communities with long collective tombs and new soft-stone vessel styles.,soft-stone carving; copper; tomb building,tombs; vessels; weapons,ritual and belief;tools,archaeologists,,funerary,open-access excavation reports,R3,,medium,
ARC063,Dadanite–Lihyanite,Dedan; Lihyan,archaeological-culture,People,F1.9a,WA-ARB,-800,-100,c. 8th–1st century BCE? (al-'Ula oasis),Oasis kingdoms at al-'Ula carved colossal statues and inscriptions in Dadanitic script.,sandstone carving; inscriptions,statues; inscriptions; tombs,rule and display;record and writing;ritual and belief,epigraphers; Saudi archaeology (AlUla),,none,Wikimedia Commons;open-access excavation reports,R3,,medium,Chronology debated.
ARC064,Shulaveri–Shomu,Shulaveri-Shomutepe,archaeological-culture,People,F1.9a,WA-CAU,-6000,-4000,c. 6000–4000 BCE,"Early farmers in Georgia, Armenia and Azerbaijan built round mud-brick houses; early grape wine residues come from their pots.",mud-brick; pottery; obsidian; viticulture,pottery; obsidian tools,food and storage;shelter,archaeologists,,none,open-access excavation reports;Wikimedia Commons,R3,F1.5,medium,
ARC065,Maykop,Maikop,archaeological-culture,People,F1.9a;F1.11,WA-CAU;EU-EER,-3700,-3000,c. 3700–3000 BCE,"North Caucasus kurgan burials with gold and silver vessels and bulls, and early arsenical bronze.",gold and silver working; arsenical bronze; kurgans,vessels; bulls; weapons,rule and display;ritual and belief,"Nikolai Veselovsky (1897), after the Maykop kurgan",,funerary,Wikimedia Commons;open-access excavation reports,R3,,high,
ARC066,Kura–Araxes,Early Transcaucasian,archaeological-culture,People,F1.9a,WA-CAU;WA-ANA;WA-IRN;WA-LEV,-3500,-2000,c. 3500–2000 BCE,Makers of hand-burnished black-and-red pottery and hearths spread from the Caucasus to the Levant.,burnished pottery; metallurgy,pottery; hearths,food and storage;shelter,archaeologists,,none,open-access excavation reports;Wikimedia Commons,R3,,high,Levantine variant called Khirbet Kerak ware.
ARC067,Trialeti,Trialeti–Vanadzor,archaeological-culture,People,F1.9a,WA-CAU,-2200,-1500,c. 2200–1500 BCE,Middle Bronze Age kurgans in Georgia with gold goblets and silver vessels.,gold granulation; silver,goblets; vessels,rule and display;ritual and belief,archaeologists,,funerary,Wikimedia Commons;open-access excavation reports,R3,,medium,
ARC068,Colchian,Colchis; Colchian culture,archaeological-culture,People,F1.9a,WA-CAU,-1700,-600,c. 1700–600 BCE (western Georgia); later Colchis continues into Classical period,"Western Georgian smiths cast bronze axes, hoes and figurines and worked early iron; the region's gold fed the Greek Golden Fleece story.",bronze casting; iron working; gold working,axes; hoes; figurines; ornaments,tools;clothing and adornment;ritual and belief,Georgian and Soviet archaeologists,,none,Wikimedia Commons;open-access excavation reports,R3,,medium,Distinguish Bronze Age Colchian culture from Classical-era Colchis (Vani).
ARC069,Koban,,archaeological-culture,People,F1.9a,WA-CAU,-1100,-400,c. 1100–400 BCE,North Caucasus smiths made engraved bronze axes and belt buckles.,bronze casting and engraving; iron,axes; belt buckles; pins,war;clothing and adornment,"Rudolf Virchow and others, after Koban (North Ossetia)",,funerary,Met Open Access (CC0);Wikimedia Commons,R3,,medium,
ARC070,Aurignacian,,archaeological-culture,People,F1.11;F1.9a,EU-WCE;EU-IBE;EU-EER;EU-BYZ;WA-LEV,-43000,-33000,"c. 43,000–33,000 BCE (calibrated ranges vary)","Early Homo sapiens in Europe made blade tools, carved ivory figurines, bone flutes and painted Chauvet Cave.",blade knapping; ivory carving; bone-flute making; cave painting,figurines (Hohlenstein-Stadel); flutes; beads; blades,tools;ritual and belief;play and music;clothing and adornment,"Henri Breuil and Émile Cartailhac (early 1900s), after Aurignac (France)",,none,Wikimedia Commons;open-access excavation reports;Europeana (filter by rights),R2,F1.5;F1.16,high,"Stone-tool industry (with associated art), not a people."
ARC071,Gravettian,,archaeological-culture,People,F1.11,EU-WCE;EU-EER;EU-IBE;EU-BYZ,-33000,-21000,"c. 33,000–21,000 BCE","Gravettian makers fired clay figurines (Dolní Věstonice), carved 'Venus' figures and built mammoth-bone dwellings.",fired clay; ivory and stone carving; mammoth-bone construction; textile impressions,figurines; beads; backed points,tools;ritual and belief;shelter;clothing and adornment,Named after La Gravette (France),,none,Wikimedia Commons;open-access excavation reports;Europeana (filter by rights),R2,F1.5;F1.18,high,"Stone-tool industry (with associated art), not a people. Earliest known fired-clay objects."
ARC072,Solutrean,,archaeological-culture,People,F1.11,EU-WCE;EU-IBE,-22000,-17000,"c. 22,000–17,000 BCE",Solutrean knappers made thin leaf-shaped points by pressure flaking and heat treatment.,pressure flaking; heat treatment,laurel-leaf points; bone needles,tools,"Gabriel de Mortillet, after Solutré (France)",,none,Wikimedia Commons;open-access excavation reports,R3,,high,"Stone-tool industry (with associated art), not a people. 'Solutrean hypothesis' for American origins is rejected."
ARC073,Magdalenian,,archaeological-culture,People,F1.11,EU-WCE;EU-IBE,-17000,-12000,"c. 17,000–12,000 BCE",Magdalenian makers carved spear-throwers and harpoons in antler and painted Lascaux and Altamira.,antler carving; cave painting and engraving; eyed-needle sewing,spear-throwers; harpoons; engraved plaques; cave art,tools;ritual and belief;clothing and adornment,"Gabriel de Mortillet, after La Madeleine (France)",,none,Wikimedia Commons;open-access excavation reports;Europeana (filter by rights),R2,F1.16,high,"Stone-tool industry (with associated art), not a people."
ARC074,Maglemosian,,archaeological-culture,People,F1.11,EU-SCA;EU-BLC;EU-WCE,-9000,-6400,c. 9000–6400 BCE,"Mesolithic foragers of the North European Plain made bone and antler harpoons, amber carvings and dugout canoes.",bone and antler working; amber carving; dugout canoe making,harpoons; amber figures; axes,tools;transport;ritual and belief,Named after Maglemose bog (Denmark),,none,National Museum of Denmark (CC BY-SA);Wikimedia Commons;open-access excavation reports,R3,,high,
ARC075,Ertebølle,,archaeological-culture,People,F1.11,EU-SCA;EU-WCE,-5300,-3950,c. 5300–3950 BCE,"Coastal foragers of southern Scandinavia made pottery, paddles and shell middens before adopting farming.",pointed-base pottery; wooden paddles; fish traps,pots; lamps; paddles; weirs,food and storage;transport,Named after Ertebølle shell midden (Denmark),,none,National Museum of Denmark (CC BY-SA);Wikimedia Commons;open-access excavation reports,R3,,high,
ARC076,Lepenski Vir,Iron Gates Mesolithic,archaeological-culture,People,F1.11,EU-BYZ,-9500,-5500,c. 9500–5500 BCE,Danube Gorges foragers built trapezoidal houses and carved sandstone boulder sculptures with fish-like faces.,sandstone carving; lime-plaster floors,boulder sculptures; houses; burials,ritual and belief;shelter,Dragoslav Srejović (1965–70),,funerary,Wikimedia Commons;open-access excavation reports,R3,,high,
ARC077,Starčevo–Körös–Criș,,archaeological-culture,People,F1.11,EU-BYZ;EU-EER,-6200,-5200,c. 6200–5200 BCE,Early farming communities of the Balkans and Carpathian Basin made pottery and figurines.,pottery; farming,pottery; figurines,food and storage;ritual and belief,archaeologists,,none,Wikimedia Commons;open-access excavation reports;Europeana (filter by rights),R3,,medium,
ARC078,Cardial Ware,Impressed Ware; Cardial–Epicardial,archaeological-culture,People,F1.11;F1.6,EU-IBE;EU-GRR;AF-MAG,-5500,-4500,c. 5500–4500 BCE,Early Mediterranean farmers decorated pots with cockle-shell (Cardium) impressions as farming spread by sea.,shell-impressed pottery,pottery,food and storage,archaeologists,,none,Wikimedia Commons;open-access excavation reports;Europeana (filter by rights),R3,,high,
ARC079,Linear Pottery,LBK; Linearbandkeramik,archaeological-culture,People,F1.11,EU-WCE;EU-EER,-5500,-4500,c. 5500–4500 BCE,First farmers of central Europe built timber longhouses and made band-decorated pottery.,timber longhouse construction; pottery; polished stone adzes,longhouses; pottery; adzes,shelter;food and storage;tools,archaeologists,,none,Wikimedia Commons;open-access excavation reports;Europeana (filter by rights),R2,F1.5,high,
ARC080,Vinča,Vinča culture,archaeological-culture,People,F1.11,EU-BYZ,-5400,-4500,c. 5400–4500 BCE,Vinča communities in the central Balkans made abundant clay figurines and some of the earliest copper smelting in Europe.,pottery; figurine making; copper smelting,figurines; pottery; copper tools,ritual and belief;food and storage;tools,Miloje Vasić (excavations from 1908),,none,Wikimedia Commons;open-access excavation reports;Europeana (filter by rights),R1,F1.5,high,Existing in project. 'Vinča symbols' are not proven writing.
ARC081,Varna culture,,archaeological-culture,People,F1.11,EU-BYZ,-4600,-4200,c. 4600–4200 BCE,"The Varna cemetery holds the world's oldest large assemblage of worked gold, alongside copper and Spondylus shell.",gold working; copper; Spondylus shell working,gold ornaments; sceptres; bracelets,rule and display;ritual and belief;clothing and adornment,Found 1972; Ivan Ivanov,,funerary,Wikimedia Commons;open-access excavation reports,R2,F1.5,high,
ARC082,Cucuteni–Trypillia,Tripolye; Cucuteni,archaeological-culture,People,F1.11,EU-EER;EU-BYZ,-5500,-2750,c. 5500–2750 BCE,Makers of painted spiral pottery who built very large settlements (mega-sites) in Ukraine and Moldova.,painted pottery; clay house building,pottery; figurines; house models,food and storage;shelter;ritual and belief,"Named after Cucuteni (Romania, 1884) and Trypillia (Ukraine; Vikentiy Khvoyka, 1890s)",,none,Wikimedia Commons;open-access excavation reports;Europeana (filter by rights),R2,F1.5,high,Ukrainian heritage at risk from war.
ARC083,Funnelbeaker,TRB; Trichterbecherkultur,archaeological-culture,People,F1.11,EU-SCA;EU-WCE;EU-EER,-4300,-2800,c. 4300–2800 BCE,Northern European farmers built megalithic tombs and made funnel-necked pottery and flint axes.,megalith building; pottery; flint axes,dolmens; passage graves; beakers; axes,ritual and belief;food and storage;tools,archaeologists,,funerary,National Museum of Denmark (CC BY-SA);Swedish History Museum (CC BY);Wikimedia Commons;Europeana (filter by rights),R3,,high,
ARC084,Maltese Temple culture,Temple period,archaeological-culture,People,F1.11,EU-GRR,-3600,-2500,c. 3600–2500 BCE,Maltese communities built megalithic temples and the Ħal Saflieni Hypogeum with carved figures.,megalithic building; stone carving,temples; figures; hypogeum,ritual and belief;shelter,archaeologists,,funerary,Wikimedia Commons;UNESCO World Heritage listing (link out),R3,,high,
ARC085,Grooved Ware,,archaeological-culture,People,F1.11,EU-BLC,-3200,-2500,c. 3200–2500 BCE,British Neolithic flat-based pottery linked to henges and Orkney settlements like Skara Brae.,pottery; stone furniture,pottery; carved stone balls,food and storage;ritual and belief,archaeologists,,none,Archaeology Data Service (open reports);Wikimedia Commons,R3,,medium,
ARC086,Comb Ceramic,Pit–Comb Ware,archaeological-culture,People,F1.11,EU-SCA;EU-EER,-4200,-2000,c. 4200–2000 BCE,Forager potters of northeastern Europe decorated pots with comb impressions and carved elk-head figures.,comb-impressed pottery; amber and flint,pottery; figurines; amber,food and storage;ritual and belief,archaeologists,,none,Finna / Finnish Heritage Agency (CC BY);Wikimedia Commons,R3,,medium,
ARC087,Yamnaya,Pit Grave culture,archaeological-culture,People,F1.11;F1.12a,EU-EER;AS-CEN,-3300,-2600,c. 3300–2600 BCE,Pontic–Caspian steppe herders used wagons and built kurgans; ancient DNA links them to later European populations.,wagon building; kurgan construction; copper working,wagons; kurgans; pottery,transport;ritual and belief,Vasily Gorodtsov (1901),,funerary,Wikimedia Commons;open-access excavation reports,R2,,high,Ancient DNA has made the name a proxy for 'Indo-European' migration; treat carefully.
ARC088,Corded Ware,Battle Axe culture,archaeological-culture,People,F1.11,EU-WCE;EU-EER;EU-SCA,-3000,-2350,c. 3000–2350 BCE,"Makers of cord-impressed beakers and stone battle axes, known largely from single graves.",pottery; stone axes,beakers; battle axes,food and storage;war,archaeologists,,funerary,Wikimedia Commons;Europeana (filter by rights);National Museum of Denmark (CC BY-SA),R3,,high,
ARC089,Únětice,Aunjetitz,archaeological-culture,People,F1.11,EU-WCE;EU-EER,-2300,-1600,c. 2300–1600 BCE,"Central European Early Bronze Age metalworkers who made ingot torcs, daggers and the Nebra sky disc.",bronze casting; gold inlay,Nebra sky disc; ingots; daggers,rule and display;ritual and belief;exchange and value,"Čeněk Rýzner (1879), after Únětice near Prague",,none,Wikimedia Commons;open-access excavation reports;Europeana (filter by rights),R3,,high,
ARC090,El Argar,Argaric,archaeological-culture,People,F1.11,EU-IBE,-2200,-1550,c. 2200–1550 BCE,Southeastern Iberian hilltop towns with bronze and silver work and burials under houses.,bronze; silver; pottery,diadems; weapons; pottery,rule and display;war;ritual and belief,Louis and Henri Siret (1880s),,funerary,Wikimedia Commons;open-access excavation reports,R3,,high,
ARC091,Nordic Bronze Age,,archaeological-culture,People,F1.11,EU-SCA,-1700,-500,c. 1700–500 BCE,"Scandinavian bronze-casters made lurs, the Trundholm sun chariot and oak-coffin burials with preserved textiles.",bronze casting; wool textiles; rock carving,lurs; sun chariot; textiles,ritual and belief;play and music;clothing and adornment,archaeologists,,funerary,National Museum of Denmark (CC BY-SA);Swedish History Museum (CC BY);Wikimedia Commons,R2,F1.18,high,
ARC092,Urnfield,,archaeological-culture,People,F1.11,EU-WCE;EU-EER;EU-BYZ,-1300,-750,c. 1300–750 BCE,Central European communities cremated their dead and made sheet-bronze vessels and armour.,sheet-bronze; cremation,urns; helmets; buckets,ritual and belief;war,archaeologists,,funerary,Wikimedia Commons;Europeana (filter by rights),R3,,high,
ARC093,Villanovan,,archaeological-culture,People,F1.11,EU-GRR,-900,-700,c. 900–700 BCE (earliest Iron Age phase of Etruria and parts of northern Italy),"Villanovan communities cremated their dead in biconical and hut-shaped urns and made bronze helmets and fibulae, forerunners of Etruscan crafts.",bronze sheet work; impasto pottery; cremation,hut urns; biconical urns; crested helmets; fibulae,ritual and belief;war;clothing and adornment,"Giovanni Gozzadini (1850s), after Villanova near Bologna",,funerary,Met Open Access (CC0);Wikimedia Commons;Europeana (filter by rights),R3,,high,Routes to CIV Etruscan.
ARC094,Hallstatt,Hallstatt culture (C–D),archaeological-culture,People,F1.11,EU-WCE;EU-BYZ,-800,-450,Hallstatt C–D c. 800–450 BCE (Hallstatt A–B overlap the Urnfield period),"Salt miners and elite households in central Europe used iron, imported Greek and Etruscan vessels and made patterned wool twills, preserved in the Hallstatt salt mines.",salt mining; iron smithing; twill weaving; sheet-bronze,swords; situlae; textiles; wagon burials,rule and display;clothing and adornment;exchange and value;ritual and belief,Named after Hallstatt (Austria; cemetery excavated from 1846 by Johann Georg Ramsauer); Hallstatt/La Tène division by Hans Hildebrand (1870s),,funerary,Wikimedia Commons;Europeana (filter by rights);open-access excavation reports,R2,F1.18,high,Routes from CIV Celtic.
ARC095,La Tène,,archaeological-culture,People,F1.11,EU-WCE;EU-BLC;EU-IBE;EU-BYZ,-450,-1,c. 450 BCE to Roman conquest (1st century BCE); later in Ireland,"Iron Age metalworkers made curvilinear ornament on torcs, scabbards, shields and mirrors that became the basis of 'Celtic art'.",repoussé; enamel; iron smithing; wheel-thrown pottery,torcs; shields; scabbards; mirrors; coins,clothing and adornment;war;rule and display;exchange and value,"Named after La Tène (Lake Neuchâtel, Switzerland; finds from 1857)",,none,Met Open Access (CC0);Portable Antiquities Scheme (CC BY);British Museum collection online (link out);Wikimedia Commons;Europeana (filter by rights),R2,F1.15,high,Routes from CIV Celtic.
ARC096,Talaiotic,Talayotic,archaeological-culture,People,F1.11,EU-IBE;EU-GRR,-1000,-123,c. 1000 BCE to Roman conquest of the Balearics (123 BCE),Balearic islanders built cyclopean stone towers (talaiots) and T-shaped taula sanctuaries.,dry-stone megalithic building; bronze,talaiots; taulas; navetas; bronze figures,shelter;ritual and belief,archaeologists,,none,Wikimedia Commons;open-access excavation reports;UNESCO World Heritage listing (link out),R3,,medium,Menorca Talayotic sites UNESCO (2023).
ARC097,Castro culture,Cultura castreña,archaeological-culture,People,F1.11,EU-IBE,-900,100,c. 9th century BCE to Romanisation (1st century CE),Hillfort communities of northwest Iberia built round stone houses and made gold torcs and carved stone warriors.,stone building; gold working,hillforts (castros); torcs; warrior statues,shelter;clothing and adornment;rule and display,archaeologists,,none,Wikimedia Commons;Europeana (filter by rights);open-access excavation reports,R3,,medium,
ARC098,Djeitun,Jeitun,archaeological-culture,People,F1.12a,AS-CEN,-6200,-4500,c. 6200–4500 BCE (southern Turkmenistan),"The earliest farming villages of Central Asia, with mud-brick houses and painted pottery.",mud-brick; pottery; cereal farming,houses; pottery; figurines,shelter;food and storage,Vadim Masson (Soviet archaeology),,none,open-access excavation reports,R3,,medium,
ARC099,Botai,,archaeological-culture,People,F1.12a,AS-CEN,-3700,-3100,c. 3700–3100 BCE (northern Kazakhstan),"Botai settlements hold early evidence of horse use, including possible bit wear and mare's-milk residues in pots.",horse husbandry (debated); pottery; bone tools,pottery; bone tools; pit houses,transport;food and storage;shelter,Viktor Zaibert (1980s),,none,open-access excavation reports,R3,,medium,"Botai horses were ancestors of Przewalski's horses, not modern domestic horses (aDNA, 2018)."
ARC100,Afanasievo,,archaeological-culture,People,F1.12a,AS-CEN;AS-NTH,-3300,-2500,"c. 3300–2500 BCE (Altai, Minusinsk)","Early herders of the Altai and Minusinsk basin with copper objects and kurgan burials, genetically related to Yamnaya.",copper working; pottery; herding,pottery; copper ornaments; kurgans,food and storage;ritual and belief,"Sergei Teploukhov (1920s), after Afanasyeva Gora",,funerary,open-access excavation reports,R3,,medium,
ARC101,Okunevo,,archaeological-culture,People,F1.12a,AS-NTH,-2500,-1800,c. 2500–1800 BCE (Minusinsk basin),Okunevo communities carved stone stelae with faces and rayed designs.,stone carving; copper-bronze,stelae; figurines,ritual and belief,archaeologists,,funerary;sacred,Wikimedia Commons;open-access excavation reports,R3,,medium,
ARC102,Sintashta,Sintashta–Petrovka,archaeological-culture,People,F1.12a;F1.11,AS-CEN;EU-EER,-2100,-1800,c. 2100–1800 BCE (southern Urals),"Fortified settlements with bronze metallurgy, where some of the earliest spoked-wheel chariots were buried.",bronze metallurgy; spoked-wheel chariot building,chariots; weapons; fortified settlements,transport;war;tools,archaeologists,,funerary,open-access excavation reports;Wikimedia Commons,R2,F1.19a,high,
ARC103,Andronovo,Andronovo horizon; Andronovo culture-historical community,archaeological-culture,People,F1.12a,AS-CEN;AS-NTH,-2000,-1150,c. 2000–1150 BCE,"Bronze Age herders across the Kazakh steppe with timber houses, tin-bronze and geometric pottery.",tin-bronze metallurgy; timber-framed houses; pottery,pottery; bronze tools; ornaments,tools;food and storage;shelter,"Sergei Teploukhov (1920s), after Andronovo village",,funerary,open-access excavation reports,R3,,high,"Often called a horizon or 'community' of related cultures (Alakul, Fedorovo)."
ARC104,Bactria–Margiana Archaeological Complex,BMAC; Oxus civilisation,archaeological-culture,People,F1.12a,AS-CEN,-2250,-1700,c. 2250–1700 BCE,"Walled oasis towns (Gonur Depe) with compartmented seals, composite stone figures and metalwork.",soft-stone carving; metal casting; mud-brick,seals; figurines; vessels,ritual and belief;rule and display;shelter,Viktor Sarianidi (1976),,funerary;conflict-looting,Met Open Access (CC0);Wikimedia Commons;open-access excavation reports,R2,F1.24,high,Routes from CIV Oxus; many 'Bactrian' objects on the market are looted or fake.
ARC105,Saka,Sakas; Issyk kurgan,archaeological-culture,People,F1.12a,AS-CEN,-900,-100,c. 9th–1st century BCE,"Saka metalworkers in Kazakhstan and the Tian Shan made gold 'animal style' ornaments, including the Issyk 'Golden Man' costume.",gold casting and appliqué; felt,costume plaques; headdresses; cauldrons,clothing and adornment;rule and display;ritual and belief,archaeologists,,funerary,Wikimedia Commons;open-access excavation reports,R3,,medium,Closely related to Scythians; routes from CIV Scythian.
ARC106,Xiaohe,Xiaohe–Gumugou; Tarim Basin mummies,archaeological-culture,People,F1.12a;F1.8,AS-CEN;AS-CHN,-2000,-1500,c. 2000–1500 BCE (Tarim Basin),"Desert burials preserved felt, woven wool, baskets and early kefir cheese.",wool weaving; felting; basketry,textiles; baskets; wooden posts,clothing and adornment;food and storage;ritual and belief,archaeologists,,funerary;sacred,open-access excavation reports;Wikimedia Commons,R3,,medium,Preserved human bodies; default-exclude. Politically sensitive in Xinjiang.
ARC107,Deer stone–khirigsuur complex,,archaeological-culture,People,F1.12a,AS-CEN;AS-NTH,-1300,-700,"c. 1300–700 BCE (Mongolia, Tuva)",Late Bronze Age herders carved deer stones and built large stone mounds (khirigsuurs) with horse offerings.,stone carving; mound building,deer stones; khirigsuurs,ritual and belief,archaeologists,,sacred;funerary,Wikimedia Commons;open-access excavation reports,R3,,medium,
ARC108,Pazyryk,,archaeological-culture,People,F1.12a,AS-NTH;AS-CEN,-500,-200,c. 6th–3rd century BCE (Altai),"Frozen Altai tombs preserved felt hangings, a knotted pile carpet, tattooed skin, saddles and wooden carvings.",felt appliqué; pile-carpet knotting; wood carving; tattooing,Pazyryk carpet; felt hangings; saddles; headdresses,clothing and adornment;ritual and belief;transport;rule and display,Sergei Rudenko (1929; 1947–49),,funerary;ancestral;living-community,Wikimedia Commons;open-access excavation reports,R2,F1.18;F1.24,high,Altai communities protest the removal of the Ukok 'princess' (1993); oldest known pile carpet (Hermitage).
ARC109,Tagar,,archaeological-culture,People,F1.12a,AS-NTH,-800,-100,c. 8th–1st century BCE (Minusinsk),Iron Age herders of southern Siberia cast bronze animal-style knives and built large kurgans.,bronze casting; kurgan building,knives; plaques; kurgans,ritual and belief;tools,archaeologists,,funerary,open-access excavation reports;Wikimedia Commons,R3,,medium,
ARC110,Tashtyk,,archaeological-culture,People,F1.12a,AS-NTH,-100,400,c. 1st century BCE–4th century CE (Minusinsk),Tashtyk communities of southern Siberia made painted plaster funerary masks and dolls holding cremated remains.,plaster moulding and painting; textiles; wood carving,funerary masks; burial dolls; textiles,ritual and belief,archaeologists,,funerary,Wikimedia Commons;open-access excavation reports,R3,,medium,
ARC111,Xiongnu,,archaeological-culture,People,F1.12a;F1.8,AS-CEN;AS-CHN;AS-NTH,-209,100,c. 209 BCE–1st century CE (political confederation); archaeological culture to c. 2nd century,"Xiongnu elite tombs held Chinese silks, Greco-Bactrian textiles and steppe metalwork, showing a nomadic empire at the centre of exchange.",gold and bronze belt plaques; felt; imported silk,belt plaques; textiles; lacquer,rule and display;exchange and value;clothing and adornment,"Chinese historical sources (Sima Qian); Mongolian and Russian archaeology (Noin-Ula, 1924)",,funerary,Wikimedia Commons;open-access excavation reports,R2,F1.13,high,
ARC112,Mal'ta–Buret',,archaeological-culture,People,F1.12a,AS-NTH,-22000,-19000,"c. 24,000–21,000 years ago (Lake Baikal region)",Upper Palaeolithic hunters carved mammoth-ivory figurines and birds and built semi-subterranean houses.,ivory carving; bone working,figurines; plaques; beads,ritual and belief;clothing and adornment,Mikhail Gerasimov (1928),,none,Wikimedia Commons;open-access excavation reports,R3,,medium,A Mal'ta child genome (2013) links Siberians and Native Americans.
ARC113,Kitoi,Baikal Early Neolithic,archaeological-culture,People,F1.12a,AS-NTH,-6000,-5000,c. 6000–5000 BCE,"Hunter-gatherer cemeteries by Lake Baikal with fishing gear, ochre and nephrite rings.",nephrite working; bone and antler tools,fish lures; nephrite rings,food and storage;clothing and adornment,archaeologists,,funerary,open-access excavation reports,R3,,medium,
ARC114,Okhotsk culture,,archaeological-culture,People,F1.12a;F1.8,AS-NTH;AS-JPN,500,1200,"c. 5th–12th century CE (Sakhalin, Hokkaido, Kurils)",Maritime hunters of the Okhotsk Sea carved ivory and bone and kept bear-skull shrines in their houses.,bone and ivory carving; sea-mammal hunting,figurines; harpoons; pottery,food and storage;ritual and belief,archaeologists,,sacred,Wikimedia Commons;open-access excavation reports,R3,,medium,Links with later Ainu bear ritual debated.
ARC115,Xinglongwa,,archaeological-culture,People,F1.8,AS-CHN,-6200,-5400,"c. 6200–5400 BCE (Inner Mongolia, Liaoning)",Planned villages of pit houses with some of the earliest carved jade (slit rings) in China.,jade working; pit-house construction; pottery,jade slit rings; pottery; houses,clothing and adornment;shelter;food and storage,archaeologists,,none,open-access excavation reports,R3,F1.5,medium,
ARC116,Peiligang,Peiligang–Jiahu,archaeological-culture,People,F1.8,AS-CHN,-7000,-5000,c. 7000–5000 BCE (Henan),Early millet and rice farmers; the Jiahu site preserved bone flutes and early fermented-drink residues.,pottery; bone-flute making; tortoise-shell rattles,flutes; pottery; grinding slabs,food and storage;play and music;ritual and belief,archaeologists,,none,Wikimedia Commons;open-access excavation reports,R3,F1.4,medium,
ARC117,Hemudu,,archaeological-culture,People,F1.8,AS-CHN,-5000,-4500,c. 5000–4500 BCE (Zhejiang),Waterlogged rice-farming villages with pile-built houses using mortise-and-tenon joinery and carved bone and ivory.,mortise-and-tenon carpentry; bone spades; lacquer (early),stilt houses; bone tools; lacquered bowl,shelter;food and storage;tools,archaeologists,,none,Wikimedia Commons;open-access excavation reports,R2,F1.5,high,
ARC118,Yangshao,,archaeological-culture,People,F1.8,AS-CHN,-5000,-3000,c. 5000–3000 BCE (Yellow River),"Millet-farming villages made red painted pottery, some with fish and human-face motifs.",painted pottery; pit houses,painted basins; jars,food and storage;ritual and belief,"Johan Gunnar Andersson (1921), after Yangshao village",,none,Met Open Access (CC0);Cleveland Museum of Art Open Access (CC0);Wikimedia Commons;open-access excavation reports,R2,,high,
ARC119,Majiayao,,archaeological-culture,People,F1.8,AS-CHN,-3300,-2000,"c. 3300–2000 BCE (Gansu, Qinghai)",Potters made spiral-painted jars and one of the earliest bronze knives in China.,painted pottery; copper-bronze casting,painted jars; knife,food and storage;tools,J. G. Andersson (1920s),,none,Met Open Access (CC0);Cleveland Museum of Art Open Access (CC0);Wikimedia Commons,R3,,high,
ARC120,Dawenkou,,archaeological-culture,People,F1.8,AS-CHN,-4100,-2600,c. 4100–2600 BCE (Shandong),"Burials with pottery, jade and ivory show growing social ranking; some pots bear early signs.",pottery; jade; ivory carving,pottery; jades; tall-stemmed cups,food and storage;rule and display;ritual and belief,archaeologists,,funerary,Wikimedia Commons;open-access excavation reports,R3,,medium,
ARC121,Hongshan,,archaeological-culture,People,F1.8,AS-CHN,-4700,-2900,"c. 4700–2900 BCE (Liaoning, Inner Mongolia)",Hongshan makers carved jade 'pig-dragons' and hooked cloud pendants and built stone cairns and a 'goddess temple' at Niuheliang.,jade carving; stone cairn building; clay sculpture,jade pig-dragons; cloud pendants; figures,ritual and belief;clothing and adornment,Named after Hongshanhou (Chifeng); Japanese excavations 1930s,,funerary;conflict-looting,Met Open Access (CC0);Cleveland Museum of Art Open Access (CC0);Wikimedia Commons,R2,,high,Jades are mostly from burials; many fakes on the market.
ARC122,Liangzhu,Liangzhu civilisation,archaeological-culture,People,F1.8,AS-CHN,-3300,-2300,c. 3300–2300 BCE (Lake Tai),"Liangzhu jade workers carved cong and bi with fine incised masks, and the city had walls and a large dam system.",jade carving with abrasives; earth dam engineering; lacquer,cong; bi; axes; dams,ritual and belief;rule and display;food and storage,Shi Xingeng (1936); UNESCO (2019),,funerary,Met Open Access (CC0);Cleveland Museum of Art Open Access (CC0);Wikimedia Commons;UNESCO World Heritage listing (link out),R2,F1.5,high,
ARC123,Longshan,,archaeological-culture,People,F1.8,AS-CHN,-3000,-1900,c. 3000–1900 BCE (lower and middle Yellow River),Longshan potters threw eggshell-thin black cups on a fast wheel; walled towns such as Taosi appear.,fast-wheel pottery; rammed earth; jade,eggshell cups; walled towns; jades,food and storage;rule and display;shelter,Excavations at Chengziya (1930); Li Ji and others,,none,Met Open Access (CC0);Cleveland Museum of Art Open Access (CC0);Wikimedia Commons,R2,,high,Distinct from HOR Longshan horizon (K. C. Chang).
ARC124,Shimao,,archaeological-culture,People,F1.8,AS-CHN,-2300,-1800,c. 2300–1800 BCE (Shaanxi),A stone-walled city with carved stone reliefs and jades set into walls.,stone masonry; relief carving; jade,walls; reliefs,shelter;rule and display;ritual and belief,archaeologists,,none,open-access excavation reports,R3,,medium,Some human sacrifice at gates; care with remains.
ARC125,Erlitou,,archaeological-culture,People,F1.8,AS-CHN,-1900,-1500,c. 1900–1500 BCE (Henan),Erlitou foundries made the first piece-mould cast bronze vessels in China; its palace complex is linked by some to the Xia.,piece-mould bronze casting; turquoise mosaic,jue; turquoise dragon; plaques,rule and display;ritual and belief,Xu Xusheng (1959),,none,Met Open Access (CC0);Wikimedia Commons,R2,F1.5,high,Xia identification is debated.
ARC126,Erligang,,archaeological-culture,People,F1.8,AS-CHN,-1600,-1400,c. 1600–1400 BCE,Early Shang bronze workshops spread standardised vessels across a broad region.,piece-mould casting,ding; jue,rule and display;ritual and belief,archaeologists,,none,Met Open Access (CC0);Cleveland Museum of Art Open Access (CC0);Wikimedia Commons,R3,,high,
ARC127,Sanxingdui,Sanxingdui civilisation,archaeological-culture,People,F1.8,AS-CHN,-1700,-1150,c. 1700–1150 BCE; sacrificial pits c. 1200–1100 BCE,"Sichuan bronze-casters made large masks, a bronze tree and a standing figure unlike Shang work.",bronze casting; gold foil; jade,masks; heads; tree; gold mask,ritual and belief;rule and display,Pits found 1986; new pits 2020–22,,sacred,Wikimedia Commons;open-access excavation reports,R2,,high,Sacrificial pits (objects deliberately buried).
ARC128,Jinsha,,archaeological-culture,People,F1.8,AS-CHN,-1200,-500,c. 1200–500 BCE (Chengdu plain),"Successor centre to Sanxingdui whose makers cut the gold 'sun and immortal birds' foil disc and worked ivory, jade and bronze.",gold foil cutting; jade carving; ivory; bronze casting,gold sun-bird disc; jade cong; ivory tusks; bronze figures,ritual and belief;rule and display,Found 2001 during construction in Chengdu,,sacred,Wikimedia Commons;open-access excavation reports,R3,,medium,Sun-bird motif is China's official cultural heritage logo.
ARC129,Dian,Dian kingdom,archaeological-culture,People,F1.8;F1.9,AS-CHN;AS-MSE,-400,100,"c. 4th century BCE–1st century CE (Lake Dian, Yunnan)","Dian bronze-casters made cowrie containers topped with miniature scenes of weaving, ritual and warfare, and bronze drums.",lost-wax and piece-mould bronze casting; gilding,cowrie containers; drums; weapons; buckles,rule and display;ritual and belief;exchange and value;clothing and adornment,Excavations at Shizhaishan (1955–),,funerary,Wikimedia Commons;open-access excavation reports,R3,F1.18,medium,Scenes show women weaving on backstrap looms (F1.18).
ARC130,Chulmun,Jeulmun; comb-pattern pottery,archaeological-culture,People,F1.8,AS-KOR,-8000,-1500,c. 8000–1500 BCE,Korean Neolithic foragers and early cultivators made comb-pattern pottery.,comb-incised pottery; ground stone,pottery; net sinkers; shell middens,food and storage;tools,archaeologists,,none,National Museum of Korea e-museum (KOGL Type 1);Wikimedia Commons,R3,,medium,
ARC131,Mumun,Plain pottery period,archaeological-culture,People,F1.8,AS-KOR,-1500,-300,c. 1500–300 BCE,"Rice-farming villages made undecorated pottery, polished red jars and stone daggers, and began bronze use.",plain and red-burnished pottery; polished stone daggers; bronze (later),pottery; stone daggers; mandolin-shaped daggers,food and storage;war;ritual and belief,archaeologists,,none,National Museum of Korea e-museum (KOGL Type 1);Wikimedia Commons;open-access excavation reports,R3,,high,
ARC132,Korean dolmen tradition,"Gochang, Hwasun and Ganghwa dolmens",archaeological-culture,People,F1.8,AS-KOR,-1000,-300,c. 1st millennium BCE (Mumun),"Communities raised thousands of stone dolmens, the densest concentration in the world.",megalith quarrying and raising,dolmens; grave goods,ritual and belief,archaeologists; UNESCO (2000),,funerary,National Museum of Korea e-museum (KOGL Type 1);Wikimedia Commons;UNESCO World Heritage listing (link out),R3,,high,
ARC133,Jōmon,Jomon,archaeological-culture,People,F1.8,AS-JPN,-14000,-300,"c. 14,000–300 BCE; end dates vary regionally (Yayoi began earlier in Kyushu)","Jōmon foragers made some of the world's earliest pottery, cord-marked and later flame-rimmed, plus lacquer and clay dogū figures.",cord-marked pottery; lacquer; clay figurine making,flame-style pots; dogū; lacquered combs,food and storage;ritual and belief;clothing and adornment,From Edward S. Morse's 'cord-marked' pottery (1877),,none,"Met Open Access (CC0);Cleveland Museum of Art Open Access (CC0);ColBase, Japan NICH (check per-image terms);Wikimedia Commons;UNESCO World Heritage listing (link out)",R2,F1.5,high,Northern Jōmon sites UNESCO (2021). Ainu are living descendants in the north.
ARC134,Yayoi,,archaeological-culture,People,F1.8,AS-JPN,-900,250,c. 900 BCE–250 CE (AMS revision of older c. 300 BCE start),"Wet-rice farmers, arriving from the Korean peninsula and mixing with Jōmon people, made bronze bells (dōtaku) and wheel-finished pottery.",paddy rice farming; bronze casting; iron; weaving,dōtaku; pottery; mirrors,food and storage;ritual and belief;clothing and adornment,"After Yayoi-chō, Tokyo (pottery found 1884)",,none,"Met Open Access (CC0);ColBase, Japan NICH (check per-image terms);Wikimedia Commons",R2,,high,
ARC135,Kofun,Kofun period,archaeological-culture,People,F1.8,AS-JPN,250,538,c. 250–538 CE (to 710 in some schemes),"Elite keyhole-shaped tombs were ringed by clay haniwa figures of people, horses and houses.",tomb building; haniwa terracotta; Sue stoneware,haniwa; mirrors; armour; Sue ware,ritual and belief;rule and display;war,archaeologists,,funerary,"Met Open Access (CC0);Cleveland Museum of Art Open Access (CC0);ColBase, Japan NICH (check per-image terms);Wikimedia Commons;UNESCO World Heritage listing (link out)",R2,,high,Imperial tombs are sacred and closed to excavation (Imperial Household Agency).
ARC136,Satsumon,,archaeological-culture,People,F1.8,AS-JPN,700,1200,c. 7th–13th century CE (Hokkaido),Hokkaido communities made scratched-pattern pottery and are considered ancestral to Ainu culture.,brushed pottery; iron import,pottery; houses,food and storage;shelter,archaeologists,,Indigenous-community;ancestral,"ColBase, Japan NICH (check per-image terms);open-access excavation reports",R3,,medium,"Ainu are a living Indigenous people, recognised 2019."
ARC137,Mehrgarh (Neolithic),,archaeological-culture,People,F1.9,AS-SAS,-7000,-2600,c. 7000–2600 BCE (Balochistan),"One of South Asia's earliest farming villages, with mud-brick storage, early cotton and the earliest known drilled teeth.",mud-brick; bead drilling; pottery,beads; figurines; pottery,food and storage;clothing and adornment;shelter;care and access,Jean-François Jarrige (1974–),,none,Wikimedia Commons;open-access excavation reports,R2,F1.5,high,
ARC138,Early Harappan,"Regionalisation era; Ravi, Kot Diji",archaeological-culture,People,F1.9,AS-SAS,-3300,-2600,c. 3300–2600 BCE,Walled towns with painted pottery before the integration of the Mature Harappan phase.,pottery; mud-brick,pottery; figurines,food and storage;shelter,archaeologists,,none,Wikimedia Commons;open-access excavation reports,R3,,high,Member of CIV Indus Valley.
ARC139,Mature Harappan,Integration era,archaeological-culture,People,F1.9,AS-SAS,-2600,-1900,c. 2600–1900 BCE,"Planned brick cities (Mohenjo-daro, Harappa, Dholavira) with seals, weights and long-drilled carnelian beads.",fired brick; carnelian drilling; steatite seals; faience,seals; beads; weights; figurines,record and writing;exchange and value;clothing and adornment;shelter,archaeologists,,none,Met Open Access (CC0);Cleveland Museum of Art Open Access (CC0);Wikimedia Commons;open-access excavation reports,R1,F1.5,high,Member of CIV Indus Valley.
ARC140,Late Harappan,Localisation era; Posturban Harappan,archaeological-culture,People,F1.9,AS-SAS,-1900,-1300,c. 1900–1300 BCE,"Regional successor phases (e.g. Jhukar, Rangpur, Cemetery H) in which large cities shrank but bead-making, pottery and farming continued and shifted east and south.",pottery; beadwork; faience; copper,regional pottery styles; beads,food and storage;clothing and adornment,archaeologists,,none,Wikimedia Commons;open-access excavation reports,R3,F1.3,high,Member of CIV Indus Valley; avoid 'collapse' framing.
ARC141,Ochre Coloured Pottery,OCP; OCP–Copper Hoard culture,archaeological-culture,People,F1.9,AS-SAS,-2000,-1500,c. 2000–1500 BCE (Ganga–Yamuna Doab),Upper Ganges communities made ochre-washed pottery and are associated with copper hoards; burials at Sinauli held wooden carts sheathed in copper.,ochre-slipped pottery; copper casting; copper sheathing,pottery; copper harpoons; anthropomorphic figures; carts,tools;ritual and belief;transport,"B. B. Lal (1950s) and later Archaeological Survey of India (Sinauli, 2018)",,funerary,Wikimedia Commons;open-access excavation reports,R3,,medium,Sinauli 'chariot' interpretation debated.
ARC142,Painted Grey Ware,PGW,archaeological-culture,People,F1.9,AS-SAS,-1200,-600,c. 1200–600 BCE (western Ganga plain),Iron Age farming communities made fine wheel-thrown grey pottery painted in black and began iron working in the Ganga plain.,fine grey pottery; iron smithing; glass beads,bowls; dishes; iron tools,food and storage;tools,"B. B. Lal (Hastinapura excavations, 1950–52)",,none,Wikimedia Commons;open-access excavation reports,R3,,medium,Often linked to later Vedic texts and Mahabharata sites; that link is contested.
ARC143,Northern Black Polished Ware,NBPW,archaeological-culture,People,F1.9,AS-SAS,-700,-200,c. 700–200 BCE,"A glossy, metallic-looking black pottery used in the early historic cities of the Ganga plain, including under the Mauryas.",high-gloss pottery firing,dishes; bowls,food and storage;rule and display;exchange and value,archaeologists,,none,Wikimedia Commons;open-access excavation reports,R3,,medium,Luxury ware; linked with second urbanisation.
ARC144,Deccan Chalcolithic,Malwa; Jorwe; Savalda,archaeological-culture,People,F1.9,AS-SAS,-2000,-700,"c. 2000–700 BCE (Maharashtra, Madhya Pradesh)",Farming villages of the Deccan made painted pottery and copper tools; Inamgaon and Daimabad yielded bronze sculptures (date debated).,painted pottery; copper working,painted pottery; urn burials; copper axes,food and storage;tools;ritual and belief,H. D. Sankalia and Deccan College (1950s–80s),,funerary,Wikimedia Commons;open-access excavation reports,R3,,medium,Groups several named cultures; Daimabad bronzes' date contested.
ARC145,Southern Neolithic,Ashmound tradition,archaeological-culture,People,F1.9,AS-SAS,-3000,-1200,"c. 3000–1200 BCE (Karnataka, Andhra Pradesh)",Herders and farmers of the southern Deccan burned cattle dung into large ash mounds and made ground-stone axes and rock art.,ground stone; dung burning; rock painting and bruising,ashmounds; axes; rock art,food and storage;tools;ritual and belief,archaeologists,,none,Wikimedia Commons;open-access excavation reports,R3,,medium,
ARC146,Megalithic South India,Iron Age South India; megalithic burials,archaeological-culture,People,F1.9,AS-SAS,-1200,300,c. 1200 BCE–300 CE,"Iron Age communities built stone-circle and cist burials with black-and-red ware, iron tools and carnelian beads.",iron smithing; black-and-red ware; bead drilling; stone setting,cists; urns; iron weapons; beads,ritual and belief;tools;war,archaeologists,,funerary,Wikimedia Commons;open-access excavation reports,R2,,high,Includes Adichanallur urn cemetery.
ARC147,Gandhara Grave culture,Swat protohistoric graves,archaeological-culture,People,F1.9,AS-SAS,-1600,-500,"c. 1600–500 BCE (Swat, Dir)","Cemeteries in the Swat valley with grey pottery and copper, linked by genetics to later South Asian populations.",grey pottery; copper,pottery; pins; graves,ritual and belief,Italian Archaeological Mission (IsMEO) and Ahmad Hasan Dani (1960s),,funerary,open-access excavation reports,R3,,medium,
ARC148,Balangoda culture,Sri Lankan Mesolithic,archaeological-culture,People,F1.9,AS-SAS,-38000,-1000,"from c. 38,000 years ago (Batadomba-lena, Fa-Hien) to the Holocene",Sri Lankan rainforest foragers made geometric microliths and bone tools at a very early date.,microlith production; bone tools,microliths; bone points; beads,tools;food and storage,archaeologists,,none,open-access excavation reports,R3,,medium,Stone-tool industry. Vedda people are a living community.
ARC149,Burzahom (Kashmir Neolithic),Northern Neolithic,archaeological-culture,People,F1.9,AS-HIM;AS-SAS,-3000,-1500,c. 3000–1500 BCE,"Kashmir valley farmers dug pit houses, made harvesting knives and bone tools, and carved a hunting scene on stone.",pit-dwelling construction; bone tools; ground-stone knives,harvesters; bone awls; engraved slab,shelter;food and storage;tools,archaeologists,,none,Wikimedia Commons;open-access excavation reports,R3,,medium,
ARC150,Karuo,Kharro,archaeological-culture,People,F1.9,AS-HIM,-3300,-2000,"c. 3300–2000 BCE (Chamdo, eastern Tibet)","Early farming villages of eastern Tibet with millet, stone houses, painted pottery and shell ornaments.",stone house building; pottery; ground stone,pottery; ornaments; axes,shelter;food and storage;clothing and adornment,archaeologists,,none,open-access excavation reports,R3,,medium,
ARC151,Qugong,,archaeological-culture,People,F1.9,AS-HIM,-1400,-1100,early phase at the type site re-dated to c. 1400–1300 cal BCE by 2024 re-excavation (earlier estimates c. 2000–1500 or 1750–1100 BCE); end approximate (Lhasa),"A Neolithic settlement near Lhasa whose potters made polished, incised and stamped round-based wares.",burnished pottery; incised and stamped decoration,pottery; tools,food and storage;tools,archaeologists,,none,open-access excavation reports,R3,,low,Copper/metal claim removed: not reported in the 2024 re-excavation (Neolithic assemblage); restore only with a source.
ARC152,Mustang cave tombs,Chokhopani; Mebrak; Samdzong,archaeological-culture,People,F1.9,AS-HIM,-1000,650,"c. 1000 BCE–650 CE (Upper Mustang, Nepal)","Cliff-cut cave burials with wooden coffins, a gold-and-silver funerary mask, textiles and beads.",wood coffin making; gold and silver repoussé; weaving,coffins; masks; beads,ritual and belief,archaeologists,,funerary;sacred,open-access excavation reports,R3,,medium,
ARC153,Hoabinhian,,archaeological-culture,People,F1.9;F1.8,AS-MSE;AS-ISE;AS-CHN,-12000,-3000,"c. 12,000–3000 BCE (earlier in some sites)",Forager toolkit of unifacially flaked cobbles (sumatraliths) used across mainland Southeast Asia and Sumatra.,unifacial cobble flaking,sumatraliths; grinding stones,tools;food and storage,"Madeleine Colani (1920s), after Hòa Bình province (Vietnam)",,none,open-access excavation reports;Wikimedia Commons,R3,,high,Stone-tool industry.
ARC154,Phùng Nguyên,,archaeological-culture,People,F1.9,AS-MSE,-2000,-1500,c. 2000–1500 BCE (Red River delta),Neolithic to early Bronze Age villages with incised pottery and jade.,pottery; stone; early bronze,pottery; ornaments,food and storage;clothing and adornment,archaeologists,,none,open-access excavation reports,R3,,medium,
ARC155,Ban Chiang,,archaeological-culture,People,F1.9,AS-MSE,-2100,200,c. 2100 BCE–200 CE; start of bronze working debated (c. 1500–1000 BCE),"Northeast Thai villagers buried their dead with red-on-buff painted pottery, bronze bracelets and later iron, a key case for independent Southeast Asian metallurgy.",painted pottery; bronze casting; iron,painted jars; bronze bracelets; rollers,ritual and belief;clothing and adornment;food and storage,"Found 1966; Thai Fine Arts Department and University of Pennsylvania (Chester Gorman, Pisit Charoenwongsa)",,funerary;conflict-looting,Wikimedia Commons;UNESCO World Heritage listing (link out);open-access excavation reports,R2,F1.5;F1.24,high,Heavily looted in the 1960s–70s; US federal investigation (2008) led to returns to Thailand. F1.24 case.
ARC156,Đông Sơn,Dong Son,archaeological-culture,People,F1.9;F1.8,AS-MSE;AS-CHN;AS-ISE,-1000,100,"c. 1000 BCE–1st century CE (Red River valley), drums traded later",Đông Sơn bronze-casters made large decorated kettle drums that were carried across Island Southeast Asia.,lost-wax and piece-mould bronze casting,bronze drums; situlae; daggers,rule and display;ritual and belief;play and music;exchange and value,"After Đông Sơn village (Thanh Hóa), excavated 1924–; EFEO (Victor Goloubew)",,none,Met Open Access (CC0);Wikimedia Commons;open-access excavation reports,R2,F1.13;F1.4,high,Drums reach Indonesia (Heger type I).
ARC157,Sa Huỳnh,Sa Huynh,archaeological-culture,People,F1.9,AS-MSE,-1000,200,c. 1000 BCE–200 CE (central and southern Vietnam),Coastal communities buried their dead in large jars with nephrite lingling-o earrings and glass and carnelian beads.,jar burial; nephrite and glass bead working; iron,burial jars; lingling-o; beads,ritual and belief;clothing and adornment;exchange and value,Finds from 1909; French archaeologists (Madeleine Colani),,funerary,Wikimedia Commons;open-access excavation reports,R3,F1.13,high,Taiwanese nephrite in Sa Huỳnh ornaments shows long-distance exchange.
ARC158,Plain of Jars,,archaeological-culture,People,F1.9,AS-MSE,-500,500,c. 500 BCE–500 CE (dates debated; some jars placed earlier),Communities in Laos quarried and set over two thousand stone jars used in mortuary ritual.,stone quarrying and carving,stone jars; discs,ritual and belief,Madeleine Colani (1935); UNESCO (2019),,funerary;conflict-looting,Wikimedia Commons;UNESCO World Heritage listing (link out);open-access excavation reports,R3,,medium,Unexploded ordnance from the 1964–73 bombing still at sites (F1.19a).
ARC159,Óc Eo,Funan (archaeological),archaeological-culture,People,F1.9,AS-MSE,100,650,c. 1st–7th century CE (Mekong delta),"A canal-linked port where makers worked gold, glass beads and tin, trading with India, China and Rome.",gold working; glass bead making; canal engineering,beads; seals; gold plaques; Roman coins,exchange and value;clothing and adornment;transport,Louis Malleret (1944),,none,Wikimedia Commons;open-access excavation reports,R3,F1.13,medium,Links to the Chinese-recorded polity 'Funan'.
ARC160,Dvaravati,,archaeological-culture,People,F1.9,AS-MSE,600,1000,c. 6th–11th century CE (central Thailand),"Mon-speaking Buddhist communities made stucco and terracotta sculpture, dharmachakra wheels and moated towns.",stucco; terracotta; stone carving,Buddha images; dharmachakras; stucco reliefs,ritual and belief,Art historians and archaeologists (from coins inscribed 'Dvaravati'),,sacred,Met Open Access (CC0);Wikimedia Commons,R3,,medium,Art-historical as much as archaeological grouping.
ARC161,Dapenkeng,Tapenkeng,archaeological-culture,People,F1.9;F1.8,AS-ISE;AS-CHN,-3500,-2500,c. 3500–2500 BCE (Taiwan),"Earliest Neolithic of Taiwan with cord-marked pottery, often linked to the beginnings of Austronesian dispersal.",cord-marked pottery; ground stone; bark-cloth beaters,pottery; adzes; beaters,food and storage;tools;clothing and adornment,Kwang-chih Chang (1960s),,Indigenous-community,open-access excavation reports,R3,,medium,Taiwanese Indigenous peoples are living descendants.
ARC162,Beinan,Peinan,archaeological-culture,People,F1.9;F1.8,AS-ISE,-3300,-300,c. 3300–300 BCE (east Taiwan; main phase c. 1500–800 BCE),A large slate-slab settlement and cemetery with nephrite earrings (including lingling-o and human-animal jades).,slate slab construction; nephrite carving,slate coffins; jade earrings; pottery,ritual and belief;clothing and adornment;shelter,Found 1980 during railway construction,,funerary;Indigenous-community,open-access excavation reports;Wikimedia Commons,R3,,medium,
ARC163,Toalean,,archaeological-culture,People,F1.9,AS-ISE,-6000,500,c. 8000–1500 years ago (southwest Sulawesi),Sulawesi foragers made small serrated 'Maros points' and backed microliths.,pressure flaking; microliths,Maros points; microliths,tools,archaeologists,,none,open-access excavation reports,R3,,medium,Stone-tool industry; a Toalean genome published 2021.
ARC164,Arctic Small Tool tradition,ASTt; Denbigh Flint Complex (Alaska),archaeological-culture,People,F1.7;F1.12a,AM-ARC;AS-NTH,-2500,-800,c. 2500–800 BCE,"Palaeo-Inuit (Palaeo-Eskimo) peoples spread from Alaska to Greenland with finely made microblades, burins and bow technology.",microblade and burin production; bow and arrow,microblades; burins; harpoon heads,tools;food and storage,William Irving (1957),,Indigenous-community,Smithsonian Open Access (CC0);National Museum of Denmark (CC BY-SA);open-access excavation reports,R3,,high,'Palaeo-Eskimo' is being replaced by 'Palaeo-Inuit' in some usage; check preferred term.
ARC165,Saqqaq,,archaeological-culture,People,F1.7,AM-ARC,-2500,-800,c. 2500–800 BCE (west Greenland),Early Greenlanders made stone and bone tools and sewn skin clothing; a Saqqaq hair sample gave the first ancient human genome (2010).,stone knapping; bone and wood working; skin sewing,tools; harpoons; clothing fragments,tools;clothing and adornment;food and storage,archaeologists,,Indigenous-community;ancestral,National Museum of Denmark (CC BY-SA);open-access excavation reports,R3,,high,
ARC166,Dorset,Tuniit (in Inuit oral history),archaeological-culture,People,F1.7,AM-ARC,-500,1400,c. 500 BCE–1400 CE (dates vary regionally),"Dorset carvers made small ivory, antler and wood figures of bears, people and masks.",ivory and antler carving; soapstone lamps; snow knife,figurines; masks; soapstone lamps,ritual and belief;shelter;food and storage,"Diamond Jenness (1925), after Cape Dorset (Kinngait)",,Indigenous-community;sacred,Smithsonian Open Access (CC0);National Museum of Denmark (CC BY-SA);Wikimedia Commons;open-access excavation reports,R2,,high,Inuit oral histories name them Tuniit.
ARC167,Old Bering Sea,OBS,archaeological-culture,People,F1.7;F1.12a,AM-ARC;AS-NTH,-200,500,c. 200 BCE–500 CE (Bering Strait),Maritime hunters carved walrus-ivory harpoon parts and 'winged objects' with curvilinear engraving.,walrus-ivory carving and engraving,winged objects; harpoon heads; figures,tools;ritual and belief;food and storage,Henry B. Collins (1920s–30s),,Indigenous-community;funerary;conflict-looting,Smithsonian Open Access (CC0);Met Open Access (CC0);Wikimedia Commons,R3,,medium,Ivories mined from sites for the market; St Lawrence Island context.
ARC168,Ipiutak,,archaeological-culture,People,F1.7,AM-ARC,1,800,"c. 1st–8th century CE (Point Hope, Alaska)","A large settlement and cemetery with elaborate ivory carvings, openwork and inset eyes placed with the dead.",ivory carving; openwork; jet and ivory inlay,masks; openwork carvings; chains,ritual and belief,"Helge Larsen, Froelich Rainey and Louis Giddings (1939–41)",,Indigenous-community;funerary;sacred,Smithsonian Open Access (CC0);Wikimedia Commons,R3,,medium,
ARC169,Thule,Thule culture; Neo-Inuit,archaeological-culture,People,F1.7,AM-ARC,1000,1600,c. 1000–1600 CE (spread from Alaska to Greenland c. 1200–1300),"Ancestors of the Inuit spread across the Arctic with whale-bone houses, umiaks, dog sleds and toggling harpoons.",whalebone construction; skin boat building; sled making; ivory carving,harpoons; ulus; combs; snow goggles,shelter;transport;food and storage;clothing and adornment,"Therkel Mathiassen (Fifth Thule Expedition, 1920s)",,Indigenous-community;ancestral;living-community,Smithsonian Open Access (CC0);National Museum of Denmark (CC BY-SA);Wikimedia Commons;open-access excavation reports,R2,F1.26,high,Living Inuit communities; Inuit-led interpretation preferred.
ARC170,Marpole,Marpole phase,archaeological-culture,People,F1.7,AM-NWC,-500,500,"c. 500 BCE–500 CE (Fraser delta, Salish Sea)","Coast Salish ancestral communities carved stone bowls, antler and wood and built plank houses.",stone bowl carving; antler carving; plank house construction,seated-figure bowls; antler combs; ornaments,ritual and belief;shelter;food and storage,archaeologists,,Indigenous-community;ancestral;funerary,open-access excavation reports,R3,,medium,Marpole village site (c̓əsnaʔəm) is a Musqueam sacred place.
ARC171,Locarno Beach,Locarno Beach phase,archaeological-culture,People,F1.7,AM-NWC,-1500,-500,c. 1500–500 BCE (Salish Sea),"Ancestral Coast Salish communities made ground-slate knives, labrets and carved antler before the Marpole phase.",ground-slate working; antler carving; labret making,slate knives; labrets; antler carvings,tools;clothing and adornment;food and storage,"Charles Borden (1950s), after Locarno Beach, Vancouver",,Indigenous-community;ancestral,open-access excavation reports,R3,,medium,
ARC172,Clovis,,archaeological-culture,People,F1.7,AM-WST;AM-EWD;AM-MES,-11100,-10800,"c. 13,050–12,750 cal BP",Clovis knappers made fluted spear points traded over long distances across North America.,fluting; overshot flaking; caching,fluted points; bifaces; caches,tools;food and storage,"Named after Clovis, New Mexico (Blackwater Draw, 1930s)",,Indigenous-community,Smithsonian Open Access (CC0);Wikimedia Commons;open-access excavation reports,R3,,high,Stone-tool tradition; 'Clovis first' has been disproven.
ARC173,Western Stemmed Tradition,,archaeological-culture,People,F1.7,AM-WST,-12000,-8000,"c. 14,000–10,000 BP; some dates as early as 16,000 BP (Cooper's Ferry)","Stemmed points in the Great Basin and Plateau, possibly as old as or older than Clovis.",stemmed point knapping,stemmed points; crescents,tools,archaeologists,,Indigenous-community,open-access excavation reports,R3,,medium,Stone-tool tradition.
ARC174,Hohokam,,archaeological-culture,People,F1.7,AM-WST,450,1450,c. 450–1450 CE (Sonoran Desert),"Hohokam farmers dug hundreds of kilometres of irrigation canals, made red-on-buff pottery, ball courts and acid-etched shell.",canal engineering; red-on-buff pottery; shell etching,canals; pottery; etched shell; ball courts,food and storage;clothing and adornment;play and music,Harold Gladwin and Emil Haury (1930s); term from O'odham,,Indigenous-community;ancestral,Smithsonian Open Access (CC0);Wikimedia Commons;open-access excavation reports,R3,,high,O'odham peoples are descendants; the name's translation is debated.
ARC175,Mogollon,,archaeological-culture,People,F1.7,AM-WST,200,1450,"c. 200–1450 CE (Arizona, New Mexico, Chihuahua)",Mogollon villagers built pit houses and later pueblos and made brown and painted pottery.,pit house construction; pottery,pottery; houses,shelter;food and storage,Emil Haury (1936),,Indigenous-community,Smithsonian Open Access (CC0);open-access excavation reports,R3,,high,
ARC176,Mimbres,Mimbres Mogollon,archaeological-culture,People,F1.7,AM-WST,1000,1130,Classic Mimbres c. 1000–1130 CE,"Mimbres potters painted black-on-white bowls with figures and patterns, many placed over faces in burials with a hole 'killed' through them.",painted pottery,figurative bowls,ritual and belief;food and storage,archaeologists,,Indigenous-community;funerary;conflict-looting,Smithsonian Open Access (CC0);open-access excavation reports,R2,F1.24;F1.18,high,Bowls largely looted from graves; NAGPRA; display with care.
ARC177,Ancestral Puebloan,Anasazi (deprecated); Basketmaker; Pueblo I–IV,archaeological-culture,People,F1.7,AM-WST,-1500,1600,Basketmaker II from c. 1500 BCE in some chronologies; Pueblo IV to c. 1600,"Builders of masonry great houses (Chaco) and cliff dwellings (Mesa Verde) who made coiled baskets, turkey-feather blankets and painted pottery.",masonry; coiled basketry; black-on-white pottery; turkey-feather weaving,great houses; pottery; baskets; sandals,shelter;food and storage;clothing and adornment,archaeologists,,Indigenous-community;ancestral;sacred;funerary;living-community,Smithsonian Open Access (CC0);Wikimedia Commons;open-access excavation reports;UNESCO World Heritage listing (link out),R2,,high,Routes from CIV Ancestral Puebloan.
ARC178,Casas Grandes,Paquimé,archaeological-culture,People,F1.7,AM-WST;AM-MES,1200,1450,c. 1200–1450 CE (Chihuahua),"Paquimé bred scarlet macaws, made polychrome effigy pottery and built multi-storey adobe compounds.",adobe building; polychrome pottery; macaw breeding,effigy jars; macaw pens; shell ornaments,shelter;ritual and belief;exchange and value,Charles Di Peso (1958–61),,Indigenous-community,Wikimedia Commons;open-access excavation reports;UNESCO World Heritage listing (link out),R3,,medium,
ARC179,Maritime Archaic,Red Paint People,archaeological-culture,People,F1.7,AM-EWD;AM-ARC,-7000,-1000,c. 7000–1000 BCE (Labrador to Maine),Coastal hunters made ground-slate tools and buried their dead with red ochre (Port au Choix).,ground slate; red ochre; bone carving,slate points; gouges; effigies,tools;ritual and belief,archaeologists,,Indigenous-community;funerary,Smithsonian Open Access (CC0);open-access excavation reports,R3,,medium,
ARC180,Old Copper complex,,archaeological-culture,People,F1.7,AM-EWD,-4000,-1000,c. 4000–1000 BCE (earliest perhaps c. 7000 BCE) (western Great Lakes),"Among the world's earliest metalworkers, cold-hammering and annealing native copper into tools.",cold-hammering; annealing native copper,points; awls; knives,tools,archaeologists,,Indigenous-community,Smithsonian Open Access (CC0);open-access excavation reports,R3,F1.5,medium,
ARC181,Poverty Point,,archaeological-culture,People,F1.7,AM-EWD,-1700,-1100,c. 1700–1100 BCE (Louisiana),Hunter-gatherers built monumental concentric earthen ridges and mounds and made baked clay cooking objects.,earthwork; baked clay objects; stone bead making,ridges; mounds; clay cooking balls; beads,shelter;ritual and belief;food and storage,archaeologists,,Indigenous-community;ancestral,Wikimedia Commons;UNESCO World Heritage listing (link out);open-access excavation reports,R2,F1.5,high,
ARC182,Adena,,archaeological-culture,People,F1.7,AM-EWD,-800,1,c. 800 BCE–1 CE (Ohio valley),Adena communities built burial mounds and carved stone tablets and pipes.,mound building; stone carving; copper,tablets; tubular pipes; mounds,ritual and belief,"After the Adena estate (Chillicothe, Ohio), excavated 1901",,Indigenous-community;funerary;ancestral,Smithsonian Open Access (CC0);open-access excavation reports,R3,,high,
ARC183,Hopewell,Ohio Hopewell,archaeological-culture,People,F1.7,AM-EWD,-100,500,c. 100 BCE–500 CE,"Hopewell makers built geometric earthworks and made mica cut-outs, copper plates and platform pipes from far-traded materials.",earthwork; mica cutting; copper hammering; pipe carving,platform pipes; mica hands; copper birds,ritual and belief;exchange and value;rule and display,"Warren K. Moorehead (1891), after Mordecai Hopewell's farm",,Indigenous-community;funerary;ancestral,Smithsonian Open Access (CC0);Wikimedia Commons;open-access excavation reports;UNESCO World Heritage listing (link out),R2,,high,See HOR Hopewell Interaction Sphere; Hopewell Ceremonial Earthworks UNESCO (2023).
ARC184,Mississippian,,archaeological-culture,People,F1.7,AM-EWD,800,1600,c. 800–1600 CE,"Towns (Cahokia, Moundville, Etowah) with platform mounds, engraved shell gorgets, copper plates and effigy pottery.",earthwork; shell engraving; copper repoussé; shell-tempered pottery,gorgets; copper plates; effigy vessels,rule and display;ritual and belief;shelter,archaeologists,,Indigenous-community;funerary;sacred;ancestral,Smithsonian Open Access (CC0);Wikimedia Commons;open-access excavation reports;UNESCO World Heritage listing (link out),R2,,high,Routes from CIV Mississippian.
ARC185,Olmec,Olmec culture,archaeological-culture,People,F1.7,AM-MES,-1600,-400,c. 1600–400 BCE (San Lorenzo c. 1400–1000; La Venta c. 1000–400 BCE),"Gulf Coast makers carved colossal basalt heads, jade figures and celts, and buried massive serpentine offerings.",basalt carving and transport; jade and serpentine working; ceramic figurines,colossal heads; altars; jade masks; celts,rule and display;ritual and belief,Marshall Saville and George Vaillant (1920s); Matthew Stirling (1938–46),,Indigenous-community;conflict-looting,Met Open Access (CC0);Cleveland Museum of Art Open Access (CC0);Yale University Art Gallery (public-domain images);Wikimedia Commons,R2,,high,Routes from CIV Olmec; see HOR Olmec horizon.
ARC186,Tlatilco,,archaeological-culture,People,F1.7,AM-MES,-1250,-800,c. 1250–800 BCE (Basin of Mexico),A village cemetery with hundreds of burials holding hand-modelled 'pretty lady' figurines and Olmec-style vessels.,hand-modelled figurines; pottery,figurines; masks; vessels,ritual and belief;clothing and adornment,Found by brickmakers (1936); Miguel Covarrubias,,funerary;Indigenous-community,Met Open Access (CC0);Wikimedia Commons,R3,,medium,
ARC187,Monte Albán (Zapotec),Monte Albán I–V,archaeological-culture,People,F1.7,AM-MES,-500,800,c. 500 BCE–800 CE (Valley of Oaxaca),"The Zapotec hilltop capital with carved 'Danzantes' slabs, painted tombs and ceramic effigy urns.",stone relief carving; tomb painting; ceramic urn modelling,Danzantes; effigy urns; tombs,rule and display;ritual and belief;record and writing,Alfonso Caso (1931 on),,Indigenous-community;funerary,Met Open Access (CC0);Wikimedia Commons;UNESCO World Heritage listing (link out),R3,,high,Routes from CIV Zapotec; Tomb 7's goldwork is later Mixtec reuse.
ARC188,West Mexican shaft tomb tradition,Teuchitlán tradition,archaeological-culture,People,F1.7,AM-MES,-300,400,"c. 300 BCE–400 CE (Jalisco, Nayarit, Colima)","Hollow ceramic figures of people, dogs and village scenes were placed in deep shaft-and-chamber tombs.",hollow ceramic modelling; burnished slip,figures; dogs; house models,ritual and belief;clothing and adornment,archaeologists,,funerary;conflict-looting;Indigenous-community,Met Open Access (CC0);Cleveland Museum of Art Open Access (CC0);LACMA (public-domain images);Wikimedia Commons,R2,F1.24,high,Almost all known from looted tombs; many fakes. F1.24 case.
ARC189,Classic Veracruz,,archaeological-culture,People,F1.7,AM-MES,100,1000,c. 100–1000 CE (Gulf Coast; El Tajín),"Gulf Coast makers carved stone ballgame yokes, hachas and palmas and made smiling-face ceramic figures.",stone carving; ceramic modelling,yokes; hachas; palmas; smiling figures,play and music;ritual and belief,archaeologists,,Indigenous-community,Met Open Access (CC0);Cleveland Museum of Art Open Access (CC0);Wikimedia Commons,R3,F1.4,high,
ARC190,Gran Coclé,Coclé; Sitio Conte,archaeological-culture,People,F1.7,AM-CAM,200,1500,c. 200–1500 CE; Sitio Conte burials c. 700–1000,"Panamanian makers produced polychrome pottery and cast and hammered gold, found in chiefly burials.",polychrome pottery; lost-wax gold casting; depletion gilding,polychrome plates; gold plaques; ear rods,rule and display;ritual and belief;clothing and adornment,"Samuel Lothrop (Harvard, 1930s); Penn Museum",,funerary;Indigenous-community,Penn Museum online collection (link out);Wikimedia Commons;open-access excavation reports,R3,,medium,
ARC191,Diquís,Diquís stone spheres,archaeological-culture,People,F1.7,AM-CAM,300,1500,c. 300–1500 CE (southern Costa Rica),Communities carved hundreds of near-perfect stone spheres and cast gold ornaments.,stone sphere shaping; gold casting,spheres; gold pendants,ritual and belief;rule and display,archaeologists,,Indigenous-community,Wikimedia Commons;UNESCO World Heritage listing (link out),R3,,medium,UNESCO (2014).
ARC192,Tairona,,archaeological-culture,People,F1.7,AM-CAM,900,1600,c. 900–1600 CE (Sierra Nevada de Santa Marta),"Tairona builders made stone terraces, paths and Ciudad Perdida, and goldsmiths cast tumbaga pendants.",stone terracing; tumbaga casting,pendants; terraces; stone paths,shelter;rule and display;ritual and belief,archaeologists,,Indigenous-community;ancestral;sacred;living-community,Met Open Access (CC0);Wikimedia Commons,R3,,medium,"Kogi, Arhuaco, Wiwa and Kankuamo are living descendant peoples; Ciudad Perdida is sacred to them."
ARC193,Quimbaya,,archaeological-culture,People,F1.7,AM-CAM;AM-AND,-500,600,Early Quimbaya c. 500 BCE–600 CE (Cauca valley),Goldsmiths cast tumbaga figures and vessels by lost-wax; the 'Quimbaya Treasure' is in Madrid.,lost-wax tumbaga casting,poporos; figures,ritual and belief;rule and display,archaeologists,,funerary;conflict-looting;Indigenous-community,Met Open Access (CC0);Wikimedia Commons,R3,F1.24,medium,Colombia's Constitutional Court ordered restitution efforts (2017). F1.24 case.
ARC194,San Agustín,,archaeological-culture,People,F1.7,AM-CAM;AM-AND,1,900,c. 1st–9th century CE (Upper Magdalena),Makers carved hundreds of monumental stone guardian statues over burial mounds.,stone carving; mound building,statues; tombs,ritual and belief,archaeologists,,funerary;Indigenous-community,Wikimedia Commons;UNESCO World Heritage listing (link out),R3,,high,UNESCO (1995).
ARC195,La Tolita–Tumaco,Tolita,archaeological-culture,People,F1.7,AM-CAM;AM-AND,-600,350,c. 600 BCE–350 CE (Ecuador–Colombia Pacific coast),"Metalworkers here sintered platinum with gold, centuries before Europe worked platinum; potters made moulded figurines.",platinum sintering; gold working; mould-made ceramics,platinum-gold ornaments; figurines,rule and display;ritual and belief;clothing and adornment,archaeologists,,Indigenous-community;conflict-looting,Met Open Access (CC0);Wikimedia Commons,R3,F1.5,medium,
ARC196,Casimiroid,,archaeological-culture,People,F1.7,AM-CAR,-4000,-400,"c. 4000–400 BCE (Cuba, Hispaniola)","Among the earliest known settlers of the Greater Antilles, making large flaked-stone blades and, later, ground-stone tools.",blade production; ground stone,blades; bowls,tools;food and storage,"Irving Rouse, after the Casimira site (Dominican Republic)",,Indigenous-community,open-access excavation reports,R3,,medium,
ARC197,Saladoid,,archaeological-culture,People,F1.7,AM-CAR;AM-AMZ,-500,600,c. 500 BCE–600 CE,"Farmer-potters from the Orinoco settled the Antilles, making white-on-red pottery and carved stone and shell amulets.",white-on-red pottery; stone and shell carving,pottery; amulets; zemis (early),food and storage;ritual and belief;clothing and adornment,"Irving Rouse, after Saladero (Venezuela)",,Indigenous-community,Smithsonian Open Access (CC0);Wikimedia Commons;open-access excavation reports,R2,,high,
ARC198,Ostionoid,,archaeological-culture,People,F1.7,AM-CAR,600,1200,c. 600–1200 CE (Greater Antilles),"Successor pottery series to Saladoid, ancestral to Taíno material culture, with ball courts appearing.",pottery; ball courts,pottery; plazas,food and storage;play and music,Irving Rouse,,Indigenous-community,open-access excavation reports,R3,,medium,
ARC199,Chicoid,Chican Ostionoid,archaeological-culture,People,F1.7,AM-CAR,800,1500,c. 800–1500 CE,Taíno-period pottery and carving series with modelled heads and incised decoration.,pottery; wood and stone carving,adornos; duhos; zemis,ritual and belief;food and storage,"Irving Rouse, after Boca Chica (Dominican Republic)",,Indigenous-community;sacred,Met Open Access (CC0);Smithsonian Open Access (CC0);Wikimedia Commons,R3,,medium,Routes from CIV Taíno.
ARC200,Lucayan,Lucayan Taíno; Palmetto ware,archaeological-culture,People,F1.7,AM-CAR,700,1520,"c. 700–1520 CE (Bahamas, Turks and Caicos)","Lucayan islanders made shell-tempered Palmetto pottery and carved wooden duhos, and were enslaved en masse after 1492.",shell-tempered pottery; wood carving,pottery; duhos,food and storage;rule and display,archaeologists,,Indigenous-community;human-flow,Wikimedia Commons;open-access excavation reports,R3,,medium,
ARC201,Colono ware,Colono-Indian ware; yabbas (Jamaica),archaeological-culture,People,F1.7,AM-EWD;AM-CAR;AM-LAT,1650,1900,c. late 17th–19th century,"Low-fired, hand-built earthenware made by enslaved Africans and Native Americans in the colonial Americas, direct evidence of everyday making under slavery.",hand-built low-fired pottery; open firing; burnishing,bowls; jars; cooking pots,food and storage;ritual and belief,"Ivor Noël Hume (1962, 'Colono-Indian ware'); Leland Ferguson ('Uncommon Ground', 1992)",,human-flow;Indigenous-community;living-community,Smithsonian Open Access (CC0);open-access excavation reports;Wikimedia Commons,R3,F1.23;F1.22a,medium,"A ware category, not a people; African vs Native American authorship debated regionally; content note for slavery."
ARC202,Chinchorro,,archaeological-culture,People,F1.7,AM-AND,-7000,-1500,c. 7000–1500 BCE (artificial mummification from c. 5000 BCE),"Coastal fishers of the Atacama made the world's earliest known artificially mummified bodies, reshaping them with clay, reeds and paint.",artificial mummification; reed and clay modelling; fishing gear,prepared bodies; masks; fish hooks,ritual and belief;food and storage,Max Uhle (1917); UNESCO (2021),,funerary;ancestral;Indigenous-community,Wikimedia Commons;UNESCO World Heritage listing (link out),R3,F1.16,high,Human remains: default-exclude images; describe only.
ARC203,Valdivia,,archaeological-culture,People,F1.7,AM-AND,-3800,-1500,c. 3800–1500 BCE (coastal Ecuador),"Among the earliest pottery makers of the Americas, making stone and ceramic female figurines and U-shaped villages.",early pottery; ceramic figurines,figurines; bowls,food and storage;ritual and belief,Emilio Estrada (1956),,Indigenous-community,Met Open Access (CC0);Wikimedia Commons,R3,F1.5,high,
ARC204,Cupisnique,,archaeological-culture,People,F1.7,AM-AND,-1500,-500,c. 1500–500 BCE (north coast of Peru),"Potters made stirrup-spout vessels and goldsmiths hammered sheet gold with feline imagery, linked to Chavín.",stirrup-spout pottery; gold sheet work,stirrup-spout bottles; gold ornaments,ritual and belief;rule and display,Rafael Larco Hoyle (1940s),,Indigenous-community;funerary,Met Open Access (CC0);Wikimedia Commons,R3,,medium,
ARC205,Paracas,Paracas Cavernas; Paracas Necrópolis,archaeological-culture,People,F1.7,AM-AND,-800,-100,c. 800–100 BCE (south coast of Peru),Paracas weavers made embroidered mantles of camelid fibre wrapped around the dead in large bundles.,stem-stitch embroidery; resin-painted pottery; cranial modification,embroidered mantles; mummy bundles; pottery,ritual and belief;clothing and adornment,Julio C. Tello (1925),,funerary;Indigenous-community;conflict-looting,Met Open Access (CC0);Cleveland Museum of Art Open Access (CC0);Art Institute of Chicago (CC0);Wikimedia Commons,R2,F1.18,high,Textiles came from mummy bundles; many looted and exported.
ARC206,Nasca,Nazca,archaeological-culture,People,F1.7,AM-AND,-100,800,c. 100 BCE–800 CE,"Makers of polychrome slip-painted pottery, textiles and the geoglyphs on the Nazca pampa.",polychrome slip painting; geoglyph clearing; puquio engineering,vessels; textiles; geoglyphs,ritual and belief;food and storage,Max Uhle (1901),,Indigenous-community;funerary,Met Open Access (CC0);Cleveland Museum of Art Open Access (CC0);Art Institute of Chicago (CC0);Wikimedia Commons;UNESCO World Heritage listing (link out),R2,,high,Routes from CIV Nazca.
ARC207,Moche,Mochica,archaeological-culture,People,F1.7,AM-AND,100,800,c. 100–800 CE,"North-coast potters and metalworkers made mould-made portrait vessels, fineline painted scenes and gilded copper regalia.",mould-made ceramics; fineline painting; depletion gilding; adobe platforms,portrait vessels; ear spools; murals,rule and display;ritual and belief;clothing and adornment,Max Uhle; Rafael Larco Hoyle,,Indigenous-community;funerary;conflict-looting,Met Open Access (CC0);Art Institute of Chicago (CC0);Cleveland Museum of Art Open Access (CC0);Wikimedia Commons,R2,,high,Routes from CIV Moche.
ARC208,Recuay,,archaeological-culture,People,F1.7,AM-AND,1,700,c. 1st–7th century CE (Callejón de Huaylas),Highland makers of kaolin pottery with modelled scenes and stone sculpture of warriors.,kaolin pottery; negative (resist) painting; stone carving,effigy vessels; stone warriors,ritual and belief;rule and display,archaeologists,,Indigenous-community,Met Open Access (CC0);Wikimedia Commons,R3,,medium,
ARC209,Sicán,Lambayeque,archaeological-culture,People,F1.7,AM-AND,750,1375,c. 750–1375 CE,Sicán metalworkers smelted arsenical bronze on an industrial scale and made gold masks and tumi knives for elite tombs.,arsenical bronze smelting; gold sheet work,masks; tumis; naipes (axe-monies),rule and display;ritual and belief;exchange and value,"Izumi Shimada (Sicán Archaeological Project, 1978 on)",,funerary;conflict-looting;Indigenous-community,Met Open Access (CC0);Wikimedia Commons,R3,,medium,
ARC210,Chachapoya,Chachapoyas,archaeological-culture,People,F1.7,AM-AND;AM-AMZ,800,1470,"c. 800–1470 CE (cloud forest, northern Peru)",Cloud-forest builders of Kuélap and cliff-set sarcophagi and mausolea.,stone masonry with friezes; clay sarcophagi,Kuélap; sarcophagi; khipu,shelter;ritual and belief;record and writing,archaeologists,,funerary;Indigenous-community,Wikimedia Commons;open-access excavation reports,R3,,medium,
ARC211,Diaguita,,archaeological-culture,People,F1.7,AM-AND,1000,1600,"c. 1000–1600 CE (northern Chile, northwest Argentina)","Diaguita potters painted bowls and jars with dense geometric designs, later adapting them under Inca rule; Diaguita people are recognised in Chile and Argentina today.",painted pottery; copper metallurgy,painted bowls; duck-shaped jars; metal pectorals,food and storage;rule and display;ritual and belief,Spanish colonial name; Chilean and Argentine archaeology,,Indigenous-community;living-community,Wikimedia Commons;open-access excavation reports,R3,,medium,
ARC212,Monte Alegre Paleoindian,Caverna da Pedra Pintada,archaeological-culture,People,F1.7,AM-AMZ,-9200,-8000,"c. 11,200–10,000 BP (lower Amazon)",Early Amazonian foragers painted rock art and made triangular points.,rock painting; point knapping,points; paintings,ritual and belief;tools,Anna Roosevelt et al. (1996),,Indigenous-community,open-access excavation reports,R3,,medium,
ARC213,Upano,Upano valley settlements,archaeological-culture,People,F1.7,AM-AMZ;AM-AND,-500,600,c. 500 BCE–600 CE (Ecuadorian Amazon),"Lidar revealed rectangular platform mounds, plazas and long straight roads linking settlements.",earth platform building; road building; pottery,platforms; roads; pottery,shelter;transport;food and storage,"Stéphen Rostain et al. (Science, 2024)",,Indigenous-community,open-access excavation reports,R3,,medium,
ARC214,Marajoara,,archaeological-culture,People,F1.7,AM-AMZ,400,1400,c. 400–1400 CE,"Marajó potters made painted, excised and modelled funerary urns and ceramic pubic covers (tangas).",excised and painted ceramics; mound building,funerary urns; tangas; figurines,ritual and belief;clothing and adornment;shelter,"Brazilian and US archaeologists (Meggers, Evans, Roosevelt, Schaan)",,funerary;Indigenous-community;conflict-looting,Wikimedia Commons;open-access excavation reports,R2,,high,Routes from CIV Marajoara.
ARC215,Santarém,Tapajó; Tapajônica,archaeological-culture,People,F1.7,AM-AMZ,1000,1600,c. 1000–1600 CE (confluence of Tapajós and Amazon),Potters made elaborate caryatid and neck vessels with modelled figures; muiraquitã green-stone frogs circulated.,modelled pottery; green-stone carving,caryatid vessels; muiraquitãs,ritual and belief;exchange and value,archaeologists,,Indigenous-community;conflict-looting,Wikimedia Commons;open-access excavation reports,R3,,medium,
ARC216,Casarabe,Llanos de Mojos,archaeological-culture,People,F1.7,AM-AMZ,500,1400,c. 500–1400 CE (Bolivian Amazon),"Settlements with platform mounds, causeways, canals and reservoirs.",earthwork; canals; causeways,mounds; causeways; reservoirs,shelter;food and storage;transport,"Heiko Prümers et al. (Nature, 2022)",,Indigenous-community,open-access excavation reports,R3,F1.5,medium,
ARC217,Upper Xingu ancestral settlements,,archaeological-culture,People,F1.7,AM-AMZ,1250,1650,c. 1250–1650 CE,"Large ditched villages linked by roads, ancestral to present Xinguano peoples.",ditch and bank earthworks; roads; terra preta,ditches; roads; plazas,shelter;food and storage;transport,Michael Heckenberger with the Kuikuro,,Indigenous-community;ancestral;living-community,open-access excavation reports,R3,F1.26,medium,Kuikuro collaboration; living descendants.
ARC218,Acre geoglyphs,Geoglyphs of Acre,archaeological-culture,People,F1.7,AM-AMZ,1,1300,c. 1st–13th century CE; construction dates vary by site,"Communities in the western Amazon dug hundreds of geometric ditched enclosures (squares, circles) within managed bamboo forest, showing large-scale landscape making without clear-cutting.",ditch-and-bank earthwork; forest management,ditched enclosures; causeways; pottery,ritual and belief;shelter,"Brazilian archaeologists (Alceu Ranzi, Denise Schaan; Jennifer Watling et al., 2017)",,Indigenous-community,open-access excavation reports;Wikimedia Commons,R3,F1.22,medium,Revealed by deforestation for cattle ranching (F1.22).
ARC219,Sambaqui,Sambaquis; shell-mound builders,archaeological-culture,People,F1.7,AM-AMZ,-6000,1000,c. 6000 BCE–1000 CE (Brazilian Atlantic coast),"Coastal fisher-gatherers built shell mounds tens of metres high as cemeteries and landmarks, and polished stone animal sculptures (zooliths).",shell-mound construction; stone polishing; bone working,shell mounds; zooliths; bone tools,ritual and belief;food and storage,Tupi-derived name ('mound of shells'); Brazilian archaeologists,,funerary;Indigenous-community,Wikimedia Commons;open-access excavation reports,R3,,medium,"Lowland South America, outside Amazonia proper; code AM-AMZ used as nearest region. Many mounds destroyed for lime."
ARC220,Tupiguarani tradition,Tupi-Guarani ceramic tradition,archaeological-culture,People,F1.7,AM-AMZ,500,1600,c. 500–1600 CE (dates vary; earlier in Amazonia),"Potters made red-and-black painted and corrugated vessels, including large burial urns, across eastern South America.",painted and corrugated pottery; urn burial,vessels; burial urns,food and storage;ritual and belief,"PRONAPA (Brazilian national archaeology programme, 1960s–70s)",,Indigenous-community;living-community;funerary,open-access excavation reports;Wikimedia Commons,R3,,medium,"Linked (with care) to Tupi-Guarani-speaking peoples, who are living communities."
ARC221,Australian Core Tool and Scraper tradition,,archaeological-culture,People,F1.12,OC-AUS,-50000,-3000,"from first occupation (c. 50,000+ years ago) to the mid-Holocene; loosely defined","A broad label for early Australian stone toolkits of cores, scrapers and, in the north, some of the world's oldest ground-edge axes.","core reduction; edge-grinding (northern Australia, c. 45,000+ years)",scrapers; core tools; ground-edge axes,tools,Rhys Jones and Jim Bowler (1970s),,Indigenous-community;ancestral,open-access excavation reports;Museums Victoria Collections (CC BY / public domain),R3,,medium,Stone-tool tradition; old taxonomic term now used loosely. Aboriginal custodians must be consulted.
ARC222,Australian Small Tool tradition,,archaeological-culture,People,F1.12,OC-AUS,-3000,1800,c. 5000 years ago to the colonial period,"Mid-Holocene Aboriginal toolmakers produced small backed points, pirri points and adze slugs for hafted tools.",backing; pressure flaking; hafting with resin,backed points; pirri points; tula adzes,tools,Australian archaeologists (1960s–70s),,Indigenous-community;ancestral;living-community,open-access excavation reports;Museums Victoria Collections (CC BY / public domain),R3,,medium,Stone-tool tradition. Living knowledge holders. Verify who coined the term.
ARC223,Gwion Gwion,Bradshaw paintings (colonial name),archaeological-culture,People,F1.12,OC-AUS,-10700,-9500,"c. 12,700–11,500 years ago from mud-wasp-nest dating (Finch et al. 2020); older claims made","A rock-painting tradition of the Kimberley showing finely painted figures with tassels, sashes and headdresses.",rock painting with mineral pigments,rock paintings,ritual and belief;clothing and adornment,Ngarinyin and other Kimberley Traditional Owners (Gwion Gwion); pastoralist Joseph Bradshaw's name (1891),,Indigenous-community;sacred;ancestral;living-community,community-published site;open-access excavation reports,R3,F1.26;F1.16,medium,"Rock-art tradition, not a society. Use 'Gwion Gwion'; images only if community-published."
ARC224,Lapita,Lapita cultural complex,archaeological-culture,People,F1.12,OC-MEL;OC-POL,-1350,-500,c. 1350–500 BCE (Bismarck Archipelago to Tonga and Samoa),Lapita potters made dentate-stamped pottery with face and geometric designs as their communities settled Remote Oceania for the first time.,dentate-stamped pottery; obsidian exchange; shell adze and ornament making; outrigger voyaging,stamped pots; shell rings; obsidian flakes,food and storage;ritual and belief;transport;exchange and value,"Named after site 13 at Lapita, New Caledonia (E. W. Gifford and R. Shutler, 1952)",,Indigenous-community;ancestral,Wikimedia Commons;open-access excavation reports;Auckland Museum Collections Online (CC BY),R1,F1.13;F1.15,high,Existing in project. Teouma (Vanuatu) cemetery: funerary.
ARC225,Polynesian Plainware,Late Lapita plainware,archaeological-culture,People,F1.12,OC-POL,-800,400,"c. 800 BCE–400 CE (Tonga, Samoa)",Undecorated pottery that followed Lapita in western Polynesia before pottery-making ceased.,plain pottery,bowls; jars,food and storage,archaeologists,,Indigenous-community,open-access excavation reports,R3,,medium,
ARC226,Ancestral Polynesian culture,Ancestral Polynesian Society,archaeological-culture,People,F1.12,OC-POL,-800,300,c. 800 BCE–300 CE? (Tonga–Samoa homeland),"A reconstructed culture in western Polynesia whose adzes, fishhooks and words for crafts are traced by archaeology and language.",adze making; fishhook making; barkcloth (inferred),adzes; fishhooks,tools;food and storage;clothing and adornment,Patrick Kirch and Roger Green (2001),,Indigenous-community;ancestral,open-access excavation reports,R3,,medium,Partly reconstructed from comparative linguistics.
ARC227,Archaic East Polynesian,,archaeological-culture,People,F1.12,OC-POL,1000,1450,"c. 1000–1450 CE (Society Islands to Aotearoa, Hawaiʻi and Rapa Nui)","Settlers of eastern Polynesia made tanged adzes, one-piece fishhooks and whale-tooth ornaments during the last great voyaging settlement.",adze grinding; bone and shell fishhooks; whale-ivory carving,tanged adzes; fishhooks; reel necklaces,tools;food and storage;clothing and adornment;transport,archaeologists,,Indigenous-community;ancestral,Te Papa Collections Online (CC BY where marked);Auckland Museum Collections Online (CC BY);open-access excavation reports,R3,,medium,Aotearoa's 'Archaic' phase once called 'Moa-hunter'.
ARC228,Pre-Latte,,archaeological-culture,People,F1.12,OC-MIC,-1500,900,c. 1500 BCE–900 CE (Mariana Islands),The earliest settlers of remote Micronesia made red-slipped pottery with lime-filled stamped designs.,red-slipped and lime-infilled pottery; shell ornament,pottery; shell beads,food and storage;clothing and adornment,archaeologists,,Indigenous-community;ancestral,open-access excavation reports,R3,,medium,The Marianas crossing (c. 1500 BCE) was among the longest early ocean voyages.
ARC229,Latte,Latte period,archaeological-culture,People,F1.12,OC-MIC,900,1700,c. 900–1700 CE (Mariana Islands),CHamoru ancestors raised stone pillars and capstones (latte) as house foundations.,"megalith quarrying (limestone, basalt); pottery",latte stones; pottery; sling stones,shelter;rule and display,archaeologists,,Indigenous-community;ancestral;living-community,Wikimedia Commons;open-access excavation reports;community-published site,R2,F1.26,high,Latte stone is a living CHamoru symbol; consult CHamoru organisations.
ARC230,Nan Madol (Saudeleur),Saudeleur period,archaeological-culture,People,F1.12,OC-MIC,1180,1628,c. 1180–1628 CE (Pohnpei); construction began earlier,Builders stacked columnar basalt into nearly a hundred artificial islets for a ceremonial and royal centre.,columnar basalt stacking; coral fill,islets; walls; tombs,rule and display;ritual and belief;shelter,archaeologists,,Indigenous-community;sacred;ancestral;funerary,Wikimedia Commons;UNESCO World Heritage listing (link out),R3,,medium,UNESCO (2016). Pohnpeian community consultation.
HOR001,Early Horizon,Chavín horizon,horizon,Time,F1.7,AM-AND,-900,-200,c. 900–200 BCE in John Rowe's Ica-based scheme,"A period when Chavín-related imagery in stone, textile, ceramic and gold spread widely across the Andes.",stone carving; painted textiles; gold sheet work; stirrup-spout ceramics,carved slabs; painted cloths; gold crowns,ritual and belief;rule and display,"John H. Rowe and Dorothy Menzel (1960s), Ica valley master sequence",,Indigenous-community,Met Open Access (CC0);Wikimedia Commons;PeriodO,R3,F1.30,high,Rowe's horizons alternate with 'Intermediate Periods'; routes from CIV Chavín.
HOR002,Middle Horizon,Wari–Tiwanaku horizon,horizon,Time,F1.7,AM-AND,600,1000,c. 600–1000 CE,"A period when Wari and Tiwanaku imagery, tapestry and ceramics spread across much of the Andes.",interlocking tapestry; polychrome ceramics; planned architecture,tunics; keros; face-neck jars,rule and display;clothing and adornment;ritual and belief,John H. Rowe (1960s),,Indigenous-community;funerary,Met Open Access (CC0);Cleveland Museum of Art Open Access (CC0);Art Institute of Chicago (CC0);Wikimedia Commons;PeriodO,R2,F1.30,high,"Existing in project. Members: CIV Wari, CIV Tiwanaku."
HOR003,Late Horizon,Inca horizon,horizon,Time,F1.7,AM-AND,1476,1534,c. 1476–1534 in the Ica valley (Inca conquest to Spanish invasion),"The period of Inca imperial rule, when state tapestry, aryballos jars and road-building were imposed across the Andes.",qompi tapestry; fitted masonry; khipu,tunics; aryballos; khipu,rule and display;record and writing;transport,John H. Rowe (1960s),,Indigenous-community,Met Open Access (CC0);Cleveland Museum of Art Open Access (CC0);Wikimedia Commons;PeriodO,R3,F1.30,high,Dates are Ica-specific; Inca expansion began earlier elsewhere.
HOR004,Olmec horizon,Early Formative 'Olmec style' horizon; San Lorenzo horizon,horizon,Time,F1.7,AM-MES,-1200,-500,c. 1200–500 BCE; phases debated,"A period when Olmec-style motifs on ceramics, jade and figurines appear across Mesoamerica from Guerrero to El Salvador.",carved and incised ceramics; jade working,incised bowls; figurines; jade celts,ritual and belief;exchange and value,Mesoamericanists (Kent Flannery; Michael Coe) in the 'mother culture' vs 'sister cultures' debate,,Indigenous-community,Met Open Access (CC0);Cleveland Museum of Art Open Access (CC0);Wikimedia Commons;PeriodO,R3,F1.30,medium,Contested: shared style may reflect exchange rather than Olmec dominance.
HOR005,Mixteca-Puebla horizon,Mixteca-Puebla style; International Style,horizon,Time,F1.7,AM-MES,1200,1521,c. 1200–1521 CE,"A shared Postclassic painting style on codices, polychrome ceramics and murals across Mesoamerica.",codex painting; polychrome ceramics; mural painting,codices; polychrome vessels; murals,record and writing;ritual and belief;exchange and value,"George Vaillant (1940s); later 'Postclassic International Style' (Robertson, Boone)",,Indigenous-community,Met Open Access (CC0);Wikimedia Commons;PeriodO,R3,F1.30,medium,
HOR006,Hopewell Interaction Sphere,,horizon,Time,F1.7,AM-EWD,-100,500,c. 100 BCE–500 CE,"A network through which obsidian, mica, copper, shells and shark teeth moved across eastern North America into Hopewell ritual objects.",long-distance exchange; mica cutting; copper hammering,mica cut-outs; copper plates; obsidian bifaces,exchange and value;ritual and belief,Joseph Caldwell (1964),,Indigenous-community;funerary;ancestral,Smithsonian Open Access (CC0);Wikimedia Commons;open-access excavation reports,R3,F1.30,high,An interaction sphere rather than a horizon in the strict sense; also a candidate for the Networks family.
HOR007,Mississippian Ideological Interaction Sphere,Southeastern Ceremonial Complex (SECC),horizon,Time,F1.7,AM-EWD,1200,1650,c. 1200–1650 CE,"A shared iconography on shell, copper and pottery (falcon dancers, forked eyes) across Mississippian towns.",shell engraving; copper repoussé,gorgets; copper plates; engraved cups,ritual and belief;rule and display,"Antonio Waring and Preston Holder (1945, 'Southern Cult'); renamed SECC and MIIS",,Indigenous-community;sacred;funerary,Smithsonian Open Access (CC0);Wikimedia Commons,R3,F1.30,medium,Interaction sphere; iconography sacred to descendant nations.
HOR008,Chaco regional system,Chaco phenomenon,horizon,Time,F1.7,AM-WST,850,1150,c. 850–1150 CE,"A network of great houses and roads centred on Chaco Canyon through which turquoise, macaws and cacao were exchanged.",masonry; road building; turquoise working,great houses; roads; turquoise; cylinder jars,ritual and belief;exchange and value;transport,Archaeologists (1970s–),,Indigenous-community;ancestral;sacred,Smithsonian Open Access (CC0);Wikimedia Commons;UNESCO World Heritage listing (link out),R3,F1.30,medium,Regional system rather than strict horizon; Pueblo nations are descendants.
HOR009,Amazonian Polychrome Tradition,Guarita,horizon,Time,F1.7,AM-AMZ,400,1600,c. 400–1600 CE (earlier in lower Amazon),"A widespread Amazonian tradition of red-and-black-on-white painted pottery, including large burial urns.",polychrome pottery; urn burial,urns; bowls,ritual and belief;food and storage,Donald Lathrap and later Amazonian archaeologists,,Indigenous-community;funerary,open-access excavation reports;Wikimedia Commons,R3,F1.30,medium,A pottery tradition spanning many groups; treat as horizon.
HOR010,Uruk expansion,Uruk phenomenon; Uruk world system,horizon,Time,F1.9a,WA-MES;WA-ANA;WA-IRN;WA-LEV,-3700,-3100,c. 3700–3100 BCE (Late Uruk),"Uruk-style colonies and bevelled-rim bowls appeared from Anatolia to Iran, carrying accounting and craft practices.",mould-made pottery; cylinder seals; accounting tokens,bevelled-rim bowls; bullae; seals,exchange and value;record and writing,"Guillermo Algaze ('The Uruk World System', 1993)",,none,open-access excavation reports;Wikimedia Commons;PeriodO,R3,F1.30,high,Colonial/world-system model debated.
HOR011,Bell Beaker phenomenon,Bell Beaker culture; Beaker folk (obsolete),horizon,Time,F1.11;F1.6,EU-WCE;EU-IBE;EU-BLC;EU-SCA;EU-EER;AF-MAG,-2800,-1800,c. 2800–1800 BCE,"A widespread package of bell-shaped beakers, copper daggers, archer's wrist-guards and V-perforated buttons across Europe and northwest Africa.",pottery; copper and gold working; stone wrist-guards,beakers; wrist-guards; daggers; gold ornaments,ritual and belief;clothing and adornment;war,John Abercromby (1904); 'phenomenon' framing from the 1970s,,funerary,Portable Antiquities Scheme (CC BY);Archaeology Data Service (open reports);Wikimedia Commons;Europeana (filter by rights),R2,F1.30,high,Also an ARC in some schemes; ancient DNA shows different population histories in Iberia and Britain.
HOR012,Longshan horizon,Longshanoid horizon; Longshan interaction sphere,horizon,Time,F1.8,AS-CHN,-3000,-1900,c. 3000–1900 BCE,A proposed horizon of shared ceramic forms and rising elite craft across regional Chinese Neolithic cultures.,wheel-thrown pottery; jade working,black pottery; jades,exchange and value;rule and display,Kwang-chih Chang (1960s–80s); 'Chinese interaction sphere' (1986),,none,Wikimedia Commons;PeriodO,R3,F1.30,medium,"Framework, not a single culture; routes to ARC Longshan, Liangzhu, Dawenkou."
HOR013,Lapita horizon,,horizon,Time,F1.12,OC-MEL;OC-POL,-1350,-500,c. 1350–500 BCE,Dentate-stamped Lapita pottery marks a rapid horizon of settlement across Near and Remote Oceania.,dentate-stamped pottery; voyaging,stamped pots; shell ornaments,transport;food and storage;ritual and belief,archaeologists,,Indigenous-community;ancestral,Wikimedia Commons;open-access excavation reports;Auckland Museum Collections Online (CC BY),R3,F1.30,high,Same phenomenon as ARC Lapita (existing); keep as horizon view for F1.30 or merge.
HOR014,Austronesian expansion,Austronesian dispersal,horizon,Time,F1.9;F1.12;F1.6,AS-ISE;AS-MSE;AS-CHN;OC-MEL;OC-MIC;OC-POL;AF-MAD,-3000,1250,c. 3000 BCE (Taiwan) to c. 1250 CE (Aotearoa); Madagascar c. 500–900 CE,"The spread of Austronesian-speaking voyagers carrying outrigger canoes, barkcloth, pottery and crops from Taiwan to Madagascar and Rapa Nui.",outrigger canoe building; barkcloth; pottery; tattooing,canoes; beaters; adzes; pots,transport;clothing and adornment;food and storage,Linguists and archaeologists (Robert Blust; Peter Bellwood's 'Out of Taiwan' model),,Indigenous-community;ancestral;living-community,open-access excavation reports;Wikimedia Commons;Auckland Museum Collections Online (CC BY);Te Papa Collections Online (CC BY where marked),R3,F1.13;F1.30,medium,"A language dispersal, not a culture or horizon strictly; the 'Out of Taiwan' model is debated."
HOR015,Sa Huỳnh–Kalanay interaction sphere,,horizon,Time,F1.9,AS-MSE;AS-ISE,-500,500,c. 500 BCE–500 CE,A proposed South China Sea network through which pottery styles and nephrite lingling-o ornaments circulated.,pottery; nephrite working,pottery; lingling-o earrings,exchange and value;clothing and adornment,Wilhelm Solheim (1950s–60s),,none,open-access excavation reports,R3,F1.30,medium,Solheim's pottery-complex framing is contested; nephrite sourcing (Taiwan) supports exchange.
HOR016,Bantu-speaking expansions,Bantu expansion; Early Iron Age dispersal,horizon,Time,F1.6,AF-CEN;AF-SWA;AF-SOU;AF-GUI,-2000,1000,c. 2000 BCE–1000 CE (from the Cameroon–Nigeria borderlands),"The spread of Bantu languages, farming, pottery traditions and iron working across central, eastern and southern Africa.",iron smelting; pottery; farming,pottery; furnaces,tools;food and storage,Linguists (Joseph Greenberg; Malcolm Guthrie) and archaeologists (David Phillipson),,living-community,open-access excavation reports;Wikimedia Commons,R3,F1.13;F1.30,medium,"Language, genes and pottery do not map one-to-one; avoid 'migration of a people' shorthand."
HOR017,Scytho-Siberian horizon,Scytho-Siberian world; animal style,horizon,Time,F1.12a,AS-CEN;AS-NTH;EU-EER,-900,-200,c. 9th–3rd century BCE,"A shared package of 'animal style' ornament, weapons and horse gear across the Eurasian steppe from the Black Sea to Mongolia.",bronze and gold casting; felt; horse equipment,plaques; akinakes daggers; bridle fittings,clothing and adornment;war;transport,archaeologists,,funerary,Met Open Access (CC0);Wikimedia Commons,R3,F1.30,medium,"Includes Scythian, Saka, Pazyryk, Tagar, Arzhan."
