qid,label_en,description_en,inception,end,inception_year,end_year,country,influenced_by,aat_id,enwiki,wd_classes
Q128115,abstract art,art with a degree of independence from visual references in the world,,,,,,,300417511,https://en.wikipedia.org/wiki/Abstract_art,Q968159 art movement; Q1792644 art style
Q131221,Futurism,artistic and social movement,1909-01-01T00:00:00Z,,1909,,Poland; Italy; Russia,Q42934,300021374,https://en.wikipedia.org/wiki/Futurism,Q968159 art movement
Q128758,satire,literary and art genre with a style of humor based on parody,,,,,,,300251297,https://en.wikipedia.org/wiki/Satire,Q968159 art movement
Q113013,postmodern literature,literary form and movement of the twentieth century,,,,,,,,https://en.wikipedia.org/wiki/Postmodern_literature,Q968159 art movement
Q124354,Bauhaus,school in Germany that combined crafts and the fine arts,1919-01-01T00:00:00Z,1933-01-01T00:00:00Z,1919,1933,Germany,Q207445; Q160438,300021432,https://en.wikipedia.org/wiki/Bauhaus,Q968159 art movement; Q32880 architectural style
Q102932,avant-garde,works that are experimental or innovative,,,,,,,300055775,https://en.wikipedia.org/wiki/Avant-garde,Q968159 art movement
Q108908,Fluxus,"international network of artists, composers and designers",1960-01-01T00:00:00Z,1970-01-01T00:00:00Z,1960,1970,,Q180727; Q5912,300022168,https://en.wikipedia.org/wiki/Fluxus,Q968159 art movement
Q10892861,Gong'an school,Chinese literature movement in Late Ming dynasty,,,,,Ming dynasty,,,https://en.wikipedia.org/wiki/Gong%27an_school,Q968159 art movement
Q11046779,Shanyaotan School,Chinese literary movement,,,,,,,,https://en.wikipedia.org/wiki/Shanyaotan_School,Q968159 art movement
Q11050078,Lingnan School,style of Chinese painting,1900-01-01T00:00:00Z,,1900,,China,,,https://en.wikipedia.org/wiki/Lingnan_School,Q968159 art movement
Q11082779,Shinkankakuha,Japanese literary group,,,,,Empire of Japan,,,https://en.wikipedia.org/wiki/Shinkankakuha,Q968159 art movement
Q11087750,Four Masters of the Ming Dynasty,group of four famous Chinese painters of the Ming dynasty,,,,,Ming dynasty,,,https://en.wikipedia.org/wiki/Four_Masters_of_the_Ming_dynasty,Q968159 art movement
Q11231120,Mavo,Art movement in Japan,,,,,,,,https://en.wikipedia.org/wiki/Mavo,Q968159 art movement
Q11324646,New Wave,movement of manga artists and critics in the late 1970s and early 1980s,1979-01-01T00:00:00Z,,1979,,Japan,,,https://en.wikipedia.org/wiki/New_Wave_(manga),Q968159 art movement
Q11324971,New York Dada,"Dada Art Movement activities in New York City, circa 1913-1923",,,,,United States,,,https://en.wikipedia.org/wiki/New_York_Dada,Q968159 art movement
Q11394770,Maruyama school,,,,,,,,,https://en.wikipedia.org/wiki/Maruyama_school,Q968159 art movement
Q1092461,Cinema of Transgression,underground film movement,1980-01-01T00:00:00Z,,1980,,United States,,,https://en.wikipedia.org/wiki/Cinema_of_Transgression,Q968159 art movement
Q1093903,hermeticism,literary movement in poetry started in Italy,,,,,,,,https://en.wikipedia.org/wiki/Hermeticism_(poetry),Q968159 art movement
Q1122677,Catalan modernism,architectural and artistic movement originating in late-19th-century Catalonia,1888-01-01T00:00:00Z,1911-01-01T00:00:00Z,1888,1911,Spain,,300312268,https://en.wikipedia.org/wiki/Modernisme,Q968159 art movement
Q1125039,Post-romanticism,cultural movement,,,,,,,,https://en.wikipedia.org/wiki/Post-romanticism,Q968159 art movement
Q1126248,Generation of '98,literary movement in Spain at the time of the Spanish–American War,,,,,Spain,,,https://en.wikipedia.org/wiki/Generation_of_%2798,Q968159 art movement
Q1131640,fantasy coffin,figurative coffins from Ghana,1950-01-01T00:00:00Z,,1950,,Ghana,,,https://en.wikipedia.org/wiki/Fantasy_coffin,Q968159 art movement
Q1054333,Centro de Arte y Comunicación,Argentine art organization and conceptual art movement,1968-08-01T00:00:00Z,,1968,,Argentina,,,https://en.wikipedia.org/wiki/Centro_de_Arte_y_Comunicaci%C3%B3n,Q968159 art movement
Q1055886,Forlivese school of art,renaissance artistic school,,,,,,,,https://en.wikipedia.org/wiki/Forlivese_school_of_art,Q968159 art movement; Q1792644 art style
Q1066218,Ottonian art,art style in Germany under the Ottonian emperors,1000-01-01T00:00:00Z,,1000,,Holy Roman Empire,Q614082; Q429811; Q211884,300020766,https://en.wikipedia.org/wiki/Ottonian_art,Q968159 art movement; Q1792644 art style
Q1069681,Chen-style t'ai chi ch'uan,Chinese martial art created by the Chen family,,,,,,,,https://en.wikipedia.org/wiki/Chen-style_tai_chi,Q968159 art movement
Q1086353,Section d'Or,art group,1911-01-01T00:00:00Z,1914-01-01T00:00:00Z,1911,1914,,,,https://en.wikipedia.org/wiki/Section_d%27Or,Q968159 art movement
Q1092442,Cinema Novo,Brazilian film movement,1960-01-01T00:00:00Z,1971-01-01T00:00:00Z,1960,1971,Brazil,,,https://en.wikipedia.org/wiki/Cinema_Novo,Q968159 art movement
Q11397812,Zen'ei shashin,Japanese avant-garde photography movement (late 1930s),,,,,Japan,,,https://en.wikipedia.org/wiki/Zen%27ei_shashin,Q968159 art movement
Q11411984,Taiwanese New Wave,film movement,,,,,Taiwan,,,https://en.wikipedia.org/wiki/Taiwan_New_Cinema,Q968159 art movement
Q11420301,uchiwa-e,"Japanese art genre, consisting of woodblock prints for hand fans",,,,,Japan,,,https://en.wikipedia.org/wiki/Uchiwa-e,Q968159 art movement
Q11503992,Shinkō shashin,Japanese photographic movement (1930s–1940s),1930-01-01T00:00:00Z,,1930,,Japan,Q160218; Q39427,,https://en.wikipedia.org/wiki/Shink%C5%8D_shashin,Q968159 art movement
Q11761891,Byzantine literature of the Laskaris and Palaiologos periods,"final period of Byzantine literature, from 1204 to 1453",,,,,Byzantine Empire,,,https://en.wikipedia.org/wiki/Byzantine_literature_of_the_Laskaris_and_Palaiologos_periods,Q968159 art movement
Q11761894,Byzantine literature of the Heraclian dynasty,byzantine literature from 610 to 717 under the Heraclian dynasty,,,,,Byzantine Empire,,,https://en.wikipedia.org/wiki/Byzantine_literature_of_the_Heraclian_dynasty,Q968159 art movement
Q11761892,Byzantine literature of the Justinian era,,,,,,Byzantine Empire,,,https://en.wikipedia.org/wiki/Byzantine_literature_of_the_Justinian_era,Q968159 art movement
Q11811815,New Sculpture,movement in late 19th-century British sculpture,,,,,United Kingdom,,300021223,https://en.wikipedia.org/wiki/New_Sculpture,Q968159 art movement
Q12094730,Genoese school,Italian art movement,,,,,,,,https://en.wikipedia.org/wiki/Genoese_School_(painting),Q968159 art movement
Q10336205,neo-concrete movement,art movement in Brazil,1950-01-01T00:00:00Z,,1950,,Brazil,Q10822316; Q692924; Q272021; Q234449; Q154448; Q123637; Q2844,,https://en.wikipedia.org/wiki/Neo-Concrete_Movement,Q968159 art movement
Q10336318,neo-primitivism,Russian art movement,1913-01-01T00:00:00Z,,1913,,Russian Empire,Q982897; Q131221; Q42934; Q35548,,https://en.wikipedia.org/wiki/Neo-primitivism,Q968159 art movement
Q10349903,symbolist painting,19th-century cultural movement,,,,,,,,https://en.wikipedia.org/wiki/Symbolist_painting,Q968159 art movement
Q10354305,Tongcheng school,,,,,,Chinese Empire,,,https://en.wikipedia.org/wiki/Tongcheng_school,Q968159 art movement
Q10356072,queer art,art genre or movement,,,,,,,,https://en.wikipedia.org/wiki/Queer_art,Q968159 art movement
Q10389097,vanguarda paulista,music genre,,,,,Brazil,,,https://en.wikipedia.org/wiki/Vanguarda_Paulista,Q968159 art movement
Q1132127,hip hop culture,"culture including hip hop music, turntablism, breakdancing and graffiti",1970-01-01T00:00:00Z,,1970,,,,300266490,https://en.wikipedia.org/wiki/Hip-hop_culture,Q968159 art movement
Q1132537,Old Comedy,earliest period of ancient Greek comedic drama,,,,,,,,https://en.wikipedia.org/wiki/Old_Comedy,Q968159 art movement
Q1133329,Young Poland,1890–1918 modernist arts movement in Poland,1890-01-01T00:00:00Z,1918-01-01T00:00:00Z,1890,1918,Poland,Q735828,300266311,https://en.wikipedia.org/wiki/Young_Poland,Q968159 art movement
Q1136545,Costumbrismo,art movement,,,,,,,,https://en.wikipedia.org/wiki/Costumbrismo,Q968159 art movement
Q1140487,Précieuses,art movement in literature,,,,,Kingdom of France,,,https://en.wikipedia.org/wiki/Pr%C3%A9cieuses,Q968159 art movement
Q1141441,Polish School of Posters,art movement,,,,,Poland,,,https://en.wikipedia.org/wiki/Polish_School_of_Posters,Q968159 art movement
Q1141679,The Movement,English literary movement of the 1950s,,,,,,,,https://en.wikipedia.org/wiki/The_Movement_(literature),Q968159 art movement
Q1141686,Galante music,music genre,1720-01-01T00:00:00Z,,1720,,Europe,,,https://en.wikipedia.org/wiki/Galant_music,Q968159 art movement
Q1142000,Southern School,school of Chinese painting,,,,,,,300106501,https://en.wikipedia.org/wiki/Southern_School,Q968159 art movement
Q120882895,Sikh painting,Indian pictorial art from Punjab region,,,,,,,,https://en.wikipedia.org/wiki/Sikh_painting,Q968159 art movement
Q122978289,Moscow School (Old Russian art),Old Russian art school,1400-01-01T00:00:00Z,,1400,,Kievan Rus',,,https://en.wikipedia.org/wiki/Moscow_school,Q968159 art movement
Q123488445,analog revival,period in synthesizer history,,,,,,,,https://en.wikipedia.org/wiki/Analog_revival,Q968159 art movement
Q124424735,Belarusian icon-painting school of the 16th–18th centuries,Icon-painting school,,,,,,,,https://en.wikipedia.org/wiki/Belarusian_icon-painting_school_of_the_16th%E2%80%9318th_centuries,Q968159 art movement
Q124714176,Indian Space Painters,American modernist painting style,,,,,,,,https://en.wikipedia.org/wiki/Indian_Space_Painters,Q968159 art movement
Q125885198,Yefremov School,"movement of Soviet science fiction, 1970s to 1990s",1973-01-01T00:00:00Z,1990-01-01T00:00:00Z,1973,1990,Soviet Union,,,https://en.wikipedia.org/wiki/Yefremov_School,Q968159 art movement
Q126894865,Galician school (architecture),Medieval architectural style,,,,,,,,https://en.wikipedia.org/wiki/Galician_school_(architecture),Q968159 art movement; Q32880 architectural style
Q127220608,New Chinese style,Chinese art movement and style,,,,,,,,https://en.wikipedia.org/wiki/Neo-Chinese_style,Q968159 art movement; Q1792644 art style
Q130660185,New Partisans,1980s Yugoslav music movement,,,,,,,,https://en.wikipedia.org/wiki/New_Partisans,Q968159 art movement
Q131411965,socialist realism in film,,,,,,,,,https://en.wikipedia.org/wiki/Socialist_realism_in_film,Q968159 art movement
Q131561993,Palestinian landscape painting,,,,,,Palestine,,,https://en.wikipedia.org/wiki/Palestinian_landscape_painting,Q968159 art movement
Q131561996,Palestinian abstract art,,,,,,Palestine,,,https://en.wikipedia.org/wiki/Palestinian_abstract_art,Q968159 art movement
Q131673464,Golden Age of Argentine cinema,period of Argentine cinema with the greatest industrial development and international presence (circa 1930s–1950s),1933-01-01T00:00:00Z,1956-01-01T00:00:00Z,1933,1956,Argentina,,,https://en.wikipedia.org/wiki/Golden_Age_of_Argentine_cinema,Q968159 art movement
Q132544718,Third British Invasion,music cultural movement,,,,,,,,https://en.wikipedia.org/wiki/Third_British_Invasion,Q968159 art movement
Q131425,visual kei,"movement among Japanese musicians defined by a strong focus on visual expression through outrageous costumes, makeup, and hairstyles",1984-01-01T00:00:00Z,,1984,,Japan,Q3840596; Q1785028; Q1123745; Q1055871; Q188539; Q76092,,https://en.wikipedia.org/wiki/Visual_kei,Q968159 art movement
Q131711,kitsch,art or other objects that appeal to popular rather than high art tastes,,,,,,,300056181,https://en.wikipedia.org/wiki/Kitsch,Q968159 art movement
Q131808,Mannerism,style of European art,1525-01-01T00:00:00Z,1600-01-01T00:00:00Z,1525,1600,,,300021144,https://en.wikipedia.org/wiki/Mannerism,Q968159 art movement; Q32880 architectural style; Q1792644 art style
Q1000039,Akita ranga,school of painting within the larger Japanese genre of ranga,,,,,Japan,,300018649,https://en.wikipedia.org/wiki/Akita_ranga,Q968159 art movement
Q1032112,Tabriz carpet,style of Persian carpet,,,,,Iran,,300245512,https://en.wikipedia.org/wiki/Tabriz_rug,Q968159 art movement
Q1038280,Romanism,art movement,,,,,,,,https://en.wikipedia.org/wiki/Romanism_(painting),Q968159 art movement
Q1046838,new wave of American heavy metal,heavy metal music movement,1995-01-01T00:00:00Z,,1995,,United States,,,https://en.wikipedia.org/wiki/New_wave_of_American_heavy_metal,Q968159 art movement
Q1054254,Informalism,"art movement in Europe, parallel to abstract expressionism",1940-01-01T00:00:00Z,,1940,,,,300022176,https://en.wikipedia.org/wiki/Informalism,Q968159 art movement
Q10500385,Huajian Faction,,,,,,,,,https://en.wikipedia.org/wiki/Huajian_Faction,Q968159 art movement
Q10516501,Halmstadgruppen,Swedish artist group active in early to mid-20th century,1929-01-01T00:00:00Z,,1929,,Sweden,,,https://en.wikipedia.org/wiki/Halmstadgruppen,Q968159 art movement
Q10525224,genbun itchi,unification of the written and spoken forms of Japanese language,,,,,Japan,,,https://en.wikipedia.org/wiki/Genbun_itchi,Q968159 art movement
Q10822316,concrete art,art movement,,,,,,,300021436,https://en.wikipedia.org/wiki/Concrete_art,Q968159 art movement
Q10857409,realism,artistic style of representing subjects realistically,,,,,,,300056550,https://en.wikipedia.org/wiki/Realism_(arts),Q968159 art movement; Q32880 architectural style; Q1792644 art style
Q113841190,Techspressionism,genre of art,,,,,,,,https://en.wikipedia.org/wiki/Techspressionism,Q968159 art movement
Q116212749,Northeast Renaissance,"Contemporary Chinese literature, art movement",,,,,People's Republic of China,,,https://en.wikipedia.org/wiki/Dongbei_renaissance,Q968159 art movement
Q118448561,sand bottle,art of colored sands pressed into glass containers,,,,,,,,https://en.wikipedia.org/wiki/Sand_bottle,Q968159 art movement
Q1147263,lyrical abstraction,art movement,1940-01-01T00:00:00Z,,1940,,,,300056510,https://en.wikipedia.org/wiki/Lyrical_abstraction,Q968159 art movement
Q1149943,Cecilian Movement,movement for church music reform,1900-01-01T00:00:00Z,,1900,,,,,https://en.wikipedia.org/wiki/Cecilian_Movement,Q968159 art movement
Q1150941,Zhe school,"painters of Southern School, which thrived during Ming dynasty of China",,,,,,,,https://en.wikipedia.org/wiki/Zhe_school_(painting),Q968159 art movement
Q1152966,Ofakim Hadashim,group of artists from Israel,1948-01-01T00:00:00Z,1963-01-01T00:00:00Z,1948,1963,Israel,,,https://en.wikipedia.org/wiki/Ofakim_Hadashim,Q968159 art movement
Q1159870,Luminism,late-impressionist or neo-impressionist style in painting,,,,,,,300411669,https://en.wikipedia.org/wiki/Luminism_(Impressionism),Q968159 art movement
Q1159897,cosmicism,literary philosophy,,,,,,,,https://en.wikipedia.org/wiki/Cosmicism,Q968159 art movement
Q1162237,The First Generation of Postwar Writers,overview about The First Generation of Postwar Writers,,,,,Japan,,,https://en.wikipedia.org/wiki/The_First_Generation_of_Postwar_Writers,Q968159 art movement
Q1164982,Color Field,"art movement emerging in New York during the 1940s, using large fields of flat, solid color, with less emphasis on brushstrokes",1940-01-01T00:00:00Z,,1940,,United States,,300022120,https://en.wikipedia.org/wiki/Color_field,Q968159 art movement
Q1165363,Félibrige,association to promote Occitan language,1854-05-21T00:00:00Z,,1854,,France,,,https://en.wikipedia.org/wiki/F%C3%A9librige,Q968159 art movement
Q1190485,post-disco,group of music genres; music movement,1978-01-01T00:00:00Z,,1978,,Canada; United States; Europe,,,https://en.wikipedia.org/wiki/Post-disco,Q968159 art movement
Q1196170,musical nationalism,"use of musical ideas or motifs that are identified with a specific country, region, or ethnicity",,,,,,Q3570024; Q235858,,https://en.wikipedia.org/wiki/Musical_nationalism,Q968159 art movement
Q1217862,Die anderen Bands,alternative musical groups during the 1980s in the GDR,,,,,East Germany,,,https://en.wikipedia.org/wiki/Die_anderen_Bands,Q968159 art movement
Q1232633,Hague School,artistic movement,1860-01-01T00:00:00Z,1890-01-01T00:00:00Z,1860,1890,Netherlands,,,https://en.wikipedia.org/wiki/Hague_School,Q968159 art movement
Q1246516,feminist art,art that reflects women’s lives and experiences,,,,,,,,https://en.wikipedia.org/wiki/Feminist_art,Q968159 art movement
Q1255562,Glasgow School,"art movement part of Art Nouveau in Glasgow, Scotland",1870-01-01T00:00:00Z,1910-01-01T00:00:00Z,1870,1910,,,300375728,https://en.wikipedia.org/wiki/Glasgow_School,Q968159 art movement
Q1259293,Third Cinema,cinematic movement from the late 1960s to mid 1980s in Third World regions like Latin America and Africa,1960-01-01T00:00:00Z,1980-01-01T00:00:00Z,1960,1980,,,,https://en.wikipedia.org/wiki/Third_Cinema,Q968159 art movement
Q1266300,Neue Slowenische Kunst,micronation,1984-01-01T00:00:00Z,,1984,,,,,https://en.wikipedia.org/wiki/Neue_Slowenische_Kunst,Q968159 art movement
Q1272740,Dōtanuki,Japanese school of sword smiths,,,,,Japan,,,https://en.wikipedia.org/wiki/D%C5%8Dtanuki,Q968159 art movement
Q1273221,Memphis Group,Italian design group,1981-01-01T00:00:00Z,,1981,,Italy,,,https://en.wikipedia.org/wiki/Memphis_Group,Q968159 art movement
Q1278380,food art,set of artistic practices using food as a creative material,,,,,,,,https://en.wikipedia.org/wiki/Food_art,Q968159 art movement
Q1294582,Roman School,group of music composers,,,,,,,,https://en.wikipedia.org/wiki/Roman_School_(music),Q968159 art movement
Q1294605,Jugendstil,artistic movement; German equivalent of art nouveau,,,,,German Empire,,300021313,https://en.wikipedia.org/wiki/Jugendstil,Q968159 art movement; Q32880 architectural style
Q1307909,ligne claire,drawing style,,,,,,,,https://en.wikipedia.org/wiki/Ligne_claire,Q968159 art movement; Q1792644 art style
Q1314918,Chinese nature poetry,Poems from China with the topic nature,,,,,China,,,https://en.wikipedia.org/wiki/Fields_and_Gardens_poetry,Q968159 art movement
Q12311796,Jutland Movement,group of Danish writers,,,,,,,,https://en.wikipedia.org/wiki/Jutland_Movement,Q968159 art movement
Q12357481,Socialist realism in Poland,Soviet cultural doctrine in Poland,,,,,Poland,,,https://en.wikipedia.org/wiki/Socialist_realism_in_Poland,Q968159 art movement
Q12772445,neosymbolism,artistic movement,,,,,,,,https://en.wikipedia.org/wiki/Neosymbolism,Q968159 art movement
Q13053802,Hellenizing School,early medieval school of translation,0600-01-01T00:00:00Z,0800-01-01T00:00:00Z,600,800,Ostikanate of Arminiya,,,https://en.wikipedia.org/wiki/Hellenizing_School,Q968159 art movement
Q13120426,Ravikiran Mandal,group of Marathi poets,,,,,,,,https://en.wikipedia.org/wiki/Ravikiran_Mandal,Q968159 art movement
Q104876226,American literary nationalism,literary movement in the United States in the early-to mid 19th century,,,,,,,,https://en.wikipedia.org/wiki/American_literary_nationalism,Q968159 art movement
Q106920489,American Pre-Raphaelites,19th-century US realist painting movement,,,,,,,,https://en.wikipedia.org/wiki/American_Pre-Raphaelites,Q968159 art movement
Q107418163,Codex Style,style of Ancient Maya art,,,,,,,,https://en.wikipedia.org/wiki/Codex_Style,Q968159 art movement
Q107418888,Pan-India films,term related to Indian cinema,2015-01-01T00:00:00Z,,2015,,India,,,https://en.wikipedia.org/wiki/Pan-Indian_film,Q968159 art movement
Q110300574,Empathism,"literary, artistic, philosophical and cultural movement",,,,,,,,https://en.wikipedia.org/wiki/Empathism,Q968159 art movement
Q110664392,Anti-monuments in Mexico,politically-motivated art movement,2015-01-01T00:00:00Z,,2015,,Mexico,,,https://en.wikipedia.org/wiki/Anti-monuments_in_Mexico,Q968159 art movement
Q110705435,Women's Art Movement,"Australian feminist art movement, 1970s-1980s",,,,,Australia,Q7252,,https://en.wikipedia.org/wiki/Women%27s_Art_Movement,Q968159 art movement
Q111255949,Neo-Mamluk architecture,"architectural style, art movement (1878– 1914)",,,,,Egypt; Iran; Syria; Palestine,,,https://en.wikipedia.org/wiki/Neo-Mamluk_architecture,Q968159 art movement; Q32880 architectural style
Q1021184,Poetic realism,movement in 19th-century German literature,,,,,,,,,Q968159 art movement
Q1150568,,,,,,,,,,,Q968159 art movement
Q1153335,Escuela de Vallecas,,1927-01-01T00:00:00Z,,1927,,Spain,,,,Q968159 art movement
Q1287260,Canaletto Atelier,venecian school,,,,,,,,,Q968159 art movement
Q1294149,Romanesque painting,,,,,,,,,,Q968159 art movement; Q1792644 art style
Q1310213,Mammen style,art movement of Viking Age Scandinavia,1000-01-01T00:00:00Z,1100-01-01T00:00:00Z,1000,1100,,,300021011,,Q968159 art movement
Q1323623,,,,,,,Romania,,,,Q968159 art movement
Q10100535,,,,,,,,,,,Q968159 art movement
Q10262082,,,,,,,,,,,Q968159 art movement
Q10264717,,,,,,,,,,,Q968159 art movement
Q10293901,Hardcore Continuum,music genre and movement,,,,,,,,,Q968159 art movement
Q10297081,,,,,,,,,,,Q968159 art movement; Q1792644 art style
Q10297291,,,,,,,,,,,Q968159 art movement
Q10299567,,,,,,,,,,,Q968159 art movement
Q10301970,Arcadic indianism,literary movement Brazil 18th century,,,,,Brazil,,,,Q968159 art movement
Q10303362,,,,,,,,,,,Q968159 art movement
Q10306234,,,,,,,,,,,Q968159 art movement
Q10307329,,,,,,,,,,,Q968159 art movement
Q10318954,neoclassicism,literary movement,,,,,,,,,Q968159 art movement
Q10332791,,,,,,,Brazil,,,,Q968159 art movement
Q10334000,,Brazilian musical movement,,,,,Brazil,,,,Q968159 art movement
Q10349904,Hellenistic painting,,,,,,,,,,Q968159 art movement
Q10354795,pre-modernism,Brazilian literary movement,,,,,Brazil,,,,Q968159 art movement
Q10372688,,,,,,,,,,,Q968159 art movement
Q10379023,,,,,,,Southern Song dynasty,,,,Q968159 art movement
Q10385122,,,,,,,,,,,Q968159 art movement
Q10387147,udigrudi,music genre,,,,,Brazil,,,,Q968159 art movement
Q10401752,Aemilia Ars,organization,1901-01-01T00:00:00Z,,1901,,Italy,,,,Q968159 art movement
Q10445259,,,,,,,,,,,Q968159 art movement
Q10454965,,,,,,,,,,,Q968159 art movement
Q10458503,,,,,,,,,,,Q968159 art movement
Q10458691,,,,,,,,,,,Q968159 art movement
Q10469980,,,,,,,,,,,Q968159 art movement
Q10474990,,,,,,,,,,,Q968159 art movement
Q10505360,absurdism,literary movement,,,,,,,,,Q968159 art movement
Q10508657,,,,,,,,,,,Q968159 art movement
Q10533107,,,,,,,,,,,Q968159 art movement
Q10566032,,,,,,,,,,,Q968159 art movement
Q10604324,New Wave film,group of movements in the cinema of different countries,,,,,,,,,Q968159 art movement
Q10726997,,,,,,,Sweden,,,,Q968159 art movement
Q10752545,grunge movement,musical subculture,,,,,,,,,Q968159 art movement
Q10857049,libre art,libre licenced artistic movement,,,,,,,,,Q968159 art movement
Q10898206,Four Great Calligraphers of Early Tang,,,,,,Tang dynasty,,,,Q968159 art movement
Q10917517,Tongguang Style Poetry,Chinese poetry movement,,,,,Qing dynasty,,,,Q968159 art movement
Q10924220,Late Gothic,last years of the Gothic period and style in architecture and other arts in Europe,,,,,,,300020783,,Q968159 art movement; Q32880 architectural style
Q10929050,,,,,,,,,,,Q968159 art movement
Q10943421,,,,,,,,,,,Q968159 art movement
Q10943932,,,,,,,,,,,Q968159 art movement
Q10947431,Four Calligraphers of Song,,,,,,,,,,Q968159 art movement
Q11060366,,,,,,,,,,,Q968159 art movement
Q11075003,,,,,,,,,,,Q968159 art movement
Q11134126,,,,,,,,,,,Q968159 art movement
Q11135438,Jiangxi Poetry School,literary movement,,,,,,,,,Q968159 art movement
Q11148900,,,,,,,,,,,Q968159 art movement
Q11163885,Literatura de la Onda,,1965-01-01T00:00:00Z,,1965,,,,,,Q968159 art movement
Q11328431,boom band,music movement/scene,,,,,,,,,Q968159 art movement
Q11338732,Bohemian school,,,,,,,,,,Q968159 art movement
Q11355242,Brussels style,"commonly used term for artistic style, asserting in architecture and applied arts in Czechoslovakia at the end of the 50s, the 60s and 70s of the 20th century",,,,,Czechoslovakia,,,,Q968159 art movement; Q32880 architectural style
Q11372140,Igarashi school,,,,,,,,,,Q968159 art movement
Q11374434,Kyōgoku school,,,,,,,,,,Q968159 art movement
Q11374568,Kyō-Kanō School,Kyoto branch of the Kano School,,,,,Japan,,,,Q968159 art movement
Q11376236,ningen tankyū-ha,,,,,,,,,,Q968159 art movement
Q11386011,Nobukuni school,,,,,,,,,,Q968159 art movement
Q11394761,Maruyama–Shijō school,,,,,,,,,,Q968159 art movement
Q11394807,En school,,,,,,Japan,,,,Q968159 art movement
Q11395348,Reizei school,,,,,,,,,,Q968159 art movement
Q11399663,Kaga Hōshō,,,,,,,,,,Q968159 art movement
Q11405524,Senjuin school,,,,,,,,,,Q968159 art movement
Q11410582,anti-naturalism,,,,,,Empire of Japan,,,,Q968159 art movement
Q11410932,Ko-Bizen school,,,,,,,,,,Q968159 art movement
Q11412787,Yoshioka Ichimonji,,,,,,,,,,Q968159 art movement
Q11418949,Zen school,,,,,,Japan,,,,Q968159 art movement
Q11445013,Nara busshi,,,,,,Japan,,,,Q968159 art movement
Q11448989,Takuma school,,,,,,,,,,Q968159 art movement
Q11475951,Kishi school,,,,,,,,,,Q968159 art movement
Q11479780,Kose school,school of Japanese painters,,,,,,,,,Q968159 art movement
Q11484091,Kōami school,,,,,,,,,,Q968159 art movement
Q11508463,Nippon school,,,,,,,,,,Q968159 art movement
Q11508468,Japan Romantic School,,,,,,Japan,,,,Q968159 art movement
Q11522568,,,,,,,,,,,Q968159 art movement
Q11523725,Rai school,,,,,,,,,,Q968159 art movement
Q11536621,Keien school,,,,,,,,,,Q968159 art movement
Q11545728,Shōfū haikai,type of haiku poems,1680-01-01T00:00:00Z,,1680,,Japan,,,,Q968159 art movement
Q11552236,Ikebukuro Montparnasse,,1920-01-01T00:00:00Z,,1920,,Empire of Japan,,,,Q968159 art movement
Q11555767,Yōfūga,,,,,,,,,,Q968159 art movement
Q11557209,Asakusa Opera,,,1923-01-01T00:00:00Z,,1923,Empire of Japan,,,,Q968159 art movement
Q11565433,kabuki modernization,movement during the Meiji Restoration in Japan to modernize kabuki theater,,,,,Japan,,,,Q968159 art movement
Q11592161,Fukuoka Ichimonji,,,,,,,,,,Q968159 art movement
Q11605196,benigirai,type of ukiyo-e that was popular during the Edo period,,,,,,,,,Q968159 art movement
Q11634550,Teimon school,,,,,,Japan,,,,Q968159 art movement
Q11652604,Nagasaki school,Edo period school or style of painting,,,,,,,,,Q968159 art movement
Q11653605,Osafune school,,,,,,,,,,Q968159 art movement
Q11657411,Ami school,,,,,,,,,,Q968159 art movement
Q11658134,In school,,,,,,Japan,,,,Q968159 art movement
Q11660085,Unkoku school,school in Japanese painting,,,,,Japan,,300018661,,Q968159 art movement
Q11688934,bruitism,musical movement,,,,,,,,,Q968159 art movement
Q11737250,catastrophism,literary movement,,,,,,,,,Q968159 art movement
Q11739686,,,,,,,,,,,Q968159 art movement
Q11761903,,,,,,,,,,,Q968159 art movement
Q11761905,,,,,,,Poland,,,,Q968159 art movement
Q11766739,Italian Mannerism painting,,,,,,Italy,,,,Q968159 art movement
Q11777672,,Movement in Contemporary Art,1980-01-01T00:00:00Z,,1980,,,,,,Q968159 art movement
Q11800437,Osjanism,series of literary trends,,,,,United Kingdom,,,,Q968159 art movement
Q11937152,Modernism in Camprodon,cultural movement,,,,,Spain,,,,Q968159 art movement
Q11942501,,,,,,,,,,,Q968159 art movement
Q11965491,,,,,,,,,,,Q968159 art movement
Q12009949,,Norwegian musical movement/scene,,,,,Norway,,,,Q968159 art movement
Q12017876,,Attempt to introduce the dogma of socialist realism into Czech poetry,,,,,Czechoslovak Socialist Republic,Q180902,,,Q968159 art movement
Q12050365,,,,,,,,,,,Q968159 art movement
Q12054849,,,,,,,Slovakia,,,,Q968159 art movement
Q12211542,,,,,,,,,,,Q968159 art movement
Q12217984,,,,,,,,,,,Q968159 art movement
Q12257572,Euskal Pizkundea,,,,,,Spain,,,,Q968159 art movement
Q12259669,,Wikimedia list article,,,,,,,,,Q968159 art movement
Q12272944,Bansko art school,"icon and art school, 18-19 c",,,,,Bulgaria,,,,Q968159 art movement
Q12277686,,,,,,,,,,,Q968159 art movement
Q12278053,,,,,,,,,,,Q968159 art movement
Q12285622,,,,,,,Byzantine Empire,,,,Q968159 art movement
Q12292475,Native Art,Bulgarian artistic movement,,,,,Kingdom of Bulgaria,,,,Q968159 art movement
Q12292926,Samokov art school,art movement,,,,,,,,,Q968159 art movement
Q12294212,,,,,,,,,,,Q968159 art movement
Q12296891,,,,,,,,,,,Q968159 art movement
Q12335751,,,,,,,,,,,Q968159 art movement
Q12335978,Skønvirke,,1914-01-01T00:00:00Z,1927-01-01T00:00:00Z,1914,1927,Denmark,,,,Q968159 art movement; Q32880 architectural style
Q12340235,,,,,,,,,,,Q968159 art movement
Q12352835,,,,,,,Russia; Soviet Union,,,,Q968159 art movement
Q12366568,Cassette Generation,"the Estonian poets who debuted in 1960s in a poetry series officially named ""Young Authors"", published as collections of small books in a cardboard box, so-called cassette",1962-01-01T00:00:00Z,,1962,,Estonia,,,,Q968159 art movement
Q12378461,Russian romanticism,,,,,,Russian Empire,,,,Q968159 art movement
Q12400822,,,,,,,Spain,,,,Q968159 art movement
Q12638596,,,,,,,,,,,Q968159 art movement
Q12726595,,category of literary movements in Romanian literature,,,,,Romania,Q5320252,,,Q968159 art movement
Q12742167,Textualism,Romanian literary movement,,,,,,,,,Q968159 art movement
Q12742313,Tinerimea artistică,artistic organization,1901-12-03T00:00:00Z,1947-01-01T00:00:00Z,1901,1947,,,,,Q968159 art movement
Q12772276,,,,,,,,,,,Q968159 art movement
Q12844380,Kazakh carpet school,style of carpet from Azerbaijan,,,,,Azerbaijan,,,,Q968159 art movement
Q12849599,Shirvan carpet,style of rugs or carpets from Azerbaijan,,,,,,,300244698,,Q968159 art movement
Q12876700,Greek national music school,,,,,,Greece,,,,Q968159 art movement
Q12908270,Debar Art School,,,,,,,,,,Q968159 art movement
Q13031352,,,,,,,,,,,Q968159 art movement
Q13034229,alternative Afrikaans music,,,,,,South Africa,,,,Q968159 art movement
Q13053280,Cicilian school of Armenian miniature painting,,,,,,,,,,Q968159 art movement
Q13112570,Thullal movement,,,,,,,,,,Q968159 art movement
Q13113183,pattu movement,,,,,,,,,,Q968159 art movement
Q100701389,new documentary movement,Chinese documentary cinema movement from 1990s onwards,1990-01-01T00:00:00Z,,1990,,People's Republic of China,,,,Q968159 art movement
Q100707362,New York School,group of composers,,,,,United States,,,,Q968159 art movement
Q101208655,Agora Phobia (digitalis),art project by Karen Lancel and Hermen Maat,2000-01-01T00:00:00Z,,2000,,,,,,Q968159 art movement
Q101423770,,,1877-01-01T00:00:00Z,,1877,,,,,,Q968159 art movement
Q102362752,Brazilian colonial music,music from the Brazilian colonial period,,,,,,,,,Q968159 art movement
Q103813737,,,,,,,Italy,,,,Q968159 art movement
Q104299484,mannerist sculpture,type of sculpture,,,,,,,,,Q968159 art movement; Q1792644 art style
Q105104125,Cass Corridor art movement,"Art movement from mid-1960s–1977 in Detroit, Michigan",1963-01-01T00:00:00Z,,1963,,United States,,,,Q968159 art movement
Q105300606,Servet-i Fünun Literature,pro-Western Ottoman literary movement centered around an avant-garde journal Servet-i Fünûn,,,,,,,,,Q968159 art movement
Q105321217,Murnauer Zeit,,1908-01-01T00:00:00Z,1914-01-01T00:00:00Z,1908,1914,,,,,Q968159 art movement
Q105679168,Official Salon of Painting and Sculpture,"annual exhibition event in Bucharest, Romania (1864-1947)",1864-01-01T00:00:00Z,,1864,,Romania,,,,Q968159 art movement
Q105770888,school of Aphrodisias,,,,,,,,,,Q968159 art movement
Q105979051,Mexican American artists,artists of Mexican American descent,,,,,United States,,,,Q968159 art movement
Q106559709,Transhylism,artistic movement,1935-01-01T00:00:00Z,,1935,,,,,,Q968159 art movement
Q106654023,Lopburi art,,,,,,Thailand,,,,Q968159 art movement
Q106689097,Movimento Architettura Razionale,Italian architectural movement,1928-01-01T00:00:00Z,1930-01-01T00:00:00Z,1928,1930,Italy,,,,Q968159 art movement
Q106929835,Flemish fantastic,art style,,,,,Belgium,,,,Q968159 art movement
Q106969825,,,2002-01-01T00:00:00Z,,2002,,Haiti,,,,Q968159 art movement
Q107091421,The invisible sculptures,series of installation by Salvatore Garau,2021-02-05T00:00:00Z,,2021,,,,,,Q968159 art movement
Q107142865,thought-action system methodology,philosophical concept of the Moscow Methodological Circle,,,,,,,,,Q968159 art movement
Q107379842,Elektrostal Children's Music School,"Russia, Elektrostal",,,,,Russia,,,,Q968159 art movement
Q107422949,Zhiqing literature,"Chinese literature dealing with the rustication of Zhiqing. One of the richest genres in contemporary China, carrying over through such phases as ""Scar literature"", ""Reform literature"", ""Search-for roots"", and ""Neo-realism,"" etc.",1970-01-01T00:00:00Z,,1970,,,,,,Q968159 art movement
Q107424119,Neo-realistic fiction,"Contemporary Chinese fiction with a return to the plain yet honest style of representing the life of ordinary people, which as once denied by socialist realism, beginning in the late 1980s",1980-01-01T00:00:00Z,,1980,,,,,,Q968159 art movement
Q108600985,Chilean muralism,,,,,,Chile,,,,Q968159 art movement
Q108636395,Leipzig School,composition school,,,,,,,,,Q968159 art movement
Q108702792,proletarian art,communist art movement,,,,,,,,,Q968159 art movement
Q108837811,,,1830-01-01T00:00:00Z,,1830,,Italy,Q3303170,,,Q968159 art movement
Q109037912,Forces nouvelles,artistic movement,,,,,,,,,Q968159 art movement
Q109040206,,,,,,,France,,,,Q968159 art movement
Q109180294,Early Baroque,,1585-01-01T00:00:00Z,1625-01-01T00:00:00Z,1585,1625,,,300021149,,Q968159 art movement; Q32880 architectural style
Q109251998,Pennsylvania Dutch,style of art,,,,,,,300018071,,Q968159 art movement; Q1792644 art style
Q109343208,,,,,,,,,,,Q968159 art movement
Q109361307,Left Bank Group,"group of French filmmakers in 1960s, part of French New Wave",,,,,,,,,Q968159 art movement
Q109383707,,literary movement in Turkey,,,,,Turkey,,,,Q968159 art movement
Q109626458,nueva canción latinoamericana,"music genre, Latin American part of nueva cancion movement",,,,,,,,,Q968159 art movement
Q109931852,De Brug (Kunstenaarsvereniging),artist association,1926-01-01T00:00:00Z,,1926,,Kingdom of the Netherlands,,,,Q968159 art movement
Q109958123,Group of Modern Painters in Rijeka,artistic and social movement,,,,,Croatia,,,,Q968159 art movement
Q110219219,Prior-Hamblen School,American painter,,,,,,,,,Q968159 art movement
Q110262804,Posturbanism,artistic and social movement,2000-01-01T00:00:00Z,,2000,,,Q5603611; Q1842924; Q326478; Q294864,,,Q968159 art movement
Q110404737,existentialism,literary movement,,,,,,,,,Q968159 art movement
Q110453565,,,,,,,,,,,Q968159 art movement
Q110526693,grunge revival,music genre,,,,,,,,,Q968159 art movement
Q110750836,alhambrismo musical,,,,,,Spain,,,,Q968159 art movement
Q110900394,,,,,,,,,,,Q968159 art movement
Q111163380,Polish School,art movement,,,,,Poland,,,,Q968159 art movement
Q111207344,,,,,,,,,,,Q968159 art movement
Q111208601,,,,,,,,,,,Q968159 art movement
Q111371719,Duitse school,,,,,,,,,,Q968159 art movement
Q111371847,Weense school,,,,,,,,,,Q968159 art movement
Q111371889,Zuid Nederlandse school,,,,,,,,,,Q968159 art movement
Q111687922,Kloaka movement,Peruvian literary movement,,,,,Peru,,,,Q968159 art movement
Q111726089,Allusive Abstractionists,art movement,1981-01-01T00:00:00Z,,1981,,,,,,Q968159 art movement
Q111919284,French Impressionism,subdivision of impressionism,,,,,,,,,Q968159 art movement; Q1792644 art style
Q111966502,,,1970-01-01T00:00:00Z,,1970,,Ivory Coast,,,,Q968159 art movement
Q111969167,,,,,,,,,,,Q968159 art movement
Q111994391,,,,,,,,,,,Q968159 art movement
Q112576485,linie,art movement,,,,,Czech Republic,,,,Q968159 art movement
Q112685506,,,1945-01-01T00:00:00Z,1960-01-01T00:00:00Z,1945,1960,,,,,Q968159 art movement
Q112869097,Yaroslavl school,,,,,,Russia,,,,Q968159 art movement; Q32880 architectural style
Q113005557,post-avant-garde,Direction in art,,,,,Soviet Union; Russian Socialist Federative Soviet Republic,,,,Q968159 art movement
Q113155207,Lorna,,1979-01-01T00:00:00Z,,1979,,,,,,Q968159 art movement
Q113155210,Flick KA AI,,2019-01-01T00:00:00Z,,2019,,,,,,Q968159 art movement
Q113155211,The Colloquy of Mobiles,,1968-01-01T00:00:00Z,,1968,,,,,,Q968159 art movement
Q113155209,Net Art Generator,computer program which collects and recombines material from the Internet to create a new website or a new image,1999-01-01T00:00:00Z,,1999,,,,,,Q968159 art movement
Q113187756,child empowerment,"child empowerment movement in Mexico, started in Acapulco in 2016",2016-01-01T00:00:00Z,,2016,,Mexico,,,,Q968159 art movement
Q113202232,,,,,,,,,,,Q968159 art movement
Q113411711,,,,,,,Russia,,,,Q968159 art movement
Q113621287,mannerism,literary movement,,,,,,,,,Q968159 art movement
Q113688250,,,,,,,Spain,,,,Q968159 art movement
Q113835319,,,1860-01-01T00:00:00Z,1898-01-01T00:00:00Z,1860,1898,Haiti,,,,Q968159 art movement
Q114027747,Lorna,"Edition 3 of 5 + 1AP, Whitney Museum",1979-01-01T00:00:00Z,,1979,,,,,,Q968159 art movement
Q114164246,The Colloquy of Mobiles,,2018-01-01T00:00:00Z,,2018,,,,,,Q968159 art movement
Q114210284,Lorna,,1979-01-01T00:00:00Z,,1979,,,,,,Q968159 art movement
Q114212019,Lorna,,1979-01-01T00:00:00Z,,1979,,,,,,Q968159 art movement
Q114247696,Poto-Poto School of Painting,Brazzaville painting school (founded 1951),1951-01-01T00:00:00Z,,1951,,,,,,Q968159 art movement
Q114837170,Broa style,,,,,,,,,,Q968159 art movement; Q1792644 art style
Q114839737,,,,,,,,,,,Q968159 art movement
Q115125070,surrealism,surrealism in literature,,,,,,,,,Q968159 art movement
Q115154832,The Castiglioni Method,Italian art movement,1880-01-01T00:00:00Z,,1880,,Italy,,,,Q968159 art movement
Q115169056,French modernism,art movement originating in France,,,,,,,,,Q968159 art movement
Q115688756,Rationalism of Lake Como,artistic and social movement,,,,,,,,,Q968159 art movement; Q32880 architectural style
Q115864398,,,,,,,,,,,Q968159 art movement
Q115918929,Enter Tina Turner,"interactive installation by Marcus Lerviks, 2002",2002-01-01T00:00:00Z,,2002,,,,,,Q968159 art movement
Q115919029,Herbarium,"work of art by Heidi Tikka, 2016",2016-01-01T00:00:00Z,,2016,,,,,,Q968159 art movement
Q115919491,Sensorial Activities 1,"interactive artwork by Meri Ekola, 2018",2018-01-01T00:00:00Z,,2018,,,,,,Q968159 art movement
Q115921194,art revivalism,reinterpretation of past artistic styles,1900-01-01T00:00:00Z,2000-01-01T00:00:00Z,1900,2000,,,,,Q968159 art movement
Q115921216,musical revivalism,,,,,,,,,,Q968159 art movement
Q116059172,new folk wave,stylistic movement in Soviet music in the 2nd half of the 1950s–80s in an attempt to grasp traditional folk music in its true form,,,,,,,,,Q968159 art movement
Q116478997,Salin style III,The last of the three Salin art styles describing the stages of Germanic animal art.,,,,,,,,,Q968159 art movement; Q1792644 art style
Q116479335,Salin style II,The middle of the three Salin art styles describing the stages of Germanic animal art.,,,,,,,,,Q968159 art movement; Q1792644 art style
Q116479509,Salin style I,The first of the three Salin art styles describing the stages of Germanic animal art.,,,,,,,,,Q968159 art movement; Q1792644 art style
Q116771435,fekete széria,cinema movement,,,,,,,,,Q968159 art movement
Q116843676,Xin'an School,,,,,,,,,,Q968159 art movement
Q117487034,New Direction,"works and events of Russian sacred music, written mainly from 1895 to 1923",,,,,,,,,Q968159 art movement
Q118609490,Portrait One,,1990-01-01T00:00:00Z,,1990,,,,,,Q968159 art movement
Q118609491,Camera Virtuosa,,1996-01-01T00:00:00Z,,1996,,,,,,Q968159 art movement
Q118609495,Blackboard,,1993-01-01T00:00:00Z,,1993,,,,,,Q968159 art movement
Q118609499,World Map of Sound,,1997-01-01T00:00:00Z,,1997,,,,,,Q968159 art movement
Q118609503,Memory Theater VR,,1997-01-01T00:00:00Z,,1997,,,,,,Q968159 art movement
Q118609501,The Fruit Machine,,1991-01-01T00:00:00Z,,1991,,,,,,Q968159 art movement
Q118609518,Difference Engine #3,,1995-01-01T00:00:00Z,,1995,,,,,,Q968159 art movement
Q118609522,The Karlsruhe Moviemap,,1991-01-01T00:00:00Z,,1991,,,,,,Q968159 art movement
Q118609520,Virtual World Machine,,1996-01-01T00:00:00Z,,1996,,,,,,Q968159 art movement
Q118609530,The Tables Turned,,1997-01-01T00:00:00Z,,1997,,,,,,Q968159 art movement
Q118609531,The Legible City,,1988-01-01T00:00:00Z,,1988,,,,,,Q968159 art movement
Q118609529,Passage Sets,,1995-01-01T00:00:00Z,,1995,,,,,,Q968159 art movement
Q118609535,The Virtual Museum,,1991-01-01T00:00:00Z,,1991,,,,,,Q968159 art movement
Q118609538,Laboratorien,,1997-01-01T00:00:00Z,,1997,,,,,,Q968159 art movement
Q118609539,Frontiers of Utopia,,1995-01-01T00:00:00Z,,1995,,,,,,Q968159 art movement
Q118609536,Interactive Plant Growing,,1992-01-01T00:00:00Z,,1992,,,,,,Q968159 art movement
Q118609537,Touch Me,,1995-01-01T00:00:00Z,,1995,,,,,,Q968159 art movement
Q118609543,Remote Control,artwork,1999-01-01T00:00:00Z,,1999,,,,,,Q968159 art movement
Q118609540,Bar Code Hotel,,1994-01-01T00:00:00Z,,1994,,,,,,Q968159 art movement
Q118609546,LinX3D,,1999-01-01T00:00:00Z,,1999,,,,,,Q968159 art movement
Q118609547,The Rules Are No Game,,1997-01-01T00:00:00Z,,1997,,,,,,Q968159 art movement
Q118609545,Small Fish,"Fish that are small, useful when describing the prey eaten by other animals",1999-01-01T00:00:00Z,,1999,,,,,,Q968159 art movement
Q118609551,Reflection,,2002-01-01T00:00:00Z,,2002,,,,,,Q968159 art movement
Q118609548,Bubbles,interactive artwork (2000),2000-01-01T00:00:00Z,,2000,,,,,,Q968159 art movement
Q118609552,Paranoid Panopticum,,2000-01-01T00:00:00Z,,2000,,,,,,Q968159 art movement
Q118609553,Biological System: Vilno,,1997-01-01T00:00:00Z,,1997,,,,,,Q968159 art movement
Q118609558,Algorithmic Echolocation,,2003-01-01T00:00:00Z,,2003,,,,,,Q968159 art movement
Q118609557,Poetry Machine,,2001-01-01T00:00:00Z,,2001,,,,,,Q968159 art movement
Q118609562,Beyond Pages,,1995-01-01T00:00:00Z,,1995,,,,,,Q968159 art movement
Q118609566,Miraton,,2003-01-01T00:00:00Z,,2003,,,,,,Q968159 art movement
Q118609567,Messa di Voce,,2003-01-01T00:00:00Z,,2003,,,,,,Q968159 art movement
Q118609564,The Surprising Spiral,,1991-01-01T00:00:00Z,,1991,,,,,,Q968159 art movement
Q118609571,When Wolves Settle: A Panorama,,2005-01-01T00:00:00Z,,2005,,,,,,Q968159 art movement
Q118609568,Pulse8,,1992-01-01T00:00:00Z,,1992,,,,,,Q968159 art movement
Q118609572,Electric Labyrinth,,1968-01-01T00:00:00Z,,1968,,,,,,Q968159 art movement
Q118609573,Luma2solator,,2004-01-01T00:00:00Z,,2004,,,,,,Q968159 art movement
Q118609578,Glitchy & Scratchy,,2003-01-01T00:00:00Z,,2003,,,,,,Q968159 art movement
Q118609576,Muser’s Service,,1994-01-01T00:00:00Z,,1994,,,,,,Q968159 art movement
Q118609588,OP_ERA: Sonic Dimension,,2005-01-01T00:00:00Z,,2005,,,,,,Q968159 art movement
Q118609593,T_Visionarium I,,2004-01-01T00:00:00Z,,2004,,,,,,Q968159 art movement
Q118609613,Zeus Playing,,2007-01-01T00:00:00Z,,2007,,,,,,Q968159 art movement
Q118609622,Web of Life (Satelliten- oder Remote-Stationen),,2002-01-01T00:00:00Z,,2002,,,,,,Q968159 art movement
Q118609627,Autofocusfalle,,1989-01-01T00:00:00Z,,1989,,,,,,Q968159 art movement
Q118609624,Breaking the News,,2007-01-01T00:00:00Z,,2007,,,,,,Q968159 art movement
Q118609630,Bubblelabub,,2003-01-01T00:00:00Z,,2003,,,,,,Q968159 art movement
Q118609628,If/Then Installed,interactive artwork,2008-01-01T00:00:00Z,,2008,,,,,,Q968159 art movement
Q118609642,Square Pusher,,2003-01-01T00:00:00Z,,2003,,,,,,Q968159 art movement
Q118609651,The Karlsruhe Moviemap 09,,2009-01-01T00:00:00Z,,2009,,,,,,Q968159 art movement
Q118609654,Akousmaflore,,2007-01-01T00:00:00Z,,2007,,,,,,Q968159 art movement
Q118609655,Intimate Transactions,,2005-01-01T00:00:00Z,,2005,,,,,,Q968159 art movement
Q118609653,Sonomorphis,,1998-01-01T00:00:00Z,,1998,,,,,,Q968159 art movement
Q118609659,The Beauty of the Nation,,1979-01-01T00:00:00Z,,1979,,,,,,Q968159 art movement
Q118609656,Displacements,,1972-01-01T00:00:00Z,,1972,,,,,,Q968159 art movement
Q118609663,The Ultimate Machine aka Shannon’s Hand,,2009-01-01T00:00:00Z,,2009,,,,,,Q968159 art movement
Q118609661,The Wall Clock,,1998-01-01T00:00:00Z,,1998,,,,,,Q968159 art movement
Q118609664,Sounding Door,,2009-01-01T00:00:00Z,,2009,,,,,,Q968159 art movement
Q118609665,Please Empty Your Pockets,,2010-01-01T00:00:00Z,,2010,,,,,,Q968159 art movement
Q118609671,POEX Tape,,2012-01-01T00:00:00Z,,2012,,,,,,Q968159 art movement
Q118609679,T_Visionarium II,,2008-01-01T00:00:00Z,,2008,,,,,,Q968159 art movement
Q118609682,Crapshoot,,2013-01-01T00:00:00Z,,2013,,,,,,Q968159 art movement
Q118609680,Faraday’s Garden,,1990-01-01T00:00:00Z,,1990,,,,,,Q968159 art movement
Q118609686,Neo Geo City,,2014-01-01T00:00:00Z,,2014,,,,,,Q968159 art movement
Q118609687,*OIS*,,2013-01-01T00:00:00Z,,2013,,,,,,Q968159 art movement
Q118609690,Daten|Spuren,,2015-01-01T00:00:00Z,,2015,,,,,,Q968159 art movement
Q118609689,Portrait on the Fly,,2015-01-01T00:00:00Z,,2015,,,,,,Q968159 art movement
Q118609694,YOU:R:CODE,,2017-01-01T00:00:00Z,,2017,,,,,,Q968159 art movement
Q118609693,Wipe Cycle,,1969-01-01T00:00:00Z,,1969,,,,,,Q968159 art movement
Q118609698,Track/Trace,,1972-01-01T00:00:00Z,,1972,,,,,,Q968159 art movement
Q118609699,Life Writer,,2006-01-01T00:00:00Z,,2006,,,,,,Q968159 art movement
Q118609696,Recombinatorial Poetry Wheel,,2015-01-01T00:00:00Z,,2015,,,,,,Q968159 art movement
Q118609697,tx-mirror,,2018-01-01T00:00:00Z,,2018,,,,,,Q968159 art movement
Q118609704,Dinner Party,,1995-01-01T00:00:00Z,,1995,,,,,,Q968159 art movement
Q118609710,Liquid Views,,1993-01-01T00:00:00Z,,1993,,,,,,Q968159 art movement
Q118609714,SPACES,,2019-01-01T00:00:00Z,,2019,,,,,,Q968159 art movement
Q118609712,Shadow 2,,2006-01-01T00:00:00Z,,2006,,,,,,Q968159 art movement
Q118609719,PointScreen Digital Sparks Matrix,,2003-01-01T00:00:00Z,,2003,,,,,,Q968159 art movement
Q118609716,The Colloquy of Mobiles,,1969-01-01T00:00:00Z,,1969,,,,,,Q968159 art movement
Q118609720,Sinking Feeling,,2001-01-01T00:00:00Z,,2001,,,,,,Q968159 art movement
Q118609734,America’s Finest,,1993-01-01T00:00:00Z,,1993,,,,,,Q968159 art movement
Q118609792,Sound Path,,2012-01-01T00:00:00Z,,2012,,,,,,Q968159 art movement
Q119085731,Life Writer,,2006-01-01T00:00:00Z,,2006,,,,,,Q968159 art movement
Q119256651,The Infra-Noir Group,Romanian surrealist literary group,,,,,Romania,,,,Q968159 art movement
Q119351555,Sezessionstil,Art Nouveau from Vienna,,,,,,,,,Q968159 art movement; Q32880 architectural style
Q119860446,Anglo/Netherlandish School,group of artists from the Netherlands active in England,,,,,,,,,Q968159 art movement
Q120070517,Spectrist hoax,literary hoax,1916-01-01T00:00:00Z,1918-01-01T00:00:00Z,1916,1918,,,,,Q968159 art movement
Q120143150,School of Avignon,"art movement around Avignon, France",,,,,France,,,,Q968159 art movement
Q120755885,Egnazia Group,"group of vase painters in Apulia, Magna Graecia",,,,,Magna Graecia,,,,Q968159 art movement
Q121070573,,,,,,,Haiti,,,,Q968159 art movement
Q121121040,,,1915-01-01T00:00:00Z,1945-01-01T00:00:00Z,1915,1945,Haiti,,,,Q968159 art movement
Q121324046,,,1960-01-01T00:00:00Z,,1960,,Haiti,,,,Q968159 art movement
Q121863041,Impressionism in the Netherlands,impressionist art movement in the Netherlands,,,,,Netherlands,,,,Q968159 art movement
Q122353293,Surrealist painting,set of painted works from the Surrealist movement,,,,,,,,,Q968159 art movement
Q122459524,Sanur School,,,,,,Indonesia,,,,Q968159 art movement
Q122467734,Ubud School,,,,,,,,,,Q968159 art movement
Q123156527,"Reflection. I am like you, surely","On the occasion of its annual event to commemorate the anniversary of the outbreak of the Warsaw Uprising, the museum offers its visitors a confrontation with history by inviting them to look at themselves in mirrors.",2019-01-01T00:00:00Z,,2019,,,,,,Q968159 art movement
Q123456668,urban art movement,art movement within urban art,,,,,,,,,Q968159 art movement
Q123586854,Neo-Mexicanism,artistic movement,1980-01-01T00:00:00Z,,1980,,Mexico,,,,Q968159 art movement
Q123643841,Smart Museum Initiative User Experience at Gansu Provincial Museum,Implementation of interactive digital exhibits and a customized tour guide.,2015-01-01T00:00:00Z,,2015,,,,,,Q968159 art movement
Q123745557,Carolingian Court School,"school of manuscript illuminators, calligraphers and associated artists at the court of the Emperor Charlemagne",,,,,Franciaf,,,,Q968159 art movement
Q124079137,,,1800-01-01T00:00:00Z,,1800,,,,,,Q968159 art movement; Q1792644 art style
Q124150235,Anthroposophical functionalism,anthroposophically influenced design and architecture in the first half of the 20th century,,,,,,Q184719; Q80113; Q34636,,,Q968159 art movement; Q32880 architectural style
Q124157172,,,,,,,,,,,Q968159 art movement
Q124391280,Danish sex documentary film,international film movement covering human sexuality and related legal reforms in Denmark (1960s–1980s),1968-01-01T00:00:00Z,1980-01-01T00:00:00Z,1968,1980,Denmark,,,,Q968159 art movement
Q124526505,Z poetry,,2022-01-01T00:00:00Z,,2022,,Russia,,,,Q968159 art movement
Q124866612,,,,,,,Canada,,,,Q968159 art movement
Q125118659,,,,,,,,,,,Q968159 art movement
Q125353869,Writings through the Essay,Writings through the Essay: On the Duty of Civil Disobedience (1987) is an installation by John Cage.,,,,,,,,,Q968159 art movement
Q125367065,,,,,,,Mexico,Q39427,,,Q968159 art movement
Q125391763,Lynn Beach Painters,Artistic movement,,,,,Lynn; United States,,,,Q968159 art movement
Q125559734,Black Speculative Arts Movement,,2015-01-01T00:00:00Z,,2015,,,,,,Q968159 art movement
Q125588447,,,,,,,,,,,Q968159 art movement
Q125591692,neo-pompeian style,Pompeian revival style of the mid-to-late 19th century,,,,,Italy,,,,Q968159 art movement; Q1792644 art style
Q125691873,,,1920-01-01T00:00:00Z,,1920,,Colombia,,,,Q968159 art movement
Q125731576,,,,,,,,,,,Q968159 art movement
Q125739188,Art Deco Revival,historicist art movement,,,,,,,,,Q968159 art movement
Q126178754,,,,,,,,,,,Q968159 art movement
Q126416480,,,1960-01-01T00:00:00Z,,1960,,Canada,,,,Q968159 art movement
Q127271411,,,1973-01-01T00:00:00Z,,1973,,Haiti,,,,Q968159 art movement
Q127347654,,,1600-01-01T00:00:00Z,,1600,,,,,,Q968159 art movement
Q128392318,Religious Art Renewal Movement,art movement in Portugal (1953-1966),1953-01-01T00:00:00Z,1966-01-01T00:00:00Z,1953,1966,Portugal,,,,Q968159 art movement
Q130303520,Folk Mass movement,Catholic music and liturgical movement of the 1960s,,,,,,,,,Q968159 art movement
Q130391741,,,1972-01-01T00:00:00Z,,1972,,Peru,,,,Q968159 art movement
Q131062049,Paint Jam,speed painting performance,,,,,,,,,Q968159 art movement
Q131176158,new spirit painting,20th-century art movement,,,,,,,,,Q968159 art movement
Q131180468,Augmentism,art movement in the early 21th century,2018-01-01T00:00:00Z,,2018,,,,,,Q968159 art movement; Q1792644 art style
Q131377397,People don't have buttons,"sound work expressing the hopes, fears and frustrations of a future with AI",,,,,,,,,Q968159 art movement
Q131430112,desert painting,art movement in the late 1980s and early 1990s,,,,,,,,,Q968159 art movement
Q131453322,"""Dead Symbolism""","painting in ""Dead Symbolism"" style, invented by Svyat Nes",2022-01-01T00:00:00Z,,2022,,,,,,Q968159 art movement
Q131597379,futurist photography,"particular photodynamism-oriented photography, that is, the ability to succinctly render the temporal unfolding of an action",,,,,,,,,Q968159 art movement
Q131623924,holy terror,music genre,,,,,,,,,Q968159 art movement
Q131701861,School of Chios,Antique Greek Sculpture movement,,,,,,,,,Q968159 art movement
Q131757536,,,,,,,Dominican Republic,,,,Q968159 art movement
Q131784556,młoda polska,musical movement,,,,,,,,,Q968159 art movement
Q131850179,,,,,,,,,,,Q968159 art movement
Q132167502,,,,,,,,,,,Q968159 art movement
Q132199710,Sphiros,creative work by James B. Pollack,,,,,,,,,Q968159 art movement
Q132438604,Rust Art,contemporary art movement that embraces rust as a creative medium,,,,,,,,,Q968159 art movement
Q132744392,,,,,,,,,,,Q968159 art movement
Q132763201,Cenacolo Michettiano,"artistic and literary group based at the Convento Michetti in Francavilla al Mare, Italy",1885-01-01T00:00:00Z,,1885,,Kingdom of Italy,,,,Q968159 art movement
Q132794701,,,,,,,,,,,Q968159 art movement
Q132816101,,,,,,,,,,,Q968159 art movement
Q132852857,,,,,,,,,,,Q968159 art movement
Q132860655,Study of Calligraphy Book History,,,,,,,,,,Q968159 art movement
Q132885715,,,,,,,,,,,Q968159 art movement
Q134147,pop art,art movement,1950-01-01T00:00:00Z,,1950,,,Q177725; Q131265; Q37038; Q6034; Q1004,300022205,https://en.wikipedia.org/wiki/Pop_art,Q968159 art movement; Q32880 architectural style
Q136046,Zero,group of artists,1958-01-01T00:00:00Z,1966-01-01T00:00:00Z,1958,1966,Germany,Q1164982,,https://en.wikipedia.org/wiki/Zero_(art),Q968159 art movement
Q150091,Neo-impressionism,art movement,,1906-01-01T00:00:00Z,,1906,,,300021505,https://en.wikipedia.org/wiki/Neo-Impressionism,Q968159 art movement; Q1792644 art style
Q152778,Die Brücke,German expressionist artist group,1905-06-07T00:00:00Z,1913-01-01T00:00:00Z,1905,1913,German Empire; Germany,Q848365; Q191748; Q154338; Q5580,,https://en.wikipedia.org/wiki/Die_Br%C3%BCcke,Q968159 art movement
Q143357,Barbizon school,artistic movement of landscape painters of the first part and mid-19th century,,,,,,,300264658,https://en.wikipedia.org/wiki/Barbizon_School,Q968159 art movement
Q147516,magic realism,style of literary fiction and art,,,,,,,300021351,https://en.wikipedia.org/wiki/Magical_realism,Q968159 art movement
Q1431758,San Francisco Renaissance,American avant-garde cultural activity in San Francisco as an historical hub,,,,,,,,https://en.wikipedia.org/wiki/San_Francisco_Renaissance,Q968159 art movement
Q1443600,Neue Frankfurter Schule,Group of satirical artists and writers,,,,,Germany,,,https://en.wikipedia.org/wiki/Neue_Frankfurter_Schule,Q968159 art movement
Q1444581,Superflat,art movement,2000-01-01T00:00:00Z,,2000,,Japan,Q309227; Q8274; Q1107,300266360,https://en.wikipedia.org/wiki/Superflat,Q968159 art movement
Q1471823,Siuru,Estonian literary movement,1917-01-01T00:00:00Z,,1917,,Estonia,,,https://en.wikipedia.org/wiki/Siuru,Q968159 art movement
Q1472238,Jena Romanticism,German philosophical and literary movement,1798-01-01T00:00:00Z,1804-01-01T00:00:00Z,1798,1804,Germany,,,https://en.wikipedia.org/wiki/Jena_Romanticism,Q968159 art movement
Q1474763,Poetic realism,French film movement,1934-01-01T00:00:00Z,1939-01-01T00:00:00Z,1934,1939,France,,,https://en.wikipedia.org/wiki/Poetic_realism,Q968159 art movement
Q154432,Biedermeier,Era in Central Europe between 1815 and 1848,,,,,,,300021434,https://en.wikipedia.org/wiki/Biedermeier,Q968159 art movement; Q32880 architectural style
Q156460,degenerate art,term used by the German Nazi regime to describe modern art,,,,,Germany,,300021341,https://en.wikipedia.org/wiki/Degenerate_art,Q968159 art movement
Q186030,contemporary art,art produced from the 1940s to the present,,,,,,Q203209; Q177626; Q134147; Q38166; Q7181,300264737,https://en.wikipedia.org/wiki/Contemporary_art,Q968159 art movement
Q189045,Britpop,music genre; 1990s UK pop culture movement,1991-01-01T00:00:00Z,,1991,,United Kingdom,,,https://en.wikipedia.org/wiki/Britpop,Q968159 art movement
Q189458,academic art,style of painting and sculpture produced under the influence of European academies of art,,,,,,,300056465,https://en.wikipedia.org/wiki/Academic_art,Q968159 art movement; Q32880 architectural style
Q1781608,Renaissance literature,European literature influenced by the Renaissance,,,,,,,,https://en.wikipedia.org/wiki/Renaissance_literature,Q968159 art movement
Q1784728,Lowbrow,"art movement arose in Los Angeles, California",,,,,,,300375132,https://en.wikipedia.org/wiki/Lowbrow_(art_movement),Q968159 art movement
Q1786363,Tonalism,"19-20th-century US artistic movement using landscapes with colored atmosphere or mist, often gray, brown or blue",1880-01-01T00:00:00Z,1915-01-01T00:00:00Z,1880,1915,,,300132908,https://en.wikipedia.org/wiki/Tonalism,Q968159 art movement
Q1786545,New Vision,1920s photography and art movement,1920-01-01T00:00:00Z,,1920,,,Q160218; Q124354,300263414,https://en.wikipedia.org/wiki/Neues_Sehen,Q968159 art movement
Q1805902,Laren School,art movement,,,,,Netherlands,,,https://en.wikipedia.org/wiki/Laren_School,Q968159 art movement
Q200034,pointillism,"technique of painting with small, distinct dots",,,,,,,300067450,https://en.wikipedia.org/wiki/Pointillism,Q968159 art movement
Q201405,Renaissance music,musical period between the 15th and 17th centuries,1400-01-01T00:00:00Z,,1400,,,,,https://en.wikipedia.org/wiki/Renaissance_music,Q968159 art movement
Q203209,conceptual art,contemporary art movement,1960-01-01T00:00:00Z,,1960,,,Q572916; Q539750; Q5912,300265224,https://en.wikipedia.org/wiki/Conceptual_art,Q968159 art movement
Q207103,Constructivism,artistic and architectural philosophy,1913-01-01T00:00:00Z,,1913,,,Q42934,300021393,https://en.wikipedia.org/wiki/Constructivism_(art),Q968159 art movement; Q32880 architectural style
Q207175,bohemianism,practice of an unconventional lifestyle,,,,,,,300055776,https://en.wikipedia.org/wiki/Bohemianism,Q968159 art movement
Q207445,De Stijl,Dutch artistic movement,1917-01-01T00:00:00Z,1932-01-01T00:00:00Z,1917,1932,Netherlands,Q629307; Q318816; Q207103; Q130777; Q42934; Q6034; Q5604,300021259,https://en.wikipedia.org/wiki/De_Stijl,Q968159 art movement; Q32880 architectural style
Q1977450,Neoavanguardia,"avant-garde Italian literary movement involved in formal experimentation in language: N. Balestrini, E. Sanguineti, U. Eco, A. Porta, E. Pagliarani, G. Manganelli, L. Malerba, F. Leonetti, F. Lucentini, A. Rosselli, S. Vassalli, L. Voce, etc.",,,,,,,,https://en.wikipedia.org/wiki/Neoavanguardia,Q968159 art movement
Q1980139,New Formalism,movement in American poetry since the 1970s,1970-01-01T00:00:00Z,,1970,,United States,,,https://en.wikipedia.org/wiki/New_Formalism,Q968159 art movement
Q1989975,Nihonga,paintings made in accordance with traditional Japanese artistic conventions,1860-01-01T00:00:00Z,,1860,,Japan,,300114441,https://en.wikipedia.org/wiki/Nihonga,Q968159 art movement
Q1994273,Flemish Baroque painting,painting movement,1585-01-01T00:00:00Z,1700-01-01T00:00:00Z,1585,1700,,,,https://en.wikipedia.org/wiki/Flemish_Baroque_painting,Q968159 art movement
Q2000178,Telefoni Bianchi,Italian film genre,,,,,,,,https://en.wikipedia.org/wiki/Telefoni_Bianchi,Q968159 art movement
Q2004358,return to order,European art movement,,,,,,,,https://en.wikipedia.org/wiki/Return_to_order,Q968159 art movement
Q2007658,Burgundian School,musical movement,,,,,,,300020847,https://en.wikipedia.org/wiki/Burgundian_School,Q968159 art movement
Q2008210,Visigothic art,art of the Visigoths,0500-01-01T00:00:00Z,,500,,,,300019494,https://en.wikipedia.org/wiki/Visigothic_art_and_architecture,Q968159 art movement; Q1792644 art style
Q16534755,Calligrafismo,Italian filmmaking style of the 1940s,,,,,,,,https://en.wikipedia.org/wiki/Calligrafismo,Q968159 art movement
Q16722631,Ukrainian New Wave,Movement in Ukrainian arts,,,,,Ukraine,,,https://en.wikipedia.org/wiki/Ukrainian_New_Wave,Q968159 art movement
Q16777449,auto-destructive art,art movement started in the 1960s,1960-01-01T00:00:00Z,,1960,,,,300112718,https://en.wikipedia.org/wiki/Auto-destructive_art,Q968159 art movement
Q16824564,absolute film,"film movement by a group of artists in Germany in the 1920s (H. Richter, W. Ruttmann, O. Fischinger, V. Eggeling), producing short films that did not reproduce the natural world but instead focused on light and form in the dimension of time",1920-01-01T00:00:00Z,,1920,,,,,https://en.wikipedia.org/wiki/Absolute_film,Q968159 art movement
Q16833665,Dresden school,baroque Neo-Renaissance architectural style,,,,,Germany,,,https://en.wikipedia.org/wiki/Dresden_school,Q968159 art movement; Q32880 architectural style
Q16885381,Hong Kong Second Wave,movement in Hong Kong cinema that emerged in the mid 1980s,1984-01-01T00:00:00Z,,1984,,,,,https://en.wikipedia.org/wiki/Hong_Kong_Second_Wave,Q968159 art movement
Q16912393,Plasticien,Canadian painting movement,1955-01-01T00:00:00Z,,1955,,Canada,,,https://en.wikipedia.org/wiki/Les_Plasticiens,Q968159 art movement
Q16934127,Northern Landscape style,school of Chinese painting,,,,,,,,https://en.wikipedia.org/wiki/Northern_landscape_style,Q968159 art movement
Q16956237,New Puritans,literary movement,,,,,,,,https://en.wikipedia.org/wiki/New_Puritans_(literary_movement),Q968159 art movement
Q16957374,Chicago Black Renaissance,african-American cultural flowering in 1930s & 1940s Illinois,,,,,,,,https://en.wikipedia.org/wiki/Chicago_Black_Renaissance,Q968159 art movement
Q16965789,Patna School of Painting,style of Indian painting,,,,,India,,,https://en.wikipedia.org/wiki/Patna_School_of_Painting,Q968159 art movement
Q16982245,Golden Age of Indiana Literature,Time period from 1880–1920,,,,,,,,https://en.wikipedia.org/wiki/Golden_Age_of_Indiana_Literature,Q968159 art movement
Q16982623,Greek academic art of the 19th century,,,,,,Greece,,,https://en.wikipedia.org/wiki/Greek_academic_art_of_the_19th_century,Q968159 art movement
Q17001345,Baghdad School,school of Islamic art,1200-01-01T00:00:00Z,,1200,,Iraq,,300021542,https://en.wikipedia.org/wiki/Baghdad_School,Q968159 art movement
Q17004690,Hollywood on the Tiber,era in Italian filmmaking,,,,,,,,https://en.wikipedia.org/wiki/Hollywood_on_the_Tiber,Q968159 art movement
Q17012219,neo-futurism,"late 20th-early 21st century movement in the arts, design, and architecture",,,,,,,,https://en.wikipedia.org/wiki/Neo-futurism,Q968159 art movement; Q1792644 art style
Q21283048,Nanpin school,school of art in Japan,,,,,Japan,,,https://en.wikipedia.org/wiki/Nanpin_school,Q968159 art movement
Q21660465,Lieutenant prose,,,,,,Soviet Union,,,https://en.wikipedia.org/wiki/Lieutenant_prose,Q968159 art movement
Q21662779,Neue Musik,"collective term for a vast number of different currents of composed, Central European influenced music from about 1910 to the present",,,,,,,,https://en.wikipedia.org/wiki/Neue_Musik,Q968159 art movement
Q22082112,Cyborg art,,,,,,,,,https://en.wikipedia.org/wiki/Cyborg_art,Q968159 art movement
Q22092193,Haitian Vodou art,associated with the Vodou religion of Haiti,,,,,,,,https://en.wikipedia.org/wiki/Haitian_Vodou_art,Q968159 art movement
Q22138607,Charleston Renaissance,period between World Wars I and II,,,,,United States,,,https://en.wikipedia.org/wiki/Charleston_Renaissance,Q968159 art movement
Q23139826,Polish School,,,,,,,,,https://en.wikipedia.org/wiki/Polish_School_(music),Q968159 art movement
Q189772,Brazilian academic art,art movement in Brazil,,,,,Brazil,Q189458,,https://en.wikipedia.org/wiki/Brazilian_academic_art,Q968159 art movement
Q190390,The Five,circle of five prominent 19th-century Russian composers,,,,,,,,https://en.wikipedia.org/wiki/The_Five_(composers),Q968159 art movement
Q191970,Suprematism,early 20th-century art movement,1913-01-01T00:00:00Z,,1913,,Russian Empire,Q21550814; Q207103; Q42934,300021405,https://en.wikipedia.org/wiki/Suprematism,Q968159 art movement
Q192068,eclecticism,conceptual approach,,,,,,,300056522,https://en.wikipedia.org/wiki/Eclecticism,Q968159 art movement
Q193541,French New Wave,c. 1960s movement in French cinema,1958-01-01T00:00:00Z,1960-01-01T00:00:00Z,1958,1960,France,,,https://en.wikipedia.org/wiki/French_New_Wave,Q968159 art movement
Q1807353,Barroquismo (barroco),Spanish stylistic movement in the Baroque period,,,,,,,,https://en.wikipedia.org/wiki/Culteranismo,Q968159 art movement
Q1811620,ledger art,Native American narrative art,,,,,,,,https://en.wikipedia.org/wiki/Ledger_art,Q968159 art movement
Q1811682,New Weird America,subgenre of psychedelic folk music of the mid-late 2000s,,,,,,,,https://en.wikipedia.org/wiki/New_Weird_America,Q968159 art movement
Q1820450,Les Apaches,"group of musicians, writers and artists which formed around 1900 in Paris, France",,,,,French Third Republic,,,https://en.wikipedia.org/wiki/Les_Apaches,Q968159 art movement
Q1848091,punctualism,musical technique,,,,,,,,https://en.wikipedia.org/wiki/Punctualism,Q968159 art movement
Q1879488,Russian symbolism,activities and events of the Symbolist movement in 19th-century Russia,,,,,,,,https://en.wikipedia.org/wiki/Russian_symbolism,Q968159 art movement
Q1886249,straight photography,photography with a sharp focus and detail,,,,,,,300134613,https://en.wikipedia.org/wiki/Straight_photography,Q968159 art movement
Q1899347,post-punk revival,genre of indie rock music,1996-01-01T00:00:00Z,,1996,,United States; United Kingdom,,,https://en.wikipedia.org/wiki/Post-punk_revival,Q968159 art movement
Q1901958,neoromanticism in music,artistic concept,,,,,,,,https://en.wikipedia.org/wiki/Neoromanticism_(music),Q968159 art movement
Q1920546,Czech Cubism,avant-garde art movement,1912-01-01T00:00:00Z,,1912,,Czech Republic; Czechoslovakia,,300265838,https://en.wikipedia.org/wiki/Czech_Cubism,Q968159 art movement; Q32880 architectural style
Q1922216,Merz,term used by Kurt Schwitters,,,,,,,300021345,https://en.wikipedia.org/wiki/Merz_(art_style),Q968159 art movement
Q1935489,Scapigliatura,Milanese artistic and literary movement of the sixties of the 1800s,,,,,,,300122761,https://en.wikipedia.org/wiki/Scapigliatura,Q968159 art movement
Q1940971,Molse School,,,,,,Belgium,,,https://en.wikipedia.org/wiki/Molse_School,Q968159 art movement
Q1962478,Post-painterly Abstraction,Term coined by art critic Clement Greenberg,1960-01-01T00:00:00Z,,1960,,,,,https://en.wikipedia.org/wiki/Post-painterly_abstraction,Q968159 art movement
Q1968335,Stroganov school,major Russian icon-painting school,,,,,Tsardom of Russia,,,https://en.wikipedia.org/wiki/Stroganov_school,Q968159 art movement
Q15055145,New Objectivity,movement in film,1920-01-01T00:00:00Z,1933-01-01T00:00:00Z,1920,1933,Weimar Republic,,,https://en.wikipedia.org/wiki/New_Objectivity_(filmmaking),Q968159 art movement
Q15820459,Islamic metalwork,metal artworks from Islamic cultures,,,,,,,,https://en.wikipedia.org/wiki/Islamic_metalwork,Q968159 art movement
Q15838173,Regionalism,American realist art movement,,,,,,,300172866,https://en.wikipedia.org/wiki/Regionalism_(art),Q968159 art movement
Q15941800,Ghent-Bruges school,school of manuscript illumination in the Southern Netherlands,1475-01-01T00:00:00Z,1550-01-01T00:00:00Z,1475,1550,Southern Netherlands,,,https://en.wikipedia.org/wiki/Ghent%E2%80%93Bruges_school,Q968159 art movement
Q16078197,Chinese Northeast Writers Group,,,,,,,,,https://en.wikipedia.org/wiki/Chinese_Northeast_Writers_Group,Q968159 art movement
Q16123956,Baghdad Modern Art Group,Iraqi art collective and movement,1951-01-01T00:00:00Z,,1951,,Iraq,,,https://en.wikipedia.org/wiki/Baghdad_Modern_Art_Group,Q968159 art movement
Q16191884,Neo-Grec,Neoclassical revival style of the mid-to-late 19th century,,,,,,,300112469,https://en.wikipedia.org/wiki/Neo-Grec,Q968159 art movement
Q16252362,Malayalam new generation,Malayalam film movement,2011-01-01T00:00:00Z,,2011,,India,,,https://en.wikipedia.org/wiki/New_generation_(Malayalam_film_movement),Q968159 art movement
Q16329873,New Athenian School,Greek literary movement,,,,,Greece,,,https://en.wikipedia.org/wiki/New_Athenian_School,Q968159 art movement
Q16415740,Absheron carpet weaving school,Azerbaijani carpet weaving school,,,,,Azerbaijan,,,https://en.wikipedia.org/wiki/Absheron_carpet_weaving_school,Q968159 art movement
Q16488690,Armenian Renaissance,,,,,,,,,https://en.wikipedia.org/wiki/Armenian_Renaissance,Q968159 art movement
Q19854782,Xueheng School,major school of thought in 1920s and 1930s China,,,,,,,,https://en.wikipedia.org/wiki/Xueheng_School,Q968159 art movement
Q19879265,Jewish Painters of Montreal,group of Jewish artists in Montreal during the 1930s and 1940s,,,,,Canada,,,https://en.wikipedia.org/wiki/Jewish_Painters_of_Montreal,Q968159 art movement
Q19953535,Victorian painting,style of painting in the UK in the Victorian era,1837-01-01T00:00:00Z,1901-01-01T00:00:00Z,1837,1901,United Kingdom,,,https://en.wikipedia.org/wiki/Victorian_painting,Q968159 art movement
Q20645040,Stile Liberty,architectural and artistic movement derivated from Art Nouveau and present in late-19th-century in Italy,,,,,Italy,,300021362,https://en.wikipedia.org/wiki/Liberty_style,Q968159 art movement
Q20747586,Crystal Cubism,distilled form of Cubism after a shift between 1915 and 1916 towards a strong emphasis on flat surface activity and large overlapping geometric planes,,,,,,,,https://en.wikipedia.org/wiki/Crystal_Cubism,Q968159 art movement
Q21008562,Geometry of Fear,group of British sculptors,,,,,United Kingdom,,,https://en.wikipedia.org/wiki/Geometry_of_Fear,Q968159 art movement
Q21036728,ecological art,genre of art,,,,,,,300249275,https://en.wikipedia.org/wiki/Ecological_art,Q968159 art movement
Q21044296,Potosi School,17th-century art movement in Bolivia,,,,,Bolivia,,,https://en.wikipedia.org/wiki/Potosi_School,Q968159 art movement
Q21065894,Nollywood,sobriquet of Nigerian cinema,1993-01-01T00:00:00Z,,1993,,Nigeria,,,https://en.wikipedia.org/wiki/Nollywood,Q968159 art movement
Q157123,Carolingian Renaissance,8th-9th century renaissance within the Carolingian Empire,0800-01-01T00:00:00Z,0900-01-01T00:00:00Z,800,900,,,,https://en.wikipedia.org/wiki/Carolingian_Renaissance,Q968159 art movement
Q160218,New Objectivity,"attitude of public life in Weimar Germany as well as the art, literature, music, and architecture created to adapt to it",,,,,,Q173782,300378891,https://en.wikipedia.org/wiki/New_Objectivity,Q968159 art movement; Q1792644 art style
Q160476,German Expressionism,cultural movement,1910-01-01T00:00:00Z,1930-01-01T00:00:00Z,1910,1930,,,300375149,https://en.wikipedia.org/wiki/German_expressionist_cinema,Q968159 art movement
Q161776,Group E,group of Attic vase painters of the black-figure style,,,,,,,,https://en.wikipedia.org/wiki/Group_E_(vase_painting),Q968159 art movement
Q163775,medieval music,Western music written during the Middle Ages,0500-01-01T00:00:00Z,1400-01-01T00:00:00Z,500,1400,,,,https://en.wikipedia.org/wiki/Medieval_music,Q968159 art movement
Q164800,Symbolism,"late nineteenth-century art movement of French, Russian and Belgian origin seeking to represent absolute truths symbolically through language and metaphorical images",1857-01-01T00:00:00Z,,1857,,Belgium; France; Russian Empire; Second Polish Republic,,300021514,https://en.wikipedia.org/wiki/Symbolism_(movement),Q968159 art movement
Q166593,Fauvism,artistic style that emphasized painterly qualities and strong color over the representational or realistic values retained by Impressionism,1904-01-01T00:00:00Z,,1904,,,,300021300,https://en.wikipedia.org/wiki/Fauvism,Q968159 art movement; Q1792644 art style
Q166713,Post-impressionism,predominantly French art movement that developed roughly between 1886 and 1905,1886-01-01T00:00:00Z,1905-01-01T00:00:00Z,1886,1905,,,300021508,https://en.wikipedia.org/wiki/Post-Impressionism,Q968159 art movement
Q167776,Italian neorealism,national film movement characterized by stories set amongst the poor and the working class,,,,,,,300375135,https://en.wikipedia.org/wiki/Italian_neorealism,Q968159 art movement
Q170292,Classicism,art movement; architectural style,1660-01-01T00:00:00Z,1725-01-01T00:00:00Z,1660,1725,,,300056513,https://en.wikipedia.org/wiki/Classicism,Q968159 art movement; Q32880 architectural style
Q173436,Minimalism,movements in various forms of art and design,,,,,,Q878985,300065758,https://en.wikipedia.org/wiki/Minimalism,Q968159 art movement; Q32880 architectural style
Q1474884,High Renaissance,short period of the most exceptional artistic production during the Italian Renaissance,1494-01-01T00:00:00Z,1527-01-01T00:00:00Z,1494,1527,Italy,,300021142,https://en.wikipedia.org/wiki/High_Renaissance,Q968159 art movement; Q32880 architectural style
Q1475680,impressionism,movement in literature,,,,,,,,https://en.wikipedia.org/wiki/Impressionism_(literature),Q968159 art movement
Q1477428,M-Base,music genre or scene,1985-01-01T00:00:00Z,,1985,,United States,,,https://en.wikipedia.org/wiki/M-Base,Q968159 art movement
Q1478651,Oseberg style,,,,,,,,300263131,https://en.wikipedia.org/wiki/Oseberg_style,Q968159 art movement
Q1479489,aeropittura,20th century Italian art movement,1920-01-01T00:00:00Z,1940-01-01T00:00:00Z,1920,1940,Italy,,300122757,https://en.wikipedia.org/wiki/Aeropittura,Q968159 art movement
Q1506874,Saudosismo,Portuguese aesthetic and philosophical movement,,,,,Portugal,,,https://en.wikipedia.org/wiki/Saudosismo,Q968159 art movement
Q1518145,sōsaku-hanga,art movement in early 20th-century Japan,1904-01-01T00:00:00Z,,1904,,Empire of Japan,Q772046; Q185905,300310626,https://en.wikipedia.org/wiki/S%C5%8Dsaku-hanga,Q968159 art movement
Q1534821,golden age hip-hop,"name given to mainstream hip hop music created in the mid/late 1980s and early 1990s, particularly by artists and musicians originating from the New York metropolitan area",,,,,,,,https://en.wikipedia.org/wiki/Golden_age_hip-hop,Q968159 art movement
Q1536024,Tingatinga,contemporary painting style in Tansania,,,,,,,,https://en.wikipedia.org/wiki/Tingatinga_(painting),Q968159 art movement
Q1543997,Rock Against Racism,music festival and campaign,1976-01-01T00:00:00Z,,1976,,United Kingdom,,,https://en.wikipedia.org/wiki/Rock_Against_Racism,Q968159 art movement
Q1556741,Gustavian style,art movement,,,,,Sweden,,,https://en.wikipedia.org/wiki/Gustavian_style,Q968159 art movement; Q32880 architectural style
Q1569950,internet art,art that uses the Internet as a medium or subject,,,,,,Q863590,300419940,https://en.wikipedia.org/wiki/Internet_art,Q968159 art movement
Q2141991,Norwich school of painters,"founded in 1803 in Norwich, the school was the first provincial art movement in Britain",1803-01-01T00:00:00Z,,1803,,,,,https://en.wikipedia.org/wiki/Norwich_school_of_painters,Q968159 art movement
Q2147940,New Hague School,movement in the fine arts 1950s and 1960s,,,,,Netherlands,,,https://en.wikipedia.org/wiki/New_Hague_School_(visual_arts),Q968159 art movement
Q2164565,holy minimalism,term used to describe the musical works of a number of late-twentieth-century composers of Western classical music,1970-01-01T00:00:00Z,,1970,,,,,https://en.wikipedia.org/wiki/Holy_minimalism,Q968159 art movement
Q2166646,Classical Hollywood cinema,style of filmmaking characteristic of American cinema between the 1910s and the 1960s,,,,,,,,https://en.wikipedia.org/wiki/Classical_Hollywood_cinema,Q968159 art movement
Q2185042,Flemish painting,paintings from Flanders from the early 15th century until the 17th century,,,,,,,,https://en.wikipedia.org/wiki/Flemish_painting,Q968159 art movement
Q2195355,futurism,20th-century movement in music,1909-01-01T00:00:00Z,,1909,,,,,https://en.wikipedia.org/wiki/Futurism_(music),Q968159 art movement
Q2196653,créolité,literary movement first developed in the 1980s as a response to the perceived inadequacies of the négritude movement; neologism which attempts to describe the cultural and linguistic heterogeneity of places like the Antilles,,,,,,,,https://en.wikipedia.org/wiki/Cr%C3%A9olit%C3%A9,Q968159 art movement
Q2246318,maximalism,art movement,,,,,,,,https://en.wikipedia.org/wiki/Maximalism,Q968159 art movement
Q2247333,Sestigers,afrikaans writers' movement,,,,,South Africa,,,https://en.wikipedia.org/wiki/Sestigers,Q968159 art movement
Q2251066,Brighton School,loosely associated group of filmmakers active in the Brighton and Hove area of England 1896-1910,,,,,United Kingdom,,,https://en.wikipedia.org/wiki/Brighton_School_(filmmaking),Q968159 art movement
Q2268037,Neo-figurative,expressionist revival art movement,,,,,,,,https://en.wikipedia.org/wiki/Nueva_Figuraci%C3%B3n,Q968159 art movement
Q2272912,English Renaissance,cultural and artistic movement in England dating from the late 15th century to the early 17th century,1485-01-01T00:00:00Z,1700-01-01T00:00:00Z,1485,1700,United Kingdom,,,https://en.wikipedia.org/wiki/English_Renaissance,Q968159 art movement
Q2297646,Utagawa school,"one of the main schools of ukiyo-e, founded by Utagawa Toyoharu in the 19th century",1900-01-01T00:00:00Z,,1900,,Japan,,300018662,https://en.wikipedia.org/wiki/Utagawa_school,Q968159 art movement
Q2297997,Movimento Spaziale,art movement,1947-01-01T00:00:00Z,,1947,,,,,https://en.wikipedia.org/wiki/Spatialism,Q968159 art movement
Q173782,Art Deco,influential visual arts design style which first appeared in France during the 1920s,1925-01-01T00:00:00Z,,1925,,France,Q16675384; Q524154; Q245188; Q207103; Q153793; Q131221; Q47942; Q42934; Q35548,300021426,https://en.wikipedia.org/wiki/Art_Deco,Q968159 art movement; Q1792644 art style
Q174988,Thirties Generation,art and literary movement in Greece,,,,,Greece,,,https://en.wikipedia.org/wiki/Generation_of_the_%2730s,Q968159 art movement
Q177725,abstract expressionism,American post–World War II art movement,1940-01-01T00:00:00Z,,1940,,,Q133566747,300022099,https://en.wikipedia.org/wiki/Abstract_expressionism,Q968159 art movement
Q180902,socialist realism,art style depicting communist values,1932-01-01T00:00:00Z,,1932,,Soviet Union,Q2470594; Q6186,300021404,https://en.wikipedia.org/wiki/Socialist_realism,Q968159 art movement; Q1792644 art style
Q182331,op art,style of visual art that uses optical illusions,1960-01-01T00:00:00Z,,1960,,,,300022195,https://en.wikipedia.org/wiki/Op_art,Q968159 art movement
Q184814,Pre-Raphaelite Brotherhood,"group of English painters, poets, and critics, founded in 1848",1848-01-01T00:00:00Z,,1848,,,Q179126,300021225,https://en.wikipedia.org/wiki/Pre-Raphaelite_Brotherhood,Q968159 art movement
Q185858,Franco-Flemish School,Franco-Flemish style of vocal music,,,,,Burgundian Netherlands,,300020835,https://en.wikipedia.org/wiki/Franco-Flemish_School,Q968159 art movement
Q185905,ukiyo-e,"Japanese art genre, fl. 17th–19th c., consisting of woodblock prints and paintings of such subjects as female beauties, kabuki actors, sumo wrestlers, scenes from history and folk tales, travel scenes, landscapes, flora, fauna, and erotica",1700-01-01T00:00:00Z,1900-01-01T00:00:00Z,1700,1900,Japan,,300106769,https://en.wikipedia.org/wiki/Ukiyo-e,Q968159 art movement
Q1578378,Precisionism,art movement,,,,,,Q131221; Q42934,,https://en.wikipedia.org/wiki/Precisionism,Q968159 art movement
Q1580145,Hellenistic sculpture,sculpture of the Hellenistic culture of antiquity,-0322-01-01T00:00:00Z,,-323,,,,,https://en.wikipedia.org/wiki/Hellenistic_sculpture,Q968159 art movement
Q1606571,Italian Futurism in cinema,movement in film history from 1916 to 1919,,,,,,,,https://en.wikipedia.org/wiki/Italian_futurism_in_cinema,Q968159 art movement
Q1628039,Utrecht Caravaggism,art movement,1610-01-01T00:00:00Z,1630-01-01T00:00:00Z,1610,1630,Dutch Republic,Q42207,,https://en.wikipedia.org/wiki/Utrecht_Caravaggism,Q968159 art movement
Q1633309,Yōga,"style of paintings by Japanese artists, made in accordance with Western (European) traditional conventions, techniques and materials",1860-01-01T00:00:00Z,,1860,,Japan,,300113571,https://en.wikipedia.org/wiki/Y%C5%8Dga,Q968159 art movement
Q1662181,New Primitivism,"subcultural movement established in Sarajevo, SR Bosnia-Herzegovina, SFR Yugoslavia in March 1983",1983-03-01T00:00:00Z,,1983,,Socialist Republic of Bosnia and Herzegovina,,,https://en.wikipedia.org/wiki/New_Primitivism,Q968159 art movement
Q1672082,Ionian school,group of Heptanesian composers,,,,,,,,https://en.wikipedia.org/wiki/Ionian_school_(music),Q968159 art movement
Q1672822,Celtic Revival,"renewed interest in Celtic culture in the 19th, 20th and 21st centuries",,,,,,,,https://en.wikipedia.org/wiki/Celtic_Revival,Q968159 art movement
Q1681980,Cologne Progressives,Left wing art movement in Germany in the 1920s-30s,,,,,Germany,,,https://en.wikipedia.org/wiki/Cologne_Progressives,Q968159 art movement
Q1683337,nishiki-e,Japanese multi-colored woodblock printing,1765-01-01T00:00:00Z,,1765,,Japan,,300114379,https://en.wikipedia.org/wiki/Nishiki-e,Q968159 art movement
Q1713406,Young Germany,disestablishmentarian think tank consiting of young German artists from 1830-1850,1830-01-01T00:00:00Z,1850-01-01T00:00:00Z,1830,1850,Germany,,,https://en.wikipedia.org/wiki/Young_Germany,Q968159 art movement
Q1726609,Urnes style,Viking Age style of ornament,1100-01-01T00:00:00Z,,1100,,,,300020939,https://en.wikipedia.org/wiki/Urnes-style,Q968159 art movement
Q1728571,capitalist realism,"term for commodity-based art, from Pop Art in the 1950s and 1960s to the commodity art of the 1980s and 1990s",,,,,,,300253478,https://en.wikipedia.org/wiki/Capitalist_realism,Q968159 art movement
Q1729220,Karelianism,19th-century Finnic cultural phenomenon,,,,,Finland; Russian Empire,,,https://en.wikipedia.org/wiki/Karelianism,Q968159 art movement
Q1752801,Rock in Opposition,music genre; movement representing progressive bands in the late 1970s united in opposition to the music industry,1978-01-01T00:00:00Z,,1978,,Europe,,,https://en.wikipedia.org/wiki/Rock_in_Opposition,Q968159 art movement
Q1756140,Neapolitan School,composition school,,,,,,,,https://en.wikipedia.org/wiki/Neapolitan_School,Q968159 art movement
Q1759189,mangue bit,cultural movement created circa 1991 in the city of Recife in Northeast Brazil,1991-01-01T00:00:00Z,,1991,,Brazil,,,https://en.wikipedia.org/wiki/Mangue_bit,Q968159 art movement
Q1759385,Conceptismo,literary movement of the Baroque period of Portuguese and Spanish literature,,,,,,,,https://en.wikipedia.org/wiki/Conceptismo,Q968159 art movement
Q1771008,hallucinatory realism,Term used by critics in describing works of art,,,,,,,,https://en.wikipedia.org/wiki/Hallucinatory_realism,Q968159 art movement
Q1775316,progg,1960s/70s Swedish left-wing music scene,1968-01-01T00:00:00Z,,1968,,Sweden,,,https://en.wikipedia.org/wiki/Progg,Q968159 art movement
Q1777842,severe style,period of ancient Greek sculpture,,,,,,,300020221,https://en.wikipedia.org/wiki/Severe_style,Q968159 art movement
Q2302005,Generation of '50,Spanish literary movement,,,,,Spain,,,https://en.wikipedia.org/wiki/Generation_of_%2750,Q968159 art movement
Q2306483,Regong arts,popular arts on the subject of Tibetan Buddhism,,,,,People's Republic of China,,,https://en.wikipedia.org/wiki/Regong_arts,Q968159 art movement
Q2309283,Generation of '36,group of Spanish artists,,,,,Spain,,,https://en.wikipedia.org/wiki/Generation_of_%2736,Q968159 art movement
Q2312119,Mao-Spontex,libertarian Maoist ideology,,,,,,,,https://en.wikipedia.org/wiki/Mao-spontex,Q968159 art movement
Q2316866,geometric abstraction,form of abstract art involving geometry,,,,,,,300056509,https://en.wikipedia.org/wiki/Geometric_abstraction,Q968159 art movement
Q2330738,Yugoslav Black Wave,movement in Yugoslav cinema,,,,,,,,https://en.wikipedia.org/wiki/Yugoslav_Black_Wave,Q968159 art movement
Q13422166,urushi-e,two types of Japanese artworks,,,,,Japan,,300041550,https://en.wikipedia.org/wiki/Urushi-e,Q968159 art movement
Q13635766,Hellenism,art movement associated with Germany and England in the eighteenth and nineteenth centuries,,,,,,,,https://en.wikipedia.org/wiki/Hellenism_(neoclassicism),Q968159 art movement
Q14758079,Sardinian Literary Spring,"millennial period of literature of Sardinia, Italy",,,,,Italy,,,https://en.wikipedia.org/wiki/Sardinian_Literary_Spring,Q968159 art movement
Q17079316,Mexican Renaissance,,,,,,,,,https://en.wikipedia.org/wiki/Mexican_Renaissance,Q968159 art movement
Q17089653,feminist art movement,efforts and accomplishments of feminists internationally to produce art that reflects women's lives and experiences,,,,,,Q7252,,https://en.wikipedia.org/wiki/Feminist_art_movement,Q968159 art movement
Q17092619,interstitial art,Art of basic nature,,,,,,,,https://en.wikipedia.org/wiki/Interstitial_art,Q968159 art movement
Q17107771,Nut art movement,art movement,1960-01-01T00:00:00Z,,1960,,United States,,,https://en.wikipedia.org/wiki/Nut_Art,Q968159 art movement
Q17108925,London Regionalism,"art movement centered on London, Ontario",,,,,Canada,,,https://en.wikipedia.org/wiki/London_Regionalism,Q968159 art movement
Q17144155,Verdadism,art style,,,,,,,,https://en.wikipedia.org/wiki/Verdadism,Q968159 art movement
Q17152287,Music in the Elizabethan era,period in the musical history of the Kingdom of England,,,,,,,,https://en.wikipedia.org/wiki/Music_in_the_Elizabethan_era,Q968159 art movement
Q17152838,vulgar auteurism,movement in latter-day cinephilia and film criticism,2010-01-01T00:00:00Z,,2010,,,,,https://en.wikipedia.org/wiki/Vulgar_auteurism,Q968159 art movement
Q17153088,post-conceptual,art theory,,,,,,Q683378; Q203209,300116825,https://en.wikipedia.org/wiki/Post-conceptual_art,Q968159 art movement
Q17165854,Late modernism,Term for art and literature produced after 1945,,,,,,,,https://en.wikipedia.org/wiki/Late_modernism,Q968159 art movement
Q17299972,post-internet,movement in arts and criticism,,,,,,,,https://en.wikipedia.org/wiki/Post-Internet,Q968159 art movement
Q18202402,Decorative painting in Hälsingland,"Folk art tradition focused on decorative interiors in Hälsingland, Sweden",1600-01-01T00:00:00Z,,1600,,Sweden,,,https://en.wikipedia.org/wiki/Decorative_painting_in_H%C3%A4lsingland,Q968159 art movement; Q1792644 art style
Q18351775,digital fashion,visual representation of clothing with digital software,,,,,,,,https://en.wikipedia.org/wiki/Digital_fashion,Q968159 art movement
Q18392048,New school,tattoo style,,,,,United States,,,https://en.wikipedia.org/wiki/New_school_(tattoo),Q968159 art movement
Q18392143,Objective Abstraction,,,,,,,,,https://en.wikipedia.org/wiki/Objective_abstraction,Q968159 art movement
Q18405064,fumisme,an outrageous movement in Parisian art (1870s - 1910s) that preceded Dadaism by 40 years,,,,,,,,https://en.wikipedia.org/wiki/Fumism,Q968159 art movement
Q18431627,Byzantine literature of the Komnenian and Angelid periods,period of Byzantine literature from 1081 to 1204,,,,,Byzantine Empire,,,https://en.wikipedia.org/wiki/Byzantine_literature_of_the_Komnenian_and_Angelid_periods,Q968159 art movement
Q18476421,Porn Art Movement,transgressive Brazilian avant-garde movement that started in 1980 and ended in 1982,1980-01-01T00:00:00Z,,1980,,Brazil,,,https://en.wikipedia.org/wiki/Porn_Art_Movement,Q968159 art movement
Q19668527,Young Figuratives,title of a series of exhibitions,,,,,,,,https://en.wikipedia.org/wiki/Young_Figuratives,Q968159 art movement
Q134883921,Vladimir-Suzdal school (art),Old Russian art school,,,,,,,,https://en.wikipedia.org/wiki/Vladimir-Suzdal_school,Q968159 art movement
Q135180390,Latino Futurism,"A literary, artistic, and cultural movement that reimagines Latino experiences through speculative fiction and futurist aesthetics",,,,,,,,https://en.wikipedia.org/wiki/Latino_Futurism,Q968159 art movement
Q135651454,New Chinese Northeast Writers Group,Chinese literary movement,,,,,People's Republic of China,,,https://en.wikipedia.org/wiki/New_Chinese_Northeast_Writers_Group,Q968159 art movement
Q136311574,Ljubljana School of Graphic Arts,visual arts movement in Slovenia,,,,,,,,https://en.wikipedia.org/wiki/Ljubljana_School_of_Graphic_Arts,Q968159 art movement
Q136529558,Medway Archives Centre,"local archive service and records repository in Medway, Kent, England, operated by Medway Council",2017-01-01T00:00:00Z,,2017,,United Kingdom,,,https://en.wikipedia.org/wiki/Medway_Archives_Centre,Q968159 art movement
Q136656910,,Puerto Rican art movement,,,,,,,,https://en.wikipedia.org/wiki/Yaucromatic,Q968159 art movement
Q140390571,Syriac Renaissance,revival of Syriac literary culture in the 11th-13th centuries,,,,,,,,https://en.wikipedia.org/wiki/Syriac_Renaissance,Q968159 art movement
Q140710437,mexican modernism,twentieth-century artistic and design movements in Mexico,,,,,,,,https://en.wikipedia.org/wiki/Mexican_modernism,Q968159 art movement
Q140714107,Taxco school of silver design,20th-century Mexican silver design movement centred in Taxco,,,,,Mexico,,,https://en.wikipedia.org/wiki/Taxco_school_of_silver_design,Q968159 art movement
Q207591,Romantic music,music of the Romantic period,1800-01-01T00:00:00Z,1900-01-01T00:00:00Z,1800,1900,,,,https://en.wikipedia.org/wiki/Romantic_music,Q968159 art movement
Q207741,Sturm und Drang,Proto-Romantic movement in German literature and music,,,,,,,,https://en.wikipedia.org/wiki/Sturm_und_Drang,Q968159 art movement
Q208208,Vienna Secession,group of Austrian artists and architects,1897-04-03T00:00:00Z,,1897,,Austria; Austria–Hungary,,,https://en.wikipedia.org/wiki/Vienna_Secession,Q968159 art movement; Q32880 architectural style
Q211418,British Invasion,"cultural phenomenon of the mid-1960s, when rock and pop music acts from the United Kingdom and other aspects of British culture became popular in the United States",,,,,,,,https://en.wikipedia.org/wiki/British_Invasion,Q968159 art movement
Q211481,Dogme 95,"1995 Manifesto by Lars von Trier, Thomas Vinterberg, Kristian Levring and Søren Kragh-Jacobsen",1995-01-01T00:00:00Z,,1995,,,,,https://en.wikipedia.org/wiki/Dogme_95,Q968159 art movement
Q212611,COBRA,artist collective and art movement,1948-11-08T00:00:00Z,1951-01-01T00:00:00Z,1948,1951,Belgium,Q158840,,https://en.wikipedia.org/wiki/COBRA_(art_movement),Q968159 art movement
Q213457,Beat Generation,literary movement,,,,,,Q991,300387623,https://en.wikipedia.org/wiki/Beat_Generation,Q968159 art movement
Q213523,Quattrocento,Italian Renaissance,,,,,Republic of Venice; Republic of Florence,,,https://en.wikipedia.org/wiki/Quattrocento,Q968159 art movement
Q215198,verguismo,Italian literary movement,,,,,Italy,,,https://en.wikipedia.org/wiki/Verismo_(literature),Q968159 art movement
Q217213,action painting,style of painting,1940-01-01T00:00:00Z,1960-01-01T00:00:00Z,1940,1960,,,300112061,https://en.wikipedia.org/wiki/Action_painting,Q968159 art movement
Q221375,Hellenistic art,art movement,,,,,,,,https://en.wikipedia.org/wiki/Hellenistic_art,Q968159 art movement
Q222466,Viking art,term for art of Scandinavia and Viking settlements of 8th-11th centuries CE,0800-01-01T00:00:00Z,1100-01-01T00:00:00Z,800,1100,Norway; Sweden; Denmark,,300021010,https://en.wikipedia.org/wiki/Viking_art,Q968159 art movement
Q224885,Transavantgarde,art movement,,,,,Italy,,300022218,https://en.wikipedia.org/wiki/Transavantgarde,Q968159 art movement
Q233225,Second Generation of Postwar Writers,classification in modern Japanese literature,,,,,Japan,,,https://en.wikipedia.org/wiki/Second_Generation_of_Postwar_Writers,Q968159 art movement
Q1332178,Sienese school,painting style developed in 14th-century Siena,1300-01-01T00:00:00Z,,1300,,Italy,,,https://en.wikipedia.org/wiki/Sienese_school,Q968159 art movement
Q1332488,Groupe de Recherche d’Art Visuel,artist collective,1961-07-01T00:00:00Z,1968-11-01T00:00:00Z,1961,1968,France,,,https://en.wikipedia.org/wiki/Groupe_de_Recherche_d%27Art_Visuel,Q968159 art movement
Q1333388,Els Setze Jutges,Group of Catalan singer-songwriters,1961-01-01T00:00:00Z,1968-01-01T00:00:00Z,1961,1968,Spain,,,https://en.wikipedia.org/wiki/Els_Setze_Jutges,Q968159 art movement
Q1335478,Katsukawa school,Japanese art movement,1750-01-01T00:00:00Z,,1750,,Japan,,300018655,https://en.wikipedia.org/wiki/Katsukawa_school,Q968159 art movement
Q1338114,Spin art,abstract art form,,,,,,,,https://en.wikipedia.org/wiki/Spin_art,Q968159 art movement
Q1338153,20th-century classical music,art movement,1900-01-01T00:00:00Z,,1900,,,,,https://en.wikipedia.org/wiki/20th-century_classical_music,Q968159 art movement
Q1344860,historically informed performance,approach to the performance of classical music,1970-01-01T00:00:00Z,,1970,,,,,https://en.wikipedia.org/wiki/Historically_informed_performance,Q968159 art movement
Q1347824,La Movida Madrileña,countercultural movement during the Spanish transition after Francisco Franco's 1975 death,,,,,Spain,,,https://en.wikipedia.org/wiki/La_Movida_Madrile%C3%B1a,Q968159 art movement
Q1351977,Stuckism,international art movement,1999-01-01T00:00:00Z,,1999,,,,300265674,https://en.wikipedia.org/wiki/Stuckism,Q968159 art movement
Q1352102,Free Cinema,British documentary film movement,1953-01-01T00:00:00Z,1959-01-01T00:00:00Z,1953,1959,United Kingdom,,,https://en.wikipedia.org/wiki/Free_Cinema,Q968159 art movement
Q2012198,Modern Breakthrough,Movement of naturalism and debating literature in Scandinavia,1870-01-01T00:00:00Z,1890-01-01T00:00:00Z,1870,1890,,,,https://en.wikipedia.org/wiki/Modern_Breakthrough,Q968159 art movement
Q2035672,creacionismo,literary movement,,,,,,,,https://en.wikipedia.org/wiki/Creationism_(literary_movement),Q968159 art movement
Q2043724,Village Prose,movement in Soviet literature,,,,,Soviet Union,,,https://en.wikipedia.org/wiki/Village_prose,Q968159 art movement
Q2052959,Latin translations of the 12th century,,,,,,,,,https://en.wikipedia.org/wiki/Latin_translations_of_the_12th_century,Q968159 art movement
Q2094039,surimono,genre of Japanese woodblock print,1790-01-01T00:00:00Z,1830-01-01T00:00:00Z,1790,1830,Japan,,300041296,https://en.wikipedia.org/wiki/Surimono,Q968159 art movement
Q2096208,Pioneer Group,a number of red-figure vase painters working in Kerameikos or the potters' quarter of Athens around the beginning of the 5th century BCE,,,,,,,,https://en.wikipedia.org/wiki/Pioneer_Group,Q968159 art movement
Q2102557,Kapists,Twentieth century art movement in Poland,,,,,Poland,,,https://en.wikipedia.org/wiki/Kapists,Q968159 art movement
Q2107376,Antwerp school,artists active in Antwerp in the 16th and 17th Century,1600-01-01T00:00:00Z,1700-01-01T00:00:00Z,1600,1700,Belgium,Q2914470; Q513860,,https://en.wikipedia.org/wiki/Antwerp_school,Q968159 art movement
Q2115993,psychogeography,exploration of urban environments that emphasizes interpersonal connections to places and arbitrary routes,,,,,,,,https://en.wikipedia.org/wiki/Psychogeography,Q968159 art movement
Q17049382,Hara school of painters,Japanese painting atelier,,,,,,,,https://en.wikipedia.org/wiki/Hara_school_of_painters,Q968159 art movement
Q1352538,Latín mmg todos,late 20th global century proliferation of Latin American literature,,,,,,,,https://en.wikipedia.org/wiki/Latin_American_Boom,Q968159 art movement
Q1358160,Leipzig School,school of painting in East Germany,,,,,East Germany,,,https://en.wikipedia.org/wiki/Leipzig_School_(painting),Q968159 art movement
Q1365482,New Simplicity,music genre and movement,,,,,,,,https://en.wikipedia.org/wiki/New_Simplicity,Q968159 art movement
Q1367277,School of Porto,art movement of architecture,,,,,Portugal,,,https://en.wikipedia.org/wiki/Porto_School_(architecture),Q968159 art movement; Q32880 architectural style
Q1370619,Stridentism,Mexican literary movement,,,,,Mexico,,300120015,https://en.wikipedia.org/wiki/Stridentism,Q968159 art movement
Q1371360,ethnofuturism,literary genre,,,,,,,,https://en.wikipedia.org/wiki/Ethnofuturism,Q968159 art movement
Q1378978,Cretan school,art movement,1300-01-01T00:00:00Z,,1300,,Greece,,,https://en.wikipedia.org/wiki/Cretan_school,Q968159 art movement
Q1382662,Poetism,Czech art and literature movement,1923-01-01T00:00:00Z,,1923,,Czechoslovakia,Q6034,,https://en.wikipedia.org/wiki/Poetism,Q968159 art movement
Q1391488,Figuration Libre,French art movement,,,,,,,,https://en.wikipedia.org/wiki/Figuration_Libre,Q968159 art movement
Q1393470,Mandarin Ducks and Butterflies,school of Chinese literature in the early 20th century,,,,,,,,https://en.wikipedia.org/wiki/Mandarin_Ducks_and_Butterflies,Q968159 art movement
Q1399604,Ottonian Renaissance,renaissance of Late Antique art in Central/Southern Europe under the first 3 Ottonian dynasty Holy Roman Emperors,0936-01-01T00:00:00Z,1002-01-01T00:00:00Z,936,1002,Holy Roman Empire,,,https://en.wikipedia.org/wiki/Ottonian_Renaissance,Q968159 art movement
Q1400843,Cubo-Futurism,Russian art movement,1913-01-01T00:00:00Z,,1913,,Russian Empire,,300021394,https://en.wikipedia.org/wiki/Cubo-Futurism,Q968159 art movement
Q1401605,Russian avant-garde,influential wave of modern art that flourished in Russia about 1890 to 1930,1890-01-01T00:00:00Z,1930-01-01T00:00:00Z,1890,1930,Soviet Union; Russian Empire,,,https://en.wikipedia.org/wiki/Russian_avant-garde,Q968159 art movement
Q1407578,School of Ferrara,painter and book illuminators who follow the style of Cosimo Tura Ferrara,,,,,Italy,,,https://en.wikipedia.org/wiki/School_of_Ferrara,Q968159 art movement
Q1413727,Vienna School of Fantastic Realism,art group,1946-01-01T00:00:00Z,,1946,,Austria,,300022160,https://en.wikipedia.org/wiki/Vienna_School_of_Fantastic_Realism,Q968159 art movement
Q1414130,filk,folk music of science fiction fandom,1940-01-01T00:00:00Z,,1940,,,,,https://en.wikipedia.org/wiki/Filk_music,Q968159 art movement
Q1414953,Trümmerliteratur,German literary movement,,,,,allied-occupied Germany,,,https://en.wikipedia.org/wiki/Tr%C3%BCmmerliteratur,Q968159 art movement
Q1418745,dark romanticism,romanticism sub-genre,,,,,,,,https://en.wikipedia.org/wiki/Dark_Romanticism,Q968159 art movement
Q1419845,Seicento,Italian history and culture during the 17th century,,,,,Republic of Venice,,,https://en.wikipedia.org/wiki/Seicento,Q968159 art movement
Q1423453,scar literature,Chinese literature portraying damage caused by the Cultural Revolution,,,,,,,,https://en.wikipedia.org/wiki/Scar_literature,Q968159 art movement
Q1425138,Mir iskusstva,,1899-01-01T00:00:00Z,1904-01-01T00:00:00Z,1899,1904,Russian Empire,Q40415,300021414,https://en.wikipedia.org/wiki/Mir_iskusstva,Q968159 art movement
Q1428981,Májovci,Czech literary group,,,,,,,,https://en.wikipedia.org/wiki/M%C3%A1jovci,Q968159 art movement
Q1429238,Neo-Attic,art movement,,,,,,,300020212,https://en.wikipedia.org/wiki/Neo-Attic,Q968159 art movement
Q1431376,Baroque literature,literary movement of the Baroque era,,,,,,,,https://en.wikipedia.org/wiki/Baroque_literature,Q968159 art movement
Q181655,Heidelberg School,literary movement,,,,,,,,,Q968159 art movement
Q185728,,,,,,,Germany,,,,Q968159 art movement
Q186837,,,,,,,,,,,Q968159 art movement
Q220416,Zopf style,variant of late Baroque in Central Europe in the 18th century,,,,,,,300108106,,Q968159 art movement; Q32880 architectural style
Q233298,,,,,,,,,,,Q968159 art movement
Q1362030,expressionism,literary movement,,,,,,,,,Q968159 art movement
Q1384838,,,,,,,,,,,Q968159 art movement
Q1417427,Saxon School of Poetry,group of poets in East Germany,,,,,East Germany,,,,Q968159 art movement
Q1419552,Gruppo 63,Italian literary movement,,,,,,,,,Q968159 art movement
Q1424796,,composition school,,,,,,,,,Q968159 art movement
Q1427100,Franco-Saxon School,style of Carolingian illumination,0900-01-01T00:00:00Z,1000-01-01T00:00:00Z,900,1000,West Francia,,300106976,,Q968159 art movement
Q1469679,Petrarchism,literary style inspired by Petrarch,,,,,Spain; Italy; France; United Kingdom,Q1401,,,Q968159 art movement
Q1472236,Early Renaissance,art movement,1420-01-01T00:00:00Z,1500-01-01T00:00:00Z,1420,1500,,,300021141,,Q968159 art movement
Q1495335,Gassan school,,,,,,,,,,Q968159 art movement
Q1496113,Tegai,school of Japanese swordsmithing,,,,,,,,,Q968159 art movement
Q1595590,Heimatkunst,literary movement,,,,,,,,,Q968159 art movement
Q1616091,Het Monochrome Banketje,"term for Dutch minimalist still life paintings by Pieter Claesz, coined by N.R.A. Vroom, between ""laid table"" and ""pronk still life""",,,,,,,300265043,,Q968159 art movement
Q1617315,Hiddensoer Künstlerinnenbund,"group of female artists, artist collective",1919-01-01T00:00:00Z,1933-01-01T00:00:00Z,1919,1933,Germany,,,,Q968159 art movement
Q1713618,Junk art,genre of art made using rubbish or found objects,,,,,,,,,Q968159 art movement
Q1726564,Ringerike style,art style from Scandinavia,1100-01-01T00:00:00Z,1200-01-01T00:00:00Z,1100,1200,,,300021012,,Q968159 art movement
Q1745141,Fantastic Realism,art movement or genre,1960-01-01T00:00:00Z,,1960,,Austria; Germany; Soviet Union,Q213703; Q39427; Q5577,,,Q968159 art movement
Q1750049,modern jazz,jazz style in the 1940s–1960s,,,,,,,,,Q968159 art movement
Q1757166,Gongorism,,,,,,,,,,Q968159 art movement
Q1781785,concretism,movement in arts and literature,,,,,,,,,Q968159 art movement
Q1813036,,,,,,,Belgium,,,,Q968159 art movement
Q1814889,Animism,Belgian art movement,,,,,Belgium,,,,Q968159 art movement
Q1848972,art of the Neolithic,Neolithic art,,,,,,,,,Q968159 art movement
Q1862938,Bruges School,Belgian artistic movement,,,,,Belgium,,,,Q968159 art movement
Q1865108,,,,,,,Weimar Republic,,,,Q968159 art movement
Q1937432,Mino-den,,,,,,,,,,Q968159 art movement
Q1958030,,name of a group of painters from Dutch Limburg,,,,,Netherlands,,,,Q968159 art movement
Q1980819,Neukunstgruppe,,,,,,,,,,Q968159 art movement
Q1982405,,,,,,,United States,,,,Q968159 art movement
Q2009002,Brabant fauvism,Belgian art movement,,,,,,,,,Q968159 art movement
Q2076484,,,,,,,,,,,Q968159 art movement
Q2142893,School of Rembrandt,artistic school following Rembrandt,,,,,,,,,Q968159 art movement
Q2143426,Swiss School,,,,,,,,,,Q968159 art movement
Q2144241,Renouveau catholique,,,,,,,,,,Q968159 art movement
Q2147243,absolute art,,,,,,,,,,Q968159 art movement
Q2171185,Anti-Design,"artistic movement that arose in Italy in the 1960s, born as a reaction to what many avant-garde designers considered the impoverished language of modernism",1960-01-01T00:00:00Z,,1960,,,,,,Q968159 art movement
Q2208015,,,,,,,Netherlands,,,,Q968159 art movement
Q2226071,,,,,,,,,,,Q968159 art movement
Q2251074,School of Rubens,artistic school following Peter Paul Rubens,,,,,,,,,Q968159 art movement
Q2256886,Colonnie d'Anseremme,Belgian artistic movement,,,,,Belgium,,,,Q968159 art movement
Q2283070,,,,,,,Netherlands,,,,Q968159 art movement
Q2299800,Pereval,Russian literary group,,,,,,,,,Q968159 art movement
Q2315766,Haarlem school of painting,collective term for paintings created in Haarlem during the 17th-century,1600-01-01T00:00:00Z,,1600,,Netherlands,,,,Q968159 art movement
Q2317226,,art movement,,,,,,,,,Q968159 art movement
Q13986062,,,,,,,,,,,Q968159 art movement
Q15673106,symbolism,literary expression of the symbolism art movement,,,,,,,,,Q968159 art movement
Q15847917,Solothurner Schule,loose grouping of young Swiss architects working in the southern foothills of the Jura Mountains in Switzerland,,,,,Switzerland,Q162324,,,Q968159 art movement
Q15885248,Renaissance painting,painting movement of that period of European history known as the Renaissance,,,,,,,,,Q968159 art movement
Q15897953,,,,,,,,,,,Q968159 art movement
Q15927729,,,,,,,,,,,Q968159 art movement
Q15931612,Beijing School,,,,,,Republic of China,,,,Q968159 art movement
Q15940442,,,,,,,,,,,Q968159 art movement
Q16064885,art of Classical Greece,,,,,,,,,,Q968159 art movement
Q16143233,,,,,,,,,,,Q968159 art movement
Q16359946,classicism literature,,,,,,,,,,Q968159 art movement
Q16376676,Gladzor  school of Armenian miniature painting,,,,,,,,,,Q968159 art movement
Q16388824,,,,,,,,,,,Q968159 art movement
Q16392356,Crimean school of Armenian miniature painting,,,,,,,,,,Q968159 art movement
Q16400450,Vaspurakan school of Armenian miniature painting,,,,,,,,,,Q968159 art movement
Q16496542,happy rock,musical movement,2009-01-01T00:00:00Z,,2009,,Brazil,,,,Q968159 art movement
Q16528082,,,,,,,,,,,Q968159 art movement
Q16544712,,,,,,,,,,,Q968159 art movement
Q16563821,contemporary sculpture,,,,,,,,,,Q968159 art movement
Q16591725,posse,Italian music term,,,,,,,,,Q968159 art movement
Q16591771,primitivism,musical movement,,,,,,,,,Q968159 art movement
Q16680386,Ton Fan Group,Chinese artistic movement,1956-01-01T00:00:00Z,,1956,,People's Republic of China,Q42934; Q39427,,,Q968159 art movement
Q16712820,furry art,art movement,,,,,,,,,Q968159 art movement
Q17002113,,,,,,,,,,,Q968159 art movement
Q17004391,,,,,,,,,,,Q968159 art movement
Q17009672,,,,,,,,,,,Q968159 art movement
Q17012333,Chinese exile literature,literary genre,,,,,,,,,Q968159 art movement
Q17031053,Gu embroidery,,,,,,People's Republic of China; Shanghai,,,,Q968159 art movement
Q17031861,,,,,,,,,,,Q968159 art movement
Q17036621,,,,,,,,,,,Q968159 art movement
Q17038744,,,,,,,,,,,Q968159 art movement
Q17038889,,,,,,,,,,,Q968159 art movement
Q17040928,,,,,,,,,,,Q968159 art movement
Q17044650,Vietka Painting School,,,,,,,,,,Q968159 art movement
Q17045081,,,,,,,,,,,Q968159 art movement
Q17046819,Babičy School,,,,,,,,,,Q968159 art movement
Q17064818,,,,,,,,,,,Q968159 art movement
Q17066994,,,,,,,,,,,Q968159 art movement
Q17164659,,,,,,,,,,,Q968159 art movement
Q17300745,,,1900-01-01T00:00:00Z,1951-01-01T00:00:00Z,1900,1951,Spain,Q1580216; Q170292,,,Q968159 art movement
Q17630981,Frankenthal school,"school of landscape artists living in Frankenthal, Germany, from c. 1586 to the 1620s",,,,,Electoral Palatinate,,,,Q968159 art movement
Q18086896,Egyptian Revival,art movement,1800-01-01T00:00:00Z,,1800,,,,300021448,,Q968159 art movement
Q18147731,NeoPopRealism,,,,,,,,,,Q968159 art movement
Q18435169,The Dutch Wave,movement in Dutch garden design,,,,,Netherlands,,,,Q968159 art movement
Q18530670,Pre Raphaelite women artists,Pre-Raphaelite women artists (active 1848–1870s),,,,,,,,,Q968159 art movement
Q18647485,Spontanism,art movement,,,,,,,,,Q968159 art movement
Q19335232,Germanic animal ornamentation,decorative style of early Germanic peoples,0500-01-01T00:00:00Z,,500,,,,,,Q968159 art movement
Q19347418,,,,,,,,,,,Q968159 art movement
Q19834166,,,,,,,France,,,,Q968159 art movement
Q19860569,magical Idealism,,,,,,,,,,Q968159 art movement
Q19909570,,,,,,,,,,,Q968159 art movement
Q19953536,neo-Pompeian,painting movement,1900-01-01T00:00:00Z,,1900,,,,,,Q968159 art movement
Q19955669,École d'Arcueil,,,,,,,,,,Q968159 art movement
Q20020039,Yushan School,art movement initiated by Wang Hui,,,,,,,,,Q968159 art movement
Q20497401,,,,,,,Ottoman Empire,,,,Q968159 art movement
Q20512392,Tatev school of Armenian miniature painting,,,,,,,,,,Q968159 art movement
Q20514203,Armenian-French literature,literature of Armenians in France,,,,,,,,,Q968159 art movement
Q20521441,regional literature,literature characteristic by cultural characteristic closely tied to geography,,,,,,,,,Q968159 art movement
Q20542189,,,1950-01-01T00:00:00Z,,1950,,Spain,,,,Q968159 art movement
Q20584349,,,,,,,,,,,Q968159 art movement
Q20608461,Experimentalist Punjabi Poetry,Modernist Punjabi literary rebellion,,,,,,,,,Q968159 art movement
Q20645998,Swedish proletarian literature,,,,,,,,,,Q968159 art movement
Q20658454,Tiffany (style),artistic movement derivated from Art Nouveau and present in late-19th-century in United States,,,,,United States,,300378920,,Q968159 art movement
Q20936218,Anti-form,art movement from the 1960s,1960-01-01T00:00:00Z,,1960,,United States,Q2394116,,,Q968159 art movement
Q20984699,,,,,,,,,,,Q968159 art movement
Q21002895,Generation '28,Chilean art exhibition,1928-01-01T00:00:00Z,,1928,,Chile,,,,Q968159 art movement
Q21011011,posporn,,,,,,,,,,Q968159 art movement
Q21015412,New Haiku,literary movement starting in the early Showa period,1931-01-01T00:00:00Z,,1931,,,,,,Q968159 art movement
Q21045662,,,,,,,,,,,Q968159 art movement
Q21077705,,,,,,,Spain,,,,Q968159 art movement
Q21157755,Contemporary paintings,,,,,,,,,,Q968159 art movement
Q21177100,Club des longues moustaches,French literary movement,,,,,France,,,,Q968159 art movement
Q21503418,Teatro por la Identidad,,2000-01-01T00:00:00Z,,2000,,Argentina,,,,Q968159 art movement
Q21507120,,,,,,,,,,,Q968159 art movement
Q21550800,Neo-Constructivism,20th century movement in visual arts,,,,,,,300112846,,Q968159 art movement
Q21591090,Art Resilience movement,,2014-01-01T00:00:00Z,,2014,,,,,,Q968159 art movement
Q21644028,Leningrad portraiture,Russian painting genre,1921-01-01T00:00:00Z,,1921,,Russia,,,,Q968159 art movement
Q22127329,Fujiwara no Takanobu school,,,,,,,,,,Q968159 art movement
Q22262508,,,,,,,,,,,Q968159 art movement
Q22962969,,,,,,,,,,,Q968159 art movement
Q132889151,,,,,,,Spain; Crown of Aragon,,,,Q968159 art movement
Q132890179,,,,,,,,,,,Q968159 art movement
Q132949829,,,,,,,,,,,Q968159 art movement
Q132966264,,,,,,,,,,,Q968159 art movement
Q132967387,,,,,,,,,,,Q968159 art movement
Q132967668,,,,,,,,,,,Q968159 art movement
Q133040435,,,,,,,,,,,Q968159 art movement
Q133080401,,,,,,,,,,,Q968159 art movement
Q133137695,generative AI art,"A form of digital art created using artificial intelligence models that generate images and videos from user input, without requiring user-trained datasets or algorithmic coding",,,,,,,,,Q968159 art movement
Q133137887,,,,,,,,,,,Q968159 art movement
Q133156371,,,,,,,,,,,Q968159 art movement
Q133249139,,,,,,,,,,,Q968159 art movement
Q133262785,,,,,,,,,,,Q968159 art movement
Q133283549,,,,,,,,,,,Q968159 art movement
Q133451419,Pictures Generation,unofficial group of American artists in the 1970s and 1980s,1970-01-01T00:00:00Z,1980-01-01T00:00:00Z,1970,1980,United States,,,,Q968159 art movement
Q133466071,,,,,,,,,,,Q968159 art movement
Q133468001,,,,,,,,,,,Q968159 art movement
Q133545290,,,,,,,,,,,Q968159 art movement
Q133566461,machine art,,,,,,,,,,Q968159 art movement
Q133566545,Mosan School,,,,,,,,,,Q968159 art movement
Q133566747,Neo-Expressonism,,,,,,,,,,Q968159 art movement
Q133566778,Nothern Renaissance,,,,,,,,,,Q968159 art movement
Q133566777,Non-objective art,,,,,,,,,,Q968159 art movement
Q133574891,Synchronism,,1912-01-01T00:00:00Z,,1912,,,,,,Q968159 art movement
Q133804366,stele studies,,,,,,,,,,Q968159 art movement
Q133820950,kote kei,Japanese music genre,,,,,,,,,Q968159 art movement
Q133868310,,,,,,,,,,,Q968159 art movement
Q133876422,Italian Radical Design,aesthetic movement of the late 1960s,,,,,,,,,Q968159 art movement
Q133889938,,,,,,,,,,,Q968159 art movement
Q134069305,Curvism,"Art movement emphasizing curved lines, often referred to as a sub-style of Cubism.",,,,,,,,,Q968159 art movement
Q134465843,,Mexican art festival,2020-01-01T00:00:00Z,,2020,,Mexico,,,,Q968159 art movement
Q134511671,DOGMA 25,2025 Danish-Swedish art film manifesto,2025-01-01T00:00:00Z,,2025,,,,,,Q968159 art movement
Q134528643,Afrocolor,"Contemporary urban art movement that fuses graffiti, Afrocentric symbolism, and vibrant color palettes to celebrate African identity, culture, and heritage.",,,,,Spain,,,,Q968159 art movement
Q134562565,Yugoslav Partisan art,,1941-01-01T00:00:00Z,1945-01-01T00:00:00Z,1941,1945,Socialist Federal Republic of Yugoslavia,,,,Q968159 art movement
Q134596669,,,,,,,South Africa,,,,Q968159 art movement
Q134613331,second British folk revival,musical movement,,,,,,,,,Q968159 art movement
Q134723309,Proletarian literature in the Kingdom of Romania,,,,,,Kingdom of Romania,,,,Q968159 art movement
Q134958897,Meet Eva Here,Interactive AI avatar art installation/ social experiment exploring human–AI relationships,2024-09-01T00:00:00Z,,2024,,,,,,Q968159 art movement
Q135079128,Cosmic Deliquescence,"sound installation and video performance by Olivia Faye Lathuillière, 2023",2023-01-01T00:00:00Z,,2023,,Canada,,,,Q968159 art movement
Q135120194,anime/manga style,art style influenced by anime and manga,,,,,,Q8274; Q1107,,,Q968159 art movement; Q1792644 art style
Q135268034,Neapolitan painting of the 19th century,Italian art movement,1800-01-01T00:00:00Z,1900-01-01T00:00:00Z,1800,1900,Kingdom of the Two Sicilies,Q16059906,,,Q968159 art movement
Q135276616,,,,,,,Austria,,,,Q968159 art movement
Q135397829,,,1971-01-01T00:00:00Z,,1971,,Brazil,,,,Q968159 art movement
Q135426032,Dada in music,,,,,,,,,,Q968159 art movement
Q135426540,,French literary movement,,,,,France,,,,Q968159 art movement
Q135493769,psychploitation,music genre,,,,,,,,,Q968159 art movement
Q135644215,Lesser Armenian school of miniature painting,,,,,,,,,,Q968159 art movement
Q135902760,Gruppo Aleph,Milanese artistic and literary movement of the 1900s,1982-01-01T00:00:00Z,,1982,,Italy,,,,Q968159 art movement
Q135926740,,,1917-01-01T00:00:00Z,,1917,,France,,,,Q968159 art movement
Q135947332,Tashkent Modernism,,,,,,Uzbekistan,,,,Q968159 art movement; Q32880 architectural style
Q136295583,Impressionism in Greece,Greek Impressionism,,,,,,,,,Q968159 art movement; Q1792644 art style
Q136333087,,,,,,,Spain,,,,Q968159 art movement
Q136373961,analphabetic art,"Analphabetic Art, an artistic movement founded by Filippo Biagioli",2000-01-01T00:00:00Z,,2000,,,,,,Q968159 art movement
Q136373984,Ritual and Tribal European Art,European Tyrbal and Ritual Art founded by Filippo Biagioli,2000-01-01T00:00:00Z,,2000,,,,,,Q968159 art movement
Q136393838,,,,,,,,,,,Q968159 art movement
Q136442735,,,,,,,Poland; Austria–Hungary,,,,Q968159 art movement
Q136505034,shinpū waka,,,,,,,,,,Q968159 art movement
Q136547884,Sounding Canvas,Interactive art project by Perceptrum²,2024-01-01T00:00:00Z,,2024,,Spain,,,,Q968159 art movement
Q136558997,Mosul School of Metalwork,"A group of 13th-century metal craftspeople who were centered in Mosul, Iraq, and who for centuries to come influenced the metalwork of the Islamic world from North Africa to eastern Iran",1233-01-01T00:00:00Z,1259-01-01T00:00:00Z,1233,1259,Iraq,,,,Q968159 art movement
Q136618770,wikism,collaborative literature movement,,,,,,,,,Q968159 art movement
Q136716260,Artablism,"Artistic practice extending turntablism into visual, sound and performance art.",,,,,,,,,Q968159 art movement
Q136720760,Vinyl Steganographic (part of Batman and Joker),Vinyl record encoding sound data used to generate spectral images for the installation.,2024-01-01T00:00:00Z,,2024,,,,,,Q968159 art movement
Q136720869,Phonoptique (prototype 1),Analog device transposing scratch gestures into continuous marks on photosensitive paper using a rotating LED system.,2005-01-01T00:00:00Z,,2005,,,,,,Q968159 art movement
Q136721112,Breaker,"Interactive sound sculpture made from vinyl records, metal and motion sensors.",2010-01-01T00:00:00Z,,2010,,,,,,Q968159 art movement
Q136744756,,,2014-06-13T00:00:00Z,,2014,,,,,,Q968159 art movement
Q136908586,furry music,musical movement,,,,,,,,,Q968159 art movement
Q137104746,Sounding Stage,"Interactive scenic environment using capacitive sensing and Artificial Intelligence to translate performer movement into algorithmic sound, developed by Perceptrum.",2025-01-01T00:00:00Z,,2025,,,,,,Q968159 art movement
Q137652582,working-class literature,,,,,,,,,,Q968159 art movement
Q137786226,Padua School,,,,,,,,,,Q968159 art movement
Q137808992,,,,,,,France,,,,Q968159 art movement
Q137825782,,,,,,,India,,,,Q968159 art movement
Q137860367,Malwa school,a 17th-century school of Rajasthani/Central Indian miniature painting,1300-01-01T00:00:00Z,1800-01-01T00:00:00Z,1300,1800,,,300019021,,Q968159 art movement
Q138357030,brock,Brazilian new wave music movement of the 1980s,,,,,,,,,Q968159 art movement
Q138358839,Postmodern Gothic,An artistic and cultural movement that merges postmodern theory with Gothic aesthetics and thematic concerns.,,,,,,Q19715429; Q80113,,,Q968159 art movement
Q138424908,,,,,,,,,,,Q968159 art movement
Q138503845,,,,,,,,,,,Q968159 art movement
Q138585187,neo-idealism,,,,,,,,,,Q968159 art movement
Q138635109,A.T.M.A. - Access Terminal for Memory Archives,transmedia project by Filipe Baptista,,,,,,,,,Q968159 art movement
Q138657698,Sensory literature,literary concept emphasizing the sensory experience of reading and inclusive literary perception.,,,,,,Q3300457; Q179235,,,Q968159 art movement
Q138780485,Tutti Frutti,"style of Cartier jewellery featuring carved coloured gemstones in Mughal-inspired compositions, popular in the 1920s and 1930s",1925-01-01T00:00:00Z,,1925,,,,,,Q968159 art movement; Q1792644 art style
Q139068480,,,,,,,,Q184226,,,Q968159 art movement
Q139219215,gacha pop,music genre,,,,,Japan,,,,Q968159 art movement
Q139376240,Golden Age of Detective Fiction,the peak of Detective Fiction's popularity (1920-1939),1920-01-01T00:00:00Z,1939-01-01T00:00:00Z,1920,1939,,,,,Q968159 art movement
Q139502938,Djembe Public Art Project,"Interactive public art Installation by George Sabra, made from reclaimed community-donated stainless steel cooking pots and pans; located in Austin, Texas.",,,,,,,,,Q968159 art movement
Q139555216,Introversico Radicale Artistic Movement,artistic movement founded by international painter Maurizio D'Andrea,,,,,Italy,,,,Q968159 art movement
Q139567714,neo rave,music genre,,,,,,,,,Q968159 art movement
Q139675030,Archivism,art movement,,,,,,,,,Q968159 art movement
Q139710877,Storytelling Art,"contemporary artistic movement founded by Marc Ferrero in 1999, placing narrative at the center of painting",1999-01-01T00:00:00Z,,1999,,France,,,,Q968159 art movement
Q139780999,,,,,,,Russian Empire,Q27055630; Q2026876,,,Q968159 art movement; Q32880 architectural style
Q139795918,sensacionismo,Portuguese literary movement founded by Fernando Pessoa and Almada Negreiros; emphasis on total sensation as aesthetic principle,,,,,,,,,Q968159 art movement
Q139816823,Analogism,American art movement founded by painter Easton Cain,2020-01-01T00:00:00Z,,2020,,United States,,,,Q968159 art movement
Q139831357,Geo,Interactive video installation,,,,,,,,,Q968159 art movement
Q139907408,british beat boom,musical movement,,,,,,,,,Q968159 art movement
Q139916624,,,,,,,Azerbaijan,,,,Q968159 art movement
Q139971003,,,2024-01-01T00:00:00Z,,2024,,Mexico,,,,Q968159 art movement
Q140005984,hollandse school,musical movement,,,,,,,,,Q968159 art movement
Q140036760,Concarneau School,,1867-01-01T00:00:00Z,,1867,,,,,,Q968159 art movement
Q140288019,Algorithmic Singularity Art,proposed contemporary art category combining human authorship and machine intelligence,,,,,,,,,Q968159 art movement
Q140305566,Generation of '60,"Argentine modernist, auteur-driven film movement of the early 1960s",,,,,Argentina,,,,Q968159 art movement
Q140310376,Argentine silent cinema,period in Argentine cinema history,,,,,Argentina,,,,Q968159 art movement
Q140369707,The New Thing,1950s jazz musical movement in New York City,,,,,,,,,Q968159 art movement
Q140723748,du ca,musical movement,,,,,,,,,Q968159 art movement
Q140782479,,,,,,,,,,,Q968159 art movement
Q141066183,New Munich Group,informal association of German filmmakers (1964–1972),,,,,,,,,Q968159 art movement
Q141177639,Manfredian method,painting manner by Bartolomeo Manfredi and his followers,,,,,,,,,Q968159 art movement
Q141181773,P-pop movement,Contemporary idol-oriented P-pop movement in the Philippines,,,,,Philippines,,,,Q968159 art movement
Q141182881,transcendent art,"fine art movement and style focusing on metaphysical spaces, spiritual dimensions, and the visual expression of sound-color synesthesia",,,,,,,,,Q968159 art movement
Q141222052,Barocchetto,18th-century architectural and furniture design style,,,,,,,,,Q968159 art movement
Q141239088,,,,,,,Poland,,,,Q968159 art movement
Q141365039,,Civic art collective and urban sketching initiative founded in June 2017 in Shanghai by Rye Liang,2017-06-01T00:00:00Z,,2017,,,,,,Q968159 art movement
Q141489831,Ostrogothic art,,,,,,,,,,Q968159 art movement; Q1792644 art style
Q141499578,,,,,,,People's Republic of China,,,,Q968159 art movement
Q276308,Nouveau réalisme,artist group and art movement,1960-01-01T00:00:00Z,1970-01-01T00:00:00Z,1960,1970,,Q6034,300112105,https://en.wikipedia.org/wiki/Nouveau_r%C3%A9alisme,Q968159 art movement
Q276327,Sots Art,artistic movement as a reaction against socialist realism,1970-01-01T00:00:00Z,,1970,,Soviet Union,,,https://en.wikipedia.org/wiki/Sots_Art,Q968159 art movement
Q277466,historicism,art and architecture movement,,,,,,,300391347,https://en.wikipedia.org/wiki/Historicism_(art),Q968159 art movement; Q32880 architectural style; Q1792644 art style
Q281108,naïve art,art movement,,,,,,,300263555,https://en.wikipedia.org/wiki/Na%C3%AFve_art,Q968159 art movement
Q2501058,Off-Off-Broadway,avant-garde theatrical productions in New York City,1958-01-01T00:00:00Z,,1958,,United States,,,https://en.wikipedia.org/wiki/Off-off-Broadway,Q968159 art movement
Q2502127,didacticism,philosophy,,,,,,,,https://en.wikipedia.org/wiki/Didacticism,Q968159 art movement
Q2502293,De Vijftigers,literary movement in the Netherlands and Belgium,,,,,Belgium; Netherlands,,,https://en.wikipedia.org/wiki/De_Vijftigers,Q968159 art movement
Q2519962,youth crew,music subculture of hardcore punk,1983-01-01T00:00:00Z,,1983,,United States,,,https://en.wikipedia.org/wiki/Youth_crew,Q968159 art movement
Q2547125,Madhubani,"style of painting practiced in Bihar, India",,,,,India,,,https://en.wikipedia.org/wiki/Madhubani_art,Q968159 art movement
Q2553758,net.art,art movement,,,,,,,,https://en.wikipedia.org/wiki/Net.art,Q968159 art movement
Q2566149,relational art,tendency in fine art,1996-01-01T00:00:00Z,,1996,,,,300391190,https://en.wikipedia.org/wiki/Relational_art,Q968159 art movement
Q258694,Incoherents,19th-century French art movement,1882-01-01T00:00:00Z,1890-01-01T00:00:00Z,1882,1890,France,,,https://en.wikipedia.org/wiki/Incoherents,Q968159 art movement
Q262080,Spanish Baroque literature,literary movement,,,,,Spain,,,https://en.wikipedia.org/wiki/Spanish_Baroque_literature,Q968159 art movement
Q273470,Marcinelle school,art style,,,,,Belgium,,,https://en.wikipedia.org/wiki/Marcinelle_school,Q968159 art movement
Q273495,École de Nancy,art movement,1901-01-01T00:00:00Z,,1901,,,,,https://en.wikipedia.org/wiki/%C3%89cole_de_Nancy,Q968159 art movement
Q273506,School of Paris,art movement,,,,,France,,,https://en.wikipedia.org/wiki/School_of_Paris,Q968159 art movement
Q275647,Mannheim school,composer group,,,,,Electoral Palatinate,,,https://en.wikipedia.org/wiki/Mannheim_school,Q968159 art movement
Q248243,Second Viennese School,"group of composers comprising A. Schönberg and his pupils and associates in early 20th century Vienna, initially characterized by late-Romantic expanded tonality, later by a totally chromatic atonal expressionism, and still later by 12-tone serialism",,,,,,,,https://en.wikipedia.org/wiki/Second_Viennese_School,Q968159 art movement
Q252645,Delft school,school in 17th-century Dutch painting,,,,,Dutch Republic,,,https://en.wikipedia.org/wiki/Delft_school_(painting),Q968159 art movement
Q252801,Kanō school,"school of Japanese painting, late 15th century until Meiji Period, 1868",1500-01-01T00:00:00Z,1868-01-01T00:00:00Z,1500,1868,Japan,Q919348,300018653,https://en.wikipedia.org/wiki/Kan%C5%8D_school,Q968159 art movement
Q254890,nova cançó,artistic movement and music genre in catalan spoken territories,,,,,Catalan countries,,,https://en.wikipedia.org/wiki/Nova_Can%C3%A7%C3%B3,Q968159 art movement
Q256922,Aestheticism,art movement emphasizing aesthetic considerations over social values,1870-01-01T00:00:00Z,,1870,,United Kingdom of Great Britain and Ireland,,300018124,https://en.wikipedia.org/wiki/Aestheticism,Q968159 art movement
Q3326492,Peintres de la Réalité,,,,,,,,,https://en.wikipedia.org/wiki/Peintres_de_la_R%C3%A9alit%C3%A9,Q968159 art movement
Q3328533,Musicalism,artistic movement,,,,,,,,https://en.wikipedia.org/wiki/Musicalism,Q968159 art movement
Q3338945,New Extremity,film genre,,,,,France,,,https://en.wikipedia.org/wiki/New_French_Extremity,Q968159 art movement
Q3341836,nikuhitsu-ga,Japanese paintings in ukiyo-e style,,,,,Japan,,,https://en.wikipedia.org/wiki/Nikuhitsu-ga,Q968159 art movement
Q3347103,neo-pop,postmodern art movement of the 1980s and 1990s,,,,,,,300251301,https://en.wikipedia.org/wiki/Neo-pop,Q968159 art movement
Q3347279,nòva cançon,music genre,1965-01-01T00:00:00Z,,1965,,Occitania,,,https://en.wikipedia.org/wiki/N%C3%B2va_can%C3%A7on,Q968159 art movement
Q3357314,Florentine School,naturalistic painting style developed in the 14th century Florence,1300-01-01T00:00:00Z,,1300,,Italy,,300386003,https://en.wikipedia.org/wiki/Florentine_painting,Q968159 art movement
Q3380771,metamodernism,movement which emerged from and reacts to postmodernism,,,,,,,,https://en.wikipedia.org/wiki/Metamodernism,Q968159 art movement
Q461365,Wessobrunner School,"group of Baroque stucco-workers from the Benedictine Wessobrunn Abbey in Bavaria, Germany",,,,,,,,https://en.wikipedia.org/wiki/Wessobrunner_School,Q968159 art movement
Q466675,American Renaissance,art movement and architectural style,1876-01-01T00:00:00Z,1917-01-01T00:00:00Z,1876,1917,United States,,,https://en.wikipedia.org/wiki/American_Renaissance,Q968159 art movement; Q32880 architectural style
Q469913,American scene painting,art movement,,,,,,,300164372,https://en.wikipedia.org/wiki/American_scene_painting,Q968159 art movement
Q473743,environmental art,genre of art engaging nature and ecology,,,,,,,300121451,https://en.wikipedia.org/wiki/Environmental_art,Q968159 art movement
Q477134,Antwerp Mannerism,style of painting and drawing practiced by artists working in Antwerp during the period from circa 1500 to 1530,1500-01-01T00:00:00Z,,1500,,Southern Netherlands,,,https://en.wikipedia.org/wiki/Antwerp_Mannerism,Q968159 art movement
Q477371,kitchen sink realism,British social realist artistic movement,,,,,United Kingdom,,,https://en.wikipedia.org/wiki/Kitchen_sink_realism,Q968159 art movement
Q420245,Acmeist poetry,school of poetry,,,,,,Q460352; Q25997,,https://en.wikipedia.org/wiki/Acmeist_poetry,Q968159 art movement
Q422681,Nazarene movement,early 19th century German Romantic painters,1809-07-10T00:00:00Z,,1809,,Confederation of the Rhine,,,https://en.wikipedia.org/wiki/Nazarene_movement,Q968159 art movement
Q430833,Xungen movement,root-searching movement in China,,,,,,,,https://en.wikipedia.org/wiki/Xungen_movement,Q968159 art movement
Q432026,Neo-geo,art movement,,,,,,,300265635,https://en.wikipedia.org/wiki/Neogeo_(art),Q968159 art movement
Q443153,Early Netherlandish painting,work of artists active in the Low Countries during the 15th- and 16th-century Northern Renaissance,1420-01-01T00:00:00Z,1560-01-01T00:00:00Z,1420,1560,Burgundian Netherlands; Habsburg Netherlands,,300387753,https://en.wikipedia.org/wiki/Early_Netherlandish_painting,Q968159 art movement
Q2907232,Antropophagia,Brazilian cultural movement,1920-01-01T00:00:00Z,,1920,,Brazil,Q561169; Q466627,,https://en.wikipedia.org/wiki/Anthropophagic_movement,Q968159 art movement
Q2914470,Italian Renaissance painting,paintings produced in the Italian Renaissance,,,,,Italy,,,https://en.wikipedia.org/wiki/Italian_Renaissance_painting,Q968159 art movement
Q2915215,Tosa school,Japanese art movement,1500-01-01T00:00:00Z,,1500,,Japan,,300018660,https://en.wikipedia.org/wiki/Tosa_school,Q968159 art movement
Q2928221,Nanga,school of Japanese painting,,,,,,,300018580,https://en.wikipedia.org/wiki/Nanga_(Japanese_painting),Q968159 art movement
Q2956171,chanson réaliste,Style of music performed in France,,,,,,,,https://en.wikipedia.org/wiki/Chanson_r%C3%A9aliste,Q968159 art movement
Q2988788,Rajput painting,art style that evolved in the courts of Rajputana in India,1600-01-01T00:00:00Z,1900-01-01T00:00:00Z,1600,1900,,,,https://en.wikipedia.org/wiki/Rajput_painting,Q968159 art movement; Q1792644 art style
Q2996287,Massurrealism,Art movement started in the 1990's,,,,,,,,https://en.wikipedia.org/wiki/Massurrealism,Q968159 art movement
Q2405999,fairy painting,Victorian painting genre and movement,,,,,,Q104871,,https://en.wikipedia.org/wiki/Fairy_painting,Q968159 art movement
Q2407355,Hasegawa school,"Japanese painting style, mid-16th to early 18th century",1600-01-01T00:00:00Z,1800-01-01T00:00:00Z,1600,1800,Japan,Q252801,300018651,https://en.wikipedia.org/wiki/Hasegawa_school,Q968159 art movement; Q1792644 art style
Q2423022,Graveyard poets,pre-Romantic English poets of the 18th century,,,,,,,,https://en.wikipedia.org/wiki/Graveyard_poets,Q968159 art movement
Q2426218,modernism,changes in musical form during the early 20th Century,1900-01-01T00:00:00Z,1950-01-01T00:00:00Z,1900,1950,,,,https://en.wikipedia.org/wiki/Modernism_(music),Q968159 art movement
Q2457695,Galician-Portuguese lyric,lyric and poetic movement,,,,,Kingdom of Portugal; Kingdom of Galicia,,,https://en.wikipedia.org/wiki/Galician-Portuguese_lyric,Q968159 art movement
Q2470994,Cranbrook Colony,"artist colony in Cranbrook, Kent",1853-01-01T00:00:00Z,1900-01-01T00:00:00Z,1853,1900,United Kingdom,,,https://en.wikipedia.org/wiki/Cranbrook_Colony,Q968159 art movement
Q2473977,Reactable,electronic musical instrument,2005-01-01T00:00:00Z,,2005,,,,,https://en.wikipedia.org/wiki/Reactable,Q968159 art movement
Q2477112,German Romanticism,intellectual movement in the culture of German-speaking countries in the late-18th and early 19th centuries,,,,,,,,https://en.wikipedia.org/wiki/German_Romanticism,Q968159 art movement
Q2477787,American Impressionism,style of painting,1880-01-01T00:00:00Z,,1880,,United States,,,https://en.wikipedia.org/wiki/American_Impressionism,Q968159 art movement
Q2483499,Restoration literature,literature written during the English restoration,,,,,,,,https://en.wikipedia.org/wiki/Restoration_literature,Q968159 art movement
Q2496232,nadaism,Colombian counterculture movement,1960-01-01T00:00:00Z,,1960,,Colombia,,,https://en.wikipedia.org/wiki/Nadaism,Q968159 art movement
Q2499142,Literature of the Five Mountains,Principal Zen,,,,,Japan,,,https://en.wikipedia.org/wiki/Literature_of_the_Five_Mountains,Q968159 art movement
Q378604,new media art,artworks designed and produced by means of electronic media technologies,,,,,,,300386814,https://en.wikipedia.org/wiki/New_media_art,Q968159 art movement
Q382056,Pont-Aven School,art movement,1870-01-01T00:00:00Z,,1870,,,,,https://en.wikipedia.org/wiki/Pont-Aven_School,Q968159 art movement
Q387479,Non-conformists of the 1930s,avantgarde movement during the inter-war period in France,,,,,France,,,https://en.wikipedia.org/wiki/Non-conformists_of_the_1930s,Q968159 art movement
Q397469,Neo-romanticism,movements from the era of Romanticism,,,,,,,300021476,https://en.wikipedia.org/wiki/Neo-romanticism,Q968159 art movement
Q2828892,aka-e,Japanese woodblock prints,,,,,Japan,,,https://en.wikipedia.org/wiki/Aka-e,Q968159 art movement
Q2853335,Anti-poetry,art movement,,,,,,,,https://en.wikipedia.org/wiki/Anti-poetry,Q968159 art movement
Q2864597,cybernetic art,contemporary art form,1956-01-01T00:00:00Z,,1956,,,Q123637,300047918,https://en.wikipedia.org/wiki/Cybernetic_art,Q968159 art movement
Q2864743,Sociological art,,,,,,,,,https://en.wikipedia.org/wiki/Sociological_art,Q968159 art movement
Q2872628,Les Automatistes,Canadian art group,1940-01-01T00:00:00Z,,1940,,Canada,Q186251; Q39427,,https://en.wikipedia.org/wiki/Les_Automatistes,Q968159 art movement
Q2876208,Novgorod school,Russian school noted for its icon and mural painters,1100-01-01T00:00:00Z,1500-01-01T00:00:00Z,1100,1500,Grand Principality of Moscow; Novgorod Republic,Q319403; Q211884,,https://en.wikipedia.org/wiki/Novgorod_school,Q968159 art movement
Q2878528,Bad Painting,art movement,,,,,United States,,300263413,https://en.wikipedia.org/wiki/Bad_Painting,Q968159 art movement
Q2882210,Belgian comics,distinct subgroup in the comics history,,,,,Belgium,,,https://en.wikipedia.org/wiki/Belgian_comics,Q968159 art movement
Q2895308,Darmstadt School,"group of composers associated with the Darmstadt International Summer Courses for New Music in Darmstadt, Germany",,,,,Germany,Q248243; Q151593,,https://en.wikipedia.org/wiki/Darmstadt_School,Q968159 art movement
Q2895971,benizuri-e,type of Japanese woodblock prints,1740-01-01T00:00:00Z,,1740,,Japan,,300041515,https://en.wikipedia.org/wiki/Benizuri-e,Q968159 art movement
Q2905420,Black Mountain poets,group of mid-20th-century American postmodern poets,,,,,,,,https://en.wikipedia.org/wiki/Black_Mountain_poets,Q968159 art movement
Q3577778,Barcelona School of Film,film movement in the 1960s,,,,,Spain,,,https://en.wikipedia.org/wiki/Barcelona_School_of_Film,Q968159 art movement
Q3577791,Crozant School,,1870-01-01T00:00:00Z,,1870,,,,,https://en.wikipedia.org/wiki/Crozant_School,Q968159 art movement
Q3577793,Dakar School,Senegalese art movement (1960–1974),1960-01-01T00:00:00Z,1974-01-01T00:00:00Z,1960,1974,Senegal,,,https://en.wikipedia.org/wiki/Dakar_School,Q968159 art movement
Q3577796,Kyoto school,collection of several styles and schools of Japanese painting of the late Edo period,,,,,,,,https://en.wikipedia.org/wiki/Kyoto_school_(art),Q968159 art movement
Q3577819,Rouen School,,,,,,France,,,https://en.wikipedia.org/wiki/Rouen_School,Q968159 art movement
Q3577822,Bay Area Figurative Movement,American art movement,1950-01-01T00:00:00Z,,1950,,United States,,,https://en.wikipedia.org/wiki/Bay_Area_Figurative_Movement,Q968159 art movement
Q3577912,Brussels School of Sculpture,art movement,,,,,Duchy of Brabant; Belgium,,,https://en.wikipedia.org/wiki/Sculpture_in_Brussels,Q968159 art movement
Q3578321,Nijō poetic school,"Poetic School, known for its conservative slant toward the politics and poetics aimed at preserving the ideals of Fujiwara no Shunzei and Fujiwara no Teika. They are descendants of Fujiwara no Tameie's eldest son, Nijō Tameuji (1222–86)",,,,,Japan,,,https://en.wikipedia.org/wiki/Nij%C5%8D_poetic_school,Q968159 art movement
Q3578343,Scuola Romana,20th-century Italian art movement,,,,,,,,https://en.wikipedia.org/wiki/Scuola_Romana,Q968159 art movement
Q3624145,Nuclear art,art movement,,,,,,,,https://en.wikipedia.org/wiki/Nuclear_art,Q968159 art movement
Q3631014,Progressive Writers' Movement,progressive literary movement in pre-partition British India,1932-01-01T00:00:00Z,,1932,,India; Pakistan; British Raj; Dominion of India; Dominion of Pakistan,,,https://en.wikipedia.org/wiki/Progressive_Writers%27_Movement,Q968159 art movement
Q4045303,new-school hip-hop,genre of hip-hop music,,,,,,,,https://en.wikipedia.org/wiki/New-school_hip-hop,Q968159 art movement
Q4220880,cinema of moral anxiety,trend in Polish cinematography (1976−1981),1976-01-01T00:00:00Z,1981-01-01T00:00:00Z,1976,1981,Poland,,,https://en.wikipedia.org/wiki/Cinema_of_moral_anxiety,Q968159 art movement
Q4291635,Metarealism,direction in Russian poetry and art,,,,,,,,https://en.wikipedia.org/wiki/Metarealism,Q968159 art movement
Q4314206,natural school,,,,,,Russian Empire,,,https://en.wikipedia.org/wiki/Natural_school,Q968159 art movement
Q4316672,Necrorealism,Russian art movement,,,,,,,,https://en.wikipedia.org/wiki/Necrorealism,Q968159 art movement
Q4317200,Neo-conceptual art,art movement,1980-01-01T00:00:00Z,,1980,,,Q203209,,https://en.wikipedia.org/wiki/Neo-conceptual_art,Q968159 art movement
Q4322399,New British Sculpture,Art movement begun in the 1980s,1980-01-01T00:00:00Z,,1980,,United Kingdom,,,https://en.wikipedia.org/wiki/New_British_Sculpture,Q968159 art movement
Q4323900,Nuevo Cine Mexicano,Mexican film movement,,,,,,,,https://en.wikipedia.org/wiki/Nuevo_Cine_Mexicano,Q968159 art movement
Q4324287,New Peasant Poets,,,,,,Soviet Union; Russian Empire,,,https://en.wikipedia.org/wiki/New_peasant_poets,Q968159 art movement
Q4344910,Soviet Parallel Cinema,1980s underground film movement in the Soviet Union,1980-01-01T00:00:00Z,1989-01-01T00:00:00Z,1980,1989,Soviet Union,,,https://en.wikipedia.org/wiki/Soviet_parallel_cinema,Q968159 art movement
Q2356541,Czechoslovak New Wave,filmmaking movement in 1960s Czechoslovakia,1962-01-01T00:00:00Z,1970-01-01T00:00:00Z,1962,1970,Czechoslovakia,,,https://en.wikipedia.org/wiki/Czechoslovak_New_Wave,Q968159 art movement
Q2362424,Toyism,Art movement,,,,,Netherlands,,,https://en.wikipedia.org/wiki/Toyism,Q968159 art movement
Q2368408,artistic indianism,Brazilian literary and artistic movement,,,,,Brazil,,,https://en.wikipedia.org/wiki/Indianism_(arts),Q968159 art movement
Q2393747,Dutch Design,"Dutch-style industrial design after 1980 by a group of designers with characteristics minimalism, innovation, experiments, unconventionality and sense of humour",,,,,Netherlands,,,https://en.wikipedia.org/wiki/Dutch_Design,Q968159 art movement
Q2394116,postminimalism,art movement influenced by the aesthetic of minimalism,1960-01-01T00:00:00Z,,1960,,,Q173436,300112731,https://en.wikipedia.org/wiki/Postminimalism,Q968159 art movement
Q2394336,interactive art,art that involves the spectator,,,,,,,300266754,https://en.wikipedia.org/wiki/Interactive_art,Q968159 art movement
Q3118237,Grupo Montparnasse,organization of Chilean artists,1920-01-01T00:00:00Z,,1920,,Chile,,,https://en.wikipedia.org/wiki/Grupo_Montparnasse,Q968159 art movement
Q3175210,Japanese New Wave,loose movement in Japanese cinema that emerged in the late 1950s,1956-01-01T00:00:00Z,1976-01-01T00:00:00Z,1956,1976,Japan,,,https://en.wikipedia.org/wiki/Japanese_New_Wave,Q968159 art movement
Q3178754,Iranian New Wave,movement in Iranian cinema that emerged in the 1960s,1969-01-01T00:00:00Z,1974-01-01T00:00:00Z,1969,1974,Iran,,,https://en.wikipedia.org/wiki/Iranian_New_Wave,Q968159 art movement
Q3179819,Rimpa school,major historical school of Japanese painting,1600-01-01T00:00:00Z,,1600,,Japan,,300106734,https://en.wikipedia.org/wiki/Rinpa_school,Q968159 art movement
Q3191943,Kaigetsudō school,18th-century Japanese school of painting and printmaking,1700-01-01T00:00:00Z,,1700,,Japan,Q3066195,300114349,https://en.wikipedia.org/wiki/Kaigetsud%C5%8D_school,Q968159 art movement
Q3268288,L'art pompier,derogatory term for some academic art,,,,,,,,https://en.wikipedia.org/wiki/L%27art_pompier,Q968159 art movement
Q3269212,polystylism,"use of multiple styles or techniques in literature, art, film, or, especially, music",,,,,,,,https://en.wikipedia.org/wiki/Polystylism,Q968159 art movement
Q3272569,luminism,American landscape painting style of the 1850s – 1870s,1850-01-01T00:00:00Z,1870-01-01T00:00:00Z,1850,1870,,,300108215,https://en.wikipedia.org/wiki/Luminism_(American_art_style),Q968159 art movement
Q3299172,Matterism,a style of painting featuring heavy impasto.,,,,,,,,https://en.wikipedia.org/wiki/Matter_painting,Q968159 art movement
Q3303826,Mec Art,20th-century art movement,,,,,,,,https://en.wikipedia.org/wiki/Mec_Art,Q968159 art movement
Q3306247,Onirism,Literary trend,,,,,Romania,Q39427,,https://en.wikipedia.org/wiki/Onirism,Q968159 art movement
Q3307647,Rexurdimento,Galician linguistic movement,,,,,Spain,,,https://en.wikipedia.org/wiki/Rexurdimento,Q968159 art movement
Q3314961,Mingei,Japanese folk art movement,,,,,Japan,,300260035,https://en.wikipedia.org/wiki/Mingei,Q968159 art movement
Q3321083,Mono-ha,"20th-century Japanese art movement involving artwork consisting of natural and industrial materials in mostly unaltered, ephemeral states",,,,,Japan,,,https://en.wikipedia.org/wiki/Mono-ha,Q968159 art movement
Q3326476,Kailyard school,19th-century Scottish literary movement,1880-01-01T00:00:00Z,1914-01-01T00:00:00Z,1880,1914,Scotland,,,https://en.wikipedia.org/wiki/Kailyard_school,Q968159 art movement
Q4821017,Augustan poetry,Roman poetry during Augustus's reign (27 BC-14 AD),,,,,,,,https://en.wikipedia.org/wiki/Augustan_poetry,Q968159 art movement
Q4824505,Australian New Wave,movement in Australian cinema that emerged in the 1970s,1971-01-01T00:00:00Z,1989-01-01T00:00:00Z,1971,1989,Australia,,,https://en.wikipedia.org/wiki/Australian_New_Wave,Q968159 art movement
Q4824756,Australian Tonalism,1910s art movement,1910-01-01T00:00:00Z,1950-01-01T00:00:00Z,1910,1950,Australia,Q3032335; Q38166,,https://en.wikipedia.org/wiki/Australian_tonalism,Q968159 art movement
Q4894424,La Decadència,,,,,,,,,https://en.wikipedia.org/wiki/La_Decad%C3%A8ncia,Q968159 art movement
Q4900293,Bezalel school,art school in late Ottoman and British Mandatory Palestine,1906-01-01T00:00:00Z,,1906,,Ottoman Empire; Mandatory Palestine,,,https://en.wikipedia.org/wiki/Bezalel_school,Q968159 art movement
Q4911758,Billboard Utilising Graffitists Against Unhealthy Promotions,Australian artistic movement practicing defacement of billboards,1979-01-01T00:00:00Z,,1979,,Australia,,,https://en.wikipedia.org/wiki/Billboard_Utilising_Graffitists_Against_Unhealthy_Promotions,Q968159 art movement
Q4920294,Black Arts Movement,"African American–led art movement, active between the 1960s and 1970s",,,,,United States,,,https://en.wikipedia.org/wiki/Black_Arts_Movement,Q968159 art movement
Q4970618,British Poetry Revival,poetry movement,,,,,,,,https://en.wikipedia.org/wiki/British_Poetry_Revival,Q968159 art movement
Q4971344,British folk revival,"roots revival incorporating a number of movements for the collection, preservation and performance of folk music in the United Kingdom and related territories and countries",,,,,,,,https://en.wikipedia.org/wiki/British_folk_revival,Q968159 art movement
Q4979849,Brutalists,literary movement,,,,,,,,https://en.wikipedia.org/wiki/Brutalists,Q968159 art movement
Q4984070,Budapest School,film movement,,,,,,,,https://en.wikipedia.org/wiki/Budapest_school,Q968159 art movement
Q5020754,California Impressionism,art movement,,,,,,,,https://en.wikipedia.org/wiki/California_Impressionism,Q968159 art movement
Q5021142,California Tonalism,1890–1920 art movement in California,,,,,,,,https://en.wikipedia.org/wiki/California_Tonalism,Q968159 art movement
Q5095653,Chicago Imagists,art movement,,,,,,,300116666,https://en.wikipedia.org/wiki/Chicago_Imagists,Q968159 art movement
Q5095938,Chicano art movement,movements by Mexican-American artists,,,,,United States,Q2963346,,https://en.wikipedia.org/wiki/Chicano_art_movement,Q968159 art movement
Q5114646,Karabakh carpet,style of carpet from the Karabakh region,,,,,,,300244657,https://en.wikipedia.org/wiki/Karabakh_carpet,Q968159 art movement
Q5121159,cinéma du look,"style of French films, common in 1980s",1981-01-01T00:00:00Z,1994-01-01T00:00:00Z,1981,1994,France,,,https://en.wikipedia.org/wiki/Cin%C3%A9ma_du_look,Q968159 art movement
Q5128310,Classical Prose Movement,literary movement in Tang and Song dynasty China,,,,,Song dynasty; Tang dynasty,,,https://en.wikipedia.org/wiki/Classical_Prose_Movement,Q968159 art movement
Q5139648,Cockney School,group of 19th-century English poets and essayists,,,,,United Kingdom,,,https://en.wikipedia.org/wiki/Cockney_School,Q968159 art movement
Q5149240,colourist painting,art style; way of painting characterised by the use of intense colour,,,,,,,,https://en.wikipedia.org/wiki/Colourist_painting,Q968159 art movement; Q1792644 art style
Q5159353,condorism,Brazilian literary movement that lasted from the mid-1860s until the early 1880s,,,,,,,,https://en.wikipedia.org/wiki/Condorism,Q968159 art movement
Q316711,Beuron school,art movement developed in the late 19th century in Germany,1868-01-01T00:00:00Z,,1868,,,,,https://en.wikipedia.org/wiki/Beuron_school,Q968159 art movement; Q32880 architectural style
Q319941,Berlin School,art movement in cinema,,,,,Germany,,,https://en.wikipedia.org/wiki/Berlin_School_(filmmaking),Q968159 art movement
Q319973,Munich school,art movement,,,,,,,,https://en.wikipedia.org/wiki/Munich_school,Q968159 art movement
Q326478,land art,form of art creation in which landscape and the work of art are inextricably linked,,,,,,,300047857,https://en.wikipedia.org/wiki/Land_art,Q968159 art movement
Q330369,Arts and Crafts movement,international design movement,1880-01-01T00:00:00Z,1910-01-01T00:00:00Z,1880,1910,,,300266319,https://en.wikipedia.org/wiki/Arts_and_Crafts_movement,Q968159 art movement; Q32880 architectural style
Q335652,parnassianism,19th century French literary movement,,,,,France,,,https://en.wikipedia.org/wiki/Parnassianism,Q968159 art movement
Q357442,Garip,a poetry movement that defends the need to avoid stereotypes and is based on beauty of phraseology by opposing formalism and sentimentalism,,,,,,,,https://en.wikipedia.org/wiki/Garip,Q968159 art movement
Q368002,New Figuration,,,,,,,,300022191,https://en.wikipedia.org/wiki/New_Figuration,Q968159 art movement
Q369418,hard-edge painting,movement in painting,1959-01-01T00:00:00Z,,1959,,,,300022175,https://en.wikipedia.org/wiki/Hard-edge_painting,Q968159 art movement
Q370515,new wave of British heavy metal,heavy metal movement of the late 1970s and early 1980s,1978-01-01T00:00:00Z,,1978,,United Kingdom,,,https://en.wikipedia.org/wiki/New_wave_of_British_heavy_metal,Q968159 art movement
Q372240,auricular style,style of ornamental decoration,,,,,,,,https://en.wikipedia.org/wiki/Auricular_style,Q968159 art movement
Q372600,Tachisme,French style of abstract painting,,,,,,,300022105,https://en.wikipedia.org/wiki/Tachisme,Q968159 art movement
Q374278,agitprop,political art from Soviet Russia,1920-01-01T00:00:00Z,1991-01-01T00:00:00Z,1920,1991,Russian Socialist Federative Soviet Republic; Soviet Union,,300055540,https://en.wikipedia.org/wiki/Agitprop,Q968159 art movement
Q377616,New Hollywood,American film movement between the late-1960s and early-1980s,1960-01-01T00:00:00Z,1980-01-01T00:00:00Z,1960,1980,United States,,,https://en.wikipedia.org/wiki/New_Hollywood,Q968159 art movement
Q2568215,dirty realism,subgenre of literature,,,,,,,,https://en.wikipedia.org/wiki/Dirty_realism,Q968159 art movement
Q2568406,postmodern music,"music of the postmodern era, or that follows aesthetical and philosophical trends of postmodernism",1960-01-01T00:00:00Z,,1960,,,,,https://en.wikipedia.org/wiki/Postmodern_music,Q968159 art movement
Q2578278,visual poetry,"poetry where the text’s layout, typography, and visual arrangement enhance its meaning, blending design with literary art",,,,,,,300194347,https://en.wikipedia.org/wiki/Visual_poetry,Q968159 art movement
Q2595145,Wuppertal poets' circle,"1850s literary circle in Wuppertal, Germany",,,,,Germany,,,https://en.wikipedia.org/wiki/Wuppertal_poets%27_circle,Q968159 art movement
Q2615798,Synchromism,art movement,,,,,,,,https://en.wikipedia.org/wiki/Synchromism,Q968159 art movement
Q2621235,spatial music,composed music that intentionally exploits sound localization,,,,,,,,https://en.wikipedia.org/wiki/Spatial_music,Q968159 art movement
Q2639210,Nederbeat,"Dutch musical genre, movement",1963-01-01T00:00:00Z,,1963,,Netherlands,,,https://en.wikipedia.org/wiki/Nederbeat,Q968159 art movement
Q2642826,French Realism,French painting movement,1848-01-01T00:00:00Z,,1848,,France,,300172861,https://en.wikipedia.org/wiki/Realism_(art_movement),Q968159 art movement
Q2657353,La Onda,multidisciplinary artistic movement created in Mexico,,,,,,,,https://en.wikipedia.org/wiki/La_Onda,Q968159 art movement
Q2682554,New Venice School,music genre,,,,,,,,https://en.wikipedia.org/wiki/New_Venice_School,Q968159 art movement
Q2724311,new queer cinema,movement in queer-themed independent filmmaking,1990-01-01T00:00:00Z,,1990,,,,,https://en.wikipedia.org/wiki/New_queer_cinema,Q968159 art movement
Q2742446,Cinéma pur,"avant-garde film movement, focused on the pure elements of film like motion, visual composition, and rhythm",1920-01-01T00:00:00Z,1930-01-01T00:00:00Z,1920,1930,,,,https://en.wikipedia.org/wiki/Cin%C3%A9ma_pur,Q968159 art movement
Q2763408,Baroque sculpture,sculpture of the Baroque movement,,,,,,Q428995,,https://en.wikipedia.org/wiki/Baroque_sculpture,Q968159 art movement; Q1792644 art style
Q2783150,Scottish Renaissance,literary movement of the early to mid- 20th century,1920-01-01T00:00:00Z,1950-01-01T00:00:00Z,1920,1950,United Kingdom,,,https://en.wikipedia.org/wiki/Scottish_Renaissance,Q968159 art movement
Q2790520,Atomic bomb literature,Japanese literary genre,,,,,Japan,,,https://en.wikipedia.org/wiki/Atomic_bomb_literature,Q968159 art movement
Q2828843,aizuri-e,Japanese woodblock prints,1820-01-01T00:00:00Z,,1820,,Japan,Q421894,,https://en.wikipedia.org/wiki/Aizuri-e,Q968159 art movement
Q3393199,No Wave Cinema,American film movement from the 1970s and 1980s,1976-01-01T00:00:00Z,1985-01-01T00:00:00Z,1976,1985,United States,Q7364306; Q1507723; Q706886; Q314926; Q193541; Q51488; Q5603,,https://en.wikipedia.org/wiki/No_wave_cinema,Q968159 art movement
Q3398908,Romantic realism,artistic movement that combines elements of both romanticism and realism,,,,,,,,https://en.wikipedia.org/wiki/Romantic_realism,Q968159 art movement
Q3406700,productivism,20th-century art movement,,,,,Soviet Union,,,https://en.wikipedia.org/wiki/Productivism_(art),Q968159 art movement
Q3408764,Pre-Code Hollywood,US cinema before the Motion Picture Production Code introduction,1930-01-01T00:00:00Z,1934-07-01T00:00:00Z,1930,1934,,,,https://en.wikipedia.org/wiki/Pre-Code_Hollywood,Q968159 art movement
Q3408836,Proto-Cubism,transition phase in art history toward Cubism,1906-01-01T00:00:00Z,1910-01-01T00:00:00Z,1906,1910,,,,https://en.wikipedia.org/wiki/Proto-Cubism,Q968159 art movement
Q3424746,Native American Renaissance,Artistic movement,,,,,,,,https://en.wikipedia.org/wiki/Native_American_Renaissance,Q968159 art movement
Q3424764,Medieval renaissances,cultural renewal across medieval Western Europe,0800-01-01T00:00:00Z,1200-01-01T00:00:00Z,800,1200,,,,https://en.wikipedia.org/wiki/Medieval_renaissances,Q968159 art movement
Q3445758,Criollismo,Latin American literary movement,,,,,,,,https://en.wikipedia.org/wiki/Criollismo,Q968159 art movement
Q3477959,Seiz Breur,Breton art movement,1923-01-01T00:00:00Z,,1923,,France,,,https://en.wikipedia.org/wiki/Seiz_Breur,Q968159 art movement
Q3483628,Signalism,literary and art movement (1959-),1959-01-01T00:00:00Z,,1959,,Serbia; Yugoslavia; Serbia and Montenegro; Federal Republic of Yugoslavia,Q11009003,,https://en.wikipedia.org/wiki/Signalism,Q968159 art movement
Q3484547,Permian animal style,bronze casts with religious meanings,,,,,Russia,,,https://en.wikipedia.org/wiki/Permian_bronze_casts,Q968159 art movement
Q3487787,Contemporary Arts Society,Canadian organization,,,,,Canada,,,https://en.wikipedia.org/wiki/Contemporary_Arts_Society,Q968159 art movement
Q3501270,Henry II style,artistic movement in sixteenth century France,,,,,Kingdom of France,,,https://en.wikipedia.org/wiki/Henry_II_style,Q968159 art movement; Q32880 architectural style
Q3501296,Sapin style,artistic movement derivated from Art Nouveau and present in late-19th-century in Switzerland,,,,,,,,https://en.wikipedia.org/wiki/Style_sapin,Q968159 art movement; Q32880 architectural style
Q3501307,Troubadour style,French historical painting of the early 19th century with idealised depictions of the Middle Ages and the Renaissance,,,,,France,,,https://en.wikipedia.org/wiki/Troubadour_style,Q968159 art movement; Q1792644 art style
Q3504923,Supports/Surfaces,art movement,,,,,,,,https://en.wikipedia.org/wiki/Supports/Surfaces,Q968159 art movement
Q3512282,process music,"movement in music, originating from the 1960s, in which music is generated from a process, sometimes in a way audible to the listener",1960-01-01T00:00:00Z,,1960,,,,,https://en.wikipedia.org/wiki/Process_music,Q968159 art movement
Q3523410,Manipravalam,Lilatilakam,,,,,,,,https://en.wikipedia.org/wiki/Manipravalam,Q968159 art movement
Q3547879,uki-e,genre of Japanese images,1730-01-01T00:00:00Z,1900-01-01T00:00:00Z,1730,1900,Japan,,300114381,https://en.wikipedia.org/wiki/Uki-e,Q968159 art movement
Q3559240,neo kyma,music genre and movement in Greek music,1965-01-01T00:00:00Z,,1965,,Greece,,,https://en.wikipedia.org/wiki/Neo_kyma,Q968159 art movement
Q3562740,Volcano school,Hawaiian art,,,,,,,,https://en.wikipedia.org/wiki/Volcano_school,Q968159 art movement
Q3577663,Danrin school,,,,,,Japan,,,https://en.wikipedia.org/wiki/Danrin_school,Q968159 art movement
Q3577704,Shijō school,Japanese school of painting,,,,,,,,https://en.wikipedia.org/wiki/Shij%C5%8D_school,Q968159 art movement
Q3813828,Spanish mystics,Early modern Catholic mystics,,,,,,,,https://en.wikipedia.org/wiki/Spanish_mystic,Q968159 art movement
Q3831119,futurism,movement in literature,,,,,,,,https://en.wikipedia.org/wiki/Futurism_(literature),Q968159 art movement
Q3832700,Lombard line,Italian artistic movement,1952-01-01T00:00:00Z,,1952,,Italy,,,https://en.wikipedia.org/wiki/Lombard_line,Q968159 art movement
Q3866634,International Movement for an Imaginist Bauhaus,artist collective and art movement; precursor to the Situationists,,,,,France,,,https://en.wikipedia.org/wiki/International_Movement_for_an_Imaginist_Bauhaus,Q968159 art movement
Q3867190,Zenitism,"yugoslavian avant-garde art movement, from approximately 1921 to 1926",,,,,,,,https://en.wikipedia.org/wiki/Zenitism,Q968159 art movement
Q3879286,nueva canción chilena,movement and genre of Chilean traditional and folk pop incorporating strong political and social themes,,,,,,,,https://en.wikipedia.org/wiki/Nueva_canci%C3%B3n_chilena,Q968159 art movement
Q3909469,Postism,Spanish literary movement,,,,,,,,https://en.wikipedia.org/wiki/Postism,Q968159 art movement
Q3953286,School of Resina,group of Italian artists,1863-01-01T00:00:00Z,1867-01-01T00:00:00Z,1863,1867,Kingdom of Italy,,,https://en.wikipedia.org/wiki/School_of_Resina,Q968159 art movement
Q3953335,Genoa school,"1960s cultural and artistical movement originating in Genoa, Italy",,,,,,,,https://en.wikipedia.org/wiki/Genoese_School,Q968159 art movement
Q5165033,Contemporary Realism,art movement,1960-01-01T00:00:00Z,1970-01-01T00:00:00Z,1960,1970,United States,Q2642826,,https://en.wikipedia.org/wiki/Contemporary_realism,Q968159 art movement
Q5180318,Crack Movement,Mexican literary movement,,,,,Mexico,,,https://en.wikipedia.org/wiki/Crack_Movement,Q968159 art movement
Q5197782,Cyberformance,Theatrical performances in which remote participants work together in real time through the Internet,,,,,,,,https://en.wikipedia.org/wiki/Cyberformance,Q968159 art movement
Q5287661,Documentary Film Movement,group of British film-makers,,,,,United Kingdom,,,https://en.wikipedia.org/wiki/Documentary_Film_Movement,Q968159 art movement
Q5320252,Déprimisme,French art and literary movement,,,,,,,,https://en.wikipedia.org/wiki/D%C3%A9primisme,Q968159 art movement
Q5326886,early music revival,19th-century revival of interest in Baroque and other pre-classical music,,,,,,,,https://en.wikipedia.org/wiki/Early_music_revival,Q968159 art movement
Q5348995,Eight Masters of Nanjing,group of 17th century Chinese painters,1700-01-01T00:00:00Z,,1700,,,,,https://en.wikipedia.org/wiki/Eight_Masters_of_Nanjing,Q968159 art movement
Q5358332,electronic art,art that uses or refers to electronic media,,,,,,Q1209283,300387714,https://en.wikipedia.org/wiki/Electronic_art,Q968159 art movement
Q5458722,Fleshly School,,,,,,,,,https://en.wikipedia.org/wiki/Fleshly_School,Q968159 art movement
Q5475328,Four Masters of the Yuan Dynasty,term describe the four Chinese painters,,,,,Yuan dynasty,,,https://en.wikipedia.org/wiki/Four_Masters_of_the_Yuan_dynasty,Q968159 art movement
Q5486021,Generación Comprometida,Literary Movement,,,,,El Salvador,,,https://en.wikipedia.org/wiki/Committed_Generation,Q968159 art movement
Q5509243,Funk art,American art movement,,,,,United States,,300047891,https://en.wikipedia.org/wiki/Funk_art,Q968159 art movement
Q5531034,Ganja carpet weaving school,"style of carpet from Gəncə, Azerbaijan",,,,,Azerbaijan,,,https://en.wikipedia.org/wiki/Ganja_carpet-weaving_school,Q968159 art movement
Q24038083,New Nigerian Cinema,film movement in Nigeria,2001-01-01T00:00:00Z,,2001,,Nigeria,,,https://en.wikipedia.org/wiki/New_Nigerian_Cinema,Q968159 art movement
Q24906608,Vodun art,associated with the Vodon religion of West Africa,,,,,,,,https://en.wikipedia.org/wiki/Vodun_art,Q968159 art movement
Q24932114,Bandaya movement,literary movement in Kannada,1974-01-01T00:00:00Z,,1974,,India,,,https://en.wikipedia.org/wiki/Bandaya_movement,Q968159 art movement
Q24944915,Prague film school,"eastern European film school, late 20th century",,,,,,,,https://en.wikipedia.org/wiki/The_Prague_film_school,Q968159 art movement
Q24988307,Dansaekhwa,Korean painting movement,,,,,South Korea,,,https://en.wikipedia.org/wiki/Dansaekhwa,Q968159 art movement
Q25039455,Afro-Surrealism,"term for defining a school of art and literature that evolved from Afro-futurism and surrealism, introduced by Amiri Baraka in 1974 and specified in D. Scot Miller's ""Afro-Surrealist Manifesto"" in 2009",,,,,,Q852544; Q829895; Q39427,,https://en.wikipedia.org/wiki/Afro-Surrealism,Q968159 art movement
Q25040614,San Ildefonso Self-Taught Group,Native American art movement (1900–1935),1900-01-01T00:00:00Z,1935-01-01T00:00:00Z,1900,1935,United States,,,https://en.wikipedia.org/wiki/San_Ildefonso_school,Q968159 art movement
Q25204173,Revolution Summer,punk rock music movement related to the genres of post-hardcore and emo,1985-01-01T00:00:00Z,,1985,,United States,,,https://en.wikipedia.org/wiki/Revolution_Summer_(music),Q968159 art movement
Q25304428,Border art,art movement,,,,,,,300262958,https://en.wikipedia.org/wiki/Border_art,Q968159 art movement; Q1792644 art style
Q25327074,Russian Futurist cinema,,,,,,,,,https://en.wikipedia.org/wiki/Russian_Futurist_cinema,Q968159 art movement
Q25339942,idealism,concept in the arts,,,,,,,,https://en.wikipedia.org/wiki/Idealism_(arts),Q968159 art movement; Q1792644 art style
Q25347092,Accidentalism,,,,,,,,,https://en.wikipedia.org/wiki/Accidentalism_(art),Q968159 art movement
Q478717,Amsterdam Impressionism,art movement,,,,,Netherlands,,,https://en.wikipedia.org/wiki/Amsterdam_Impressionism,Q968159 art movement
Q478774,purism,French art movement,1918-01-01T00:00:00Z,1925-01-01T00:00:00Z,1918,1925,France,Q138001005,300122664,https://en.wikipedia.org/wiki/Purism,Q968159 art movement; Q32880 architectural style
Q502886,Madchester,Musical and cultural scene from late 80s-early 90s Manchester,1990-01-01T00:00:00Z,,1990,,United Kingdom,,,https://en.wikipedia.org/wiki/Madchester,Q968159 art movement
Q503708,Les Nabis,artist collective,1888-01-01T00:00:00Z,,1888,,,,,https://en.wikipedia.org/wiki/Nabis_(art),Q968159 art movement
Q507246,serialism,musical method or technique of composition,1923-01-01T00:00:00Z,,1923,,,,300266054,https://en.wikipedia.org/wiki/Serialism,Q968159 art movement
Q516316,Young British Artists,loose group of visual artists,1988-01-01T00:00:00Z,,1988,,United Kingdom,Q5328177; Q677739,300263412,https://en.wikipedia.org/wiki/Young_British_Artists,Q968159 art movement
Q519443,Orphism,art movement,1912-01-01T00:00:00Z,,1912,,,Q5078907; Q271651; Q166593; Q151573,300134101,https://en.wikipedia.org/wiki/Orphism_(art),Q968159 art movement
Q528648,La Pléiade,group of French Renaissance poets,,,,,France,,,https://en.wikipedia.org/wiki/La_Pl%C3%A9iade,Q968159 art movement
Q530936,Spanish Golden Age,16th- and 17th-century period of cultural and literary flourishing coinciding with the rise of the Spanish Empire,1492-01-01T00:00:00Z,1681-01-01T00:00:00Z,1492,1681,Spain,,,https://en.wikipedia.org/wiki/Spanish_Golden_Age,Q968159 art movement
Q535611,neoclassicism,twentieth-century movement in music,,,,,,,,https://en.wikipedia.org/wiki/Neoclassicism_(music),Q968159 art movement
Q536894,Wandelweiser,German artist collective and genre of experimental music,1992-01-01T00:00:00Z,,1992,,Germany,,,https://en.wikipedia.org/wiki/Wandelweiser,Q968159 art movement
Q540807,Photo-Secession,group of photographers and art movement,1902-01-01T00:00:00Z,1917-01-01T00:00:00Z,1902,1917,United States,Q1606128,300108181,https://en.wikipedia.org/wiki/Photo-Secession,Q968159 art movement
Q542036,Dolce Stil Novo,literary movement,,,,,Italy,,,https://en.wikipedia.org/wiki/Dolce_Stil_Novo,Q968159 art movement
Q545851,process art,art in which the process of creating it becomes the subject matter,,,,,Brazil,,300022209,https://en.wikipedia.org/wiki/Process_art,Q968159 art movement; Q1792644 art style
Q554201,Ultraist movement,Spanish literary movement opposing modernism,,,,,,,300145809,https://en.wikipedia.org/wiki/Ultraist_movement,Q968159 art movement
Q2344472,taqwacore,subgenre of punk music dealing with Islam,1990-01-01T00:00:00Z,,1990,,United States; Europe,,,https://en.wikipedia.org/wiki/Taqwacore,Q968159 art movement
Q2344569,Bamboccianti,followers of Pieter van Laer and other Bentvueghels in Rome,,,,,,,,https://en.wikipedia.org/wiki/Bamboccianti,Q968159 art movement
Q2349325,Unanimism,literary movement,,,,,,,300122717,https://en.wikipedia.org/wiki/Unanimism,Q968159 art movement
Q2352880,Dutch Golden Age painting,17th-century Dutch painting,1600-01-01T00:00:00Z,1699-01-01T00:00:00Z,1600,1699,Dutch Republic,Q1404472; Q443153; Q101849; Q42207,,https://en.wikipedia.org/wiki/Dutch_Golden_Age_painting,Q968159 art movement
Q3006706,analytical cubism,early phase of cubism (ca. 1908–1912),1908-01-01T00:00:00Z,1912-01-01T00:00:00Z,1908,1912,,,300133798,https://en.wikipedia.org/wiki/Analytical_cubism,Q968159 art movement
Q3006708,synthetic cubism,"later phase of cubism (ca. 1912–14) involving simpler shapes and brighter colors, often using newspaper print or patterned paper",1912-01-01T00:00:00Z,1914-01-01T00:00:00Z,1912,1914,,,300021499,https://en.wikipedia.org/wiki/Synthetic_cubism,Q968159 art movement
Q3024426,Radical period,avant-garde architecture movement,,,,,,,,https://en.wikipedia.org/wiki/Radical_period,Q968159 art movement; Q32880 architectural style
Q3032335,Heidelberg School,"late 19th century Australian art movement focusing on Australian life, the bush, and the harsh sunlight that typifies the country",1880-01-01T00:00:00Z,,1880,,Australia,Q40415,,https://en.wikipedia.org/wiki/Heidelberg_School,Q968159 art movement
Q3066195,Torii school,school of ukiyo-e artists,1680-01-01T00:00:00Z,,1680,,Japan,,300114385,https://en.wikipedia.org/wiki/Torii_school,Q968159 art movement
Q3074667,Yokohama-e,Ukiyo-e Japanese woodblock prints depicting foreigners and scenes of Yokohama,1859-01-01T00:00:00Z,1880-01-01T00:00:00Z,1859,1880,Japan,,300114356,https://en.wikipedia.org/wiki/Yokohama-e,Q968159 art movement
Q3077307,Forma 1,Italian artistic group active 1947–1961,1947-01-01T00:00:00Z,,1947,,,,,https://en.wikipedia.org/wiki/Forma_1,Q968159 art movement
Q3077939,kappazuri,Japanese art genre,,,,,Japan,,,https://en.wikipedia.org/wiki/Kappazuri,Q968159 art movement
Q3079516,Kei school,Ancient Japanese school\,,,,,Japan,,,https://en.wikipedia.org/wiki/Kei_school,Q968159 art movement; Q1792644 art style
Q3108623,Cusco school,"Roman Catholic art movement from Cusco, Peru",1534-01-01T00:00:00Z,,1534,,Peru; Ecuador; Bolivia,,300018086,https://en.wikipedia.org/wiki/Cusco_school,Q968159 art movement
Q3111286,Dutch School,Art movement,,,,,,,,https://en.wikipedia.org/wiki/Dutch_School_(painting),Q968159 art movement
Q3631050,Pahari painting,form of Indian painting,,,,,North India,,300018997,https://en.wikipedia.org/wiki/Pahari_painting,Q968159 art movement; Q1792644 art style
Q3633165,Dalit Panther,social organization,,,,,,,,https://en.wikipedia.org/wiki/Dalit_Panthers,Q968159 art movement
Q3650833,Cynical realism,contemporary movement in Chinese art,,,,,,,,https://en.wikipedia.org/wiki/Cynical_realism,Q968159 art movement
Q3650950,Southern Agrarians,twelve authors of the Southern Agrarians manifesto,,,,,United States,,,https://en.wikipedia.org/wiki/Southern_Agrarians,Q968159 art movement
Q3686197,Moscow Conceptualists,Russian artistic movement,1970-01-01T00:00:00Z,,1970,,Russia,,,https://en.wikipedia.org/wiki/Moscow_Conceptualists,Q968159 art movement
Q3696422,Cracking Art,"art movement, Italy",,,,,,,,https://en.wikipedia.org/wiki/Cracking_Art,Q968159 art movement
Q3736603,New Complexity,music genre,,,,,,,,https://en.wikipedia.org/wiki/New_Complexity,Q968159 art movement
Q3777377,Gruppo Labronico,Italian artistic association (since 1920),1920-07-15T00:00:00Z,,1920,,Italy,,,https://en.wikipedia.org/wiki/Gruppo_Labronico,Q968159 art movement
Q4414064,abstract impressionism,art movement,1950-01-01T00:00:00Z,,1950,,,Q1147263; Q166713; Q40415,300022107,https://en.wikipedia.org/wiki/Abstract_impressionism,Q968159 art movement
Q4446608,Severe style (Soviet art),movement in Soviet painting of the late 1950s and 1960s,,,,,,,,https://en.wikipedia.org/wiki/Severe_style_(Soviet_art),Q968159 art movement
Q4448560,surrealist music,music genre,,,,,,,,https://en.wikipedia.org/wiki/Surrealist_music,Q968159 art movement
Q4462590,The Third Generation of Postwar Writers,modern Japanese literature classification,,,,,Japan,,,https://en.wikipedia.org/wiki/Third_Generation_of_Postwar_Writers,Q968159 art movement
Q4529788,Ego-Futurism,"Russian literary movement of the 1910s, developed within Russian Futurism by Igor Severyanin and his early followers",1911-01-01T00:00:00Z,,1911,,,,,https://en.wikipedia.org/wiki/Ego-Futurism,Q968159 art movement
Q4587039,Kristiania Bohemians,Norwegian political & cultural movement,,,,,Norway,,,https://en.wikipedia.org/wiki/Kristiania_Bohemians,Q968159 art movement
Q4631020,21st-century classical music,"art music, in the contemporary classical tradition, that has been produced since the year 2000",2000-01-01T00:00:00Z,,2000,,,,,https://en.wikipedia.org/wiki/21st-century_classical_music,Q968159 art movement
Q4732875,Alliterative Revival,resurgence of poetry using the alliterative verse form in Middle English between c. 1350 and 1500,,,,,United Kingdom,,,https://en.wikipedia.org/wiki/Alliterative_Revival,Q968159 art movement
Q4736321,altermodern,term for art that reacts against standardisation and commercialism,2009-01-01T00:00:00Z,,2009,,,Q1087786; Q565720; Q7181,,https://en.wikipedia.org/wiki/Altermodern,Q968159 art movement
Q4745458,American folk music revival,Period of time in the mid-twentieth century in which the folk music of America revived,1930-01-01T00:00:00Z,,1930,,,,,https://en.wikipedia.org/wiki/American_folk_music_revival,Q968159 art movement
Q4745501,American modernism,American philosophical movement,,,,,United States,,,https://en.wikipedia.org/wiki/American_modernism,Q968159 art movement
Q4745527,American realism,"style in art, music and literature that depicted contemporary social realities and the lives and everyday activities of ordinary people",,,,,,,,https://en.wikipedia.org/wiki/American_realism,Q968159 art movement
Q4763641,Anglo-Japanese style,hybrid artistic style,,,,,,,300265613,https://en.wikipedia.org/wiki/Anglo-Japanese_style,Q968159 art movement
Q4763941,Angry Penguins,art and literary movement in Australia,1940-01-01T00:00:00Z,,1940,,Australia,,,https://en.wikipedia.org/wiki/Angry_Penguins,Q968159 art movement
Q4801255,artistic dress,medieval-inspired dress reform movement,,,,,,,,https://en.wikipedia.org/wiki/Artistic_Dress,Q968159 art movement
Q4816145,Atlanta School of Composers,group of classical music composers,,,,,,,,https://en.wikipedia.org/wiki/Atlanta_School_of_Composers,Q968159 art movement
Q4817248,Atomic Age,"design style that refers to the period roughly corresponding to 1940–1960, when concerns about nuclear war dominated Western society during the Cold War",,,,,,,,https://en.wikipedia.org/wiki/Atomic_Age_(design),Q968159 art movement
Q27273707,Romantic art,art movement,,,,,,,,https://en.wikipedia.org/wiki/Romantic_art,Q968159 art movement; Q1792644 art style
Q28134654,Mashup,rearranging spliced parts of musical pieces,,,,,,,,https://en.wikipedia.org/wiki/Mashup_(culture),Q968159 art movement
Q28154524,Writers in Paris,,,,,,France,,,https://en.wikipedia.org/wiki/Writers_in_Paris,Q968159 art movement
Q28173212,Deccan painting,form of miniature painting,1347-01-01T00:00:00Z,1687-01-01T00:00:00Z,1347,1687,India,,,https://en.wikipedia.org/wiki/Deccan_painting,Q968159 art movement
Q28401399,Animalier school,art movement,,,,,,,,https://en.wikipedia.org/wiki/Animalier_school,Q968159 art movement
Q30103940,Toronto New Wave,group of filmmakers from Toronto during the 1980s and early 1990s,,,,,Canada,,,https://en.wikipedia.org/wiki/Toronto_New_Wave,Q968159 art movement
Q30587647,Group X,British artistic movement active in 1920,,,,,,,,https://en.wikipedia.org/wiki/Group_X,Q968159 art movement
Q30591356,Philippine New Wave,movement in Philippine cinema,,,,,,,,https://en.wikipedia.org/wiki/Philippine_New_Wave,Q968159 art movement
Q30672519,The YES! Association,Artist collective founded in 2005,2005-01-01T00:00:00Z,,2005,,Sweden,,,https://en.wikipedia.org/wiki/The_YES!_Association,Q968159 art movement
Q30693053,Catholic literary revival,1860-1960 movement in France and England,1860-01-01T00:00:00Z,1960-01-01T00:00:00Z,1860,1960,France; United Kingdom,,,https://en.wikipedia.org/wiki/Catholic_literary_revival,Q968159 art movement
Q47491170,Boychukism,20th-century Ukrainian art movement,1910-01-01T00:00:00Z,,1910,,Ukraine,,,https://en.wikipedia.org/wiki/Boychukism,Q968159 art movement
Q48770364,emo revival,2010s underground emo movement,,,,,,,,https://en.wikipedia.org/wiki/Emo_revival,Q968159 art movement
Q48792190,Britpop revival,music genre,,,,,,,,https://en.wikipedia.org/wiki/Britpop_revival,Q968159 art movement
Q48843055,Chaekgeori,genre of still-life painting from the Joseon period of Korea,1800-01-01T00:00:00Z,,1800,,South Korea; Joseon,,,https://en.wikipedia.org/wiki/Chaekgeori,Q968159 art movement
Q48998774,Asociación Arte Concreto-Invención,Argentinian art movement,,,,,Argentina,,,https://en.wikipedia.org/wiki/Asociaci%C3%B3n_Arte_Concreto-Invenci%C3%B3n,Q968159 art movement
Q48999164,Dvaravati art,artistic work originating from Mon,,,,,,,,https://en.wikipedia.org/wiki/Dvaravati_art,Q968159 art movement
Q316862,Bitterfelder Weg,,,,,,East Germany,,,,Q968159 art movement
Q323948,Swabian poet school,"informal association of poets in Tübingen, Germany, 1805-1808",,,,,,,,,Q968159 art movement
Q368258,Yamato-den,,,,,,,,,,Q968159 art movement
Q485307,analytical painting,,,,,,,,,,Q968159 art movement
Q542177,Yamashiro-den,,,,,,,,,,Q968159 art movement
Q2345152,,,,,,,,,,,Q968159 art movement
Q2345170,Amsterdam school,literature movement,,,,,Netherlands,,,,Q968159 art movement
Q2345527,independent realism,Dutch art movement,,,,,Netherlands,,,,Q968159 art movement
Q2350129,Atmospheric impressionism,,,,,,,,,,Q968159 art movement
Q2359584,,architectural styles,,,,,,,,,Q968159 art movement; Q1792644 art style
Q2382803,Sōshū-den,,,,,,,,,,Q968159 art movement
Q2407578,miserabilism,literature movement,,,,,,,,,Q968159 art movement
Q2408838,,,,,,,,,,,Q968159 art movement
Q2415073,Daedalic style,style of Greek sculpture,-0700-01-01T00:00:00Z,,-701,,,,300020208,,Q968159 art movement
Q2420087,Neapolitan baroque art,,,,,,Italy,,,,Q968159 art movement
Q2427033,Occitanism,ideological movement,,,,,,,,,Q968159 art movement
Q2435641,,,1861-01-01T00:00:00Z,,1861,,Belgium,,,,Q968159 art movement
Q2462197,political pop,,,,,,,,,,Q968159 art movement
Q2478178,Umbrian school,,,,,,Italy,,,,Q968159 art movement
Q2512744,Vendel style,,,,,,,,,,Q968159 art movement
Q2517981,Lost Generation,generation of artists who emerged before the World War I and were hampered by the regulations during the Nazi-era,,,,,German Empire,,,,Q968159 art movement
Q2522485,business art,,,,,,,,,,Q968159 art movement
Q2549418,Jeune France,organization,1936-01-01T00:00:00Z,,1936,,France,,,,Q968159 art movement
Q2568852,Vienna Bronzes,Small bronze figures by Viennese artists from the 19th and early 20th centuries,,,,,,,,,Q968159 art movement
Q2584646,fundamentele kunst,Dutch-Belgian art movement related to minimal art,,,,,Belgium; Netherlands,Q6865348,,,Q968159 art movement
Q2614483,Pre-romanticism,literary movement developed in Europe in the last third of the century XVIII,,,,,,,,,Q968159 art movement
Q2705414,vitalism,,,,,,,,,,Q968159 art movement
Q2710594,,,,,,,,,,,Q968159 art movement
Q2782560,,,,,,,,,,,Q968159 art movement
Q2826174,africanism,artistic movement,,,,,,,,,Q968159 art movement
Q2843729,New Argentine Cinema,film movement,,,,,Argentina,,,,Q968159 art movement
Q2864689,Nasrid art,,,,,,Emirate of Granada,,,,Q968159 art movement
Q2864738,Art singulier,art movement,,,,,,,,,Q968159 art movement
Q2864741,Byzantine art of the iconoclasm period,,0726-01-01T00:00:00Z,0842-01-01T00:00:00Z,726,842,,,,,Q968159 art movement
Q2864746,Solar artwork,,,,,,,,,,Q968159 art movement
Q2864760,equitable art,2000s art movement,,,,,,,,,Q968159 art movement
Q2870091,,,,,,,,,,,Q968159 art movement
Q2886841,constructive abstraction,Spanish art movement,,,,,Spain,,,,Q968159 art movement
Q2917716,Colónida,Peruvian literary movement,,,,,Peru,,,,Q968159 art movement
Q2924910,,,,,,,Netherlands,,,,Q968159 art movement
Q2935750,,,,,,,,,,,Q968159 art movement
Q3013000,,,,,,,France,,,,Q968159 art movement
Q3071677,Figuration narrative,,,,,,,,,,Q968159 art movement
Q3078596,Forty-Part Motet,Sound Artwork by Janet Cardiff and George Bures Miller,,,,,,,,,Q968159 art movement
Q3088366,Romantic painting,"painting movement, late 18th - 19th century",,,,,,,,,Q968159 art movement
Q3117798,Group of Thirteen,,1912-01-01T00:00:00Z,,1912,,France,,,,Q968159 art movement
Q3177996,,,,,,,,,,,Q968159 art movement
Q3238161,Neo-experimentalism,,,,,,,,,,Q968159 art movement
Q3256780,,,,,,,,,,,Q968159 art movement
Q3263391,Belgian poster art,,,,,,,,,,Q968159 art movement
Q3267313,,,,,,,,,,,Q968159 art movement
Q3307709,Flemish School,"art movement of Flanders of the 15th, 16th and 17th centuries",,,,,Belgium; Southern Netherlands,,,,Q968159 art movement
Q3326940,Movimento Arte Concreta,artistic and social movement,1948-12-22T00:00:00Z,1959-01-01T00:00:00Z,1948,1959,Italy,Q160422; Q153739; Q151803; Q131221; Q61064,300265840,,Q968159 art movement
Q3337128,,,,,,,,,,,Q968159 art movement
Q3341324,Nieuwe Kunst,Art Nouveau from the Netherlands,,,,,Netherlands,,,,Q968159 art movement; Q32880 architectural style
Q3345214,new consonant music,music genre,,,,,,,,,Q968159 art movement
Q3345238,Nouvelle école d'Avignon,,,,,,,,,,Q968159 art movement
Q3358820,Oumupo,music movement of constrained sound creation techniques,,,,,,,,,Q968159 art movement
Q3358825,Oupeinpo,painting and visual arts movement of constrained creation techniques,,,,,,,,,Q968159 art movement
Q3363345,paradoxism,,,,,,,,,,Q968159 art movement
Q3374328,,,1935-01-01T00:00:00Z,1989-01-01T00:00:00Z,1935,1989,France,,,,Q968159 art movement
Q3374337,pure-painting,,,,,,,,,,Q968159 art movement
Q3374347,Byzantine icon painting,art movement & religious practice,,,,,,,,,Q968159 art movement
Q3374359,Troubadour style painting,,,,,,,,,,Q968159 art movement
Q3391334,integral serialism,musical movement,,,,,,,,,Q968159 art movement
Q3397865,,,,,,,,,,,Q968159 art movement
Q3399715,post-exoticism,literary movement created by Antoine Volodine to characterize his work,,,,,,,,,Q968159 art movement
Q3403250,Italian primitives,artistic movement and painting group from the beginning of Italian Renaissance,1200-01-01T00:00:00Z,,1200,,Italy,,,,Q968159 art movement
Q3425529,,,,,,,,,,,Q968159 art movement
Q3441732,,,,,,,,,,,Q968159 art movement
Q3473056,,,,,,,,,,,Q968159 art movement
Q3484823,simultanism,movement in abstract painting,1910-01-01T00:00:00Z,,1910,,,Q271651,,,Q968159 art movement
Q3501275,atom style,,,,,,,,,,Q968159 art movement; Q1792644 art style
Q3505455,Belgian surrealism,,,,,,Belgium,,,,Q968159 art movement
Q3521561,The Legible City,interactive art installation where the visitor rides a stationary bicycle through a simulated representation of a city,1989-01-01T00:00:00Z,,1989,,,,,,Q968159 art movement
Q3538424,,,,,,,,,,,Q968159 art movement
Q3577777,École dauphinoise,,,,,,,,,,Q968159 art movement
Q3577782,,,,,,,France,,,,Q968159 art movement
Q3577783,School of Brussels,comics movement,,,,,Belgium,,,,Q968159 art movement
Q3577801,,,1834-01-01T00:00:00Z,1870-01-01T00:00:00Z,1834,1870,,,,,Q968159 art movement
Q3577806,École de Murol,"school of French landscape painting; about fifty painters who, in the first half of the twentieth century, were contemporaries in Murol, a village in the Sancy massif",,,,,France,,,,Q968159 art movement
Q3577813,,,,,,,,,,,Q968159 art movement
Q3577817,École de Rochefort,20th century French poetic movement,1941-03-01T00:00:00Z,,1941,,France,,,,Q968159 art movement
Q3577826,Wissant school,art movement,,,,,,,,,Q968159 art movement
Q3577825,,art movement in Tunisia,1949-01-01T00:00:00Z,,1949,,Tunisia,,,,Q968159 art movement
Q3577917,,,,,,,Switzerland,,,,Q968159 art movement
Q3577993,,,1912-01-01T00:00:00Z,1918-01-01T00:00:00Z,1912,1918,France,,,,Q968159 art movement
Q3578005,,,,,,,,,,,Q968159 art movement
Q3578031,,Canadian literary movement,,,,,Canada,,,,Q968159 art movement
Q30526734,,,,,,,,,,,Q968159 art movement
Q30747879,,,,,,,,,,,Q968159 art movement; Q1792644 art style
Q30893795,Photoart,a kind of fine art,,,,,,,,,Q968159 art movement
Q30904833,Generación del 18,Venezuelan literary movement,,,,,Venezuela,,,,Q968159 art movement
Q30950388,Military village literature,,,,,,Taiwan,,,,Q968159 art movement
Q31191285,,,,,,,,,,,Q968159 art movement
Q31194382,Ani school of Armenian miniature painting,,,,,,,,,,Q968159 art movement
Q31628743,,,,,,,,,,,Q968159 art movement
Q37346394,Drishtantoism,"ultramodern Lokayata philosophy of Indian subcontinent, that comes to the notice of intellectuals at the end of the 2010s",2009-01-01T00:00:00Z,,2009,,Bangladesh,,,,Q968159 art movement
Q38451143,Pskov architectural style,architectural style used at Pskov republic and Pskov land in X-XVII centuries,,,,,Pskov Republic,,,,Q968159 art movement; Q32880 architectural style
Q38451156,,,,,,,,,,,Q968159 art movement
Q39928705,Trash art,art movement,,,,,,,,,Q968159 art movement
Q43012742,Verismo,"period of artistic, literary, and intellectual movement that started in 19th century Italy",,,,,,,,,Q968159 art movement
Q44506816,,,,,,,,,,,Q968159 art movement
Q47036053,radical realism,,,,,,,,,,Q968159 art movement
Q48856074,Geração 80,artistic trend in Brazilian art during the 1980s,,,,,Brazil,,,,Q968159 art movement
Q50326677,Tartu School of Composition,Estonian composition school,,,,,Estonia,,,,Q968159 art movement
Q51512904,New Latin-language poets,,,,,,,,,,Q968159 art movement
Q54429672,,,,,,,,,,,Q968159 art movement
Q54854899,Debate of the Romance of the Rose,literary debate,,,,,,,,,Q968159 art movement
Q55255109,Blaue Rispe,ceramics art movement/style,1903-01-01T00:00:00Z,1905-01-01T00:00:00Z,1903,1905,,,,,Q968159 art movement
Q55455579,El Comité,Mexican literary collective and literary movement,2012-01-01T00:00:00Z,,2012,,Mexico,,,,Q968159 art movement
Q55522014,Aoe school,,,,,,,,,,Q968159 art movement
Q55597157,,,,,,,France,,,,Q968159 art movement
Q3578034,École liégeoise de peinture,Network of painters from the Prince-Bishopric of Liège in the 17th and the first third of the 18th century,,,,,Prince-Bishopric of Liège,Q42207; Q41554,,,Q968159 art movement; Q1792644 art style
Q3578035,Lombard school,Renaissance art movement,,,,,,,,,Q968159 art movement
Q3578066,Neapolitan school of painting,school of painting,1500-01-01T00:00:00Z,,1500,,,,,,Q968159 art movement
Q3578338,,,,,,,Italy,,,,Q968159 art movement
Q3578530,Veronese school,,,,,,,,,,Q968159 art movement
Q3578555,Italian schools of paintings,,,,,,Italy,,,,Q968159 art movement
Q3624106,Baroque art,art movement,,,,,,,,,Q968159 art movement; Q1792644 art style
Q3655418,Cannibali,Italian literary movement,,,,,,,,,Q968159 art movement
Q3667535,Chiarismo,Italian art movement,,,,,Italy,,,,Q968159 art movement
Q3684594,Middle Comedy,period of ancient Greek comedic drama,,,,,,,,,Q968159 art movement
Q3733236,expressionism in Germany,,,,,,Germany,,,,Q968159 art movement
Q3759614,,,,,,,Peru,,,,Q968159 art movement
Q3759612,Generation of 1914,,,,,,,,,,Q968159 art movement
Q3797228,In arte libertas,association of artists,1886-01-01T00:00:00Z,1903-01-01T00:00:00Z,1886,1903,Kingdom of Italy,,,,Q968159 art movement
Q3827470,Hellenistic mosaic,style of mosaic from the Hellenistic period,,,,,,,,,Q968159 art movement
Q3832864,,,,,,,,,,,Q968159 art movement
Q3833332,,,,,,,,,,,Q968159 art movement
Q3875231,new genre public art,type of activist public art,,,,,,,,,Q968159 art movement
Q3905891,,,,,,,,,300073920,,Q968159 art movement
Q3905896,Lombard painting,,,,,,,,,,Q968159 art movement
Q3909396,,,,,,,,,,,Q968159 art movement
Q3909471,,,,,,,,,,,Q968159 art movement
Q3909993,,,,,,,Dutch Republic,,,,Q968159 art movement
Q3924366,Proun,artistic style,,,,,,,,,Q968159 art movement
Q3925964,Purismo (litterature),,,,,,,,,,Q968159 art movement
Q3931116,existential realism,,,,,,,,,,Q968159 art movement
Q3935968,Liutprandean Renaissance,,,,,,Kingdom of the Lombards,,,,Q968159 art movement
Q3941968,,,,,,,,,,,Q968159 art movement
Q3953215,Romanesque sculpture,sculpture of Europe from approximately 1000 AD to the 13th century,,,,,,,,,Q968159 art movement
Q3953241,,,,,,,,,,,Q968159 art movement
Q3953273,Gaza School,late antiquity school of rhetoric,,,,,Byzantine Empire,,,,Q968159 art movement
Q3953282,Pergamene school,,,,,,,,,,Q968159 art movement
Q3953331,,,,,,,Spain,,,,Q968159 art movement
Q3953329,,,1863-01-01T00:00:00Z,,1863,,,,,,Q968159 art movement
Q3953351,School of Rhodes,Hellenistic art movement,,,,,,,,,Q968159 art movement
Q3959046,Nul,Dutch branch of the ZERO movement,1960-01-01T00:00:00Z,1965-01-01T00:00:00Z,1960,1965,Netherlands,Q136046,,,Q968159 art movement
Q3966519,experimentalism,,,,,,Italy; Kingdom of Italy,,,,Q968159 art movement
Q3974594,,Italian literary movement,,,,,Italy,,,,Q968159 art movement
Q3978012,Superrealism,,,,,,,,,,Q968159 art movement
Q3978162,supermodernity,,,,,,,,,,Q968159 art movement
Q4069713,Armenian Mighty Handful,,,,,,Armenia,,,,Q968159 art movement
Q4123682,icon painting of Vologda,,,,,,Grand Principality of Moscow; Tsardom of Russia,,,,Q968159 art movement
Q4127788,Toutism,artistic movement,1913-01-01T00:00:00Z,1925-01-01T00:00:00Z,1913,1925,,Q617166; Q310896,,,Q968159 art movement
Q4138727,hypermannerism,,,,,,,,,,Q968159 art movement
Q4224188,Amateur Song Club,non-formal social movement that emerged in the USSR and united fans of bard song,,,,,Soviet Union,,,,Q968159 art movement
Q4292891,,,1940-01-01T00:00:00Z,1950-01-01T00:00:00Z,1940,1950,France,,,,Q968159 art movement
Q4302725,,,1977-03-14T00:00:00Z,,1977,,Soviet Union,,,,Q968159 art movement
Q4304034,Moscow Actionism,modern art and activist movement in Russia,,,,,Russia,,,,Q968159 art movement
Q4306635,Musical movement,methode of teaching music and dance,1910-01-01T00:00:00Z,,1910,,,,,,Q968159 art movement
Q4317244,neosurrealism,cultural movement,,,,,,Q39427,,,Q968159 art movement
Q4317267,neofolklorism,"movement in European professional music of the 1st third of the 20th century, organically linked to the use of folklore features.",,,,,,,,,Q968159 art movement
Q4345135,,,,,,,,,,,Q968159 art movement
Q4400769,,,,,,,,,,,Q968159 art movement
Q4465768,turborealism,Russian literary movement of the 1990s,,,,,,,,,Q968159 art movement
Q4502086,,,,,,,Netherlands,,,,Q968159 art movement
Q5128307,Classical Realism,artistic movement,,,,,,,,,Q968159 art movement
Q5392990,artcore,anti-art punk movement started in the 1980s,2003-01-01T00:00:00Z,,2003,,,,,,Q968159 art movement
Q5492501,guardia nueva,musical period in which tango reaches the pinnacle of its worldwide diffusion,1917-01-01T00:00:00Z,1955-01-01T00:00:00Z,1917,1955,,,,,Q968159 art movement
Q23560495,,,,,,,,,,,Q968159 art movement
Q23597152,,,,,,,,,,,Q968159 art movement
Q23900696,,,1930-01-01T00:00:00Z,,1930,,Chile,Q41408,,,Q968159 art movement
Q23901155,British School 19th century,"unknown artist, 1800 - 1899",,,,,,,,,Q968159 art movement
Q23906819,British School 17th century,1600 - 1699,,,,,United Kingdom,,,,Q968159 art movement
Q24188675,,,,,,,Spain,,,,Q968159 art movement
Q24205155,magic realism,literary movement,,,,,,,,,Q968159 art movement
Q24866587,Haruta school,crafters of Japanese helmets,,,,,Japan,,,,Q968159 art movement
Q25381351,Post-cubism,Art movement extending from the late 1920s to the early 1950s,,,,,,,,,Q968159 art movement
Q25408844,neorealism,literary movement,,,,,Italy,,,,Q968159 art movement
Q25413839,,,,,,,,,,,Q968159 art movement
Q25468576,,,,,,,,,,,Q968159 art movement
Q25476400,,,,,,,,,,,Q968159 art movement
Q25477126,,,1920-01-01T00:00:00Z,1960-01-01T00:00:00Z,1920,1960,,,,,Q968159 art movement
Q25484595,Strandzha Iconographic School,art movement,,,,,,,,,Q968159 art movement
Q26689759,abstract realism,art movement,,,,,,,,,Q968159 art movement
Q26906566,Beat poetry,poetry by a Beat generation author,,,,,,,,,Q968159 art movement
Q27479442,Association of watercolorists of Rome,,1875-01-01T00:00:00Z,,1875,,Italy,,,,Q968159 art movement
Q27649697,,,,,,,,,,,Q968159 art movement
Q28191494,,,,,,,,,,,Q968159 art movement
Q28457244,Indigenouism,,,,,,,,,,Q968159 art movement
Q28666907,,,2000-01-01T00:00:00Z,,2000,,,,,,Q968159 art movement
Q28666904,Soviet New Wave,film movement,,,,,Soviet Union,,,,Q968159 art movement
Q28668611,,,,,,,,,,,Q968159 art movement
Q28868614,aesthetic dress,historically-inspired fashion movement emphasizing sensuality in dress,,,,,,Q1746177; Q751880,,,Q968159 art movement
Q28872661,Settecentismo,"Artistic, musical, cultural, and literary movement",1900-01-01T00:00:00Z,2000-01-01T00:00:00Z,1900,2000,Italy; France,,,,Q968159 art movement
Q28916399,,,,,,,Mexico,,,,Q968159 art movement
Q29018234,Four Monks,Four painters in de late Ming and early Qing dynasty,,,,,Qing dynasty; Ming dynasty,,,,Q968159 art movement
Q29034480,,,,,,,,,,,Q968159 art movement
Q29152708,,,,,,,,,,,Q968159 art movement
Q29558391,Grupo Logicofobista,Surrealistic artistic group from Catalonia (1936),1936-01-01T00:00:00Z,,1936,,Spain,,,,Q968159 art movement
Q29901190,Hokusai school,school of art,,,,,,,300114368,,Q968159 art movement
Q30302832,Kajikawa school,school of lacquerware during the Edo era,,,,,Japan,,,,Q968159 art movement; Q1792644 art style
Q4692,Renaissance,cultural movement that spanned the period roughly from the 14th to the 17th century,1400-01-01T00:00:00Z,1650-01-01T00:00:00Z,1400,1650,,,300021140,https://en.wikipedia.org/wiki/Renaissance,Q968159 art movement
Q80113,Expressionism,modernist art movement,1900-01-01T00:00:00Z,,1900,,,Q152778; Q117035,300021502,https://en.wikipedia.org/wiki/Expressionism,Q968159 art movement; Q1792644 art style
Q82386,ukiyozōshi,Japanese literature movement,1680-01-01T00:00:00Z,1770-01-01T00:00:00Z,1680,1770,Japan,Q82375,,https://en.wikipedia.org/wiki/Ukiyo-z%C5%8Dshi,Q968159 art movement
Q861297,Company style,hybrid Indo-European style of paintings made in India by Indian artists in the 18th and 19th centuries,1800-01-01T00:00:00Z,,1800,,,,300018959,https://en.wikipedia.org/wiki/Company_style,Q968159 art movement
Q864599,Biomorphism,art movement,,,,,,,,https://en.wikipedia.org/wiki/Biomorphism,Q968159 art movement
Q867769,International Gothic,art style,,,,,France; Duchy of Burgundy,,300020786,https://en.wikipedia.org/wiki/International_Gothic,Q968159 art movement; Q32880 architectural style; Q1792644 art style
Q868855,old-school hip-hop,historical musical period; music genre,1978-01-01T00:00:00Z,,1978,,United States,,,https://en.wikipedia.org/wiki/Old-school_hip-hop,Q968159 art movement
Q878864,New Leipzig School,art movement,1990-01-01T00:00:00Z,,1990,,Germany,Q315175; Q56039,,https://en.wikipedia.org/wiki/New_Leipzig_School,Q968159 art movement
Q558875,Wu School,school of Chinese painting,,,,,,,,https://en.wikipedia.org/wiki/Wu_School,Q968159 art movement
Q568622,Lyon School,style of painting that flourished around 1800,,,,,,,,https://en.wikipedia.org/wiki/Lyon_School,Q968159 art movement
Q570341,Nouveau Roman,French literary movement,1956-01-01T00:00:00Z,,1956,,France,,,https://en.wikipedia.org/wiki/Nouveau_roman,Q968159 art movement
Q572901,minimalist music,form of art music or other compositional practice that employs limited or minimal musical materials,1964-01-01T00:00:00Z,,1964,,United States,,,https://en.wikipedia.org/wiki/Minimal_music,Q968159 art movement
Q610687,Venetian school,Renaissance art movement,,,,,Italy,,,https://en.wikipedia.org/wiki/Venetian_painting,Q968159 art movement
Q610877,Northern Renaissance,Renaissance that occurred in the European countries north of the Alps,,,,,,,300252246,https://en.wikipedia.org/wiki/Northern_Renaissance,Q968159 art movement; Q32880 architectural style
Q612039,Venetian School,group of composers working in Venice during the Renaissance,,,,,,,,https://en.wikipedia.org/wiki/Venetian_School_(music),Q968159 art movement
Q938864,Mexican muralism,global movement inspired by Mexican muralism,,,,,Mexico,,300107850,https://en.wikipedia.org/wiki/Mexican_muralism,Q968159 art movement
Q939559,photorealism,art genre and movement,,,,,,,300022201,https://en.wikipedia.org/wiki/Photorealism,Q968159 art movement
Q941875,Rayonism,art movement,1911-01-01T00:00:00Z,1914-01-01T00:00:00Z,1911,1914,,Q519443; Q131221; Q42934; Q40415,300021397,https://en.wikipedia.org/wiki/Rayonism,Q968159 art movement
Q37068,Romanticism,"artistic, literary, musical, and intellectual movement",1800-01-01T00:00:00Z,1900-01-01T00:00:00Z,1800,1900,,,300172863,https://en.wikipedia.org/wiki/Romanticism,Q968159 art movement; Q32880 architectural style; Q1792644 art style
Q37484,epic poem,"lengthy narrative poem, ordinarily detailing heroic deeds",,,,,,,300253035,https://en.wikipedia.org/wiki/Epic_poetry,Q968159 art movement
Q597240,New Romantic,1970s British pop culture movement,1979-01-01T00:00:00Z,,1979,,,,,https://en.wikipedia.org/wiki/New_Romantic,Q968159 art movement
Q597365,Yamato-e,classical Japanese painting style,1100-01-01T00:00:00Z,,1100,,Japan,,300018589,https://en.wikipedia.org/wiki/Yamato-e,Q968159 art movement
Q603529,Bloomsbury Group,"influential group of associated English writers, intellectuals, philosophers and artists",,,,,,,,https://en.wikipedia.org/wiki/Bloomsbury_Group,Q968159 art movement
Q933272,ero guro,literary and artistic movement originating circa 1930 in Japan,,,,,Japan,,,https://en.wikipedia.org/wiki/Ero_guro,Q968159 art movement
Q933661,Novecento Italiano,Italian artistic movement,,,,,Italy,,300265843,https://en.wikipedia.org/wiki/Novecento_Italiano,Q968159 art movement; Q32880 architectural style
Q935292,Neo-Dada,art movement,,,,,,Q6034,300022187,https://en.wikipedia.org/wiki/Neo-Dada,Q968159 art movement
Q936588,Renaissance sculpture,art of sculpture in the Renaissance,,,,,,,,https://en.wikipedia.org/wiki/Renaissance_sculpture,Q968159 art movement; Q1792644 art style
Q6353914,Kallol,literary movement in Bengali literature,,,,,,,,https://en.wikipedia.org/wiki/Kallol,Q968159 art movement
Q6362867,Kangra painting,Indian pictorial art form related to Himachal Pradesh,,,,,,,,https://en.wikipedia.org/wiki/Kangra_painting,Q968159 art movement
Q6388883,Kendall Band,"musical sculpture by Paul Matisse in Cambridge, Massachusetts",1986-01-01T00:00:00Z,,1986,,United States,,,https://en.wikipedia.org/wiki/Kendall_Band,Q968159 art movement
Q6441132,Quba rug,style of carpet from the Caucasus region,,,,,,,300244687,https://en.wikipedia.org/wiki/Quba_rugs_and_carpets,Q968159 art movement
Q6456231,L.A. Rebellion,1967–89 film movement by African-American filmmakers,1967-01-01T00:00:00Z,1989-01-01T00:00:00Z,1967,1989,United States,,,https://en.wikipedia.org/wiki/L.A._Rebellion,Q968159 art movement
Q6546135,Light and Space,art movement,1960-01-01T00:00:00Z,,1960,,United States,Q2316866; Q1372986; Q182331; Q173436,300375712,https://en.wikipedia.org/wiki/Light_and_Space,Q968159 art movement
Q6623146,New Sensibility,Israeli cinema movement,,,,,,,,https://en.wikipedia.org/wiki/New_Sensibility,Q968159 art movement
Q6652208,Little Theatre Movement,US experimental centers for dramatic arts,,,,,,,,https://en.wikipedia.org/wiki/Little_Theatre_Movement,Q968159 art movement
Q6692726,low-complexity art,art that can be described by a short computer program,,,,,,,,https://en.wikipedia.org/wiki/Low-complexity_art,Q968159 art movement
Q6693335,Lower Body Poets,movement of poets in China in the early 21st century,,,,,People's Republic of China,,,https://en.wikipedia.org/wiki/Lower_Body_Poets,Q968159 art movement
Q6747499,Manchester School,School in England,,,,,,,,https://en.wikipedia.org/wiki/Manchester_School_(writers),Q968159 art movement
Q6865348,minimalism,visual arts movement,,,,,,,300065758,https://en.wikipedia.org/wiki/Minimalism_(visual_arts),Q968159 art movement; Q1792644 art style
Q6867771,Minjung art,South Korean art of the Minjung movement,,,,,South Korea,Q174990,,https://en.wikipedia.org/wiki/Minjung_art,Q968159 art movement
Q6878743,Mission School,"art movement in 1990s & 2000s, Mission District, San Francisco, California.",,,,,,,,https://en.wikipedia.org/wiki/Mission_School,Q968159 art movement
Q6879399,Mississippian copper plates,,,,,,,,,https://en.wikipedia.org/wiki/Mississippian_copper_plates,Q968159 art movement
Q6888716,Modern Indian painting,Modern School of Painting,,,,,,,,https://en.wikipedia.org/wiki/Modern_Indian_painting,Q968159 art movement
Q6889711,Modular constructivism,,1950-01-01T00:00:00Z,,1950,,,,,https://en.wikipedia.org/wiki/Modular_constructivism,Q968159 art movement
Q6906281,Montreal Group,,,,,,Canada,,,https://en.wikipedia.org/wiki/Montreal_Group,Q968159 art movement
Q6942551,Musical historicism,Use of historical content in classical music,,,,,,,,https://en.wikipedia.org/wiki/Musical_historicism,Q968159 art movement
Q6964471,Nanyang Style,art movement in 20th-century Singapore,,,,,Singapore,,,https://en.wikipedia.org/wiki/Nanyang_Style,Q968159 art movement
Q6969951,Nathdwara Painting,painting tradition that emerged in Western India,,,,,India,,,https://en.wikipedia.org/wiki/Nathdwara_painting,Q968159 art movement
Q6991721,Neo-Fauvism,poetic style of painting,,,,,,,,https://en.wikipedia.org/wiki/Neo-Fauvism,Q968159 art movement
Q7007772,New Genres,art movement dealing with emerging art forms,1900-01-01T00:00:00Z,,1900,,,,,https://en.wikipedia.org/wiki/New_Genres,Q968159 art movement
Q7010556,New Narrative,"literary movement founded in San Francisco in the 1970s by Robert Glück and Bruce Boone, aiming to represent subjective experience without pretense at absolute objectivity or absolute fluidity of a text",1970-01-01T00:00:00Z,,1970,,United States,,,https://en.wikipedia.org/wiki/New_Narrative,Q968159 art movement
Q7011515,New Sincerity,artistic and philosophical movement,,,,,,,,https://en.wikipedia.org/wiki/New_sincerity,Q968159 art movement
Q7015151,New Yorkshire,music genre,2002-01-01T00:00:00Z,,2002,,United Kingdom,,,https://en.wikipedia.org/wiki/New_Yorkshire,Q968159 art movement
Q7060194,Northwest School,American art movement,,,,,United States,,,https://en.wikipedia.org/wiki/Northwest_School_(art),Q968159 art movement
Q7063969,Nouvelle tendance,artistic movement,,,,,,,,https://en.wikipedia.org/wiki/Nouvelle_tendance,Q968159 art movement
Q7067781,Nuagisme,French art movement,,,,,,,,https://en.wikipedia.org/wiki/Nuagisme,Q968159 art movement
Q35874,humor,tendency of someone to point out and emphasize the comical nature of something (or the mental state that leads to this tendency),,,,,,,,https://en.wikipedia.org/wiki/Humour,Q968159 art movement
Q612118,Insular art,style of art produced in the post-Roman history of the British Isles,0700-01-01T00:00:00Z,1100-01-01T00:00:00Z,700,1100,,Q1258552; Q958255; Q914395,300021018,https://en.wikipedia.org/wiki/Insular_art,Q968159 art movement
Q613707,expressionist music,western movement in music,1908-01-01T00:00:00Z,,1908,,,,,https://en.wikipedia.org/wiki/Expressionist_music,Q968159 art movement
Q614082,Carolingian art,"art of the Frankish empire, ca. 780–900",0800-01-01T00:00:00Z,1000-01-01T00:00:00Z,800,1000,,,300020764,https://en.wikipedia.org/wiki/Carolingian_art,Q968159 art movement
Q615418,sonorism,movement in Western classical music,,,,,,,,https://en.wikipedia.org/wiki/Sonorism,Q968159 art movement
Q617166,Russian Futurism,literary and artistic movement in Russia,,,,,,Q131221,,https://en.wikipedia.org/wiki/Russian_Futurism,Q968159 art movement
Q619593,Victorian literature,literature during the period of Queen Victoria's reign,,,,,,,,https://en.wikipedia.org/wiki/Victorian_literature,Q968159 art movement
Q627187,proletarian literature,literature created by working-class writers mainly for the class-conscious proletariat,,,,,,,,https://en.wikipedia.org/wiki/Proletarian_literature,Q968159 art movement
Q630700,Arbujad,1930s literary movement in Estonia,1930-01-01T00:00:00Z,,1930,,Estonia,,,https://en.wikipedia.org/wiki/Arbujad,Q968159 art movement
Q632355,Archaic Greek sculpture,period in ancient Greek sculpture,-0699-01-01T00:00:00Z,-0479-01-01T00:00:00Z,-700,-480,,,,https://en.wikipedia.org/wiki/Archaic_Greek_sculpture,Q968159 art movement
Q632645,Hungry generation,1960s literary movement in the Bengali language,,,,,,,,https://en.wikipedia.org/wiki/Hungry_generation,Q968159 art movement
Q943853,Hudson River school,American art movement,,,,,United States,,300379047,https://en.wikipedia.org/wiki/Hudson_River_School,Q968159 art movement
Q948504,Bengal School of Art,an art movement and a style of Indian painting in the early 20th century,,,,,,,,https://en.wikipedia.org/wiki/Bengal_School_of_Art,Q968159 art movement
Q958255,Anglo-Saxon art,art of the Anglo-Saxon period,,,,,,Q19335232,,https://en.wikipedia.org/wiki/Anglo-Saxon_art,Q968159 art movement
Q962151,Classical Greek sculpture,period in ancient Greek sculpture,,,,,,,,https://en.wikipedia.org/wiki/Classical_Greek_sculpture,Q968159 art movement
Q971480,modernist literature,characterized by a self-conscious break with traditional styles of poetry and verse,,,,,,,,https://en.wikipedia.org/wiki/Literary_modernism,Q968159 art movement
Q974521,New Valencian School,Spanish art movement,,,,,Spain,,,https://en.wikipedia.org/wiki/New_Valencian_School,Q968159 art movement
Q988346,Merovingian art,art of the Franks under the Merovingian dynasty,0500-01-01T00:00:00Z,,500,,,,300019512,https://en.wikipedia.org/wiki/Merovingian_art_and_architecture,Q968159 art movement; Q1792644 art style
Q5600643,Modernismo,Spanish-American literary movement,1888-01-01T00:00:00Z,1914-01-01T00:00:00Z,1888,1914,,,,https://en.wikipedia.org/wiki/Modernismo,Q968159 art movement
Q5602008,Indigenismo,"trend in social and political thought, visual arts, and literature in Latin American countries where Indians make up a significant part of the population, rehabilitating them",,,,,,,300107847,https://en.wikipedia.org/wiki/Indigenismo,Q968159 art movement
Q9384967,Fifth Moon Group,Chinese painters group in Taiwan island,1957-01-01T00:00:00Z,,1957,,China; Taiwan,,,https://en.wikipedia.org/wiki/Fifth_Moon_Group,Q968159 art movement
Q9485200,realism,movement in 19th-century theatre,,,,,,,,https://en.wikipedia.org/wiki/Realism_(theatre),Q968159 art movement
Q55614094,Hurufiyya movement,art movement referring to traditional Islamic calligraphy within the precepts of modern art,,,,,Sudan,,,https://en.wikipedia.org/wiki/Hurufiyya_movement,Q968159 art movement
Q55624952,Neoclassicism in France,overview of Neoclassicism in France,,,,,,,,https://en.wikipedia.org/wiki/Neoclassicism_in_France,Q968159 art movement
Q55780244,School of London,20th-century art movement,,,,,,,,https://en.wikipedia.org/wiki/School_of_London,Q968159 art movement
Q56277528,Egyptian Finger and Toe stalls,ancient Egyptian jewelry,,,,,,,,https://en.wikipedia.org/wiki/Egyptian_finger_and_toe_stall,Q968159 art movement
Q60775109,Art for art,contemporary art movemen,,,,,,,,https://en.wikipedia.org/wiki/Art_for_art,Q968159 art movement
Q61117528,Ukrainian poetic cinema,Ukrainian cinematographic genre,1965-01-01T00:00:00Z,1972-01-01T00:00:00Z,1965,1972,Ukraine,,,https://en.wikipedia.org/wiki/Ukrainian_poetic_cinema,Q968159 art movement
Q61962393,Modern Ink,painting movement,,,,,,,,https://en.wikipedia.org/wiki/Modern_European_ink_painting,Q968159 art movement
Q64864575,Rutland Group,New Zealand art association formed by students from the Elam School of Fine Arts,1935-01-01T00:00:00Z,1958-01-01T00:00:00Z,1935,1958,New Zealand,,,https://en.wikipedia.org/wiki/Rutland_Group,Q968159 art movement
Q65080389,Art et Liberté,Egyptian artistic movement 1938–1948,1939-01-01T00:00:00Z,1948-01-01T00:00:00Z,1939,1948,Egypt,Q6734398; Q161955; Q33391,,https://en.wikipedia.org/wiki/Art_et_Libert%C3%A9,Q968159 art movement
Q65088883,Classical Realism,20-21st century artistic movement that values skill and beauty,,,,,,,,https://en.wikipedia.org/wiki/Classical_Realism,Q968159 art movement
Q37853,Baroque,"cultural movement, starting around 1600",1590-01-01T00:00:00Z,1750-01-01T00:00:00Z,1590,1750,Russia,Q172991,300021147,https://en.wikipedia.org/wiki/Baroque,Q968159 art movement; Q32880 architectural style
Q38166,modern art,artistic works produced during the period extending roughly from the 1860s to the 1970s,1860-01-01T00:00:00Z,1970-01-01T00:00:00Z,1860,1970,,,300264736,https://en.wikipedia.org/wiki/Modern_art,Q968159 art movement; Q1792644 art style
Q38976,First Athenian School,"poetical movement active in Athens, Greece from 1830 to 1880",1830-01-01T00:00:00Z,1880-01-01T00:00:00Z,1830,1880,Kingdom of Greece,,,https://en.wikipedia.org/wiki/First_Athenian_School,Q968159 art movement
Q39427,surrealism,international cultural movement that began in the early 1920s,1920-01-01T00:00:00Z,1980-01-01T00:00:00Z,1920,1980,,Q753683; Q6186; Q6034,300021512,https://en.wikipedia.org/wiki/Surrealism,Q968159 art movement; Q1792644 art style
Q574985,Macchiaioli,art movement,1850-01-01T00:00:00Z,,1850,,,,,https://en.wikipedia.org/wiki/Macchiaioli,Q968159 art movement
Q576717,Eurasiatic animal style,Iron Age art movement characterized by the use of animal motifs,-0001-01-01T00:00:00Z,,-2,,,,,https://en.wikipedia.org/wiki/Animal_style,Q968159 art movement
Q576913,Arte Povera,Italian art movement,1967-01-01T00:00:00Z,1972-01-01T00:00:00Z,1967,1972,Italy,,300047851,https://en.wikipedia.org/wiki/Arte_Povera,Q968159 art movement
Q580462,crepuscolarism,Italian poetic movement (early 20th century),,,,,,,,https://en.wikipedia.org/wiki/Crepuscolari,Q968159 art movement
Q584084,School of Fontainebleau,art movement by artists active at Fontainebleau 1530s-1610,,,,,France,,,https://en.wikipedia.org/wiki/School_of_Fontainebleau,Q968159 art movement
Q587691,Danube school,art movement,,,,,,,300263782,https://en.wikipedia.org/wiki/Danube_school,Q968159 art movement
Q589655,neo-expressionism,art movement,,,,,,,300022189,https://en.wikipedia.org/wiki/Neo-expressionism,Q968159 art movement; Q1792644 art style
Q594150,art brut,"self-taught art by amateurs, outsiders, untrained and people with specific mental health conditions or intellectual disabilities",,,,,,,300266230,https://en.wikipedia.org/wiki/Outsider_art,Q968159 art movement
Q878985,modernism,"movement of art, culture, philosophy and architecture",1900-01-01T00:00:00Z,,1900,,,,300021474,https://en.wikipedia.org/wiki/Modernism,Q968159 art movement
Q889525,cloisonnism,style of post-Impressionist painting,,,,,,,300021297,https://en.wikipedia.org/wiki/Cloisonnism,Q968159 art movement
Q890347,Nine lyric poets,group of humans,,,,,,,,https://en.wikipedia.org/wiki/Nine_Lyric_Poets,Q968159 art movement
Q891532,Bolognese school,art movement,1500-01-01T00:00:00Z,1600-01-01T00:00:00Z,1500,1600,Italy,,,https://en.wikipedia.org/wiki/Bolognese_school,Q968159 art movement
Q894150,Borre style,"Scandinavian animal style which is named after a boat grave in Borre, Norway",,,,,,,300263132,https://en.wikipedia.org/wiki/Borre_style,Q968159 art movement; Q1792644 art style
Q896513,Hamburger Schule,musical movement; music genre,,,,,Germany,,,https://en.wikipedia.org/wiki/Hamburger_Schule,Q968159 art movement
Q897054,Migration Period art,art movement,0400-01-01T00:00:00Z,,400,,,Q3354732,300106978,https://en.wikipedia.org/wiki/Migration_Period_art,Q968159 art movement; Q1792644 art style
Q908365,imaginism,Russian poetry movement,1918-01-01T00:00:00Z,1925-01-01T00:00:00Z,1918,1925,Russia,Q617166,,https://en.wikipedia.org/wiki/Imaginism,Q968159 art movement
Q912383,furniture music,background music for live performance; term coined by French composer Erik Satie,1917-01-01T00:00:00Z,,1917,,,,,https://en.wikipedia.org/wiki/Furniture_music,Q968159 art movement
Q915841,vorticism,short-lived modernist movement in British art and poetry of the early 20th century,1912-01-01T00:00:00Z,1915-01-01T00:00:00Z,1912,1915,United Kingdom,Q131221; Q42934,300021515,https://en.wikipedia.org/wiki/Vorticism,Q968159 art movement
Q928960,Streamline Moderne,art movement between Art Deco and modernism,,,,,,,300253564,https://en.wikipedia.org/wiki/Streamline_Moderne,Q968159 art movement
Q6010,rapping,"artistic form of vocal delivery and emotive expression that incorporates ""rhyme, rhythmic speech, and [commonly] street vernacular""",1970-01-01T00:00:00Z,,1970,,United States,,,https://en.wikipedia.org/wiki/Rapping,Q968159 art movement
Q6034,Dada,avant-garde art movement in the early 20th century,1910-01-01T00:00:00Z,,1910,,,Q2051330; Q1215852; Q794691; Q386302; Q80113; Q42934,300021500,https://en.wikipedia.org/wiki/Dada,Q968159 art movement; Q1792644 art style
Q8361,Baroque music,style of Western classical music,1600-01-01T00:00:00Z,,1600,,,,,https://en.wikipedia.org/wiki/Baroque_music,Q968159 art movement
Q14378,Neoclassicism,Western cultural movement inspired by ancient Greece and Rome,1760-01-01T00:00:00Z,1830-01-01T00:00:00Z,1760,1830,,,300021477,https://en.wikipedia.org/wiki/Neoclassicism,Q968159 art movement; Q1792644 art style
Q17516,street art,art that is public and temporary in public spaces,,,,,,,300056477,https://en.wikipedia.org/wiki/Street_art,Q968159 art movement
Q17723,Classical period,genre of Western music (c. 1730–1820),1730-01-01T00:00:00Z,,1730,,,,,https://en.wikipedia.org/wiki/Classical_period_(music),Q968159 art movement
Q24312,Munich Secession,"association of artists (1892-1938, 1946-)",1892-04-04T00:00:00Z,,1892,,Germany,,,https://en.wikipedia.org/wiki/Munich_Secession,Q968159 art movement
Q34636,Art Nouveau,"international philosophy and style of art, architecture and applied art",1890-01-01T00:00:00Z,1910-01-01T00:00:00Z,1890,1910,,,300021430,https://en.wikipedia.org/wiki/Art_Nouveau,Q968159 art movement; Q32880 architectural style
Q639605,Olot school,Catalan painting movement,,,,,Spain,,,https://en.wikipedia.org/wiki/Olot_school,Q968159 art movement
Q643782,New German Cinema,period (1962–1982) in West German cinema characterized by low-budget films influenced by the French New Wave and Italian Neorealism,1962-01-01T00:00:00Z,1982-01-01T00:00:00Z,1962,1982,West Germany,,300375151,https://en.wikipedia.org/wiki/New_German_Cinema,Q968159 art movement
Q646420,Fayum mummy portraits,type of ancient naturalistic portraits from Egypt,,,,,Roman Egypt,,300033934,https://en.wikipedia.org/wiki/Fayum_mummy_portraits,Q968159 art movement
Q650466,Neue Wilde,German art movement,,,,,Germany,,,https://en.wikipedia.org/wiki/Neue_Wilde,Q968159 art movement
Q666011,psychedelia,"movement, subculture, style or aesthetic that is resembled in the psychedelic subculture of the 1960s and the psychedelic experience produced by certain psychoactive substances",,,,,,,,https://en.wikipedia.org/wiki/Psychedelia,Q968159 art movement; Q1792644 art style
Q667661,literary realism,literary movement,1830-01-01T00:00:00Z,1900-01-01T00:00:00Z,1830,1900,,,,https://en.wikipedia.org/wiki/Literary_realism,Q968159 art movement
Q668309,British New Wave,movement in British cinema in the late 1950s,1959-01-01T00:00:00Z,1963-01-01T00:00:00Z,1959,1963,United Kingdom,,,https://en.wikipedia.org/wiki/British_New_Wave,Q968159 art movement
Q668657,rock and roll revival,back-to-basics musical trend of the late 1960s and early 1970s,,,,,,,,https://en.wikipedia.org/wiki/Rock_and_roll_revival,Q968159 art movement
Q674718,intimism,art movement of paintings and drawings of quiet domestic scenes,,,,,,,,https://en.wikipedia.org/wiki/Intimism_(art_movement),Q968159 art movement
Q677542,riot grrrl,underground feminist punk rock movement; music genre,1990-01-01T00:00:00Z,,1990,,United States,,,https://en.wikipedia.org/wiki/Riot_grrrl,Q968159 art movement
Q680559,Düsseldorf school of painting,19th-century German school of painting,,,,,Prussia,,,https://en.wikipedia.org/wiki/D%C3%BCsseldorf_School_of_painting,Q968159 art movement
Q7134948,Parallel Cinema,film movement in Indian cinema that originated in West Bengal in the 1950s,1952-01-01T00:00:00Z,,1952,,India,,,https://en.wikipedia.org/wiki/Parallel_cinema,Q968159 art movement
Q7142779,passionism,"contemporary art movement in Scandinavia, anti-avantgarde in its approach",,,,,,,,https://en.wikipedia.org/wiki/Passionism,Q968159 art movement
Q7148372,Pattern and Decoration,art movement,,,,,,,,https://en.wikipedia.org/wiki/Pattern_and_Decoration,Q968159 art movement
Q7162049,Pemulwuy Dream Team,2009 Australian video game,,,,,,,,https://en.wikipedia.org/wiki/Pemulwuy_Dream_Team,Q968159 art movement
Q7185455,Mahjar,Levantine diaspora's cultural movement,,,,,,Q1520921,,https://en.wikipedia.org/wiki/Mahjar,Q968159 art movement
Q7195987,Pink Decade,period of ‘revolutionary’ poetry in Malayalam literature,,,,,,,,https://en.wikipedia.org/wiki/Pink_Decade,Q968159 art movement
Q7209926,Polish Impressionism,art movement,,,,,,,,https://en.wikipedia.org/wiki/Polish_Impressionism,Q968159 art movement
Q7226751,Polyphonic Era,music genre,,,,,,,,https://en.wikipedia.org/wiki/Polyphonic_era,Q968159 art movement
Q7227583,Ponce Creole,"architectural style created in Ponce, Puerto Rico",,,,,United States,,,https://en.wikipedia.org/wiki/Ponce_Creole,Q968159 art movement
Q7233539,Post-expressionism,post-war art movement,,,,,,Q80113,,https://en.wikipedia.org/wiki/Post-expressionism,Q968159 art movement
Q7233587,post-surrealism,artistic movement,,,,,,,,https://en.wikipedia.org/wiki/Post-surrealism,Q968159 art movement
Q7272667,Quito School,Latin American artistic tradition,,,,,Colombia,,300107841,https://en.wikipedia.org/wiki/Quito_school,Q968159 art movement
Q7294693,Rasa Renaissance,movement in the art of painting,,,,,,,,https://en.wikipedia.org/wiki/Rasa_Renaissance,Q968159 art movement
Q7312050,Remodernism,revival of modernism,,,,,,,,https://en.wikipedia.org/wiki/Remodernism,Q968159 art movement
Q7338891,Rivington School,American art movement,1983-01-01T00:00:00Z,,1983,,,,,https://en.wikipedia.org/wiki/Rivington_School,Q968159 art movement
Q7356060,Rococo Revival,19th-century furniture style,1900-01-01T00:00:00Z,,1900,,,Q122960,300021466,https://en.wikipedia.org/wiki/Rococo_Revival,Q968159 art movement
Q7362564,Romanian New Wave,genre of realist films,,,,,Romania,,,https://en.wikipedia.org/wiki/Romanian_New_Wave,Q968159 art movement
Q7363273,Romo,1990s music movement,,,,,,,,https://en.wikipedia.org/wiki/Romo,Q968159 art movement
Q7366666,roots revival,"musical trend, movement which includes young performers popularizing the traditional musical styles of their ancestors",,,,,,,,https://en.wikipedia.org/wiki/Roots_revival,Q968159 art movement
Q7382246,Russian Neoclassical Revival,early 20th-century cultural movement,,,,,,,,https://en.wikipedia.org/wiki/Russian_Neoclassical_Revival,Q968159 art movement
Q7399167,Sagebrush School,American literary school of thought,1859-01-01T00:00:00Z,1914-01-01T00:00:00Z,1859,1914,United States,,,https://en.wikipedia.org/wiki/Sagebrush_School,Q968159 art movement
Q40415,Impressionism,19th-century art movement,1860-01-01T00:00:00Z,,1860,,Normandy,,300021503,https://en.wikipedia.org/wiki/Impressionism,Q968159 art movement; Q1792644 art style
Q42934,cubism,early-20th-century avant-garde art movement,1907-01-01T00:00:00Z,,1907,,France,Q848365; Q386302; Q35548,300021495,https://en.wikipedia.org/wiki/Cubism,Q968159 art movement; Q32880 architectural style; Q1792644 art style
Q46805,Romanesque art,artistic style of Europe from approximately 1000 AD to the 13th century,1000-01-01T00:00:00Z,1200-01-01T00:00:00Z,1000,1200,,Q612118; Q211884,300020768,https://en.wikipedia.org/wiki/Romanesque_art,Q968159 art movement; Q1792644 art style
Q46825,Gothic art,style of Medieval art developed in Northern France,1140-01-01T00:00:00Z,1530-01-01T00:00:00Z,1140,1530,Italy; France; Holy Roman Empire,,300020775,https://en.wikipedia.org/wiki/Gothic_art,Q968159 art movement
Q47783,Postmodernism,philosophical and artistic movement,1940-01-01T00:00:00Z,,1940,,,,300022208,https://en.wikipedia.org/wiki/Postmodernism,Q968159 art movement
Q55995,Naturalism,art movement,,,,,,,300311115,https://en.wikipedia.org/wiki/Naturalism_(art),Q968159 art movement; Q1792644 art style
Q55996,naturalism,literary movement,,,,,,,,https://en.wikipedia.org/wiki/Naturalism_(literature),Q968159 art movement
Q815647,Belyayev circle,society of Russian musicians,,,,,,,,https://en.wikipedia.org/wiki/Belyayev_circle,Q968159 art movement
Q819534,Bergen school,1915–1925 movement in Dutch painting,,,,,,,,https://en.wikipedia.org/wiki/Bergen_school_(art),Q968159 art movement
Q829298,en plein air,act of painting outdoors,,,,,,,300266829,https://en.wikipedia.org/wiki/En_plein_air,Q968159 art movement
Q829895,Harlem Renaissance,African-American cultural movement in New York City in the 1920s,,,,,,Q1506365,300121558,https://en.wikipedia.org/wiki/Harlem_Renaissance,Q968159 art movement
Q830881,Notre Dame school,"school of High Middle Age composers associated with Notre-Dame cathedral, Paris",,,,,,,,https://en.wikipedia.org/wiki/Notre-Dame_school,Q968159 art movement
Q831784,Kerch style,art movement,,,,,,,300020202,https://en.wikipedia.org/wiki/Kerch_style,Q968159 art movement
Q837024,social realism,art showing conditions of the working class,,,,,,,300061066,https://en.wikipedia.org/wiki/Social_realism,Q968159 art movement
Q837182,impressionism in music,"movement in Western classical music, mainly during early 20th centuries",,,,,,,,https://en.wikipedia.org/wiki/Impressionism_in_music,Q968159 art movement
Q837388,Hong Kong New Wave,movement in Chinese-language cinema that emerged in the late 1970s,1979-01-01T00:00:00Z,,1979,,British Hong Kong,,,https://en.wikipedia.org/wiki/Hong_Kong_New_Wave,Q968159 art movement
Q841212,Groupe des Six,group of French composers,,,,,France,,,https://en.wikipedia.org/wiki/Les_Six,Q968159 art movement
Q842183,shin-hanga,"Japanese printmaking style, ca. 1915 to 1950",1915-01-01T00:00:00Z,1950-01-01T00:00:00Z,1915,1950,Japan,Q185905,300262954,https://en.wikipedia.org/wiki/Shin-hanga,Q968159 art movement; Q1792644 art style
Q843393,mail art,art movement coined in the 1960s,1982-10-02T00:00:00Z,1982-11-13T00:00:00Z,1982,1982,Switzerland,Q108908,300121462,https://en.wikipedia.org/wiki/Mail_art,Q968159 art movement
Q845421,neoplasticism,art theory,,,,,,,300021262,https://en.wikipedia.org/wiki/Neoplasticism,Q968159 art movement; Q32880 architectural style
Q846094,Decadent movement,late-19th-century artistic and literary movement centered in Western Europe,,,,,,,300021439,https://en.wikipedia.org/wiki/Decadent_movement,Q968159 art movement
Q847706,Cinquecento,"the 16th century as a period of Italian art, architecture, or literature",,,,,Republic of Venice; Republic of Florence,,,https://en.wikipedia.org/wiki/Cinquecento,Q968159 art movement
Q847847,synthetism,art movement,,,,,,,300021308,https://en.wikipedia.org/wiki/Synthetism,Q968159 art movement
Q848365,primitivism,art movement,,,,,,,300174254,https://en.wikipedia.org/wiki/Primitivism,Q968159 art movement; Q1792644 art style
Q851869,pictorialism,photography movement,1880-01-01T00:00:00Z,,1880,,,,300111559,https://en.wikipedia.org/wiki/Pictorialism,Q968159 art movement
Q852377,New Culture Movement,revolt against Confucian values,1910-01-01T00:00:00Z,1920-01-01T00:00:00Z,1910,1920,Republic of China,,,https://en.wikipedia.org/wiki/New_Culture_Movement,Q968159 art movement
Q858436,neorealism,art movement,,,,,,,,https://en.wikipedia.org/wiki/Neorealism_(art),Q968159 art movement
Q5958328,hypermodernism,"cultural, artistic, literary and architectural movement",,,,,,,,https://en.wikipedia.org/wiki/Hypermodernism_(art),Q968159 art movement
Q5963937,Saqqa-khaneh school,art movement in Iran,,,,,Iran,,,https://en.wikipedia.org/wiki/Saqqakhaneh_movement,Q968159 art movement
Q5977111,Romantic literature,literature of the Romantic Period,,,,,,,,https://en.wikipedia.org/wiki/Romantic_literature,Q968159 art movement
Q5989924,Idyllic school,19th-century group of British artists,,,,,,,,https://en.wikipedia.org/wiki/Idyllic_school,Q968159 art movement
Q5991589,Igbo art,visual art by the Igbo people,0800-01-01T00:00:00Z,,800,,Nigeria,,,https://en.wikipedia.org/wiki/Igbo_art,Q968159 art movement
Q6025696,Indochristian art,Art in Latin America combining Christian and native influences,,,,,Mexico,,,https://en.wikipedia.org/wiki/Indochristian_art,Q968159 art movement; Q1792644 art style
Q6031007,information art,emerging artforms inspired by data and information technology,,,,,,,,https://en.wikipedia.org/wiki/Information_art,Q968159 art movement
Q6057681,intimism,"poetic movement that emerged in Slovenia in 1945, after the end of World War II",,,,,Slovenia,,,https://en.wikipedia.org/wiki/Intimism_(poetic_movement),Q968159 art movement
Q6061124,Invisible 5,,,,,,,,,https://en.wikipedia.org/wiki/Invisible_5,Q968159 art movement
Q6075317,Stone and Sky,Colombian literary movement,,,,,Colombia,,,https://en.wikipedia.org/wiki/Stone_and_Sky_(movement),Q968159 art movement
Q6076358,Spanish Baroque painting,style of painting,,,,,Spain,,,https://en.wikipedia.org/wiki/Spanish_Baroque_painting,Q968159 art movement
Q6113950,Ruta destroy,Spanish electronic music youth phenomenon (c. 1982–1996),1976-01-01T00:00:00Z,1996-01-01T00:00:00Z,1976,1996,Spain,,,https://en.wikipedia.org/wiki/Ruta_del_Bakalao,Q968159 art movement
Q6202125,Jindyworobak Movement,Australian literary movement,,,,,Australia,,,https://en.wikipedia.org/wiki/Jindyworobak_Movement,Q968159 art movement
Q6352595,Kalighat painting,school of Indian painting,,,,,India,,300018988,https://en.wikipedia.org/wiki/Kalighat_painting,Q968159 art movement; Q1792644 art style
Q9162904,avant-pop,"popular music that is experimental, new and distinct from previous styles while retaining an immediate accessibility for the listener",,,,,,,,https://en.wikipedia.org/wiki/Avant-pop,Q968159 art movement
Q85989623,Conceptual writing,literary movement,,,,,,,,https://en.wikipedia.org/wiki/Conceptual_writing,Q968159 art movement
Q96371938,American Eccentric Cinema,mode of American filmmaking,,,,,,,,https://en.wikipedia.org/wiki/American_eccentric_cinema,Q968159 art movement
Q96409917,Times Square,"art installation in Times Square in the city of New York, USA",2002-01-01T00:00:00Z,,2002,,United States,,,https://en.wikipedia.org/wiki/Times_Square_(Neuhaus),Q968159 art movement
Q97135829,elementarism,art movement,,,,,,,,https://en.wikipedia.org/wiki/Elementarism,Q968159 art movement
Q97359235,Late Baroque,music genre,,,,,,,,https://en.wikipedia.org/wiki/Late_Baroque_(music),Q968159 art movement
Q98785047,saz,style of vegetal ornament popular in Ottoman decorative arts of the 16th century and art movement associated with it,,,,,,,,https://en.wikipedia.org/wiki/Saz_style,Q968159 art movement; Q1792644 art style
Q98912326,Zaria Rebels,Art movement associated with Nigerian modernism,1958-01-01T00:00:00Z,,1958,,,,,https://en.wikipedia.org/wiki/Zaria_Art_Society,Q968159 art movement
Q57722,Hussards,French literary movement in the 1950s,,,,,,,,https://en.wikipedia.org/wiki/Hussards_(literary_movement),Q968159 art movement
Q62506,Caravaggisti,followers of the 16th-century Italian Baroque painter Caravaggio,,,,,,,300386054,https://en.wikipedia.org/wiki/Caravaggisti,Q968159 art movement
Q681379,New German School,German music movement in the second half of the 19th century,,,,,German Reich,,,https://en.wikipedia.org/wiki/New_German_School,Q968159 art movement
Q692924,Madí,Argentinian art group and art movement,1944-01-01T00:00:00Z,,1944,,Argentina,,,https://en.wikipedia.org/wiki/Mad%C3%AD,Q968159 art movement
Q694408,Weimar Classicism,"German literary and cultural movement, whose practitioners established a new humanism",,,,,Germany,,,https://en.wikipedia.org/wiki/Weimar_Classicism,Q968159 art movement
Q695830,Viennese Actionism,Austrian short-lived art movement,1960-01-01T00:00:00Z,1971-01-01T00:00:00Z,1960,1971,Austria,,300047933,https://en.wikipedia.org/wiki/Viennese_Actionism,Q968159 art movement
Q700347,Berlin Secession,German artistic movement,1898-05-02T00:00:00Z,1933-01-01T00:00:00Z,1898,1933,Germany,,,https://en.wikipedia.org/wiki/Berlin_Secession,Q968159 art movement
Q700923,Vormärz,Period of German history before the 1848 revolution,,,,,,,,https://en.wikipedia.org/wiki/Vorm%C3%A4rz,Q968159 art movement
Q702207,First Viennese School,"composers of the Classical period in Western art music in late-18th-century Vienna: Joseph Haydn, Wolfgang Amadeus Mozart and Ludwig van Beethoven (Franz Schubert is occasionally added to the list)",,,,,,,,https://en.wikipedia.org/wiki/First_Viennese_School,Q968159 art movement
Q708807,pre-Romanesque art,art style of Europe between the fall of Rome and the 11th century,,,,,,,300020760,https://en.wikipedia.org/wiki/Pre-Romanesque_art_and_architecture,Q968159 art movement; Q1792644 art style
Q719868,Polish Film School,group of Polish film directors and screenplay writers,1956-01-01T00:00:00Z,1963-01-01T00:00:00Z,1956,1963,Poland,,,https://en.wikipedia.org/wiki/Polish_Film_School,Q968159 art movement
Q724976,Ashcan School,American art movement,1910-01-01T00:00:00Z,1913-01-01T00:00:00Z,1910,1913,United States,,300120324,https://en.wikipedia.org/wiki/Ashcan_School,Q968159 art movement
Q727553,French Impressionist Cinema,1920s French film movement,1918-01-01T00:00:00Z,1930-01-01T00:00:00Z,1918,1930,France,,,https://en.wikipedia.org/wiki/French_impressionist_cinema,Q968159 art movement
Q735828,Positivism in Poland,socio-cultural movement in Poland after the 1863 January Uprising,,,,,Poland,,,https://en.wikipedia.org/wiki/Polish_Positivism,Q968159 art movement
Q740856,Pompeian Styles,artistic styles of Roman murals,,,,,,,300020605,https://en.wikipedia.org/wiki/Pompeian_Styles,Q968159 art movement
Q745673,Ultra-Romanticism,19th century Portuguese literacy and artistic movement,,,,,Brazil,,,https://en.wikipedia.org/wiki/Ultra-Romanticism,Q968159 art movement
Q746727,Imagism,20th-century poetry movement,,,,,,,300055937,https://en.wikipedia.org/wiki/Imagism,Q968159 art movement
Q746783,Atticism,rhetorical movement originating from 1st century BC Greece,,,,,,,,https://en.wikipedia.org/wiki/Atticism,Q968159 art movement
Q751880,Japonisme,European imitation of Japanese art during the 19th and 20th centuries,1858-01-01T00:00:00Z,,1858,,,Q603399; Q257533; Q185905,300055785,https://en.wikipedia.org/wiki/Japonisme,Q968159 art movement
Q753683,metaphysical painting,painting movement,1917-01-01T00:00:00Z,1920-01-01T00:00:00Z,1917,1920,,,300021376,https://en.wikipedia.org/wiki/Metaphysical_painting,Q968159 art movement
Q754602,Sentimentalism,literary movement,,,,,,,,https://en.wikipedia.org/wiki/Sentimentalism_(literature),Q968159 art movement
Q755548,art of the Paleolithic,oldest form of prehistoric art,,,,,,,,https://en.wikipedia.org/wiki/Art_of_the_Upper_Paleolithic,Q968159 art movement
Q755709,Renaissance of the 12th century,period during the High Middle Ages of European history,,,,,,,,https://en.wikipedia.org/wiki/Renaissance_of_the_12th_century,Q968159 art movement
Q756712,ink wash painting,painting technique,,,,,,,300114433,https://en.wikipedia.org/wiki/Ink_wash_painting,Q968159 art movement
Q759191,Vorarlberg School,Group of architects based in Austria,1651-01-01T00:00:00Z,1842-01-01T00:00:00Z,1651,1842,,,,https://en.wikipedia.org/wiki/Vorarlberg_School,Q968159 art movement
Q768100,Lettrism,French avant-garde movement founded by Isidore Isou in mid-1940s Paris,1945-01-01T00:00:00Z,,1945,,,Q39427; Q6034,,https://en.wikipedia.org/wiki/Lettrism,Q968159 art movement
Q782086,McOndo,Latin American literary movement,,,,,,,,https://en.wikipedia.org/wiki/McOndo,Q968159 art movement
Q808561,Baroque painting,painting movement,1600-01-01T00:00:00Z,1800-01-01T00:00:00Z,1600,1800,,Q184558; Q128168; Q89381,,https://en.wikipedia.org/wiki/Baroque_painting,Q968159 art movement
Q5612192,Grupo Cine Liberación,Argentine film movement,,,,,,,,https://en.wikipedia.org/wiki/Grupo_Cine_Liberaci%C3%B3n,Q968159 art movement
Q5643493,Halqa-e Arbab-e Zauq,,,,,,,,,https://en.wikipedia.org/wiki/Halqa-e_Arbab-e_Zauq,Q968159 art movement
Q5668507,Rococo painting,painting movement,1730-01-01T00:00:00Z,1780-01-01T00:00:00Z,1730,1780,,,,https://en.wikipedia.org/wiki/Rococo_painting,Q968159 art movement
Q5732065,Heptanese school,school of painting,1700-01-01T00:00:00Z,1900-01-01T00:00:00Z,1700,1900,Greece,,,https://en.wikipedia.org/wiki/Ionian_school_(painting),Q968159 art movement
Q5774367,historical realism,,,,,,,,,https://en.wikipedia.org/wiki/Historical_realism,Q968159 art movement
Q5785188,Counter-Maniera,16th-century Italian artistic trend,1600-01-01T00:00:00Z,,1600,,Italy,,,https://en.wikipedia.org/wiki/Counter-Maniera,Q968159 art movement
Q5790162,literary Costumbrism,literary movement,,,,,,,,https://en.wikipedia.org/wiki/Literary_costumbrismo,Q968159 art movement
Q5839475,Modern sculpture,Era of sculpture beginning with Auguste Rodin,,,,,,,,https://en.wikipedia.org/wiki/Modern_sculpture,Q968159 art movement
Q5853514,Flemish Expressionism,,,,,,,,,https://en.wikipedia.org/wiki/Flemish_Expressionism,Q968159 art movement
Q5876879,Generation of '38,,,,,,Chile,,,https://en.wikipedia.org/wiki/Generation_of_%2738,Q968159 art movement
Q5876881,Generación del 45,Uruguayan artistic (litterary) movement,,,,,Uruguay,,,https://en.wikipedia.org/wiki/Generaci%C3%B3n_del_45,Q968159 art movement
Q5898564,Hoosier Group,American group of painters,,,,,,,,https://en.wikipedia.org/wiki/Hoosier_Group,Q968159 art movement
Q5915909,infrarealism,a poetic movement founded in Mexico City in 1975,,,,,Mexico,,,https://en.wikipedia.org/wiki/Infrarealism,Q968159 art movement
Q7409441,Samikshavad,,,,,,India,,,https://en.wikipedia.org/wiki/Samikshavad,Q968159 art movement
Q7425919,Satanic School,"name applied by Southey to a class of writers headed by Byron and Shelley; their productions being, according to him, ""characterised by a Satanic spirit of pride and audacious impiety""",,,,,,,,https://en.wikipedia.org/wiki/Satanic_School,Q968159 art movement
Q7438843,scratch video,1980s British video art movement,,,,,,,,https://en.wikipedia.org/wiki/Scratch_video,Q968159 art movement
Q7443137,Second British Invasion,music cultural movement,,,,,,,,https://en.wikipedia.org/wiki/Second_British_Invasion,Q968159 art movement
Q7499754,Shoami,artistic style of Japanese sword-guard,,,,,,,,https://en.wikipedia.org/wiki/Shoami,Q968159 art movement
Q7499861,shock art,form of contemporary art,,,,,,,,https://en.wikipedia.org/wiki/Shock_art,Q968159 art movement
Q7532771,Six Masters of the early Qing period,17th and 18th century Chinese artists,,,,,,,,https://en.wikipedia.org/wiki/Six_Masters_of_the_early_Qing_period,Q968159 art movement
Q7548994,SoFlo Superflat,"art movement in Miami, USA",1990-01-01T00:00:00Z,,1990,,United States,Q1444581; Q352437; Q134147,,https://en.wikipedia.org/wiki/SoFlo_Superflat,Q968159 art movement
Q7551306,social poetry,literary movement,,,,,,,,https://en.wikipedia.org/wiki/Social_poetry,Q968159 art movement
Q7570398,Southern Renaissance,"reinvigoration of Southern US literature in the 1920s–30s by authors such as W. Faulkner, T. Wolfe, C. Gordon, M. Mitchell",1920-01-01T00:00:00Z,1930-01-01T00:00:00Z,1920,1930,United States,,,https://en.wikipedia.org/wiki/Southern_Renaissance,Q968159 art movement
Q7572566,space art,visual art genre,,,,,,,,https://en.wikipedia.org/wiki/Space_art,Q968159 art movement
Q7573984,Spasmodic poets,"literary movement comprising a small group of minor poets about the middle of the 19th century, represented by Philip James Bailey, Sydney Dobell, and Alexander Smith, from their strenuous, overstrained, and unnatural style",1854-01-01T00:00:00Z,,1854,,United Kingdom,,,https://en.wikipedia.org/wiki/Spasmodic_poets,Q968159 art movement
Q7643007,super-architecture,artistic movement,,,,,,,,https://en.wikipedia.org/wiki/Superarchitettura,Q968159 art movement
Q7661199,Symbolist movement in Romania,symbolist literature and visual arts in Romania during the late 19th and early 20th centuries,,,,,,,,https://en.wikipedia.org/wiki/Symbolist_movement_in_Romania,Q968159 art movement
Q7676615,Taiwanese literature movement,"effort of authors, poets, dramatists, musicians, and publishers in Taiwan to establish recognition of a distinctly Taiwanese body of literature",,,,,Taiwan,,,https://en.wikipedia.org/wiki/Taiwanese_literature_movement,Q968159 art movement
Q7731585,Edinburgh School,20th-century artistic group,1910-01-01T00:00:00Z,1970-01-01T00:00:00Z,1910,1970,United Kingdom,,,https://en.wikipedia.org/wiki/The_Edinburgh_School,Q968159 art movement
Q7759116,"Quilts of Gees Bend, Alabama","Quilting tradition of Gee's Bend, Alabama",,,,,,,,https://en.wikipedia.org/wiki/Quilts_of_Gee%27s_Bend,Q968159 art movement
Q7833427,tranimal,drag and performance art movement,,,,,United States,,,https://en.wikipedia.org/wiki/Tranimal,Q968159 art movement
Q7834525,Translation Movement,movement that resulted in the translation of texts from various languages into Arabic,0750-01-01T00:00:00Z,1258-01-01T00:00:00Z,750,1258,Abbasid Caliphate,,,https://en.wikipedia.org/wiki/Graeco-Arabic_translation_movement,Q968159 art movement
Q7850893,Tubism,term to describe the style of French artist Fernand Léger,,,,,,,,https://en.wikipedia.org/wiki/Tubism,Q968159 art movement
Q7857485,Tweede Asem,,,,,,,,,https://en.wikipedia.org/wiki/Tweede_Asem,Q968159 art movement
Q7878530,Ukrainian avant-garde,avant-garde movements in 20th-century Ukraine,,,,,Ukraine,,,https://en.wikipedia.org/wiki/Ukrainian_avant-garde,Q968159 art movement
Q7921371,Verismo,19th-century Italian painting style,1900-01-01T00:00:00Z,,1900,,,,,https://en.wikipedia.org/wiki/Verismo_(painting),Q968159 art movement
Q7971736,Washington Color School,"visual art movement of the late 1950s through the late-1960s centered in Washington, D.C.",1955-01-01T00:00:00Z,1960-01-01T00:00:00Z,1955,1960,United States,,,https://en.wikipedia.org/wiki/Washington_Color_School,Q968159 art movement
Q8011523,contemporary music,"music made today; colloquially, however, this expression is used to refer to music composed in the 20th and 21st century",,,,,,,,https://en.wikipedia.org/wiki/Contemporary_music,Q968159 art movement
Q8055874,Yoruba art,"Visual and material art traditions of the Yoruba people of West Africa, encompassing sculpture, metalwork, textiles, beadwork, and masquerade. Characterized by idealized human forms and produced for religious, royal, and ceremonial purposes",1300-01-01T00:00:00Z,,1300,,Ghana; Benin; Togo; Cameroon; Sierra Leone; Nigeria,,,https://en.wikipedia.org/wiki/Yoruba_art,Q968159 art movement
Q8059379,Youthquake,fashion and cultural movement,1955-11-01T00:00:00Z,1970-01-01T00:00:00Z,1955,1970,United Kingdom,,,https://en.wikipedia.org/wiki/Youthquake_(movement),Q968159 art movement
Q8346360,Marinism,"name now given to an ornate, witty style of poetry and verse drama written in imitation of Giambattista Marino, following in particular La Lira and L'Adone",,,,,,,,https://en.wikipedia.org/wiki/Marinism,Q968159 art movement
Q8346457,euphuism,an affected bombastic style of language,,,,,,,,https://en.wikipedia.org/wiki/Euphuism,Q968159 art movement
Q9023985,Los disidentes,venezuelan-French artistic movement,,1950-01-01T00:00:00Z,,1950,Venezuela,,,https://en.wikipedia.org/wiki/Los_disidentes,Q968159 art movement
Q9033935,Brazilian modernism,cultural movement in the 20th century,,,,,Brazil,,,https://en.wikipedia.org/wiki/Modernism_in_Brazil,Q968159 art movement
Q9051097,Nueva ola,music genre,1955-01-01T00:00:00Z,,1955,,Latin America,,,https://en.wikipedia.org/wiki/Nueva_ola,Q968159 art movement
Q9051125,New American Cinema,film movement in the United States as a reaction against the Committee on Un-American Activities,,,,,,,,https://en.wikipedia.org/wiki/New_American_Cinema,Q968159 art movement
Q9089200,totalism,late 20th century genre of art music,,,,,,,,https://en.wikipedia.org/wiki/Totalism,Q968159 art movement
Q65209040,Kharkiv School of Photography,School,1960-01-01T00:00:00Z,,1960,,Ukraine,,,https://en.wikipedia.org/wiki/Kharkiv_School_of_Photography,Q968159 art movement
Q66317259,Neo-minimalism,art movement,,,,,,,,https://en.wikipedia.org/wiki/Neo-minimalism,Q968159 art movement
Q67437883,Beatniks art,,1960-01-01T00:00:00Z,,1960,,,,,https://en.wikipedia.org/wiki/Beatniks_art,Q968159 art movement
Q68607087,Otra Figuración,Argentinian artistic movement,,,,,Argentina,,,https://en.wikipedia.org/wiki/Otra_Figuraci%C3%B3n,Q968159 art movement
Q72206346,solarpunk,political and aesthetic movement that advocates for the environment,2008-01-01T00:00:00Z,,2008,,,Q330369; Q36118,,https://en.wikipedia.org/wiki/Solarpunk,Q968159 art movement
Q85765918,hauntology,music genre that evokes cultural memory and the aesthetics of the past,2000-01-01T00:00:00Z,,2000,,,,,https://en.wikipedia.org/wiki/Hauntology_(music),Q968159 art movement
Q85812448,urban surrealism,art movement,,,,,,,,https://en.wikipedia.org/wiki/Urban_Surrealism,Q968159 art movement
Q556997,Activism,art movement in Hungary (1910s-1920s),,,,,Kingdom of Hungary,,,,Q968159 art movement
Q577147,Neoclassical painting,painting movement,1760-01-01T00:00:00Z,1830-01-01T00:00:00Z,1760,1830,,,,,Q968159 art movement
Q577683,,,,,,,Spain,,,,Q968159 art movement
Q581757,,,,,,,,,,,Q968159 art movement
Q597503,subjective photography,photography genre,,,,,,,300181199,,Q968159 art movement
Q610260,Flemish gothic and Renaissance reredos and altarpieces,,,,,,,,,,Q968159 art movement; Q32880 architectural style; Q1792644 art style
Q647862,Realism sculpture,,,,,,France,,,,Q968159 art movement
Q649276,Gokaden,Five basic style of Japanese Sword,,,,,,,,,Q968159 art movement
Q650175,New Comedy,latest period of ancient Greek comedic drama,,,,,,,,,Q968159 art movement
Q681437,poor people painting,type of painting,,,,,,,,,Q968159 art movement
Q765606,Orientalist painting,painting movement,,,,,,,,,Q968159 art movement
Q821738,Berlin Song School,,,,,,Kingdom of Prussia,,,,Q968159 art movement
Q821739,Berliner Schule,Berlin composition pupil of Arnold Schönberg,,,,,,,,,Q968159 art movement
Q876031,School of Lyon,"group of poets, humanists and scholars from Lyon",,,,,France,,,,Q968159 art movement
Q879254,Bizen-den,,,,,,,,,,Q968159 art movement
Q891657,Silver age of operetta,,,,,,,,,,Q968159 art movement
Q947129,Gothic painting,painting movement,,,,,,,,,Q968159 art movement
Q979160,Proto-Renaissance,cultural movement preceding the Italian Renaissance,1100-01-01T00:00:00Z,1200-01-01T00:00:00Z,1100,1200,Italy,,300020787,,Q968159 art movement; Q32880 architectural style; Q1792644 art style
Q993247,Európai Iskola,,1945-01-01T00:00:00Z,,1945,,Hungary,,,,Q968159 art movement
Q5580124,Generation of '50 (Perú),Peruvian literary movement,,,,,Peru,,,,Q968159 art movement
Q5581457,,,,,,,Peru,,,,Q968159 art movement
Q5640653,Neocubism,art movement,,,,,,,,,Q968159 art movement
Q5644836,Nueva Ola Murciana,1990s musical movement in the Region of Murcia,1996-01-01T00:00:00Z,http://www.wikidata.org/.well-known/genid/8cd3ed70206519ed390160abf526f485,1996,,Spain,,,,Q968159 art movement
Q5790159,Andalusian costumbrismo,,,,,,Spain,,,,Q968159 art movement
Q5791892,,,,,,,Spain,,,,Q968159 art movement
Q5792326,,,,,,,,,,,Q968159 art movement
Q5795111,CutreLux,Spanish aesthetic movement from the 80s,,,,,Spain,,,,Q968159 art movement
Q5796567,,,,,,,Spain,,,,Q968159 art movement
Q5796564,Lovecraft Circle,writers,,,,,United States,,,,Q968159 art movement
Q5806672,Bukhara school,school of Persian miniature painting,,,,,,,300116033,,Q968159 art movement
Q5839191,,,,,,,Spain,,,,Q968159 art movement
Q5839353,,,,,,,Spain,,,,Q968159 art movement
Q5839901,Neoclassical sculpture,,,,,,,,,,Q968159 art movement; Q1792644 art style
Q5861444,ugly design,,,,,,,,,,Q968159 art movement
Q5862155,,,,,,,,,,,Q968159 art movement
Q5876886,Generation of '68,,,,,,Spain,,,,Q968159 art movement
Q5900630,,,,,,,,,,,Q968159 art movement
Q5958652,Herat school,15th century school of Persian miniature painting,,,,,Timurid Empire,,300021797,,Q968159 art movement
Q5962905,,,1987-01-01T00:00:00Z,,1987,,,,,,Q968159 art movement
Q5977089,,,,,,,,,,,Q968159 art movement
Q5980133,Los Panidas,,1901-01-01T00:00:00Z,,1901,,Colombia,,,,Q968159 art movement
Q5991491,,,1968-01-01T00:00:00Z,1976-01-01T00:00:00Z,1968,1976,Spain,,,,Q968159 art movement
Q6016955,Yesilcam sex movies trend,the peak of sex films in Turkish cinema between 1975 and 1980,1975-01-01T00:00:00Z,1980-01-01T00:00:00Z,1975,1980,Turkey,,,,Q968159 art movement
Q6025249,Movimiento Rupestre,,,,,,Mexico,,,,Q968159 art movement
Q6040338,,,,,,,,,,,Q968159 art movement
Q6044489,Intentism,,,,,,,,,,Q968159 art movement
Q6072583,Çallı Generation,,,,,,,,,,Q968159 art movement
Q6076332,musical picturesqueness,,,,,,Spain,,,,Q968159 art movement
Q6076361,Italian Baroque painting,style of painting,1600-01-01T00:00:00Z,1700-01-01T00:00:00Z,1600,1700,Italy,,,,Q968159 art movement
Q6076367,Classicist painting,painting movement,1660-01-01T00:00:00Z,1725-01-01T00:00:00Z,1660,1725,,,,,Q968159 art movement
Q6093853,,,,,,,Turkey; Ottoman Empire,,,,Q968159 art movement
Q6094409,,,,,,,Ottoman Empire,,,,Q968159 art movement
Q6101945,Fecr-i Ati,literary current in Turkey,,,,,,,,,Q968159 art movement
Q6153327,trova rosarina,Argentine rock movement,,,,,Argentina,,,,Q968159 art movement
Q6431475,,,,,,,Spain,,,,Q968159 art movement
Q6660937,Ljubljana Graphic School,,1955-01-01T00:00:00Z,,1955,,Socialist Republic of Slovenia,,,,Q968159 art movement
Q7937217,Vitralism,"21st-century art movement that uses broken color (similar to Impressionism) and line extension to achieve a ""stained glass"" look and effect",,,,,,,,,Q968159 art movement; Q1792644 art style
Q8778229,Valencian comic school,,,,,,Spain,,,,Q968159 art movement
Q8778251,,,,,,,Spain,,,,Q968159 art movement
Q8778275,,,,,,,,,,,Q968159 art movement
Q9003812,,,,,,,Spain,,,,Q968159 art movement
Q9035543,,,,,,,,,,,Q968159 art movement
Q9160857,,,,,,,,,,,Q968159 art movement
Q9197940,black series of Polish documentary,Polish film movement,1956-01-01T00:00:00Z,,1956,,Poland,,,,Q968159 art movement
Q9252021,expressionism,modernist movement in painting,1910-01-01T00:00:00Z,,1910,,Germany,Q386302,,,Q968159 art movement
Q9351535,Karabasha School,"documentary film movement, methodology and philosophy",,,,,Poland,,,,Q968159 art movement
Q9363034,,literary procedure,,,,,,,,,Q968159 art movement
Q9370621,Wallenrodism,,,,,,,,,,Q968159 art movement
Q9378278,,,,,,,,,,,Q968159 art movement
Q9379615,,,,,,,,,,,Q968159 art movement
Q9383552,Youngism,literary trend,,,,,France; United Kingdom; Germany,,,,Q968159 art movement
Q9383957,,,,,,,,,,,Q968159 art movement
Q9384215,,,,,,,,,,,Q968159 art movement
Q9384213,,,,,,,,,,,Q968159 art movement
Q9384232,,,,,,,,,,,Q968159 art movement
Q9384637,,,,,,,,,,,Q968159 art movement
Q9384715,Nine Leaves Poetry,,,,,,,,,,Q968159 art movement
Q9385154,,,,,,,,,,,Q968159 art movement
Q9393117,,,,,,,,,,,Q968159 art movement
Q9631069,Arte Nova,Portuguese art movement,,,,,Portugal,,300393154,,Q968159 art movement
Q9651438,,,,,,,,,,,Q968159 art movement
Q9667842,,,,,,,,,,,Q968159 art movement
Q9682869,,,,,,,,,,,Q968159 art movement
Q9888904,,,,,,,,,,,Q968159 art movement
Q55619096,,,,,,,,,,,Q968159 art movement
Q55659927,,,1850-01-01T00:00:00Z,,1850,,Russian Empire,,,,Q968159 art movement
Q55696123,,,,,,,,,,,Q968159 art movement
Q55707948,,,,,,,,,,,Q968159 art movement
Q56294091,Sumiyoshi school,Japanese school of painters active in the 17th–19th centuries,,,,,,,,,Q968159 art movement
Q56298115,vegan straight edge,music scene,,,,,,,,,Q968159 art movement
Q56320222,,,,,,,,,,,Q968159 art movement
Q56328501,,,,,,,Switzerland,,,,Q968159 art movement
Q56524314,British School,national artistic school,,,,,United Kingdom,,,,Q968159 art movement
Q57173928,abject art,"art with transgressive themes, especially about bodily functions and dirtiness",1980-01-01T00:00:00Z,,1980,,,Q159876; Q7252,,,Q968159 art movement
Q57174052,art brut,art movement,,,,,,,,,Q968159 art movement
Q57206373,Black Aesthetic,cultural ideology,1968-01-01T00:00:00Z,,1968,,,,,,Q968159 art movement
Q98594634,worker photography movement,international movement that documented social and political conditions from the viewpoint of the working class and flourished from around 1926 to 1939,,,,,,,,,Q968159 art movement
Q98684322,Nahda literature,,,,,,,,,,Q968159 art movement
Q98690990,New Empiricism,architectural movement in war-time Sweden,,,,,,,,,Q968159 art movement; Q32880 architectural style
Q98912369,Osogbo Art School,Yoruba modernist art movement,1962-01-01T00:00:00Z,,1962,,Nigeria,,,,Q968159 art movement
Q98923545,first generation Chinese cinema,Chinese mainstream and art cinema movement and style from 1905 to the mid-1930s,1905-01-01T00:00:00Z,1930-01-01T00:00:00Z,1905,1930,Qing dynasty; Republic of China; China,,,,Q968159 art movement
Q98923806,experimentalism,,,,,,,,,,Q968159 art movement
Q99299917,Romantic Classicism,art movement merging of romantic sentiment with subject-matter drawn from Greek and Roman antiquity,,,,,,,,,Q968159 art movement
Q99300157,cold art,branch of Constructivism based on geometric forms of unmodulated color,,,,,,,,,Q968159 art movement
Q99429784,Der Moderne Bund,Art Group of Switzerland (1911),1911-01-01T00:00:00Z,,1911,,Switzerland,,,,Q968159 art movement
Q99439379,Solentiname primitivist painting,style of painting practiced from 1968 by a Nicaraguan group of rural laborers on the island of Mancarrón in the Solentiname archipelago of Lagos de Nicaragua,,,,,,,,,Q968159 art movement; Q1792644 art style
Q99439594,Récupération,art movement in Francophone Africa in the early 1990s,1990-01-01T00:00:00Z,,1990,,,,,,Q968159 art movement
Q99708555,Semantic art,form of painting associated primarily with the Italian artist Luciano Lattanzi and the German Werner Schreib,,,,,,,,,Q968159 art movement
Q99816831,Cordoba School of Painting,,,,,,,,,,Q968159 art movement
Q57316136,Northern School,Northern School of Chinese painting,,,,,,,300106498,,Q968159 art movement
Q57335364,Ma-Xia School,Chinese school of paintings,,,,,,,,,Q968159 art movement
Q57342870,,,,,,,Netherlands,,,,Q968159 art movement
Q57395159,,Australian art movement,,,,,Australia,,,,Q968159 art movement
Q57449805,Greek late classical period,historical period,0370-01-01T00:00:00Z,0323-01-01T00:00:00Z,370,323,,,300020100,,Q968159 art movement
Q57500471,,performing arts production,,,,,,,,,Q968159 art movement
Q57501531,Thirty Three Degrees (2017-2018),three-room immersive art installation by Chantal Yzermans,,,,,,,,,Q968159 art movement
Q57941195,Nine Friends of Painting,Chinese canon of painters,,,,,,,,,Q968159 art movement
Q58685745,,,,,,,France,,,,Q968159 art movement
Q58824018,,,,,,,,Q162150; Q55996; Q39427,,,Q968159 art movement
Q59149199,original practice,"theatrical art movement that attempts to stage plays in a manner consistent with their original productions, especially plays by Shakespeare",,,,,,,,,Q968159 art movement
Q59393217,,,,,,,,,,,Q968159 art movement
Q59855216,Denes Group,,1950-01-01T00:00:00Z,,1950,,Federal People's Republic of Yugoslavia,,,,Q968159 art movement
Q59857059,Samarina Art School,,1800-01-01T00:00:00Z,2000-01-01T00:00:00Z,1800,2000,Ottoman Empire,,,,Q968159 art movement
Q60367157,Salon Cubism,,1900-01-01T00:00:00Z,,1900,,,,,,Q968159 art movement
Q60797020,naive symbolism,,,,,,,,,,Q968159 art movement
Q60853744,French School,,,,,,,,,,Q968159 art movement
Q60983553,Catalan Piano School,"tradition of piano playing according to Pere Tintorer, Joan Baptista Pujol, Enric Granados und Isaac Albéniz in Barcelona und Katalonien",,,,,,,,,Q968159 art movement
Q60986720,Oriental Romanticism,,,,,,,,,,Q968159 art movement
Q61138220,,,,,,,,,,,Q968159 art movement
Q61444300,Cezannian cubism,early phase of cubism (c. 1907–c. 1909),,,,,,,,,Q968159 art movement
Q61513740,Catalan fauvism,,,,,,,,,,Q968159 art movement
Q61890306,Jodhpur style,style of painting,,,,,India,,,,Q968159 art movement
Q61890371,Kulu style,school of painting,,,,,India,,,,Q968159 art movement
Q62086465,Greek Weird Wave,cinema movement originating in Greece from the late-2000s,2000-01-01T00:00:00Z,,2000,,Greece; United States; United Kingdom,,,,Q968159 art movement
Q62090257,,,1870-01-01T00:00:00Z,,1870,,,,,,Q968159 art movement
Q62753037,,,,,,,,,,,Q968159 art movement
Q63243401,Wetzikon School,group of Swiss composers,,,,,Switzerland,,,,Q968159 art movement
Q63442026,High Baroque,full flowering of the Baroque cultural movement n the arts,1625-01-01T00:00:00Z,1675-01-01T00:00:00Z,1625,1675,,,300021150,,Q968159 art movement; Q32880 architectural style
Q64023267,,,,,,,,,,,Q968159 art movement
Q64334168,Late Baroque,"final years of the Baroque style, from approximately 1675 to 1715",1675-01-01T00:00:00Z,1715-01-01T00:00:00Z,1675,1715,,,300021151,,Q968159 art movement; Q32880 architectural style
Q64587290,École de Marseille,pictorial artistic movement initiated in 1851 by Emile Loubon,1851-08-28T00:00:00Z,,1851,,France,,,,Q968159 art movement
Q65052354,,,,,,,,,,,Q968159 art movement
Q65061188,Unilalianism,"internet-based, satifical art and aesthetic movement",,,,,,,,,Q968159 art movement
Q65147672,femmage,Artistic activities practiced by women and using traditionnal techniques assigned in history to women,1977-01-01T00:00:00Z,,1977,,,,,,Q968159 art movement
Q65577919,Kikuoka School,Japanese group of swordsmiths,,,,,Japan,,,,Q968159 art movement
Q65580649,Impossible Sites dans la rue,art group,2008-01-01T00:00:00Z,,2008,,,,,,Q968159 art movement
Q65939509,British black arts movement,"art movement in the UK, led by African, Caribbean and Asian artists, active from the 1980s",1982-01-01T00:00:00Z,,1982,,,Q450741,,,Q968159 art movement
Q66292314,Herdsmen art in Appenzell and Toggenburg,,,,,,,,,,Q968159 art movement
Q66436111,Site works,,,,,,,,,,Q968159 art movement
Q67154900,,,,,,,,,,,Q968159 art movement
Q68062522,Hishikawa school,,,,,,,,,,Q968159 art movement
Q71696833,Romanos group,artistic movement of the Macedonian Renaissance,,,,,,,,,Q968159 art movement
Q73252539,,,,,,,,,,,Q968159 art movement; Q32880 architectural style
Q76384182,,,,,,,,,,,Q968159 art movement
Q76961897,Old Guard,Peru music movement,1890-01-01T00:00:00Z,1910-01-01T00:00:00Z,1890,1910,Peru,,,,Q968159 art movement
Q78362346,Abandonology,study of abandoned or ancient rubble and debris. Used in Essie Wang's the Case of Dr. Emel Robert Lancaster .,2014-01-01T00:00:00Z,,2014,,,,,,Q968159 art movement
Q79259197,Movimento italiano per l'architettura razionale,Italian architectural movement,1930-01-01T00:00:00Z,1931-01-01T00:00:00Z,1930,1931,Italy,,300265841,,Q968159 art movement
Q79403539,Ar-Rabita Al-Adabia,Literary Society,1949-01-01T00:00:00Z,1951-01-01T00:00:00Z,1949,1951,Argentina,,,,Q968159 art movement
Q80312363,Ludwig nimmt die Treppe - Beethovenfest 2015,,,,,,Germany,,,,Q968159 art movement
Q84505426,British School 18th Century,British art 1700-1799,,,,,United Kingdom,,,,Q968159 art movement
Q85369440,,,,,,,,,,,Q968159 art movement
Q85868685,,,1978-01-01T00:00:00Z,,1978,,Italy,,,,Q968159 art movement
Q85875093,Sanjō school,school of Japanese swordsmiths,,,,,,,,,Q968159 art movement
Q85875793,,,,,,,Brazil,,,,Q968159 art movement
Q85880619,Shinkō Geijutsu-ha,,,,,,Empire of Japan,,,,Q968159 art movement
Q86003431,,,,,,,,,,,Q968159 art movement
Q86533894,,,,,,,,,,,Q968159 art movement
Q86592295,Tryavna Iconographic School,art movement,,,,,,,,,Q968159 art movement
Q86659859,Roman School,Italian art movement,1920-01-01T00:00:00Z,1940-01-01T00:00:00Z,1920,1940,Kingdom of Italy,,,,Q968159 art movement
Q86751817,Deerfield embroidery movement,art movement,,,,,,,,,Q968159 art movement
Q86906782,Aton Iconographic School,art movement,,,,,,,,,Q968159 art movement
Q87267439,antipetrarchism,literary movement,,,,,,,,,Q968159 art movement
Q92206928,Civita d'Antino in art,,,,,,Italy,,,,Q968159 art movement
Q92407553,Silent Sound System - Mommy and I are one,"new media art, sound art by Mark Bain",1999-01-01T00:00:00Z,,1999,,,,,,Q968159 art movement
Q92646366,,,,,,,Italy,,,,Q968159 art movement
Q92787512,fifth generation Chinese cinema,Chinese artistic cinema movement from the 1980s onwards,1982-01-01T00:00:00Z,,1982,,People's Republic of China,,,,Q968159 art movement
Q93878754,fourth generation Chinese cinema,grouping of Chinese cinema movement and style from the 1960s onwards,1960-01-01T00:00:00Z,,1960,,People's Republic of China,,,,Q968159 art movement
Q94439483,Middle Cinema,"retrospective grouping of Indian Social Cinema during the 70s and 80s reflecting the changing middle-class ethos, and stylistically being between the extravagant mainstream and realist art cinema",1971-01-01T00:00:00Z,1988-01-01T00:00:00Z,1971,1988,India,,,,Q968159 art movement
Q95875016,sixth generation Chinese cinema,grouping of Chinese cinema movement and style from the 1990s onwards,1990-01-01T00:00:00Z,,1990,,People's Republic of China,,,,Q968159 art movement
Q96203974,third generation Chinese cinema,grouping of Chinese cinema movement and style from the late 1940s onwards,1940-01-01T00:00:00Z,,1940,,People's Republic of China; Republic of China,,,,Q968159 art movement
Q96312264,Khartoum School,modernist artistic movement in Sudan,1960-01-01T00:00:00Z,,1960,,Sudan,,,,Q968159 art movement
Q96361087,dGeneration Cinema,loose grouping of Chinese cinema movement and style from the mid 2000s onwards,2000-01-01T00:00:00Z,,2000,,People's Republic of China,,,,Q968159 art movement
Q96471795,Catalan guitar school,tradition of guitar playing according to Francisco Tárrega,,,,,,,,,Q968159 art movement
Q96634178,Chiprovtsi iconographic school,iconographic school,,,,,Bulgaria,,,,Q968159 art movement
Q96774802,,,,,,,Chile,,,,Q968159 art movement
Q96948661,second generation Chinese cinema,Chinese progressive art cinema movement and style from the 1930s to 1949,1930-01-01T00:00:00Z,1952-01-01T00:00:00Z,1930,1952,Republic of China,,,,Q968159 art movement
Q96954129,Solitary Island Period,Chinese film era from 1937 to 1945,1937-01-01T00:00:00Z,1945-01-01T00:00:00Z,1937,1945,,,,,Q968159 art movement
Q97132864,Artistas Modernos de la Argentina,Argentine group of artists formed in 1952 and active until 1954,,,,,Argentina,,,,Q968159 art movement
Q97173704,qualité française,era of French cinema from the 1940s and 1950s,,,,,,,,,Q968159 art movement
Q97278513,Mino school,,,,,,,,,,Q968159 art movement
Q97312277,Ukai school,,,,,,,,,,Q968159 art movement
Q97367436,Pop surrealism,"Art movement combining pop culture imagery with surrealist aesthetics, emerging in the late 20th century.",1970-01-01T00:00:00Z,,1970,,,,,,Q968159 art movement
Q97378346,Black Rio,Afro-Brazilian soul- and funk-oriented countercultural movement,1976-01-01T00:00:00Z,,1976,,,Q164444; Q131272,,,Q968159 art movement
Q97455772,Taima school,,,,,,,,,,Q968159 art movement
Q97488319,Praxis,Nicaraguan group of painters and sculptors based in Managua and active from 1963 to 1972,,,,,Nicaragua,,,,Q968159 art movement
Q97863263,Dutch Italianates,school of Dutch painters and draughtsmen active in Rome from the early 17th century,,,,,,,,,Q968159 art movement
Q97960912,Prairie school of landscape design,regional style of landscape design in America,,,,,United States,,,,Q968159 art movement
Q97994854,West Coast Pop art,manifestation of Pop art in California during the early 1960s,,,,,United States,,,,Q968159 art movement
Q98077364,Re-figuración,Paraguayan art movement active in the 1970s,,,,,,,,,Q968159 art movement
Q98136972,New Image art,art movement in painting and sculpture of the late 1970s and early 1980s,1970-01-01T00:00:00Z,,1970,,,,,,Q968159 art movement
Q98594621,Ugly Realism,art movement in Berlin in the 1970s,,,,,Germany,,,,Q968159 art movement
Q122960,Rococo,18th-century artistic movement and style,1730-01-01T00:00:00Z,1780-01-01T00:00:00Z,1730,1780,,Q170292,300021155,https://en.wikipedia.org/wiki/Rococo,Q32880 architectural style; Q1792644 art style
Q136693,Norman architecture,sub-type of Romanesque architecture,,,,,,,300020851,https://en.wikipedia.org/wiki/Norman_architecture,Q32880 architectural style
Q1008014,Greco-Buddhist art,"artistic manifestation of Greco-Buddhism, a cultural syncretism between Ancient Greek art and Buddhism, which had mainly evolved in the ancient region of Gandhara, located in the northwestern fringe of the Indian subcontinent",,,,,,Q221375,,https://en.wikipedia.org/wiki/Greco-Buddhist_art,Q32880 architectural style
Q1016889,Burr Truss,arch bridge,,,,,,,300001901,https://en.wikipedia.org/wiki/Burr_Truss,Q32880 architectural style
Q11677842,Golden Tea Room,Japanese portable tea room,1585-01-01T00:00:00Z,1615-01-01T00:00:00Z,1585,1615,Japan,,,https://en.wikipedia.org/wiki/Golden_Tea_Room,Q32880 architectural style
Q12018399,Czech Gothic architecture,architectural style of the Middle Ages in the area of modern-day Czechia,,,,,Czech Republic; Kingdom of Bohemia; Moravia,,,https://en.wikipedia.org/wiki/Czech_Gothic_architecture,Q32880 architectural style
Q12020836,timber-framed house,residential building constructed using the timber framing method,,,,,,,,https://en.wikipedia.org/wiki/Half-timbered,Q32880 architectural style
Q12049741,Romantic architecture,,,,,,,,,https://en.wikipedia.org/wiki/Romantic_architecture,Q32880 architectural style
Q12052700,Abbasid architecture,architecture of the Abbasid Caliphate,,,,,Abbasid Caliphate,,,https://en.wikipedia.org/wiki/Abbasid_architecture,Q32880 architectural style
Q12069738,Spanish Colonial architecture,architectural style,,,,,,,,https://en.wikipedia.org/wiki/Spanish_colonial_architecture,Q32880 architectural style
Q12228315,Arabic architecture,architectural style,,,,,,,,https://en.wikipedia.org/wiki/Arab_architecture,Q32880 architectural style
Q12275767,The Architecture of the Bulgarian Revival,,,,,,Bulgaria,,,https://en.wikipedia.org/wiki/Architecture_of_the_Bulgarian_Revival,Q32880 architectural style
Q12348939,medievalism,system of belief and practice inspired by the Middle Ages,,,,,,,300056558,https://en.wikipedia.org/wiki/Medievalism,Q32880 architectural style
Q12472525,Balinese architecture,style of architecture,,,,,,,,https://en.wikipedia.org/wiki/Balinese_architecture,Q32880 architectural style
Q12720942,Art Deco architecture,architectural style,,,,,,,,https://en.wikipedia.org/wiki/Art_Deco_architecture,Q32880 architectural style
Q12720948,Romanian Revival architecture,architectural style based on Romanian Medieval architecture,,,,,Romania,,,https://en.wikipedia.org/wiki/Romanian_Revival_architecture,Q32880 architectural style
Q12961919,bahay na bato,architectural style common during the Spanish colonial era in the Philippines,,,,,Philippines,,,https://en.wikipedia.org/wiki/Bahay_na_bato,Q32880 architectural style
Q13014472,Sino-Portuguese architecture,Asian hybrid architecture style,,,,,,,,https://en.wikipedia.org/wiki/Sino-Portuguese_architecture,Q32880 architectural style
Q13107150,Czech Baroque architecture,"architecture of the baroque era in Bohemia, Moravia and Czech Silesia",1600-01-01T00:00:00Z,1700-01-01T00:00:00Z,1600,1700,Czech Republic; Czech Silesia,,,https://en.wikipedia.org/wiki/Czech_Baroque_architecture,Q32880 architectural style
Q13422195,Czech Renaissance architecture,,,,,,Czech Republic,,,https://en.wikipedia.org/wiki/Czech_Renaissance_architecture,Q32880 architectural style
Q13640694,Kalinga architecture,Architecture style in Odisha,,,,,Odisha,,,https://en.wikipedia.org/wiki/Kalinga_architecture,Q32880 architectural style
Q109349770,Pit courtyard,form of traditional building in China,,,,,People's Republic of China,,,https://en.wikipedia.org/wiki/Pit_courtyard,Q32880 architectural style
Q109840068,Gotico Angioino,gothic style of architecture,,,,,Italy,,,https://en.wikipedia.org/wiki/Gotico_Angioino,Q32880 architectural style
Q112702185,Dutch colonial architecture,style of architecture across the Dutch Empire,,,,,Kingdom of the Netherlands,,,https://en.wikipedia.org/wiki/Dutch_colonial_architecture,Q32880 architectural style
Q112762818,loft apartment,type of apartment; usually in a building that used to be a warehouse or factory,,,,,,,,https://en.wikipedia.org/wiki/Loft_apartment,Q32880 architectural style
Q113158860,French provincial architecture,revivalist architectural style,,,,,,,,https://en.wikipedia.org/wiki/French_Provincial_architecture,Q32880 architectural style
Q113624169,New London Vernacular,"architectural style of housing developments originating in London, England, from about 2009",,,,,,,,https://en.wikipedia.org/wiki/New_London_Vernacular,Q32880 architectural style
Q115978689,Almoravid architecture,Building stule in Morocco and Algeria,,,,,Almoravid dynasty,,,https://en.wikipedia.org/wiki/Almoravid_architecture,Q32880 architectural style
Q116007157,Almohad architecture,Period of architecture,1200-01-01T00:00:00Z,1300-01-01T00:00:00Z,1200,1300,Almohad Caliphate,,,https://en.wikipedia.org/wiki/Almohad_architecture,Q32880 architectural style
Q11110863,Yangshi Lei,collection of drawings and models of Qing architecture,,,,,,,,https://en.wikipedia.org/wiki/Yangshi_Lei_Archives,Q32880 architectural style
Q11268718,zenpō-kōen-fun,style of ancient Japanese tomb resembling a keyhole,,,,,Japan; South Korea,,,https://en.wikipedia.org/wiki/Zenp%C5%8Dk%C5%8Denfun,Q32880 architectural style
Q11350230,Rococo architecture,Late Baroque 18th-century architectural style,,,,,,,,https://en.wikipedia.org/wiki/Rococo_architecture,Q32880 architectural style
Q11358496,round-topped burial mound,burial mound with square flat base and round top,,,,,,,,https://en.wikipedia.org/wiki/Joenkahofun,Q32880 architectural style
Q11391718,Hassō-an,,,,,,Japan,,,https://en.wikipedia.org/wiki/Hass%C5%8D-an,Q32880 architectural style
Q11391751,octagonal kofun,architectural style,,,,,,,,https://en.wikipedia.org/wiki/Octagonal_Kofun,Q32880 architectural style
Q11397225,Zenpō-kōhō-fun,,,,,,Japan,,,https://en.wikipedia.org/wiki/Zenp%C5%8D-k%C5%8Dh%C5%8D-fun,Q32880 architectural style
Q11417855,Japanese-Western Eclectic Architecture,western-influenced Architectural movement in Japan,,,,,Japan,,,https://en.wikipedia.org/wiki/Japanese-Western_Eclectic_Architecture,Q32880 architectural style
Q11480883,scallop-shaped kofun,,,,,,Japan,,,https://en.wikipedia.org/wiki/Scallop_Kofun,Q32880 architectural style
Q11504353,square kofun,,,,,,Japan,,,https://en.wikipedia.org/wiki/Square_Kofun,Q32880 architectural style
Q11571716,Jutaku,Japanese architectural style,,,,,Japan,,,https://en.wikipedia.org/wiki/Jutaku,Q32880 architectural style
Q11587139,rock-cut architecture,"creation of structures, buildings, and sculptures by excavating solid rock",,,,,,,300008031,https://en.wikipedia.org/wiki/Rock-cut_architecture,Q32880 architectural style
Q1072060,Chicago School,American architectural style,,,,,United States,,300182420,https://en.wikipedia.org/wiki/Chicago_school_(architecture),Q32880 architectural style
Q1073342,Cape Dutch architecture,architectural style in South Africa,,,,,,,300264463,https://en.wikipedia.org/wiki/Cape_Dutch_architecture,Q32880 architectural style
Q1077702,national Romantic style,Nordic architectural style,,,,,,,,https://en.wikipedia.org/wiki/National_Romantic_style,Q32880 architectural style
Q1125300,Georgian architecture,set of architectural styles current between 1720 and 1840,1720-01-01T00:00:00Z,1840-01-01T00:00:00Z,1720,1840,,,300021195,https://en.wikipedia.org/wiki/Georgian_architecture,Q32880 architectural style
Q1134673,corporate architecture,broad type of architecture,,,,,,,,https://en.wikipedia.org/wiki/Corporate_architecture,Q32880 architectural style
Q1134824,Stalinist architecture,architectural style,,,,,,,,https://en.wikipedia.org/wiki/Stalinist_architecture,Q32880 architectural style
Q1141784,Sicilian Baroque,Baroque architecture on the island of Sicily,1600-01-01T00:00:00Z,1700-01-01T00:00:00Z,1600,1700,Italy,,,https://en.wikipedia.org/wiki/Sicilian_Baroque,Q32880 architectural style
Q1148060,expressionist architecture,architectural style,1911-01-01T00:00:00Z,,1911,,,,,https://en.wikipedia.org/wiki/Expressionist_architecture,Q32880 architectural style
Q1182092,Decorated Gothic,Style of English Gothic architecture,,,,,Kingdom of England,,300020799,https://en.wikipedia.org/wiki/Decorated_Gothic,Q32880 architectural style
Q1195718,siheyuan,"historical type of residence in China, or Chinese quadrangles",-1045-01-01T00:00:00Z,,-1046,,Western Zhou,,,https://en.wikipedia.org/wiki/Siheyuan,Q32880 architectural style
Q1204196,Sondergotik,architectural style,,,,,,,300020889,https://en.wikipedia.org/wiki/Sondergotik,Q32880 architectural style
Q1216982,revivalism,use of visual styles in architecture that echo the style of a previous architectural era,,,,,,,300021442,https://en.wikipedia.org/wiki/Revivalism_(architecture),Q32880 architectural style
Q1227514,Directoire style,architectural style,,,,,,,300021267,https://en.wikipedia.org/wiki/Directoire_style,Q32880 architectural style
Q1236678,orientalizing period,cultural and art historical period in the Archaic phase of ancient Greek art,-0699-01-01T00:00:00Z,-0599-01-01T00:00:00Z,-700,-600,,,300106986,https://en.wikipedia.org/wiki/Orientalizing_period,Q32880 architectural style
Q1268134,Beaux-Arts,19th century architectural style,,,,,,,300021433,https://en.wikipedia.org/wiki/Beaux-Arts_architecture,Q32880 architectural style; Q1792644 art style
Q1285794,Kumbum,type of Tibetan Buddhist temple,,,,,,,,https://en.wikipedia.org/wiki/Kumbum,Q32880 architectural style
Q1289482,Traditionalist School,architectural style and movement,,,,,,,,https://en.wikipedia.org/wiki/Traditionalist_School_(architecture),Q32880 architectural style
Q1323065,Louis XIII style,architectural style,,,,,Kingdom of France,,,https://en.wikipedia.org/wiki/Louis_XIII_style,Q32880 architectural style
Q1344946,facadism,"preservation or reconstruction of a facade, but not the rest of the building",,,,,,,300262595,https://en.wikipedia.org/wiki/Facadism,Q32880 architectural style
Q1349760,medieval architecture,architectural style related to the middle ages,,,,,,,,https://en.wikipedia.org/wiki/Medieval_architecture,Q32880 architectural style
Q1351624,Flamboyant,florid style of late Gothic architecture,,,,,,,300020862,https://en.wikipedia.org/wiki/Flamboyant,Q32880 architectural style
Q1353902,sukiya-zukuri,type of Japanese residential architectural style,,,,,,,300175200,https://en.wikipedia.org/wiki/Sukiya-zukuri,Q32880 architectural style
Q10276410,Chão style,Portugal architectural style,,,,,Portugal,,,https://en.wikipedia.org/wiki/Portuguese_Plain_Style_architecture,Q32880 architectural style
Q10539653,Zui-Ki-Tei,Japanese tea house,,,,,Sweden,,,https://en.wikipedia.org/wiki/Zui-Ki-Tei,Q32880 architectural style
Q10587275,New Khmer Architecture,an architectural movement in Cambodia during the 1950s and 1960s that blended elements of the Modern Movement with the grand tradition of Angkor and the vernacular tradition of ordinary people’s houses,1950-01-01T00:00:00Z,1960-01-01T00:00:00Z,1950,1960,Cambodia,,,https://en.wikipedia.org/wiki/New_Khmer_Architecture,Q32880 architectural style
Q10925819,Hakka walled village,settlement style historically popular among Hakka Chinese,,,,,,,,https://en.wikipedia.org/wiki/Hakka_walled_village,Q32880 architectural style
Q11060089,Imperial Crown Style,Japanese architectural style,,,,,Japan,,,https://en.wikipedia.org/wiki/Imperial_Crown_Style,Q32880 architectural style
Q104785179,Glass Tea House - KOU-AN,teahouse created by Tokujin Yoshioka,2011-01-01T00:00:00Z,,2011,,Japan,,,https://en.wikipedia.org/wiki/Glass_Tea_House_-_KOU-AN,Q32880 architectural style
Q104860918,Renaissance architecture of Toulouse,renaissance architecture of the city of Toulouse (France),,,,,France,,,https://en.wikipedia.org/wiki/Renaissance_architecture_of_Toulouse,Q32880 architectural style
Q104878356,Art Deco in Brussels,local implementation of a style of architecture and design,,,,,Belgium,,,https://en.wikipedia.org/wiki/Art_Deco_in_Brussels,Q32880 architectural style
Q106092136,Japandi,combination of Japanese and Scandinavian aesthetics,,,,,,,,https://en.wikipedia.org/wiki/Japandi,Q32880 architectural style
Q106225044,Neo-Byzantine architecture in the Russian Empire,Russian revivalist architecture,,,,,Russian Empire,,,https://en.wikipedia.org/wiki/Neo-Byzantine_architecture_in_the_Russian_Empire,Q32880 architectural style
Q106771064,Stockbroker's Tudor,style of house,,,,,,,,https://en.wikipedia.org/wiki/Stockbroker%27s_Tudor,Q32880 architectural style
Q106935998,By-pass Variegated,style of housing development in the United Kingdom,,,,,United Kingdom,,,https://en.wikipedia.org/wiki/By-pass_Variegated,Q32880 architectural style
Q107299232,Rajput architecture,overview of the architecture by the Rajput rulers of Rajasthan,,,,,,,,https://en.wikipedia.org/wiki/Rajput_architecture,Q32880 architectural style
Q107739697,Greek Revival architecture in North America,,,,,,,,,https://en.wikipedia.org/wiki/Greek_Revival_architecture_in_North_America,Q32880 architectural style
Q108619287,Applied Thai architecture,architecture movement,,,,,,,,https://en.wikipedia.org/wiki/Applied_Thai_architecture,Q32880 architectural style
Q108704573,classical Ottoman architecture,ottoman architectural style of the 16th and 17th centuries,,,,,,,,https://en.wikipedia.org/wiki/Classical_Ottoman_architecture,Q32880 architectural style
Q108760702,Tulip Period architecture,Ottoman architecture in the early 18th century,,,,,Ottoman Empire,,,https://en.wikipedia.org/wiki/Tulip_Period_architecture,Q32880 architectural style
Q108760735,Ottoman Baroque,ottoman architectural style in the 18th and early 19th centuries,,,,,Ottoman Empire,,300444320,https://en.wikipedia.org/wiki/Ottoman_Baroque_architecture,Q32880 architectural style
Q108907973,Kakatiya architecture,Indian building style,,,,,,,,https://en.wikipedia.org/wiki/Kakatiya_architecture,Q32880 architectural style
Q109284245,early Ottoman architecture,ottoman architecture in the 14th and 15th centuries,,,,,,,,https://en.wikipedia.org/wiki/Early_Ottoman_architecture,Q32880 architectural style
Q116007257,Hafsid architecture,period of architecture in North Africa,,,,,Hafsid dynasty,,,https://en.wikipedia.org/wiki/Hafsid_architecture,Q32880 architectural style
Q116148607,Aghlabid architecture,period of architecture in North Africa,,,,,Aghlabids,,,https://en.wikipedia.org/wiki/Aghlabid_architecture,Q32880 architectural style
Q120052860,traditional architecture of Papua New Guinea,,,,,,Papua New Guinea,,,https://en.wikipedia.org/wiki/Traditional_architecture_of_Papua_New_Guinea,Q32880 architectural style
Q120850099,Art Deco in Kolkata,art Deco architecture in Kolkata,,,,,India,,,https://en.wikipedia.org/wiki/Art_Deco_in_Kolkata,Q32880 architectural style
Q120850142,Boom style architecture,victorian architectural style,,,,,,,,https://en.wikipedia.org/wiki/Boom_style_architecture,Q32880 architectural style
Q121327085,Zayyanid architecture,architectural style historically developed in the Kingdom of Tlemcen (Zayyanid Sultanate),,,,,Kingdom of Tlemcen,,,https://en.wikipedia.org/wiki/Zayyanid_architecture,Q32880 architectural style
Q124477911,Petén architecture,,,,,,,,,https://en.wikipedia.org/wiki/Pet%C3%A9n_architecture,Q32880 architectural style
Q124791909,Shōsei-an,"building in Glendale, California",1974-01-01T00:00:00Z,,1974,,United States,,,https://en.wikipedia.org/wiki/Shoseian_Teahouse,Q32880 architectural style
Q125469961,Chettinad Mansions,"buildings in Tamil Nadu, India",,,,,India,,,https://en.wikipedia.org/wiki/Chettinad_mansions,Q32880 architectural style
Q127433034,Filigree architecture,Australian architectural style,,,,,Australia,,,https://en.wikipedia.org/wiki/Filigree_architecture,Q32880 architectural style
Q127632740,Anatolian Seljuk architecture,architecture under the Anatolian Seljuks who ruled the Sultanate of Rum in present-day Turkey,,,,,Sultanate of Rum,,,https://en.wikipedia.org/wiki/Anatolian_Seljuk_architecture,Q32880 architectural style
Q129248676,Gaussian vault,reinforced masonry construction technique,,,,,Uruguay,,,https://en.wikipedia.org/wiki/Reinforced_brick_masonry,Q32880 architectural style
Q131430863,Rekha deul,The traditional rekha deul is predominant in the western districts of Bengal.,,,,,India,,,https://en.wikipedia.org/wiki/Rekha_deul,Q32880 architectural style
Q131437671,High Ranch,American domestic architectural style,,,,,,,,https://en.wikipedia.org/wiki/High_Ranch,Q32880 architectural style
Q131914037,Aldwych Farcical,,,,,,United Kingdom,,,https://en.wikipedia.org/wiki/Aldwych_Farcical,Q32880 architectural style
Q133623961,gyoka,type of building in Japan,,,,,Japan,,,https://en.wikipedia.org/wiki/Gyoka,Q32880 architectural style
Q134593751,Christchurch Style architecture,architectural style that emerged in 1960s New Zealand,,,,,,,,https://en.wikipedia.org/wiki/Christchurch_Style_architecture,Q32880 architectural style
Q135012331,Yumsharol,classical Meitei architectural tradition,,,,,,,,https://en.wikipedia.org/wiki/Yumsharol,Q32880 architectural style
Q135185206,Tabrizi tradition,architectural style from Iran from the 14th century,,,,,,,,https://en.wikipedia.org/wiki/Tabrizi_tradition,Q32880 architectural style
Q136840466,Marinid architecture,,,,,,Marinid dynasty,,,https://en.wikipedia.org/wiki/Marinid_architecture,Q32880 architectural style
Q1003339,classicist baroque,,,,,,,,,,Q32880 architectural style
Q1060326,Cham architecture,,,,,,Champa,,,,Q32880 architectural style
Q1071656,Chiaramonte style,regional Gothic architecture of Sicily,,,,,,,,,Q32880 architectural style
Q1113492,Neoclassical architecture in Hungary,,,,,,Hungary,,,,Q32880 architectural style
Q1114972,Mannerist architecture,a 16th-century Late Renaissance architectural style.,,,,,,,,,Q32880 architectural style
Q1258486,Dresden Baroque architecture,,1694-01-01T00:00:00Z,1763-01-01T00:00:00Z,1694,1763,Electorate of Saxony,,,,Q32880 architectural style
Q1295040,Art Nouveau architecture,architectural style of the late 19th/early 20th century,,,,,,,,,Q32880 architectural style
Q1295289,secessionist architecture in Hungary,,,,,,Hungary,,,,Q32880 architectural style
Q1355963,Hamburger Kaffeemühle,"house made of bricks and with a hipped roof, typical for Hamburg, Germany",1920-01-01T00:00:00Z,,1920,,Germany,,,,Q32880 architectural style
Q10165862,Religious Islamic architecture,,,,,,,,,,Q32880 architectural style
Q10412776,Visigothic architecture,,,,,,,,,,Q32880 architectural style
Q10441713,,,,,,,Japan,,,,Q32880 architectural style
Q10484416,ear building,Chinese house type,,,,,People's Republic of China,,,,Q32880 architectural style
Q10544017,Carolean style,,,,,,,,,,Q32880 architectural style
Q10604232,Louis XVI revival,,,,,,,,,,Q32880 architectural style
Q10604659,,,,,,,,,,,Q32880 architectural style
Q10669690,,,,,,,,,,,Q32880 architectural style
Q10674187,Soviet architecture,,,,,,Soviet Union,,,,Q32880 architectural style
Q10698970,,,,,,,,,,,Q32880 architectural style
Q10713299,Vaasa Style,"style of Swedish architecture and decoration , which characterized the period from the 1520s to the mid-1600s. The style is influenced by the Renaissance.",,,,,,,,,Q32880 architectural style
Q10713957,,,,,,,,,,,Q32880 architectural style
Q10782136,traditional alpine architecture,,,,,,,,,,Q32880 architectural style
Q10825848,,,,,,,Vietnam,,,,Q32880 architectural style
Q10855277,Kōraimon,,,,,,,,,,Q32880 architectural style
Q10868503,hia6 suan1 houn2,,,,,,,,,,Q32880 architectural style
Q10910756,juanpeng,roof style,,,,,,,,,Q32880 architectural style
Q11116161,lingxing gate,type of gates,,,,,,,,,Q32880 architectural style
Q11153616,,type de station avec plus de deux plates-formes de quais,,,,,,,,,Q32880 architectural style
Q11312189,,,,,,,,,,,Q32880 architectural style
Q11327340,half-timbering,"building technique in which the spaces between the supporting timbers are filled with brick, wattle and daub, or other material",,,,,,,300125479,,Q32880 architectural style
Q11364287,Nakayama-zukuri,Japanese Shinto architecture style,,,,,,,,,Q32880 architectural style
Q11368768,shuden-zukuri,,,,,,,,,,Q32880 architectural style
Q11391464,yatsumune-zukuri,,,,,,,,,,Q32880 architectural style
Q11394781,round school building,,,,,,Japan,,,,Q32880 architectural style
Q11410445,Sōhō-chūen Kofun,,,,,,Japan,,,,Q32880 architectural style
Q11418699,Kara-zukuri,,,,,,,,,,Q32880 architectural style
Q11419825,Shitennō-ji style,,,,,,,,,,Q32880 architectural style
Q11420098,shikyakumon,gate with two secondary posts in front and behind the two main pillars,,,,,,,,,Q32880 architectural style
Q11420180,four corner projections type grave mound,,,,,,Japan,,,,Q32880 architectural style
Q11441991,Ōtori-zukuri,"the Japan of Shinto architecture from ( Otori Taisha Shrine, Nishi Ward, Sakai City, Osaka Prefecture )",,,,,,,,,Q32880 architectural style
Q11443405,Tenrai-an,garden in Japan,1914-01-01T00:00:00Z,,1914,,Japan,,,,Q32880 architectural style
Q11465322,Owari-zukuri,shrine building style in Japan,,,,,,,,,Q32880 architectural style
Q11515071,magariya,Iwate Prefecture house layout,,,,,Japan,,,,Q32880 architectural style
Q11545899,buke yashiki,,,,,,,,,,Q32880 architectural style
Q11557481,Sengen-zukuri,a shrine building style in Japan.,,,,,Japan,,,,Q32880 architectural style
Q11577528,Tamugimata multilayered house,"unique architectural style in Tamugimata, Tsuruoka, Yamagata Prefecture, Japan",,,,,Japan,,,,Q32880 architectural style
Q11588450,Gion-zukuri,Japanese Shinto architecture style,,,,,,,,,Q32880 architectural style
Q11589496,Jingū Chashitsu,,1985-04-01T00:00:00Z,,1985,,Japan,,,,Q32880 architectural style
Q11608504,Makimuku-type keyhole-shaped kofun,,,,,,Japan,,,,Q32880 architectural style
Q11611178,Shūen-tei,,,,,,Japan,,,,Q32880 architectural style
Q11619350,Kanden-an,garden in Japan,1792-01-01T00:00:00Z,,1792,,Japan,,,,Q32880 architectural style
Q11624287,Fujimura-style architecture,,,,,,Japan,,,,Q32880 architectural style
Q11638385,modern Japanese-style architecture,,,,,,,,,,Q32880 architectural style
Q11651929,nagayamon,,,,,,,,,,Q32880 architectural style
Q11659055,Oki-zukuri,,,,,,,,,,Q32880 architectural style
Q11667652,Kashii-zukuri,,,,,,,,,,Q32880 architectural style
Q11679968,Almoravid art,,,,,,,,,,Q32880 architectural style
Q11686643,Renaissance architecture in England,,,,,,United Kingdom; Kingdom of England,,,,Q32880 architectural style
Q11686640,Flemish Baroque architecture,,,,,,,,,,Q32880 architectural style
Q11686646,Socialist architecture in Poland,,,,,,Poland,,,,Q32880 architectural style
Q11686644,Romanesque architecture in Scandinavia,,,,,,,,,,Q32880 architectural style
Q11686645,Art Nouveau architecture in Italy,,,,,,Italy,,,,Q32880 architectural style
Q11784483,Neues Bauen,modern architectural style,,,,,,,,,Q32880 architectural style
Q11784487,avant-garde architecture of the Soviet Union,,,,,,Soviet Union,,,,Q32880 architectural style
Q11784484,Modernist architecture in Poland,,,,,,Second Polish Republic; Polish People's Republic,,,,Q32880 architectural style
Q11998433,,architectural style popular in Denmark between 1860 and 1900,,,,,Denmark; Denmark–Norway,,,,Q32880 architectural style
Q12033488,vernacular architecture in the Czech Republic,,,,,,Czech Republic,,,,Q32880 architectural style
Q12228302,Damascene architecture,,,,,,,,,,Q32880 architectural style
Q12274199,Bulgarian architecture,architectural style,,,,,Bulgaria,,,,Q32880 architectural style
Q12383303,Gothic architecture in Galicia,,,,,,Spain,,,,Q32880 architectural style
Q12383306,,,,,,,Spain,,,,Q32880 architectural style
Q12383304,,,,,,,Spain,,,,Q32880 architectural style
Q12383305,Pre-Romanesque architecture in Galicia,,,,,,Spain,,,,Q32880 architectural style
Q12385501,casa de indianos,,,,,,Spain,,,,Q32880 architectural style
Q12386216,,,,,,,,,,,Q32880 architectural style
Q12406814,Eclectic architecture in Israel,architectural style,,,,,Israel,,,,Q32880 architectural style
Q12406815,International style in Israel,,,,,,Israel,,,,Q32880 architectural style
Q12604540,Neoliberty,style of architecture and design in 1950s Italy,,,,,,,,,Q32880 architectural style; Q1792644 art style
Q12772444,Neorationalism (architecture),,,,,,,,,,Q32880 architectural style
Q12775905,Art Nouveau architecture in Slovakia,,,,,,Slovakia,,,,Q32880 architectural style
Q12811635,,building in Turkey,,,,,Turkey,,,,Q32880 architectural style
Q13196554,Liberty,"architectural style, related to Art Nouveau",,,,,Italy,,,,Q32880 architectural style
Q13308575,rake-overhanging gabled roof,ancient Chinese roofing style also known also in Korea and Japan,,,,,,,,,Q32880 architectural style
Q13489779,Mosan Baroque architecture,,,,,,Prince-Bishopric of Liège,,,,Q32880 architectural style
Q13538445,postmodern architecture in Slovakia,,,,,,Slovakia,,,,Q32880 architectural style
Q100312492,,,,,,,Spain,,,,Q32880 architectural style
Q103534264,podnikatelské baroko,,,,,,,,,,Q32880 architectural style
Q104156887,,,,,,,,,,,Q32880 architectural style
Q104599439,neo-medieval architecture,architectural style,,,,,,,,,Q32880 architectural style
Q104690760,stone church,church building made out of stone,,,,,,,,,Q32880 architectural style
Q105080079,Westphalian Baroque,,1660-01-01T00:00:00Z,1780-01-01T00:00:00Z,1660,1780,Germany; Prince-Bishopric of Münster; County of Mark; Electorate of Hanover; Prince-Bishopric of Osnabrück; County of Ravensberg; Nassau-Siegen; Electorate of Cologne; Stift Corvey; Duchy of Cleves; Prince-Bishopric of Paderborn; Prince-Bishopric of Minden; Duchy of Westphalia,,,,Q32880 architectural style
Q105363923,Haussmannian architecture,,,,,,France,,,,Q32880 architectural style
Q105467031,Jaina architecture,religious architecture of the Jains,,,,,,,,,Q32880 architectural style
Q106463430,dozō,traditional architectural style of Japan,,,,,,,,,Q32880 architectural style
Q106486100,Style tournaisien,,,,,,Belgium; France,,,,Q32880 architectural style
Q106575293,,,,,,,Ukraine,,,,Q32880 architectural style
Q107096063,Landmark tower,type of radio tower designed and manufactured by the Landmark Tower Company,,,,,,,,,Q32880 architectural style
Q108107298,postwar modernism,an architectural style significant between 1945-1985 in the USA and other countries,,,,,,,,,Q32880 architectural style
Q108147319,Indo-Persianate architecture,,,,,,,,,,Q32880 architectural style
Q108261899,Jewish home in Sanaa,unique building style for the homes of the Jews in Sanaa,,,,,Yemen,,,,Q32880 architectural style
Q108528088,Neo-Norman style,architectural style of villas,,,,,,,,,Q32880 architectural style
Q108538780,Tuscan architecture,,,,,,,,,,Q32880 architectural style
Q108602125,,,,,,,Bulgaria,,,,Q32880 architectural style
Q108602133,,,,,,,Bulgaria,,,,Q32880 architectural style
Q108602136,,,,,,,Bulgaria,,,,Q32880 architectural style
Q108602146,,,,,,,Bulgaria,,,,Q32880 architectural style
Q108602154,,,,,,,Bulgaria,,,,Q32880 architectural style
Q108602162,,,,,,,Bulgaria,,,,Q32880 architectural style
Q108602174,,,,,,,Bulgaria,,,,Q32880 architectural style
Q108602182,,,,,,,Bulgaria,,,,Q32880 architectural style
Q109108709,Amerindian architecture,architecture of indigenous peoples of the Americas,,,,,,,,,Q32880 architectural style
Q109256483,Andalusian architectural style,,,,,,,,,,Q32880 architectural style
Q109256814,Fatimid architectural style,,,,,,Fatimid Caliphate,,,,Q32880 architectural style
Q109280471,classical architecture,"architecture from ancient time, in particular ancient Greece and ancient Rome",,,,,,,,,Q32880 architectural style
Q109348725,,,,,,,,,,,Q32880 architectural style
Q109348810,,,,,,,,,,,Q32880 architectural style
Q109348812,,,,,,,,,,,Q32880 architectural style
Q109348826,,,,,,,,,,,Q32880 architectural style
Q109348827,,,,,,,,,,,Q32880 architectural style
Q109348825,,,,,,,,,,,Q32880 architectural style
Q109348828,,,,,,,,,,,Q32880 architectural style
Q109351800,si3 diam2 gim1,,,,,,,,,,Q32880 architectural style
Q109357893,Shusui-tei,,,,,,Japan,,,,Q32880 architectural style
Q109362266,Peruvian Revival architecture,architectural style,,,,,Peru,,,,Q32880 architectural style
Q109366413,Japanese colonial architecture,,,,,,Japanese colonial empire,,,,Q32880 architectural style
Q109376672,Classical Greek architecture,,,,,,,,,,Q32880 architectural style
Q109414360,Chinese Buddhist architecture,,,,,,People's Republic of China,,,,Q32880 architectural style
Q109443808,East Modernism,architectural style,,,,,,,,,Q32880 architectural style
Q109450233,Pixelated architecture,,2005-01-01T00:00:00Z,,2005,,,Q1667680; Q207103,,,Q32880 architectural style
Q110158779,Romani architecture,architectural style developed by the Kalderash,,,,,Moldova; Romania,,,,Q32880 architectural style
Q110253733,,,,,,,United States,,,,Q32880 architectural style
Q110359286,Art Nouveau architecture in Timișoara,Art Nouveau buildings in Timișoara,,,,,Romania,,,,Q32880 architectural style
Q110427549,Modernist architecture in Łódź,,,,,,Poland,,,,Q32880 architectural style
Q110804659,,,,,,,Georgia,,,,Q32880 architectural style
Q110970527,brick architecture in Nefta,architectural style in Tunisia,,,,,Tunisia,,,,Q32880 architectural style
Q111209131,,,,,,,,,,,Q32880 architectural style
Q111390205,Nizari architecture,architectural style,,,,,Nizari Ismaili state,,,,Q32880 architectural style
Q111679105,English Cottage architecture,architectural style,,,,,,,,,Q32880 architectural style
Q111903038,Esglésies de repoblament de Mallorca,13th century church typology in Mallorca,,,,,,,,,Q32880 architectural style
Q111903050,Romanesque-Gothic transitional style,style of architecture,,,,,,,,,Q32880 architectural style
Q111937515,glass architecture,large-scale use of glass as an architectural design element that goes beyond the usual extent,,,,,,,,,Q32880 architectural style
Q111960419,Annex style architecture,architectural style popular in the Annex neighbourhood of Toronto towards the end of the 19th Century,1880-01-01T00:00:00Z,1900-01-01T00:00:00Z,1880,1900,Canada,Q3501297; Q529819,,,Q32880 architectural style
Q112055433,Gupta Architecture,style of architecture from circa 300 CE to 550 CE in the Gupta Empire,,,,,Gupta Empire,,,,Q32880 architectural style
Q112281533,Sutherland Estates 1830s bridge,style of rubble masonry stone arch road bridges erected by Sutherland Estates in the 1830s,,,,,,,,,Q32880 architectural style
Q112659580,Art Deco architecture in Hungary,,,,,,Hungary,,,,Q32880 architectural style
Q112687131,Bienne modernism,"modernist style buildings in the city of Biel/Bienne in the canton of Bern, Switzerland",,,,,Switzerland,,,,Q32880 architectural style
Q112762552,Malay architecture,style of Southeast Asian architecture,,,,,,,,,Q32880 architectural style
Q113266457,Federation Filigree architecture,architectural style prevalent in Australian from around 1890 to 1915,,,,,Australia,,,,Q32880 architectural style
Q113266466,Victorian Filigree architecture,architectural style prevalent in Australian from around 1840 to 1900,,,,,Australia,,,,Q32880 architectural style
Q113409382,postmodern architecture in Russia,,,,,,Russia,,,,Q32880 architectural style
Q113409736,constructivist architecture in Perm,,,,,,Russia,,,,Q32880 architectural style
Q113411723,constructivist architecture in Yekaterinburg,,,,,,Russia,,,,Q32880 architectural style
Q113557787,Sōketsu-tei,,,,,,Japan,,,,Q32880 architectural style
Q113560484,Ninomaru Teahouse (Nagoya Castle),,,,,,Japan,,,,Q32880 architectural style
Q113833459,German Renaissance architecture,,,,,,Austria; Germany; Holy Roman Empire,,,,Q32880 architectural style
Q113833463,Flemish Renaissance architecture,,,,,,,,,,Q32880 architectural style
Q114389934,neoclassical architecture in Spain,,,,,,Spain,,,,Q32880 architectural style
Q114389989,Neoclassical architecture in Germany,,,,,,Germany,,,,Q32880 architectural style
Q114800781,neoclassical architecture in   Scandinavia,,,,,,,,,,Q32880 architectural style
Q115096446,,,,,,,,,,,Q32880 architectural style
Q115096447,,,,,,,,,,,Q32880 architectural style
Q115096450,,,,,,,,,,,Q32880 architectural style
Q115096448,neo-Biedermeier,,,,,,,,,,Q32880 architectural style
Q115096449,,,,,,,,,,,Q32880 architectural style
Q115096533,,,,,,,,,,,Q32880 architectural style
Q115920141,Gruppenbau,"free asymmetric architectural style which looks picturesque, less streamlined",,,,,Germany,,,,Q32880 architectural style
Q115920438,Battlemented Neo-Renaissance style,,1910-01-01T00:00:00Z,1940-01-01T00:00:00Z,1910,1940,Hungary,,,,Q32880 architectural style
Q116245538,industrial eclecticism,architecture style,1870-01-01T00:00:00Z,1920-01-01T00:00:00Z,1870,1920,,,,,Q32880 architectural style
Q116311977,,,,,,,France,,,,Q32880 architectural style
Q116490624,,,,,,,Czech Republic; Czechoslovakia,,,,Q32880 architectural style
Q116951969,tropical modernism,Architectural style,1950-01-01T00:00:00Z,,1950,,,,,,Q32880 architectural style
Q117005626,Northern modern,,,,,,,,,,Q32880 architectural style
Q117209627,Sichuanese architecture,,,,,,People's Republic of China,,,,Q32880 architectural style
Q117315337,,,,,,,,,,,Q32880 architectural style
Q117653472,Victorian Rustic Gothic architecture,Domestic architectural style in Australia during the Victorian Era (c.1840 - c.1900),,,,,Australia,,,,Q32880 architectural style
Q118287763,Moorish Revival architecture in Hungary,,,,,,Hungary,Q247492,,,Q32880 architectural style
Q118463334,Imperial Chinese Architecture Style,Chinese Architecture Style,,,,,Taiwan; Republic of China,,,,Q32880 architectural style
Q119929916,,,,,,,,,,,Q32880 architectural style
Q119983533,,,,,,,,,,,Q32880 architectural style
Q120269500,,,,,,,,,,,Q32880 architectural style
Q121075264,,,,,,,People's Republic of China; Taiwan,,,,Q32880 architectural style
Q121096743,tsiànn-sin,,,,,,People's Republic of China; Taiwan,,,,Q32880 architectural style
Q121880236,,,,,,,,,,,Q32880 architectural style
Q122357942,Kudozukuri,,,,,,Japan,,,,Q32880 architectural style
Q122382294,Matabei,,,,,,Japan,,,,Q32880 architectural style
Q122915237,,,,,,,,,,,Q32880 architectural style
Q123221340,Tropical modernism,Style of architecture taking vernacular attributes to Modern Architecture,1958-01-01T00:00:00Z,,1958,,,Q930314,,,Q32880 architectural style
Q123555639,Nakamura Park Tōin Chaseki,,,,,,Japan,,,,Q32880 architectural style
Q124077464,Komoda-an,"teahouse in Fukuoka City, Japan",,,,,Japan,,,,Q32880 architectural style
Q124149946,Yekaterinoslav brick style,local school of brick-style architecture in Yekaterinoslav (now Dnipro),1880-01-01T00:00:00Z,1900-01-01T00:00:00Z,1880,1900,,,,,Q32880 architectural style
Q124439583,Siculo Gothic architecture,subcategory of the architectural style with its origin in Sicily,,,,,,,,,Q32880 architectural style
Q124631844,shihōkorobi,"slight inward incline of the four corner pillars in a bell tower, etc.",,,,,,,,,Q32880 architectural style
Q124877255,,,,,,,,,,,Q32880 architectural style
Q124934464,,,,,,,Japan,,,,Q32880 architectural style
Q125189498,,,1920-01-01T00:00:00Z,1940-01-01T00:00:00Z,1920,1940,Hungary,,,,Q32880 architectural style
Q125363694,Vistula Baltic Style,architectural style,1850-01-01T00:00:00Z,1900-01-01T00:00:00Z,1850,1900,,,,,Q32880 architectural style
Q125963233,,,,,,,,,,,Q32880 architectural style
Q126360952,vernacular architecture in Bosnia and Herzegovina,vernacular architecture of Bosnia and Herzegovina,,,,,Bosnia and Herzegovina,,,,Q32880 architectural style
Q126727489,,,,,,,,,,,Q32880 architectural style
Q127876789,,,,,,,,,,,Q32880 architectural style
Q129750396,False front architecture,building practice involving higher-than-necessary facade walls or gables,,,,,,,,,Q32880 architectural style
Q130386788,waterstaatsstijl,Dutch architectural style,,,,,Netherlands,,,,Q32880 architectural style
Q130394325,premodern architecture,,,,,,,,,,Q32880 architectural style
Q130841232,hakkyakumon,gate with four secondary pillars on the outside and inside of the four main pillars,,,,,,,,,Q32880 architectural style
Q131375878,ajiro tenjō,ceiling made of ajiro,,,,,Japan,,,,Q32880 architectural style
Q131512505,Shōfū-an,"part of the chashitsu at Shōfū-en in Chūō-ku, Fukuoka City",,,,,Japan,,,,Q32880 architectural style
Q131538639,nijū-roji,roji divided into two by a fence,,,,,Japan,,,,Q32880 architectural style
Q131620441,,,,,,,,,,,Q32880 architectural style
Q133514349,Spanish Eclectic architecture,,,,,,,,,,Q32880 architectural style
Q133530617,Domestic Revival,,,,,,,,,,Q32880 architectural style
Q133530651,,architectural style,,,,,,,,,Q32880 architectural style
Q133530673,Edwardian style,,,,,,,,,,Q32880 architectural style
Q133534786,European Rationalism,,,,,,,,,,Q32880 architectural style
Q133538024,Gothick,Late 18th-century and early 19th-century subclass of Gothic Revival architecture,1800-01-01T00:00:00Z,,1800,,,,,,Q32880 architectural style
Q133566448,Lombard style,,,,,,,,,,Q32880 architectural style
Q133566508,megalithic,,,,,,,,,,Q32880 architectural style
Q133566751,Neo-Georgian,,,,,,,,,,Q32880 architectural style
Q133658637,Wrenaissance,Early Neo-Georgian architectural style,1900-01-01T00:00:00Z,,1900,,,,,,Q32880 architectural style
Q134007068,,,,,,,,Q330369,,,Q32880 architectural style
Q134054300,,,,,,,,Q560756; Q478742,,,Q32880 architectural style
Q134446033,,,,,,,Netherlands,,,,Q32880 architectural style
Q134587213,,,,,,,Japan,,,,Q32880 architectural style
Q134774904,,,,,,,Japan,,,,Q32880 architectural style
Q134887444,Preah Ko style,,,,,,Cambodia,,,,Q32880 architectural style
Q134962467,,architectural style,,,,,,,,,Q32880 architectural style
Q135016584,,,,,,,Hungary,,,,Q32880 architectural style
Q135258525,,,,,,,,,,,Q32880 architectural style
Q136148789,çıkma,,,,,,,,,,Q32880 architectural style
Q136202451,,,,,,,,,,,Q32880 architectural style
Q136261946,Post 65,"period in Dutch architecture, from 1965 to 1990",1965-01-01T00:00:00Z,1990-01-01T00:00:00Z,1965,1990,Netherlands,,,,Q32880 architectural style
Q136363238,cihannüma,,,,,,,,,,Q32880 architectural style
Q136536623,mosque architecture,,,,,,,,,,Q32880 architectural style
Q136557920,Thai architecture,"Thai architecture built during the Thai kingdoms (Sukhothai, Ayutthaya, Thonburi, and Rattanakosin)",,,,,,,,,Q32880 architectural style
Q136749582,,,,,,,Netherlands,,,,Q32880 architectural style
Q136769288,,,,,,,,,,,Q32880 architectural style
Q136860335,Mukyō-an,"Chashitsu located in Kasama City, Ibaraki Prefecture. Designed by Rosanjin Kitaōji, it was relocated from Kamakura in 1965.",1965-01-01T00:00:00Z,,1965,,Japan,,,,Q32880 architectural style
Q136905036,Eskimo architecture,,,,,,,,,,Q32880 architectural style
Q137106116,Aat-Chala architecture style,"Aat-Chala architecture, a subset of Bengal temple architecture, features a roof structure composed of eight sloping planes meeting at a central ridge, often adorned with terracotta.",1601-01-01T00:00:00Z,,1601,,India,,,,Q32880 architectural style
Q137106283,Vernacular Hindu architecture style,"Vernacular Hindu architecture reflects local building traditions, materials, and craftsmanship, adapting religious principles to regional contexts and everyday life, often featuring simple designs and locally sourced resources.",,,,,India,,,,Q32880 architectural style
Q137106853,Adaptive Nagara architecture style,"This style represents a contemporary adaptation of the Nagara tradition, incorporating modern materials and construction techniques while retaining core formal elements within a diaspora context. (ID: INHF-358663155-18-11-25-AE)",0021-01-01T00:00:00Z,,21,,India,,,,Q32880 architectural style
Q137109539,Adaptive Reuse architecture style,"The process of repurposing existing structures for new uses while retaining their historical features and character, promoting sustainability and preserving cultural heritage. (ID: INHF-803221340-18-11-25-AY)",0020-01-01T00:00:00Z,,20,,,,,,Q32880 architectural style
Q137109639,Agamic architecture style,"Agamic architecture adheres to the principles outlined in the Agamas, ancient Hindu scriptures, governing temple design, construction, and ritual practices, ensuring sacred space and divine presence. (ID: INHF-919122346-18-11-25-AS)",,,,,,,,,Q32880 architectural style
Q137109676,Ahom architecture style,"Ahom architecture, originating in Assam, is characterized by its unique blend of indigenous Assamese traditions with influences from other regional styles, often incorporating elements suited to the local climate and materials.",0021-01-01T00:00:00Z,,21,,India,,,,Q32880 architectural style
Q137111098,Ahom-Nagara architecture style,"architectural style involving a synthesis of Nagara elements with local Ahom architectural traditions, often seen in temple construction in Assam, Northeast India",1801-01-01T00:00:00Z,,1801,,India,,,,Q32880 architectural style
Q137111184,Ajanta-Ellora-Influenced Rock-Cut architecture style,"Reflecting Ajanta-Ellora traditions, this rock-cut style features excavated caves adorned with murals and sculptures depicting Buddhist narratives and deities. (ID: INHF-618450016-18-11-25-AI)",-0001-01-01T00:00:00Z,,-2,,India,,,,Q32880 architectural style
Q137111364,Ancient Indian Rock-Cut architecture style,"Involves carving structures directly from natural rock formations, showcasing intricate craftsmanship and often serving religious purposes. (ID: INHF-103140589-18-11-25-AE)",-0002-01-01T00:00:00Z,,-3,,India,,,,Q32880 architectural style
Q137111549,Ancient Indian Temple architecture style,"Early forms of Indian temple architecture, characterized by simple structures and evolving construction techniques, laying the foundation for later, more elaborate styles. (ID: INHF-176548482-18-11-25-AN)",-0002-01-01T00:00:00Z,,-3,,,,,,Q32880 architectural style
Q137111656,Ancient Indian University architecture style,"Ancient Indian universities, like Nalanda and Takshashila, featured complex layouts with residential quarters, lecture halls, libraries, and stupas, reflecting a focus on holistic education and community living. (ID: INHF-551199265-18-11-25-AS)",0401-01-01T00:00:00Z,,401,,India,,,,Q32880 architectural style
Q137111834,Ancient Indian Urban Planning architecture style,"Characterized by grid-patterned streets, sophisticated drainage systems, and standardized brick construction, reflecting advanced civic engineering and social organization in ancient India. (ID: INHF-378213340-18-11-25-AC)",-3299-01-01T00:00:00Z,,-3300,,India,,,,Q32880 architectural style
Q137111927,Andhra architecture style,"Andhra architecture, a regional variant of Dravida, features distinctive gopurams, intricate carvings, and a focus on deity-specific iconography, often utilizing locally sourced granite. (ID: INHF-371943381-18-11-25-AE)",0601-01-01T00:00:00Z,,601,,India,,,,Q32880 architectural style
Q137112022,Andhra Temple architecture style,"Andhra temple architecture showcases a blend of Dravidian and Chalukya influences, featuring distinctive gopurams, intricate carvings, and a focus on sculptural detail, reflecting the region's rich artistic heritage. (ID: INHF-534662211-18-11-25-AC)",0601-01-01T00:00:00Z,,601,,India,,,,Q32880 architectural style
Q137112206,Angkor Wat architecture style,"The Angkor Wat style, prominent in Southeast Asia, is characterized by its grand scale, intricate bas-reliefs, and quincunx layout, reflecting Hindu cosmology and Khmer artistry. (ID: INHF-243653236-18-11-25-AT)",1101-01-01T00:00:00Z,,1101,,India,,,,Q32880 architectural style
Q137112385,Anglo-Manipuri Military architecture style,"This style represents a fusion of British military engineering with indigenous Manipuri defensive strategies, incorporating ramparts, ditches, and strategic positioning for optimal defense during the Anglo-Manipuri War.",1801-01-01T00:00:00Z,,1801,,India,,,,Q32880 architectural style
Q137112507,Arakanese Buddhist architecture style,"Characterized by tiered, tapering roofs and ornate details, this style reflects the unique cultural and religious landscape of the Arakan region, blending indigenous traditions with Buddhist influences. (ID: INHF-053576510-18-11-25-AT)",1501-01-01T00:00:00Z,,1501,,India,,,,Q32880 architectural style
Q137112710,Art Deco architecture style,"Art Deco architecture, popular in the early 20th century, features geometric patterns, streamlined forms, and luxurious materials, often incorporating local motifs and adapting to regional contexts in India. (ID: INHF-196337213-18-11-25-AS)",1901-01-01T00:00:00Z,,1901,,,,,,Q32880 architectural style
Q137112900,Arunachali Tribal architecture style,"Indigenous architectural traditions of Arunachal Pradesh, reflecting diverse tribal customs and utilizing locally sourced materials like bamboo, wood, and thatch for dwellings and community structures. (ID: INHF-347024385-18-11-25-AT)",,,,,India,,,,Q32880 architectural style
Q137113024,Assam-Bengal Vernacular architecture style,"architectural style blending indigenous building practices of Assam and Bengal, often utilizing bamboo, wood, and thatch for construction, reflecting local climate and resources",,,,,India,,,,Q32880 architectural style
Q137113190,Tokharistan architecture style,"Tokharistan architecture, found in ancient Bactria, blends Central Asian, Iranian, and Indian influences, evident in its monasteries, fortifications, and palatial complexes, often adorned with stucco and murals. (ID: INHF-632031585-18-11-25-TS)",0003-01-01T00:00:00Z,,3,,India,,,,Q32880 architectural style
Q137122824,Courtyard architecture style,"Courtyard architecture, prevalent across India, features enclosed or semi-enclosed outdoor spaces integrated within buildings, providing ventilation, light, and a focal point for social and ritual activities. (ID: INHF-144191526-18-11-25-CR)",,,,,India,,,,Q32880 architectural style
Q137122923,Deccan architecture style,"Deccan architecture represents a fusion of North and South Indian styles, characterized by unique adaptations of Nagara and Dravida elements, reflecting regional patronage and craftsmanship. (ID: INHF-984887454-18-11-25-DC)",0501-01-01T00:00:00Z,,501,,India,,,,Q32880 architectural style
Q137123073,Deccan Chalukya architecture style,"Deccan Chalukya architecture, prevalent in the Deccan region, blends Nagara and Dravida styles, characterized by intricate carvings, stellate plans, and tiered superstructures. (ID: INHF-513845293-18-11-25-DU)",1001-01-01T00:00:00Z,,1001,,India,,,,Q32880 architectural style
Q137123122,Deccani architecture style,"Deccani architecture, a synthesis of indigenous and Islamic styles, is characterized by its use of stucco, intricate ornamentation, bulbous domes, and the incorporation of local materials like basalt and laterite. (ID: INHF-758542964-18-11-25-DL)",0014-01-01T00:00:00Z,,14,,India,,,,Q32880 architectural style
Q137123155,Deccani Indo-Islamic architecture style,"A regional variant of Indo-Islamic architecture flourishing in the Deccan Plateau, blending Persian, Turkish, and local Indian idioms, often characterized by distinctive arches, domes, and stucco work. (ID: INHF-544082231-18-11-25-DI)",1301-01-01T00:00:00Z,,1301,,India,,,,Q32880 architectural style
Q137123294,Deccani Military architecture style,"Reflecting a blend of indigenous and Islamic influences, Deccani military architecture features strong fortifications, bastions, and strategic adaptations to the Deccan plateau's terrain. (ID: INHF-021618494-18-11-25-DI)",1301-01-01T00:00:00Z,,1301,,India,,,,Q32880 architectural style
Q137123345,Deccani Sultanate architecture style,"Characterized by a blend of Persian, Turkish, and Indian architectural traditions, this style flourished under the Deccan Sultanates, showcasing unique dome designs and intricate stucco work. (ID: INHF-402915776-18-11-25-DN)",1301-01-01T00:00:00Z,,1301,,India,,,,Q32880 architectural style
Q137123367,Deccan Regional architecture style,"Deccan regional architecture represents a synthesis of various styles, reflecting the diverse dynasties and cultural influences that have shaped the Deccan Plateau, often incorporating basalt and distinctive regional adaptations.",0501-01-01T00:00:00Z,,501,,India,,,,Q32880 architectural style
Q137123473,Deccan Sultanate architecture style,"Characterized by the fusion of Persian, Turkish, and Indian styles, often featuring grand arches, domes, and intricate stucco work, particularly in fortifications and palaces. (ID: INHF-996630240-18-11-25-DC)",1301-01-01T00:00:00Z,,1301,,India,,,,Q32880 architectural style
Q137123565,Deccan Vernacular architecture style,"Deccan Vernacular architecture utilizes locally sourced materials and techniques adapted to the Deccan Plateau's climate, often featuring sloping roofs and courtyards for ventilation and shade. (ID: INHF-417403209-18-11-25-DY)",,,,,India,,,,Q32880 architectural style
Q137123598,Defensive architecture style,"This style prioritizes protection and control through the construction of fortifications, including walls, towers, and moats, designed to withstand attacks and secure strategic locations. (ID: INHF-569561828-18-11-25-DE)",,,,,,,,,Q32880 architectural style
Q137123613,Delhi Sultanate architecture style,"Characterized by the introduction of arches, domes, and minarets, Delhi Sultanate architecture blended Islamic principles with indigenous Indian craftsmanship, often using red sandstone. (ID: INHF-182009231-18-11-25-DU)",1501-01-01T00:00:00Z,,1501,,India,,,,Q32880 architectural style
Q137123623,Deula architecture style,"Deula architecture, specific to Odisha, denotes a temple characterized by its distinct components: the rekha deula (sanctum), pidha deula (assembly hall), and nata-mandira (dance hall). (ID: INHF-522531063-18-11-25-DY)",0601-01-01T00:00:00Z,,601,,India,,,,Q32880 architectural style
Q137123730,Sustainable Indic architecture style,"Sustainable Indic architecture integrates traditional Indian building practices with modern ecological principles, emphasizing locally sourced materials, energy efficiency, and harmony with the natural environment. (ID: INHF-201181213-18-11-25-SI)",0021-01-01T00:00:00Z,,21,,,,,,Q32880 architectural style
Q137123901,Diaspora Hindu Temple architecture style,"Hindu temples constructed outside the Indian subcontinent, adapting traditional Indic architectural principles to local contexts and materials, while serving as cultural and religious hubs for the diaspora. (ID: INHF-646427349-18-11-25-DL)",0020-01-01T00:00:00Z,,20,,India,,,,Q32880 architectural style
Q137123908,Diaspora Indian Vernacular architecture style,"Diaspora Indian Vernacular architecture reflects the adaptation of traditional Indian architectural elements within the urban context of the Indian diaspora, blending cultural heritage with local materials and construction techniq",0019-01-01T00:00:00Z,,19,,India,,,,Q32880 architectural style
Q137123917,Diaspora Indic architecture style,"This style reflects adaptations of Indic architectural principles in regions outside the Indian subcontinent, often incorporating local materials and construction techniques while maintaining core Hindu iconographic elements.",0019-01-01T00:00:00Z,,19,,India,,,,Q32880 architectural style
Q137123920,Diaspora Temple architecture style,"Representing adaptations of traditional Indic temple architecture in non-Indian contexts, often incorporating local materials and construction techniques while maintaining core Hindu iconographic principles. (ID: INHF-513531771-18-11-25-DA)",0021-01-01T00:00:00Z,,21,,India,,,,Q32880 architectural style
Q137123925,Dimasa Kachari architecture style,"Characterized by its unique blend of indigenous building techniques and influences from neighboring regions, Dimasa Kachari architecture is notable for its use of brick, stone, and earth ramparts in fortifications and settlements.",1201-01-01T00:00:00Z,,1201,,India,,,,Q32880 architectural style
Q137123938,Dravida-Influenced Southeast Asian architecture style,"Southeast Asian architecture, particularly in temple complexes, exhibits influences from Dravida traditions in planning, elevation, and decorative elements, adapted to local materials and beliefs. (ID: INHF-757745187-18-11-25-DR)",1201-01-01T00:00:00Z,,1201,,India,,,,Q32880 architectural style
Q137123946,Dravida-Nagara Hybrid architecture style,"This style represents a syncretic blend of Dravida and Nagara architectural elements, reflecting a fusion of southern and northern Indian temple traditions, often seen in temples built outside the Indian subcontinent. (ID: INHF-817006366-18-11-25-DH)",0021-01-01T00:00:00Z,,21,,India,,,,Q32880 architectural style
Q137123973,Early Angkorian Prasat architecture style,"This style, originating in the early Angkor period of Cambodia, is characterized by brick construction and the prasat (temple tower) form, often dedicated to Hindu deities. (ID: INHF-904976656-18-11-25-ET)",1001-01-01T00:00:00Z,,1001,,,,,,Q32880 architectural style
Q137123983,Early Anuradhapura architecture style,"Evolving from early Brahmi-influenced forms, this style features monumental stupas, sophisticated irrigation systems, and monastic complexes, showcasing early Sri Lankan Buddhist art and engineering. (ID: INHF-229128166-18-11-25-EU)",0901-01-01T00:00:00Z,,901,,India,,,,Q32880 architectural style
Q137123990,Early Bagan Stupa architecture style,"Early Bagan stupas, like Buphaya Pagoda, reflect Indic cosmological and riverine traditions, incorporating Hindu-Buddhist mythology in their design and placement within the landscape. (ID: INHF-585749493-18-11-25-EB)",1201-01-01T00:00:00Z,,1201,,India,,,,Q32880 architectural style
Q137123995,Early Buddhist architecture style,"Characterized by stupas, monastic complexes (viharas), and rock-cut caves, reflecting the early development of Buddhist art and architecture under the patronage of various Indian dynasties. (ID: INHF-466685589-18-11-25-ER)",-0002-01-01T00:00:00Z,,-3,,India; Sri Lanka,,,,Q32880 architectural style
Q137124002,Early Buddhist Stupa architecture style,"Early Buddhist stupa architecture, evolving from ancient burial mounds, served as reliquaries and focal points for devotion, characterized by simple hemispherical forms and circumambulatory paths. (ID: INHF-533373364-18-11-25-EY)",-0002-01-01T00:00:00Z,,-3,,India,,,,Q32880 architectural style
Q137124007,Early Dravidian architecture style,"Early Dravidian architecture, prevalent in South India, is marked by its emphasis on square plans, pyramidal vimanas, and elaborate gopurams, often constructed from granite. (ID: INHF-706830865-18-11-25-ER)",0501-01-01T00:00:00Z,,501,,India,,,,Q32880 architectural style
Q137124015,Early Hindu Temple architecture style,"Early Hindu temple architecture, emerging from Gupta period onwards, is characterized by simple square plans, flat roofs or modest shikharas, and a focus on the garbhagriha (sanctum) housing the deity. (ID: INHF-672411867-18-11-25-EA)",0401-01-01T00:00:00Z,,401,,India,,,,Q32880 architectural style
Q137124017,Early Indian architecture style,"Encompassing diverse regional variations, Early Indian architecture (pre-Gupta) is marked by the use of brick, timber, and stone, with a focus on religious structures like stupas and rock-cut caves. (ID: INHF-393583547-18-11-25-ET)",-0002-01-01T00:00:00Z,,-3,,India,,,,Q32880 architectural style
Q137113376,Assamese Temple architecture style,Assamese temple architecture reflects a regional style incorporating local materials and adapting pan-Indian Nagara elements with distinct Assamese features. (ID: INHF-761789037-18-11-25-AE),,,,,India,,,,Q32880 architectural style
Q137113507,Assamese Vernacular architecture style,"Assamese Vernacular architecture reflects the climate and available materials of Assam, utilizing bamboo, wood, and thatch to create structures adapted to the region's heavy rainfall and seismic activity. (ID: INHF-787037575-18-11-25-AM)",,,,,India,,,,Q32880 architectural style
Q137113659,Assam Region architecture style,"Architecture of the Assam region reflects a blend of indigenous building practices and influences from neighboring regions, often utilizing bamboo, wood, and locally available materials, with distinct regional variations.",,,,,India,,,,Q32880 architectural style
Q137113965,Assam Vernacular architecture style,"architectural style from Assam, India, characterized by its adaptation to the region's climate and resources, utilizing materials like bamboo, timber, and thatch for sustainable construction",,,,,India,,,,Q32880 architectural style
Q137114090,Atchala architecture style,"Atchala, or 'eight-roofed,' is a Bengali temple style distinguished by its eight sloping roofs meeting at a curved ridge, often featuring terracotta ornamentation and reflecting vernacular building traditions. (ID: INHF-923888612-18-11-25-AY)",1601-01-01T00:00:00Z,,1601,,Bangladesh,,,,Q32880 architectural style
Q137114225,Awadhi architecture style,"Characterized by its refined elegance, incorporating elements of Uttar Pradesh and Rajput styles, with a focus on intricate ornamentation and spacious courtyards, primarily in the Awadh region. (ID: INHF-062469710-18-11-25-AS)",1701-01-01T00:00:00Z,,1701,,India,,,,Q32880 architectural style
Q137114372,Vedic Period architecture style,"Vedic Period architecture, primarily using wood and thatch, is known from textual descriptions of altars (vedi) and domestic structures, reflecting early Indo-Aryan building traditions. (ID: INHF-871649020-18-11-25-VO)",-1499-01-01T00:00:00Z,,-1500,,India,,,,Q32880 architectural style
Q137114562,Bactria-Margiana architecture style,"Bactria-Margiana architecture, found in Central Asia, features monumental structures and fortified complexes, potentially influenced by early Indic cosmological concepts and religious traditions. (ID: INHF-363397652-18-11-25-BT)",-0002-01-01T00:00:00Z,,-3,,Afghanistan,,,,Q32880 architectural style
Q137114675,Badami Chalukya architecture style,"Badami Chalukya architecture (6th-8th centuries CE) from Karnataka blends Nagara and Dravida styles, known for rock-cut cave temples and structural temples with intricate carvings and Vesara elements. (ID: INHF-999446021-18-11-25-BY)",0501-01-01T00:00:00Z,,501,,India,,,,Q32880 architectural style
Q137114690,Badami Chalukyan architecture style,"Badami Chalukyan architecture, an early Dravidian style, is characterized by rock-cut cave temples and structural temples with intricate carvings, primarily found in Karnataka, marking a transition in temple design. (ID: INHF-130031358-18-11-25-BA)",0501-01-01T00:00:00Z,,501,,India,,,,Q32880 architectural style
Q137114703,Bagan architecture style,"Characterized by its unique blend of Mon and Burmese influences, Bagan architecture features distinctive stupas, temples, and monastic complexes, often built with brick and adorned with stucco. (ID: INHF-864948971-18-11-25-BY)",1201-01-01T00:00:00Z,,1201,,India,,,,Q32880 architectural style
Q137114823,Pala-Sena architecture style,"Eastern Indian architectural style flourishing under the Pala and Sena dynasties, known for its distinctive curvilinear rooflines, refined stucco work, and integration of Buddhist and Hindu iconography. (ID: INHF-451090096-18-11-25-PU)",1101-01-01T00:00:00Z,,1101,,Bangladesh,,,,Q32880 architectural style
Q137114941,Bagan Stupa architecture style,"The Bagan Stupa style, originating in the Bagan Kingdom (present-day Myanmar), showcases a unique blend of indigenous Mon and Pyu influences with Indic architectural principles, particularly in stupa design and construction.",1201-01-01T00:00:00Z,,1201,,India,,,,Q32880 architectural style
Q137115052,Bagan Temple architecture style,"Bagan temple architecture, prevalent in Myanmar, showcases a unique blend of indigenous Mon and Pyu influences with Indian architectural concepts, often featuring brick construction and distinctive stupa designs. (ID: INHF-942586128-18-11-25-BE)",0011-01-01T00:00:00Z,,11,,,,,,Q32880 architectural style
Q137115215,Bahmani architecture style,"Evolved under the Bahmani Sultanate in the Deccan, showcasing a distinctive synthesis of Persian and indigenous Deccan styles, known for its grand scale and refined ornamentation. (ID: INHF-045870307-18-11-25-BT)",1301-01-01T00:00:00Z,,1301,,India,,,,Q32880 architectural style
Q137115369,Bangla Roof architecture style,"Characterized by a curved roof resembling traditional Bengali village huts, this style is a prominent feature in Bengal temple architecture, often constructed with terracotta bricks. (ID: INHF-031379066-18-11-25-BH)",1601-01-01T00:00:00Z,,1601,,India,,,,Q32880 architectural style
Q137115498,Baphuon architecture style,"Baphuon style, a phase of Khmer architecture, is known for its monumental scale, stepped pyramid structures, and intricate carvings, often dedicated to Hindu deities. (ID: INHF-989238092-18-11-25-BC)",1001-01-01T00:00:00Z,,1001,,India,,,,Q32880 architectural style
Q137115689,Bengala architecture style,"Characterized by its distinctive curvilinear roof resembling a traditional Bengali hut, this style is prevalent in Bengal and often features extended eaves. (ID: INHF-707774790-18-11-25-BE)",,,,,Bangladesh,,,,Q32880 architectural style
Q137115802,Bengal architecture style,"Bengal architecture, influenced by the region's climate and materials, showcases curved roofs, terracotta ornamentation, and distinct temple typologies like Navaratna and Chala. (ID: INHF-009322225-18-11-25-BT)",,,,,Bangladesh,,,,Q32880 architectural style
Q137115980,Bengal Chala architecture style,"The Chala style, distinctive to Bengal, features a curved roof inspired by traditional Bengali village huts, often seen in temple architecture and characterized by its sloping eaves. (ID: INHF-113490381-18-11-25-BT)",1601-01-01T00:00:00Z,,1601,,India,,,,Q32880 architectural style
Q137116164,Bengal Hindu Temple architecture style,"A regional style of Hindu temple architecture prevalent in Bengal, characterized by hut-shaped roofs (dochala, chauchala, atchala), often built of brick, and dedicated to various deities. (ID: INHF-227171135-18-11-25-BH)",1501-01-01T00:00:00Z,,1501,,Bangladesh,,,,Q32880 architectural style
Q137116272,Bengal Hut architecture style,"This style, originating in Bengal, is characterized by its distinctive hut-shaped roof, often incorporating curvilinear cornices and constructed using materials like laterite, bamboo, and timber, frequently adorned with terracotta",1601-01-01T00:00:00Z,,1601,,Bangladesh,,,,Q32880 architectural style
Q137116453,Bengali Terracotta Temple architecture style,"Characterized by the extensive use of terracotta ornamentation and distinctive roof styles like Chala, Jor Bangla, and Navaratna, this style flourished in Bengal, blending indigenous traditions with regional materials.",1601-01-01T00:00:00Z,,1601,,Bangladesh,,,,Q32880 architectural style
Q137116593,Bengali Vernacular architecture style,"Traditional building practices in Bengal, characterized by local materials like bamboo, mud, and thatch, adapted to the region's climate and culture, often featuring sloping roofs and courtyards. (ID: INHF-868741329-18-11-25-BV)",,,,,Bangladesh,,,,Q32880 architectural style
Q137116680,Bengal Navaratna architecture style,"The Navaratna style, originating in Bengal, is characterized by nine spires or ratnas crowning the structure, often arranged around a central tower, and frequently adorned with terracotta ornamentation. (ID: INHF-481626654-18-11-25-BA)",1701-01-01T00:00:00Z,,1701,,India,,,,Q32880 architectural style
Q137116685,Bengal Sultanate architecture style,"Bengal Sultanate architecture, prominent in the Bengal region, blends indigenous Bengali styles with Islamic influences, often featuring brick construction, curved cornices, and intricate terracotta ornamentation. (ID: INHF-941057862-18-11-25-BA)",1301-01-01T00:00:00Z,,1301,,India,,,,Q32880 architectural style
Q137116692,Bengal Temple architecture style,"This style, originating in the Bengal region, is recognized by its distinctive curved rooflines, often inspired by traditional Bengali village huts, and brick construction, sometimes incorporating terracotta ornamentation.",1401-01-01T00:00:00Z,,1401,,Bangladesh,,,,Q32880 architectural style
Q137116698,Bengal Terracotta Temple architecture style,"Characterized by the extensive use of terracotta bricks and tiles for ornamentation, this style flourished in Bengal, showcasing intricate carvings and depictions of Hindu deities and scenes from epics. (ID: INHF-594083251-18-11-25-BS)",1601-01-01T00:00:00Z,,1601,,India,,,,Q32880 architectural style
Q137116707,Bhumija Nagara architecture style,"Bhumija is a sub-style of Nagara architecture originating in the Paramara dynasty of Central India, characterized by its tiered pyramidal superstructure and cruciform plan, often incorporating elements from surrounding regional st",1001-01-01T00:00:00Z,,1001,,India,,,,Q32880 architectural style
Q137116705,Bhumija architecture style,"Bhumija, originating in the Paramara dynasty of Malwa, is a Nagara sub-style characterized by its urushringas resembling miniature shikharas attached to the latina shikhara, often seen in Central India. (ID: INHF-764404859-18-11-25-BU)",1001-01-01T00:00:00Z,,1001,,India,,,,Q32880 architectural style
Q137116711,Bhutanese Dzong architecture style,"Dzong architecture, originating in Bhutan, is characterized by massive walls, courtyards, and intricate woodwork, serving as both administrative and religious centers, often incorporating defensive elements. (ID: INHF-697194010-18-11-25-BO)",,,,,Bhutan,,,,Q32880 architectural style
Q137116718,Bihari Vernacular architecture style,"Characterized by the use of locally available materials like bamboo, mud, and thatch, Bihari vernacular architecture reflects the region's climate and cultural traditions, often featuring simple, functional designs. (ID: INHF-784275311-18-11-25-BT)",,,,,India,,,,Q32880 architectural style
Q137116727,Bihari Vernacular Temple architecture style,"This style represents the regional adaptations of temple architecture in Bihar, incorporating local materials, construction techniques, and cultural preferences, often alongside broader Nagara influences. (ID: INHF-145669708-18-11-25-BV)",,,,,India,,,,Q32880 architectural style
Q137116735,Braj architecture style,"Characterized by a blend of Mughal and Rajput influences, this regional style emphasizes ornate decoration, arched gateways, and the use of red sandstone, reflecting the cultural synthesis of the Braj region. (ID: INHF-976969479-18-11-25-BC)",1501-01-01T00:00:00Z,,1501,,India,,,,Q32880 architectural style
Q137116739,Brick architecture style,"Brick architecture, a widespread construction method, utilizes fired clay bricks as the primary building material, offering durability and versatility, and is adapted to various regional styles and contemporary designs.",-3299-01-01T00:00:00Z,,-3300,,India,,,,Q32880 architectural style
Q137116744,Brick Nagara architecture style,"This style uses brick as the primary construction material, while adhering to the Nagara architectural principles of curvilinear shikhara and elaborate ornamentation. (ID: INHF-578467917-18-11-25-BU)",0401-01-01T00:00:00Z,,401,,India,,,,Q32880 architectural style
Q137116749,British Colonial architecture style,"A style imposed by the British Empire, adapting European architectural forms to the Indian climate and context, often incorporating local materials and motifs. (ID: INHF-491246018-18-11-25-BI)",1701-01-01T00:00:00Z,,1701,,,,,,Q32880 architectural style
Q137116835,British Himalayan architecture style,"British Himalayan architecture, emerging in the 19th century CE, blends colonial building techniques with local Pahari styles, often incorporating wood and stone construction suited to the mountainous terrain. (ID: INHF-059432611-18-11-25-BU)",1801-01-01T00:00:00Z,,1801,,India,,,,Q32880 architectural style
Q137116942,Bronze Age architecture style,"Characterized by the use of bronze tools and technologies in construction, leading to more complex structures and urban settlements. (ID: INHF-080628956-18-11-25-BC)",-3299-01-01T00:00:00Z,,-3300,,India,,,,Q32880 architectural style
Q137117053,Bronze Age Settlement architecture style,"Characterized by settlement layouts and construction techniques prevalent during the Bronze Age, this style reflects early urban planning and building practices in the region. (ID: INHF-252160980-18-11-25-BE)",,,,,India,,,,Q32880 architectural style
Q137117170,Buddhist architecture style,"Buddhist architecture encompasses structures designed for Buddhist practices, including stupas, monasteries, and temples, reflecting diverse regional interpretations of Buddhist principles. (ID: INHF-255390302-18-11-25-BT)",-0002-01-01T00:00:00Z,,-3,,India; Nepal; Bhutan,,,,Q32880 architectural style
Q137117340,Buddhist Monastery architecture style,"Buddhist Monastery architecture, originating in India, features viharas (living quarters), chaityas (prayer halls), stupas (relic repositories), and often incorporates courtyards, gardens, and surrounding walls for monastic life a",-0002-01-01T00:00:00Z,,-3,,India; Nepal,,,,Q32880 architectural style
Q137117547,Buddhist Monastic architecture style,"Buddhist monastic architecture, prevalent across India and beyond, emphasizes functional design for monastic life, incorporating viharas (living quarters), stupas (reliquary mounds), and chaityas (prayer halls) within enclosed com",-0002-01-01T00:00:00Z,,-3,,India,,,,Q32880 architectural style
Q137117574,Buddhist Stupa architecture style,"Buddhist stupa architecture, a prominent form of Indic sacred structure, serves as a reliquary mound, evolving in design across various regions and embodying Buddhist cosmological principles through its form and orientation.",-0002-01-01T00:00:00Z,,-3,,India; Nepal,,,,Q32880 architectural style
Q137117657,Bundela architecture style,"Bundela architecture, originating in the Bundelkhand region, blends Rajput and Mughal elements, often featuring elevated platforms, ornate carvings, and a synthesis of Hindu and Islamic design principles. (ID: INHF-887600977-18-11-25-BL)",1501-01-01T00:00:00Z,,1501,,India,,,,Q32880 architectural style
Q137117768,Bundela Rajput architecture style,"This style, originating in the Bundelkhand region, blends Rajput military architecture with local vernacular elements, often incorporating fortified citadels and regional materials. (ID: INHF-110375057-18-11-25-BE)",1501-01-01T00:00:00Z,,1501,,India,,,,Q32880 architectural style
Q137117836,Burmese Buddhist architecture style,"Characterized by tiered roofs, gilded surfaces, and intricate ornamentation, this style reflects Theravada Buddhist principles and is prevalent in pagodas and monasteries. (ID: INHF-442823271-18-11-25-BI)",0021-01-01T00:00:00Z,,21,,Myanmar,,,,Q32880 architectural style
Q137117944,Carpenter Gothic architecture style,"A North American adaptation of Gothic Revival using wood framing, featuring pointed arches, steep gables, and decorative trim, often seen in vernacular buildings. (ID: INHF-850000899-18-11-25-CA)",1801-01-01T00:00:00Z,,1801,,India,,,,Q32880 architectural style
Q137118144,Cave Temple architecture style,"Cave temples, found throughout India, represent an ancient tradition of carving sacred spaces directly into natural rock formations, often associated with various Hindu, Buddhist, and Jain faiths. (ID: INHF-089865042-18-11-25-CI)",-0001-01-01T00:00:00Z,,-2,,India; Myanmar; Afghanistan,,,,Q32880 architectural style
Q137118337,Central Asian architecture style,"Central Asian architecture reflects diverse cultural influences, incorporating elements from nomadic traditions, Persian empires, and trade routes like the Silk Road. (ID: INHF-455570710-18-11-25-CE)",,,,,India,,,,Q32880 architectural style
Q137118706,Indo-Greek architecture style,"Indo-Greek architecture represents the fusion of Greek and Indian architectural elements, primarily seen in the structures built during the Indo-Greek kingdom, incorporating Hellenistic designs with local materials. (ID: INHF-229588190-18-11-25-IG)",-0001-01-01T00:00:00Z,,-2,,India,,,,Q32880 architectural style
Q137119040,Central Asian Cave architecture style,"Characterized by cave complexes serving religious and residential purposes, this style reflects the diverse cultural interactions along the Silk Road. (ID: INHF-541239565-18-11-25-CA)",0301-01-01T00:00:00Z,,301,,India,,,,Q32880 architectural style
Q137119252,Central Asian Fortification architecture style,"This style emphasizes defensive structures, incorporating features like fortified walls and strategic layouts to protect settlements and control trade routes. (ID: INHF-615802405-18-11-25-CU)",,,,,India,,,,Q32880 architectural style
Q137119501,Central Asian Fortress architecture style,"Characterized by robust defensive structures, including fortified walls, towers, and strategic gateways, this style reflects the region's history of conflict and territorial control. (ID: INHF-284999173-18-11-25-CS)",,,,,Afghanistan,,,,Q32880 architectural style
Q137119639,Central Asian Funerary architecture style,"Central Asian funerary architecture encompasses diverse tomb and memorial structures, reflecting nomadic, settled, and syncretic religious influences across the Silk Road. (ID: INHF-605135198-18-11-25-CE)",,,,,India,,,,Q32880 architectural style
Q137119688,Central Asian Oasis architecture style,"Characterized by settlements adapted to arid environments, this style features fortified structures, irrigation systems, and building materials sourced locally from the desert landscape. (ID: INHF-496217878-18-11-25-CI)",-0001-01-01T00:00:00Z,,-2,,India,,,,Q32880 architectural style
Q137119788,Central Asian Oasis City architecture style,"Central Asian Oasis City architecture reflects the adaptation of urban design to arid environments, featuring fortified walls, caravanserai, and structures built with mud brick and local materials. (ID: INHF-335118820-18-11-25-CR)",-0001-01-01T00:00:00Z,,-2,,India,,,,Q32880 architectural style
Q137119912,Central Asian Temple architecture style,"Characterized by pre-Islamic religious architectural traditions in Central Asia, this style reflects diverse cultural and religious influences shaping temple design. (ID: INHF-860674910-18-11-25-CE)",-0002-01-01T00:00:00Z,,-3,,India,,,,Q32880 architectural style
Q137120011,Central Indian architecture style,"Central Indian architecture represents a regional variant of Nagara, incorporating local materials and stylistic adaptations, often patronized by dynasties like the Paramaras. (ID: INHF-663336856-18-11-25-CN)",1201-01-01T00:00:00Z,,1201,,India,,,,Q32880 architectural style
Q137120118,Central Indian Nagara architecture style,"A regional variant of Nagara, Central Indian Nagara temples, like Kandariya Mahadeva, often feature a distinctive curvilinear shikhara and intricate sculptural programs, reflecting local artistic traditions. (ID: INHF-534811374-18-11-25-CY)",0601-01-01T00:00:00Z,,601,,India,,,,Q32880 architectural style
Q137120262,Central Indian Temple architecture style,"Central Indian temple architecture represents a regional variant of the Nagara style, characterized by its unique blend of architectural elements and decorative motifs, reflecting the diverse cultural influences of the region.",0501-01-01T00:00:00Z,,501,,India,,,,Q32880 architectural style
Q137120307,Central Indian Vernacular architecture style,"Characterized by locally sourced materials and techniques, this style reflects the climate and cultural practices of Central India, often featuring simple designs adapted to the region's environment and available resources.",,,,,India,,,,Q32880 architectural style
Q137120312,Ceylon Tamil architecture style,"Ceylon Tamil architecture, a regional variant of Dravida, exhibits unique adaptations influenced by Sri Lankan materials, climate, and cultural context, particularly in Saiva temples. (ID: INHF-601762341-18-11-25-CH)",1901-01-01T00:00:00Z,,1901,,Sri Lanka,,,,Q32880 architectural style
Q137120436,Chala Temple architecture style,"A distinct Bengali temple style characterized by a roof resembling a traditional thatched hut, with variations like Do-chala (two-roofed), At-chala (eight-roofed), and Panch-chala (five-roofed). (ID: INHF-591380353-18-11-25-CE)",1601-01-01T00:00:00Z,,1601,,Bangladesh,,,,Q32880 architectural style
Q137120512,Chalukya architecture style,"Chalukya architecture, encompassing Badami Chalukya and Western Chalukya styles, features a blend of Nagara and Dravida elements, characterized by intricate carvings, stellate plans, and the use of sandstone. (ID: INHF-988742244-18-11-25-CU)",0501-01-01T00:00:00Z,,501,,India,,,,Q32880 architectural style
Q137120609,Chalukya-Hoysala architecture style,"Chalukya-Hoysala architecture, a transitional style, blends elements of both Chalukya and Hoysala traditions, featuring intricate carvings, stellate plans, and ornate pillars, primarily found in Karnataka. (ID: INHF-511619666-18-11-25-CT)",1001-01-01T00:00:00Z,,1001,,India,,,,Q32880 architectural style
Q137120791,Chalukya Nagara architecture style,"Chalukya architecture, a fusion of North and South Indian styles, is known for its intricate carvings, stellate plans, and the use of locally available stone, influencing temple construction across the Deccan region. (ID: INHF-797851130-18-11-25-CA)",1101-01-01T00:00:00Z,,1101,,India,,,,Q32880 architectural style
Q137120966,Chalukyan architecture style,"Evolving in Karnataka, Chalukyan architecture is known for its intricate carvings, stellate plans, and a fusion of Nagara and Dravida traditions. (ID: INHF-130272314-18-11-25-CH)",1101-01-01T00:00:00Z,,1101,,India,,,,Q32880 architectural style
Q137120991,Cham architecture style,"Cham architecture, developed in the Champa kingdom (present-day Vietnam), exhibits influences from Indian styles, particularly Dravida, adapted to local materials and incorporating unique tower designs. (ID: INHF-984698205-18-11-25-CE)",0601-01-01T00:00:00Z,,601,,India,,,,Q32880 architectural style
Q137120997,Cham Nagara architecture style,"A localized variant of Nagara architecture, exhibiting Cham cultural adaptations in tower design and incorporating indigenous materials within the broader Nagara framework. (ID: INHF-417463363-18-11-25-CN)",,,,,India,,,,Q32880 architectural style
Q137121185,Champa architecture style,"Champa architecture, found in present-day Vietnam, reflects a blend of indigenous Southeast Asian traditions with strong influences from Indian Hindu art and architecture, particularly Dravida styles. (ID: INHF-287143218-18-11-25-CP)",0601-01-01T00:00:00Z,,601,,India,,,,Q32880 architectural style
Q137121383,Chettiar architecture style,"Chettiar architecture, influenced by Dravida traditions, is known for its ornate detailing, spacious courtyards, and the integration of local materials, often reflecting the mercantile heritage of the Chettiar community.",1901-01-01T00:00:00Z,,1901,,India,,,,Q32880 architectural style
Q137121480,Chettinad architecture style,"The Chettinad style, originating in the Chettinad region of Tamil Nadu, showcases a fusion of Tamil vernacular traditions with European influences, particularly in domestic architecture, reflecting the Nagarathar community's globa",1801-01-01T00:00:00Z,,1801,,India,,,,Q32880 architectural style
Q137121707,Chhatri architecture style,"Chhatri architecture, common in Rajasthan and Mughal structures, denotes elevated, dome-shaped pavilions used as decorative and commemorative elements, often supported by pillars and signifying royalty or honor. (ID: INHF-622794448-18-11-25-CA)",1501-01-01T00:00:00Z,,1501,,India,,,,Q32880 architectural style
Q137121777,Chinese architecture style,"Characterized by symmetrical layouts, enclosed courtyards, and the use of timber framing with intricate joinery, often incorporating elements of feng shui and traditional symbolism. (ID: INHF-361381474-18-11-25-CS)",,,,,India,,,,Q32880 architectural style
Q137121800,Chinese Buddhist architecture style,"Characterized by symmetrical layouts, courtyard complexes, timber construction, and elaborate bracketing systems (Dougong), reflecting Chinese cosmological principles and Buddhist iconography. (ID: INHF-411925749-18-11-25-CA)",1201-01-01T00:00:00Z,,1201,,India,,,,Q32880 architectural style
Q137121810,Nayaka architecture style,"Flourishing in Tamil Nadu, the Nayaka style, an extension of Vijayanagara, is characterized by towering gopurams, long corridors, and mandapas with intricately carved pillars, often in temple complexes. (ID: INHF-436711199-18-11-25-NR)",1501-01-01T00:00:00Z,,1501,,India,,,,Q32880 architectural style
Q137121814,Chorten architecture style,"A type of Buddhist stupa, the Chorten is a reliquary monument, often featuring a square base, dome, and spire, symbolizing the path to enlightenment. (ID: INHF-841887175-18-11-25-CT)",0021-01-01T00:00:00Z,,21,,Nepal; Bhutan,,,,Q32880 architectural style
Q137121821,Chutia-Tai Ahom architecture style,"This style represents a synthesis of Chutia and Tai Ahom architectural traditions, likely incorporating brick-and-mortar construction techniques and gateway designs prevalent in medieval Assam and Arunachal Pradesh. (ID: INHF-720872532-18-11-25-CR)",1201-01-01T00:00:00Z,,1201,,India,,,,Q32880 architectural style
Q137121828,Classical Hindu Temple architecture style,"Characterized by adherence to Shilpa Shastras, geometric planning (vastu-purusha-mandala), axial alignment, and symbolic representation of cosmic principles in temple design and construction. (ID: INHF-230681512-18-11-25-CH)",,,,,,,,,Q32880 architectural style
Q137121925,Coastal Fortification architecture style,"This style involves adapting fortification techniques to coastal environments, considering factors like naval attacks, sea erosion, and strategic positioning along the coastline. (ID: INHF-139679207-18-11-25-CH)",1501-01-01T00:00:00Z,,1501,,India,,,,Q32880 architectural style
Q137121949,Colonial architecture style,"European architectural styles adapted and implemented by colonial powers in India, reflecting administrative, residential, and military needs, often incorporating local materials and climatic adaptations. (ID: INHF-977270027-18-11-25-CO)",1701-01-01T00:00:00Z,,1701,,India,,,,Q32880 architectural style
Q137122048,Colonial Vernacular architecture style,"Colonial Vernacular architecture blends indigenous building traditions with European colonial influences, often adapting to local climates and materials, resulting in hybrid styles. (ID: INHF-528634194-18-11-25-CT)",1801-01-01T00:00:00Z,,1801,,India,,,,Q32880 architectural style
Q137122232,Community Campus architecture style,"Community campus architecture focuses on creating accessible, multi-functional spaces that serve diverse community needs, often incorporating sustainable design and flexible layouts. (ID: INHF-297680651-18-11-25-CR)",0021-01-01T00:00:00Z,,21,,,,,,Q32880 architectural style
Q137122273,Community Cultural Centre architecture style,"Community cultural centres are designed to foster social interaction and cultural preservation, often incorporating elements of local architectural traditions and serving diverse community needs. (ID: INHF-805753520-18-11-25-CA)",1901-01-01T00:00:00Z,,1901,,,,,,Q32880 architectural style
Q137122383,Contemporary architecture style,"Encompasses diverse architectural approaches from the late 20th and early 21st centuries, often incorporating modern materials, technologies, and functional considerations. (ID: INHF-156427876-18-11-25-CT)",0021-01-01T00:00:00Z,,21,,,,,,Q32880 architectural style
Q137122485,Contemporary Dravida architecture style,"A modern adaptation of Dravida architecture, incorporating traditional elements with contemporary materials and construction techniques, often seen in temples built outside of South India. (ID: INHF-588018455-18-11-25-CN)",0021-01-01T00:00:00Z,,21,,India,,,,Q32880 architectural style
Q137122493,Contemporary Hindu Temple architecture style,"Modern Hindu temple architecture reflects a globalized approach, blending traditional Indic forms with contemporary materials and functional requirements. (ID: INHF-904730819-18-11-25-CE)",0020-01-01T00:00:00Z,,20,,India,,,,Q32880 architectural style
Q137122638,Contemporary Indian architecture style,"Contemporary Indian architecture integrates modern materials and techniques with traditional Indic design principles, reflecting evolving aesthetics and functional requirements in diverse building types. (ID: INHF-480764485-18-11-25-CI)",0020-01-01T00:00:00Z,,20,,India,,,,Q32880 architectural style
Q137122757,Contemporary Indian Temple architecture style,"This style reflects modern interpretations of traditional Indian temple architecture, incorporating contemporary materials, construction techniques, and design principles while maintaining core Indic aesthetic values. (ID: INHF-880600593-18-11-25-CO)",0020-01-01T00:00:00Z,,20,,,,,,Q32880 architectural style
Q137122783,Contemporary Indic architecture style,"Contemporary Indic architecture integrates traditional Indian design principles with modern materials and construction techniques, often reflecting diaspora cultural identities. (ID: INHF-925274902-18-11-25-CH)",0021-01-01T00:00:00Z,,21,,,,,,Q32880 architectural style
Q137122803,Contemporary Mandir architecture style,"Contemporary Mandir architecture blends traditional Hindu temple design principles with modern construction techniques and materials, often incorporating community spaces and adapting to urban contexts. (ID: INHF-980418095-18-11-25-CP)",0021-01-01T00:00:00Z,,21,,,,,,Q32880 architectural style
Q137122808,Contemporary Nagara architecture style,"A modern iteration of the Nagara style, incorporating traditional North Indian temple architectural elements with contemporary construction techniques and materials, often seen in newly built Hindu temples. (ID: INHF-047459706-18-11-25-CR)",0021-01-01T00:00:00Z,,21,,India,,,,Q32880 architectural style
Q1400086,Federal architecture,architectural style in USA (1780-1830),,,,,United States,,300107905,https://en.wikipedia.org/wiki/Federal_architecture,Q32880 architectural style
Q1400430,Macedonian Renaissance,Byzantine empire cultural movement during the reign of the Macedonian dynasty,0867-01-01T00:00:00Z,1056-01-01T00:00:00Z,867,1056,,,300020688,https://en.wikipedia.org/wiki/Macedonian_Renaissance,Q32880 architectural style
Q138720223,Architecture of ancient Israel,iron Age architectural style of Israel and Judah,,,,,Kingdom of Judah; Kingdom of Israel,,,https://en.wikipedia.org/wiki/Architecture_of_ancient_Israel,Q32880 architectural style
Q139323866,Free Classic Queen Anne style,architectural style,,,,,,,,https://en.wikipedia.org/wiki/Free_Classic_architecture,Q32880 architectural style
Q140196711,Italian colonial architecture,,,,,,,,,https://en.wikipedia.org/wiki/Italian_colonial_architecture,Q32880 architectural style
Q1401581,Puuc,architectural style,,,,,Mexico,,300017086,,Q32880 architectural style
Q13742674,Campine Gothic,,,,,,,,,,Q32880 architectural style
Q137124019,Early Indic Religious architecture style,"Early Indic religious architecture, evidenced by fire altars and rudimentary temple structures, reflects the cosmological beliefs and ritual practices of the Vedic period and subsequent eras. (ID: INHF-455218688-18-11-25-EC)",,,,,India,,,,Q32880 architectural style
Q137124026,Early Medieval Temple architecture style,"Early Medieval temples across India showcase regional variations in Nagara and Dravida styles, reflecting evolving religious practices and dynastic patronage. (ID: INHF-367166954-18-11-25-EA)",1201-01-01T00:00:00Z,,1201,,,,,,Q32880 architectural style
Q137124031,Early Temple architecture style,"Characterized by early forms of temple construction, potentially incorporating Indian religious rituals and cosmological concepts into its design and spatial organization. (ID: INHF-188705316-18-11-25-ER)",,,,,,,,,Q32880 architectural style
Q137124037,Eastern Himalayan Vernacular architecture style,"architectural style characterized by adaptation to mountainous terrain and heavy rainfall, this style uses locally sourced materials like bamboo and wood, featuring steeply pitched roofs and elevated platforms",,,,,India,,,,Q32880 architectural style
Q137124046,Eastern Indian Temple architecture style,"Characterized by regional variations of the Nagara style, often incorporating local materials and distinct ornamentation, found in states like Jharkhand, Bihar, and West Bengal. (ID: INHF-258426043-18-11-25-EH)",0601-01-01T00:00:00Z,,601,,India,,,,Q32880 architectural style
Q137124051,Eclectic architecture style,"Eclectic architecture combines elements from various historical styles, creating a unique aesthetic that draws inspiration from diverse sources and traditions. (ID: INHF-920624464-18-11-25-EC)",,,,,,,,,Q32880 architectural style
Q137124056,Eclectic Hindu Temple architecture style,"This style combines diverse architectural elements from various traditions, resulting in a unique and hybrid design for Hindu temples. (ID: INHF-564442842-18-11-25-EC)",1901-01-01T00:00:00Z,,1901,,,,,,Q32880 architectural style
Q137124062,Edwardian Renaissance Revival architecture style,"Popular during the early 20th century, this style draws inspiration from European Renaissance architecture, often featuring symmetrical facades, classical orders, and ornate detailing. (ID: INHF-947328187-18-11-25-ES)",1901-01-01T00:00:00Z,,1901,,India,,,,Q32880 architectural style
Q137124066,Eka-Ratna architecture style,"Eka-Ratna is a Bengali temple style characterized by a square or rectangular base with a single tower (ratna) rising from the center, often influenced by regional vernacular traditions. (ID: INHF-110089691-18-11-25-EA)",1601-01-01T00:00:00Z,,1601,,Bangladesh,,,,Q32880 architectural style
Q137124069,Ekasringa architecture style,"Ekasringa architecture, a regional style found in Assam, features a single-shrined structure, often incorporating local materials and decorative elements within a broader Indic framework. (ID: INHF-551128657-18-11-25-ER)",,,,,India,,,,Q32880 architectural style
Q137124074,European Baroque architecture style,"Characterized by ornate detailing, dramatic use of light and shadow, and grand scale, European Baroque architecture emphasizes movement, emotion, and a sense of awe, often seen in palatial structures. (ID: INHF-724115692-18-11-25-EE)",1601-01-01T00:00:00Z,,1601,,India,,,,Q32880 architectural style
Q137124075,European Neoclassical architecture style,"Inspired by the architecture of ancient Greece and Rome, this style emphasizes symmetry, proportion, and the use of classical orders, often seen in colonial-era buildings in India. (ID: INHF-586289968-18-11-25-EH)",1701-01-01T00:00:00Z,,1701,,,,,,Q32880 architectural style
Q137124072,European architecture style,"Encompassing diverse styles from various European nations, characterized by classical orders, symmetry, and adaptation to local climate and materials during colonial periods in India. (ID: INHF-147680614-18-11-25-ET)",1601-01-01T00:00:00Z,,1601,,India,,,,Q32880 architectural style
Q137124080,European Renaissance architecture style,"Characterized by a revival of classical forms, symmetry, and proportion, often seen in colonial-era buildings across India. (ID: INHF-303883479-18-11-25-EY)",1401-01-01T00:00:00Z,,1401,,India,,,,Q32880 architectural style
Q137124087,Expressionist-Nagara Fusion architecture style,"A synthesis of Nagara temple architecture with Expressionist modernism, incorporating organic forms, flowing spaces, and reinterpretations of traditional shikhara elements, while adhering to Vastu Shastra principles and mandala-in",0021-01-01T00:00:00Z,,21,,India,,,,Q32880 architectural style
Q137124090,Federation architecture style,"An Australian architectural style prevalent from 1890 to 1915, characterized by ornate detailing, red brick, and asymmetrical facades. (ID: INHF-848964705-18-11-25-FH)",1801-01-01T00:00:00Z,,1801,,India,,,,Q32880 architectural style
Q137124095,Fire Altar architecture style,"Fire altar architecture, integral to Vedic and Zoroastrian traditions, involves the design and construction of sacred spaces for ritual fire offerings (yajnas or homas). (ID: INHF-111706407-18-11-25-FC)",,,,,India; Iran,,,,Q32880 architectural style
Q137124098,Fire Temple architecture style,"Fire temples, dedicated to the veneration of fire, often feature a central fire altar, enclosed spaces for rituals, and designs that emphasize the sacredness and purity of the flame. (ID: INHF-695135411-18-11-25-FA)",,,,,,,,,Q32880 architectural style
Q137124103,Fort architecture style,"Fort architecture, designed for defense, incorporates features like ramparts, gateways, and strategic placement, reflecting the military and political landscape of the region. (ID: INHF-961779422-18-11-25-FC)",,,,,India,,,,Q32880 architectural style
Q137124108,Fortification architecture style,"Fortification architecture involves the design and construction of defensive structures like walls, towers, and moats to protect settlements or strategic locations from attack. (ID: INHF-945482528-18-11-25-FS)",,,,,India,,,,Q32880 architectural style
Q137124112,Fortress architecture style,"Fortress architecture involves defensive structures like walls, towers, and gates, designed to protect settlements or strategic locations from attack. (ID: INHF-835116156-18-11-25-FR)",,,,,India,,,,Q32880 architectural style
Q137124130,Gandhara-Influenced Rock-Cut architecture style,"This style, seen at Kizil Caves, blends Gandharan Buddhist art with rock-cut cave design, incorporating Indian Jataka iconography and reflecting Central Asian cave traditions. (ID: INHF-390037887-18-11-25-GF)",0001-01-01T00:00:00Z,,1,,India,,,,Q32880 architectural style
Q137124135,Gandhara-Kushan architecture style,"A syncretic style blending Gandharan, Indian, and Central Asian elements, characterized by Buddhist structures and urban planning during the Kushan Empire's rule in regions spanning modern-day Afghanistan, Pakistan, and Uzbekistan",0001-01-01T00:00:00Z,,1,,India,,,,Q32880 architectural style
Q137124142,Gandhara-Kushan Buddhist architecture style,"A synthesis of Gandharan and Kushan artistic traditions, this style flourished in Central Asia, blending Hellenistic, Indian, and Central Asian elements in Buddhist structures. (ID: INHF-779657198-18-11-25-GD)",0001-01-01T00:00:00Z,,1,,India,,,,Q32880 architectural style
Q137124148,Gandhara-Mathura Buddhist architecture style,"A syncretic style blending Gandharan Hellenistic and Mathura Indian elements, characterized by Buddhist stupas, monasteries, and figural sculpture reflecting early Mahayana traditions in the Kushan empire. (ID: INHF-286722987-18-11-25-GH)",0001-01-01T00:00:00Z,,1,,India,,,,Q32880 architectural style
Q137124152,Gandharan architecture style,"Characterized by Greco-Roman influences blended with Indian Buddhist and Hindu motifs, Gandharan architecture flourished in the Gandhara region. (ID: INHF-333195919-18-11-25-GA)",0001-01-01T00:00:00Z,,1,,India,,,,Q32880 architectural style
Q137124158,Himalayan architecture style,"Characterized by tiered wooden structures, pagoda-like roofs, and stone foundations, this style reflects adaptation to mountainous terrain and seismic activity, often incorporating Buddhist and Hindu elements in regions like Uttar",0008-01-01T00:00:00Z,,8,,Nepal; Bhutan,,,,Q32880 architectural style
Q137124164,Gaudiya-Nagara Hybrid architecture style,"A fusion of the North Indian Nagara temple architectural tradition with Gaudiya Vaishnava devotional requirements, adapted for an urban setting and incorporating pre-existing Edwardian Renaissance Revival elements. (ID: INHF-034998253-18-11-25-GA)",1201-01-01T00:00:00Z,,1201,,India,,,,Q32880 architectural style
Q137124169,Gaudiya Vaishnava architecture style,"A devotional style rooted in the Gaudiya Vaishnava tradition of Bengal, characterised by ornate detailing, vibrant colours, and focus on Radha-Krishna deities, adapted to local contexts. (ID: INHF-988492184-18-11-25-GA)",1501-01-01T00:00:00Z,,1501,,India,,,,Q32880 architectural style
Q137124194,Gaudiya Vaishnava Temple architecture style,"Temple architecture adapted to Gaudiya Vaishnava traditions, emphasizing spaces for kirtan, deity worship (puja), and community gatherings, often incorporating elements of local architectural styles. (ID: INHF-581215293-18-11-25-GT)",1501-01-01T00:00:00Z,,1501,,India,,,,Q32880 architectural style
Q137124316,Generic Hindu Temple architecture style,"This style encompasses the broad architectural traditions of Hindu temples across India, reflecting diverse regional variations and religious influences in their design and construction. (ID: INHF-697184509-18-11-25-GC)",,,,,India,,,,Q32880 architectural style
Q137124473,Indo-Islamic architecture style,"A synthesis of Indian and Islamic architectural elements, characterized by the incorporation of arches, domes, and geometric patterns alongside indigenous decorative motifs and construction techniques. (ID: INHF-175834159-18-11-25-IE)",1001-01-01T00:00:00Z,,1001,,India,,,,Q32880 architectural style
Q137124554,Goan Hindu architecture style,"Goan Hindu architecture represents a syncretic style blending indigenous traditions with influences from Portuguese colonial architecture, resulting in unique temple forms and decorative elements. (ID: INHF-999718975-18-11-25-GA)",0021-01-01T00:00:00Z,,21,,India,,,,Q32880 architectural style
Q137124679,Goan Temple architecture style,"This regional style, prevalent in Goa, blends Kadamba, Chalukyan, and Hoysala influences with local materials like laterite, often featuring a unique adaptation of Nagara elements. (ID: INHF-291676356-18-11-25-GC)",0021-01-01T00:00:00Z,,21,,India,,,,Q32880 architectural style
Q137124811,Gopuram architecture style,"Gopurams are monumental tower gateways, a prominent feature of South Indian temples, adorned with intricate sculptures depicting deities, mythological figures, and scenes from Hindu epics, serving as symbolic entrances to the sacr",1101-01-01T00:00:00Z,,1101,,India,,,,Q32880 architectural style
Q137124920,Greater India Buddhist architecture style,"This style represents Buddhist architectural traditions across Greater India, incorporating regional variations and reflecting shared cosmological and iconographic elements. (ID: INHF-560857562-18-11-25-GR)",-0002-01-01T00:00:00Z,,-3,,India; Myanmar,,,,Q32880 architectural style
Q137125028,Maru-Gurjara architecture style,"A regional Nagara variant from Gujarat and Rajasthan, distinguished by its intricately carved exteriors, stepped tankas (reservoirs), and elaborate toranas (gateways), flourishing under the Solanki and related dynasties.",0011-01-01T00:00:00Z,,11,,India,,,,Q32880 architectural style
Q137125149,Gujarati Haveli architecture style,"Characterized by intricately carved wooden facades, projecting balconies (jharokhas), and enclosed courtyards, reflecting the regional craftsmanship and domestic traditions of Gujarat. (ID: INHF-515480549-18-11-25-GT)",1601-01-01T00:00:00Z,,1601,,India,,,,Q32880 architectural style
Q137125205,Gujarati Temple architecture style,"Gujarati temple architecture showcases a blend of Maru-Gurjara and other regional influences, characterized by intricate carvings, toranas (gateways), and a focus on detailed ornamentation. (ID: INHF-419236095-18-11-25-GE)",,,,,India,,,,Q32880 architectural style
Q137125211,Gujarat Regional architecture style,"Gujarat's regional temple architecture blends Nagara elements with local materials and craftsmanship, often featuring intricate carvings and a distinctive style of stepped well construction. (ID: INHF-184527286-18-11-25-GR)",1201-01-01T00:00:00Z,,1201,,India,,,,Q32880 architectural style
Q137125213,Gujarat Sompura architecture style,"The Sompura style, a regional variant within Nagara architecture, is known for its intricate carvings, use of sandstone, and association with the Sompura Shilpis (craftsmen) of Gujarat. (ID: INHF-900272807-18-11-25-GE)",1001-01-01T00:00:00Z,,1001,,India,,,,Q32880 architectural style
Q137125218,Gujarat Sultanate architecture style,"A regional style blending indigenous Gujarati craftsmanship with Islamic architectural principles, known for its intricate carvings, bracket supports, and the incorporation of temple elements into Islamic structures. (ID: INHF-597028705-18-11-25-GN)",1301-01-01T00:00:00Z,,1301,,India,,,,Q32880 architectural style
Q137125220,Gulf Vernacular-Influenced Hindu Temple architecture style,"This style blends traditional Hindu temple architectural elements with the vernacular building traditions of the Gulf region, particularly merchant house designs, reflecting the local context. (ID: INHF-431956887-18-11-25-GU)",0021-01-01T00:00:00Z,,21,,India,,,,Q32880 architectural style
Q137125227,Kushan-Gandharan architecture style,"Kushan-Gandharan architecture, flourishing from the 1st to 5th centuries CE in the Gandhara region, blends Indian, Hellenistic, and Central Asian elements, notably in Buddhist monasteries and stupas, often using stucco and schist.",0001-01-01T00:00:00Z,,1,,India,,,,Q32880 architectural style
Q137125235,North Indian Temple architecture style,"A broad classification encompassing various temple styles prevalent in Northern India, typically featuring Nagara-style shikharas, mandapas, and intricate carvings, reflecting diverse regional and dynastic influences. (ID: INHF-706767461-18-11-25-NI)",0021-01-01T00:00:00Z,,21,,India,,,,Q32880 architectural style
Q137125232,Gupta Period Rock-Cut architecture style,"Gupta period rock-cut architecture, flourishing in North and Central India, is characterized by refined carvings, integration of Hindu iconography, and nascent Nagara elements. (ID: INHF-802971156-18-11-25-GT)",0501-01-01T00:00:00Z,,501,,India,,,,Q32880 architectural style
Q137125242,Haveli architecture style,"Haveli architecture, prevalent in Gujarat and Rajasthan, features enclosed courtyards, ornate facades, jharokhas, and chhatris, reflecting a blend of indigenous and Mughal influences in residential structures. (ID: INHF-125715308-18-11-25-HT)",0021-01-01T00:00:00Z,,21,,India,,,,Q32880 architectural style
Q137125248,Hellenistic architecture style,"Emanating from Greece, this style emphasizes symmetry, proportion, and classical orders (Doric, Ionic, Corinthian), influencing architecture across the Mediterranean and into Central Asia. (ID: INHF-330422862-18-11-25-HN)",-0398-01-01T00:00:00Z,,-399,,India,,,,Q32880 architectural style
Q137125253,Hemadpanthi architecture style,"Hemadpanthi architecture, originating in Maharashtra, is characterized by stellate plans, dark stone construction without mortar, and stepped pyramidal superstructures, often dedicated to Shiva. (ID: INHF-266399624-18-11-25-HH)",1001-01-01T00:00:00Z,,1001,,India,,,,Q32880 architectural style
Q137125259,High-Altitude architecture style,"This style adapts architectural designs to the challenges of high-altitude environments, such as extreme weather, limited resources, and steep terrain, often employing locally sourced materials and compact, sheltered forms.",,,,,Nepal,,,,Q32880 architectural style
Q137125256,Hemadpanti architecture style,"Hemadpanti architecture, originating in Maharashtra, is characterized by its unique mortarless construction using interlocking stone slabs and minimal ornamentation, often seen in temples and forts. (ID: INHF-953874178-18-11-25-HE)",1001-01-01T00:00:00Z,,1001,,India,,,,Q32880 architectural style
Q137125262,Hill Fort architecture style,"Hill Fort architecture, found across the Indian subcontinent, utilizes elevated terrain for strategic defense, incorporating natural features and locally sourced materials to create formidable strongholds. (ID: INHF-932009991-18-11-25-HI)",,,,,,,,,Q32880 architectural style
Q137125276,Himachali architecture style,"Himachali architecture utilizes local materials like wood and stone, adapting to the mountainous terrain with distinctive sloping roofs and intricate woodwork. (ID: INHF-904404919-18-11-25-HT)",0701-01-01T00:00:00Z,,701,,India,,,,Q32880 architectural style
Q137125287,Himalayan Hill architecture style,"Vernacular architecture adapted to the mountainous terrain and climate of the Himalayas, utilizing local materials and construction techniques. (ID: INHF-535008730-18-11-25-HL)",,,,,India,,,,Q32880 architectural style
Q137125294,Himalayan Temple architecture style,"Characterized by its adaptation to mountainous terrain, use of local materials like wood and stone, and syncretism of Hindu and Buddhist influences, found across the Himalayan range. (ID: INHF-021396961-18-11-25-HA)",0701-01-01T00:00:00Z,,701,,Nepal,,,,Q32880 architectural style
Q137125292,Himalayan Nagara architecture style,"A regional variant of Nagara architecture adapted to the Himalayan terrain, often incorporating local materials and vernacular building techniques. (ID: INHF-650859154-18-11-25-HU)",0701-01-01T00:00:00Z,,701,,India,,,,Q32880 architectural style
Q137125299,Indian Temple architecture style,"This style encompasses diverse regional temple building traditions across India, characterized by unique structural forms, ornamentation, and adherence to Vastu Shastra principles. (ID: INHF-184191855-18-11-25-IC)",-0002-01-01T00:00:00Z,,-3,,India; Nepal; Sri Lanka,,,,Q32880 architectural style
Q137125296,Himalayan Vernacular architecture style,"Adapted to the harsh climate and terrain, this style utilizes local materials and construction techniques to create durable and functional structures, often incorporating indigenous artistic expressions. (ID: INHF-599627201-18-11-25-HL)",0021-01-01T00:00:00Z,,21,,Nepal; Bhutan,,,,Q32880 architectural style
Q137125302,Hindu Shahi architecture style,"The Hindu Shahi style, prevalent in the northwest Indian subcontinent, blends indigenous traditions with influences from Gandhara, characterized by distinctive temple forms and construction techniques. (ID: INHF-605973670-18-11-25-HS)",1001-01-01T00:00:00Z,,1001,,India,,,,Q32880 architectural style
Q137125311,Hindu Temple architecture style,"General style encompassing diverse regional expressions of sacred Hindu building traditions, characterized by garbhagriha, mandapa, shikhara/vimana, and sculptural ornamentation, reflecting pan-Indian cosmological principles and l",-0002-01-01T00:00:00Z,,-3,,India; Nepal; Sri Lanka,,,,Q32880 architectural style
Q137125314,Hoysala architecture style,"Hoysala architecture, originating in Karnataka, is characterized by intricate carvings, stellate plans, and a unique blend of Dravida and Nagara influences, often dedicated to Hindu deities like Vishnu and Shiva. (ID: INHF-754674506-18-11-25-HY)",1301-01-01T00:00:00Z,,1301,,India,,,,Q32880 architectural style
Q137125317,Hybrid Hindu Temple architecture style,"This style represents a fusion of traditional Hindu temple architectural principles with modern materials and construction techniques, often seen in temples built outside of India. (ID: INHF-311870536-18-11-25-HE)",0020-01-01T00:00:00Z,,20,,,,,,Q32880 architectural style
Q137125321,Hypaethral architecture style,"Hypaethral architecture denotes structures with an open or partially open roof, allowing direct exposure to the sky, often employed in ancient temples and courtyards for ritualistic or astronomical purposes. (ID: INHF-240927512-18-11-25-HC)",,,,,,,,,Q32880 architectural style
Q137125326,Indian Administrative architecture style,"Indian administrative architecture encompasses structures designed for governance, characterized by durable materials, functional layouts, and symbolic elements reflecting the ruling power's authority and cultural values.",-0002-01-01T00:00:00Z,,-3,,India,,,,Q32880 architectural style
Q137125330,Indian architecture style,"Encompassing a vast array of building traditions shaped by diverse dynasties, religions, and regional variations across the Indian subcontinent and its cultural sphere. (ID: INHF-463738392-18-11-25-IT)",-3299-01-01T00:00:00Z,,-3300,,India,,,,Q32880 architectural style
Q137125343,Indian Buddhist Cave architecture style,"Evolved in India and spread to Sri Lanka, featuring rock-cut chaityas (prayer halls) and viharas (monasteries) adorned with sculptures and paintings depicting Buddhist narratives and iconography. (ID: INHF-656227344-18-11-25-IT)",0501-01-01T00:00:00Z,,501,,Sri Lanka,,,,Q32880 architectural style
Q137125346,Indian Buddhist Monastery architecture style,"This style, originating in India, adapts monastic design principles to Buddhist contexts, often incorporating viharas, stupas, and chaityas within a unified complex, reflecting the spread of Buddhism along trade routes.",-0002-01-01T00:00:00Z,,-3,,India,,,,Q32880 architectural style
Q137125350,Indian Decorative architecture style,"Indian decorative architecture is characterized by intricate carvings, sculptures, and ornamentation, often depicting deities, mythological scenes, and geometric patterns, reflecting a rich artistic and cultural heritage.",-0002-01-01T00:00:00Z,,-3,,,,,,Q32880 architectural style
Q137125353,Indian Fortification architecture style,"This style encompasses the principles and techniques of defensive construction developed in the Indian subcontinent, characterized by strategic layouts, robust materials, and indigenous structural elements. (ID: INHF-632454196-18-11-25-II)",,,,,,,,,Q32880 architectural style
Q137125359,Indian Garden architecture style,"Indian gardens, influenced by Persian and indigenous traditions, feature symmetrical layouts, water channels, pavilions, and diverse flora, creating serene and aesthetically pleasing environments. (ID: INHF-343286823-18-11-25-IC)",1501-01-01T00:00:00Z,,1501,,India,,,,Q32880 architectural style
Q137125362,Indian Hindu architecture style,"Characterized by diverse regional variations, this style features temples with elaborate carvings, mandapas, and shikharas, reflecting Hindu cosmology and deities, and adapted across the Indian subcontinent. (ID: INHF-608789484-18-11-25-IN)",-0001-01-01T00:00:00Z,,-2,,India; Nepal; Sri Lanka,,,,Q32880 architectural style
Q137125365,Indian Hindu Temple architecture style,"Indian Hindu temple architecture encompasses diverse regional styles, each reflecting unique interpretations of sacred geometry, cosmology, and the principles of Vastu Shastra, serving as a sacred space for deities. (ID: INHF-872357088-18-11-25-IH)",-0002-01-01T00:00:00Z,,-3,,India,,,,Q32880 architectural style
Q137125387,Indian Palace architecture style,"Indian palace architecture showcases a blend of grandeur and functionality, incorporating elements like courtyards, elaborate gateways, and ornate decorations, reflecting the power and aesthetics of the ruling dynasties.",0501-01-01T00:00:00Z,,501,,India,,,,Q32880 architectural style
Q137125483,Indian Religious architecture style,"Indian religious architecture encompasses diverse sacred structures influenced by Hinduism, Buddhism, Jainism, and other Indic traditions, reflecting cosmological beliefs and ritual practices. (ID: INHF-260493606-18-11-25-IL)",,,,,India; Nepal; Sri Lanka,,,,Q32880 architectural style
Q137125595,Indian Rock-Cut architecture style,"This style involves excavating structures from solid rock, often adorned with intricate carvings and serving religious purposes, particularly Buddhist. (ID: INHF-665066605-18-11-25-IA)",-0002-01-01T00:00:00Z,,-3,,India,,,,Q32880 architectural style
Q137125749,Indian Rock-Cut Cave Monastery architecture style,"This style, originating in India, involves excavating monastic spaces directly from rock formations, often incorporating chaitya halls and viharas, reflecting early Buddhist architectural practices. (ID: INHF-863256524-18-11-25-IS)",-0002-01-01T00:00:00Z,,-3,,India,,,,Q32880 architectural style
Q137125975,Indian Urban Planning architecture style,"Ancient Indian urban planning, as seen in texts like the Shilpa Shastras, emphasizes grid layouts, water management, and fortified cities, reflecting a sophisticated understanding of civic design and social organization.",,,,,,,,,Q32880 architectural style
Q137126088,Indian Vernacular Religious architecture style,Indian vernacular religious architecture adapts traditional building techniques and local materials to create sacred spaces that reflect regional cultural identities and spiritual beliefs. (ID: INHF-785657660-18-11-25-IU),,,,,India,,,,Q32880 architectural style
Q137126155,Indian Wood Carving architecture style,"Indian wood carving architecture, prevalent across the subcontinent, showcases intricate designs and motifs inspired by nature, mythology, and religious beliefs, often adorning temples and palaces. (ID: INHF-479717961-18-11-25-IN)",,,,,India; Sri Lanka,,,,Q32880 architectural style
Q137126217,Indic Agricultural architecture style,"Architectural adaptations related to agricultural practices, including granaries, irrigation systems, and storage facilities, reflecting the importance of agriculture in Indic societies. (ID: INHF-394291057-18-11-25-IC)",,,,,India,,,,Q32880 architectural style
Q137126323,Indic architecture style,"Encompasses the diverse architectural traditions originating from the Indian subcontinent, reflecting a rich history, cultural influences, and spiritual beliefs. (ID: INHF-625353985-18-11-25-IL)",-3299-01-01T00:00:00Z,,-3300,,Pakistan; Sri Lanka; Bangladesh; India; Nepal,,,,Q32880 architectural style
Q137126377,Indic Artistic Traditions architecture style,"Encompasses a wide range of artistic and architectural practices originating in the Indian subcontinent, characterized by intricate ornamentation, symbolic motifs, and diverse regional variations. (ID: INHF-587484310-18-11-25-ID)",,,,,India; Nepal; Pakistan; Sri Lanka; Bangladesh,,,,Q32880 architectural style
Q137126475,Indic Bronze Sculpture Style architecture style,"Characterized by intricate detailing, symbolic iconography, and a focus on conveying spiritual and philosophical concepts through the depiction of deities and enlightened beings. (ID: INHF-598689023-18-11-25-IC)",0801-01-01T00:00:00Z,,801,,India,,,,Q32880 architectural style
Q137126545,Indic Buddhist architecture style,"Evolving from ancient Indian building traditions, Buddhist architecture prioritizes monastic complexes, stupas, and chaityas, reflecting the principles of Dharma and Sangha. (ID: INHF-066699495-18-11-25-IB)",-0002-01-01T00:00:00Z,,-3,,India; Nepal,,,,Q32880 architectural style
Q137126559,Indic Colonial architecture style,"Indic Colonial architecture represents a fusion of traditional Indian architectural elements with European colonial styles, often incorporating local materials and craftsmanship. (ID: INHF-153649331-18-11-25-IT)",1901-01-01T00:00:00Z,,1901,,India,,,,Q32880 architectural style
Q137126581,Indic Column architecture style,"Indic column architecture, a fundamental aspect of Indian construction, showcases diverse regional variations in material, form, and ornamentation, reflecting local traditions and dynastic patronage. (ID: INHF-912799091-18-11-25-IL)",-0002-01-01T00:00:00Z,,-3,,,,,,Q32880 architectural style
Q137126590,Indic Decorative architecture style,"This style encompasses decorative elements rooted in Indic traditions, including motifs, symbols, and artistic expressions found across various regions and religions of India. (ID: INHF-896364590-18-11-25-ID)",,,,,India,,,,Q32880 architectural style
Q137126588,Indic Cosmological architecture style,"Architectural planning based on Indic cosmological principles, incorporating mandala layouts, sacred geometry, and directional alignments to reflect the universe and facilitate spiritual experience. (ID: INHF-926629265-18-11-25-II)",,,,,,,,,Q32880 architectural style
Q137126594,Indic Diaspora Temple architecture style,"Indic diaspora temple architecture represents adaptations of traditional Indian temple styles in regions outside the Indian subcontinent, often incorporating local materials and construction techniques while maintaining core Indic",1801-01-01T00:00:00Z,,1801,,India,,,,Q32880 architectural style
Q137126596,Indic Eclectic architecture style,"Indic eclectic architecture represents a fusion of diverse regional and historical styles within the Indian subcontinent, blending traditional elements with innovative adaptations. (ID: INHF-132982864-18-11-25-IC)",,,,,India,,,,Q32880 architectural style
Q137126607,Indic Hindu architecture style,"Indic Hindu architecture showcases diverse regional styles, characterized by towering shikharas, intricate sculptures, and mandapas, reflecting cosmological principles and devotional practices. (ID: INHF-359614527-18-11-25-IC)",0501-01-01T00:00:00Z,,501,,India; Nepal,,,,Q32880 architectural style
Q137126604,Indic Fire Worship architecture style,"Indic fire worship traditions, though not directly represented, could have indirectly influenced ritual practices and symbolic representations within the broader cultural milieu of Ayaz-Kala. (ID: INHF-861233001-18-11-25-IT)",,,,,India,,,,Q32880 architectural style
Q137126609,Indic Landscape architecture style,"This style integrates natural elements with built structures, emphasizing harmony, sacred groves, water features (tanks, kunds), and symbolic plantings aligned with Vastu Shastra principles. (ID: INHF-601022359-18-11-25-ID)",,,,,,,,,Q32880 architectural style
Q137126614,Indic Mandala architecture style,"Indic Mandala architecture employs geometric diagrams representing the cosmos, influencing the layout of temples, cities, and sacred spaces, reflecting a harmonious relationship between the human and divine realms. (ID: INHF-312809249-18-11-25-IR)",,,,,India; Nepal,,,,Q32880 architectural style
Q137126615,Indic Mural architecture style,"This style encompasses mural painting traditions across the Indian subcontinent, often depicting religious narratives, courtly scenes, and decorative motifs within architectural settings. (ID: INHF-109801557-18-11-25-ID)",,,,,,,,,Q32880 architectural style
Q137126620,Indic Narrative architecture style,"Emphasizes the depiction of stories from Hindu, Buddhist, and Jain traditions through sculpture, painting, and relief carvings on temple walls and other architectural surfaces. (ID: INHF-869553782-18-11-25-IU)",,,,,,,,,Q32880 architectural style
Q137126626,Khorezmian Fortress architecture style,"Khorezmian fortresses, exemplified by Ayaz-Kala, showcase robust mud-brick construction and strategic placement, reflecting the region's historical context and defensive needs. (ID: INHF-237440577-18-11-25-KT)",-0398-01-01T00:00:00Z,,-399,,India,,,,Q32880 architectural style
Q137126631,Indic Riverine architecture style,"This style emphasizes the sacred relationship between architecture and rivers, reflecting Hindu-Buddhist cosmological beliefs and incorporating riverine motifs and symbolism. (ID: INHF-712858440-18-11-25-IT)",,,,,India; Myanmar,,,,Q32880 architectural style
Q137126629,Indic Replication architecture style,"This style involves the conscious reproduction of architectural forms and motifs from the Indian subcontinent in other regions, often reflecting cultural exchange or religious propagation. (ID: INHF-068998119-18-11-25-IE)",,,,,India,,,,Q32880 architectural style
Q137126637,Indic Rock-Cut architecture style,"Indic rock-cut architecture, exemplified by cave temples and monasteries, showcases subtractive sculpting techniques, creating intricate spaces within cliffs or hillsides, often adorned with relief carvings and structural simulati",-0001-01-01T00:00:00Z,,-2,,Afghanistan,,,,Q32880 architectural style
Q137126643,Indic Sculptural Style architecture style,"Encompassing a diverse range of regional and dynastic traditions, Indic sculpture is characterized by its iconographic complexity, symbolic richness, and emphasis on human form and spiritual expression. (ID: INHF-371365643-18-11-25-IS)",-0002-01-01T00:00:00Z,,-3,,India,,,,Q32880 architectural style
Q137126650,Indic Sculpture architecture style,"Encompassing diverse regional variations, this style is defined by intricate carvings, symbolic iconography, and a deep connection to Hindu, Buddhist, and Jain religious narratives. (ID: INHF-025181271-18-11-25-IU)",-0002-01-01T00:00:00Z,,-3,,,,,,Q32880 architectural style
Q137126654,Indic Stupa architecture style,"Indic Stupa architecture, a foundational form in Buddhist architecture, represents the enlightened mind of the Buddha, typically featuring a hemispherical dome (anda) and various symbolic elements like the harmika and chattras.",-0002-01-01T00:00:00Z,,-3,,India; Nepal; Sri Lanka,,,,Q32880 architectural style
Q137126659,Indic Temple architecture style,"Encompassing diverse regional expressions rooted in Shilpa Shastras and Vastu Shastra, this style reflects Hindu cosmological principles through varied forms and ornamentation across the Indian subcontinent. (ID: INHF-376830302-18-11-25-II)",-0002-01-01T00:00:00Z,,-3,,India; Nepal; Pakistan; Sri Lanka; Bangladesh,,,,Q32880 architectural style
Q137126663,Indic Water architecture style,"Indic water architecture encompasses traditional Indian methods of water management, including stepwells (baoris), tanks, and canal systems, reflecting a deep understanding of hydrology and sustainable resource utilization across",,,,,India,,,,Q32880 architectural style
Q137126672,Indic-Zoroastrian Syncretic architecture style,"A fusion of Indic religious and philosophical concepts with Zoroastrian architectural forms, potentially incorporating elements of cosmology and ritual practice. (ID: INHF-109492238-18-11-25-IC)",,,,,India,,,,Q32880 architectural style
Q137126678,Indigenous Arunachali architecture style,"Reflecting the vernacular building traditions of Arunachal Pradesh, this style emphasizes locally sourced materials and construction techniques adapted to the region's climate and cultural practices. (ID: INHF-823247275-18-11-25-IS)",,,,,India,,,,Q32880 architectural style
Q137126685,Indigenous Tribal architecture style,"Indigenous tribal architecture in Northeast India showcases diverse building traditions using local materials, reflecting unique cultural identities and environmental adaptations of various tribal communities. (ID: INHF-574840430-18-11-25-IS)",,,,,India,,,,Q32880 architectural style
Q137126700,Indo-Ahom architecture style,"A synthesis of indigenous Tai-Ahom building traditions with influences from Hindu temple architecture, particularly evident in structural layouts and decorative motifs found in Assam. (ID: INHF-241555873-18-11-25-IN)",1201-01-01T00:00:00Z,,1201,,India,,,,Q32880 architectural style
Q137126704,Indo-American Temple architecture style,"A contemporary adaptation of traditional Indian temple architecture, incorporating modern materials and construction techniques while adhering to Agamic principles and reflecting the cultural context of the Indian diaspora.",0020-01-01T00:00:00Z,,20,,India,,,,Q32880 architectural style
Q137126709,Indo-Aryan architecture style,"Indo-Aryan architecture, a broad term, encompasses styles prevalent in northern India, characterized by its emphasis on symmetry, elaborate ornamentation, and the use of stone. (ID: INHF-422561583-18-11-25-IT)",-0598-01-01T00:00:00Z,,-599,,India,,,,Q32880 architectural style
Q137126714,Indo-Australian architecture style,"Indo-Australian architecture represents a fusion of Indian architectural principles with Australian construction techniques and materials, often seen in diaspora temples. (ID: INHF-697282785-18-11-25-IA)",0021-01-01T00:00:00Z,,21,,India,,,,Q32880 architectural style
Q137126732,Indo-Bmac architecture style,"A hypothetical synthesis of Indus Valley and Bactria-Margiana architectural elements, potentially involving shared cosmological concepts and early temple designs, influencing later Indic traditions. (ID: INHF-096945966-18-11-25-IA)",-0002-01-01T00:00:00Z,,-3,,India,,,,Q32880 architectural style
Q137126737,Indo-British architecture style,"A hybrid style blending Indian and British architectural elements, often incorporating features like chattris, jalis, and colonial-era planning, reflecting the historical interactions between India and the British Empire.",1901-01-01T00:00:00Z,,1901,,India,,,,Q32880 architectural style
Q137126743,Indo-Buddhist architecture style,"A synthesis of Indian architectural principles adapted for Buddhist structures, featuring stupas, chaityas, and viharas, often incorporating intricate carvings and symbolic motifs. (ID: INHF-300866405-18-11-25-IO)",-0002-01-01T00:00:00Z,,-3,,India; Nepal; Sri Lanka,,,,Q32880 architectural style
Q137126747,Indo-Burmese architecture style,"This style reflects a fusion of Indian and Burmese architectural elements, often seen in regions bordering Myanmar, incorporating features like tiered roofs, intricate carvings, and a blend of Hindu and Buddhist motifs.",1701-01-01T00:00:00Z,,1701,,Myanmar,,,,Q32880 architectural style
Q137126752,Indo-Canadian architecture style,"Indo-Canadian architecture represents a fusion of Indian architectural principles with Canadian construction techniques and materials, often seen in diaspora temples and cultural centers. (ID: INHF-523608063-18-11-25-IO)",0020-01-01T00:00:00Z,,20,,India,,,,Q32880 architectural style
Q137126763,Indo-Canadian Hybrid architecture style,"A fusion style blending traditional Indian temple architectural elements with contemporary Canadian construction techniques and materials, often seen in diaspora Hindu temples, reflecting both cultural heritage and modern adaptati",0021-01-01T00:00:00Z,,21,,India,,,,Q32880 architectural style
Q137126768,Indo-Canadian Prairie Temple architecture style,"A contemporary adaptation of Indic temple forms integrating local Canadian materials and construction techniques, often prioritizing community space and accessibility. (ID: INHF-602105838-18-11-25-IA)",0021-01-01T00:00:00Z,,21,,India,,,,Q32880 architectural style
Q137126776,Indo-Canadian Temple architecture style,"A hybrid style blending traditional Indic temple architecture with Canadian building practices, often incorporating local materials and adapting to cold-climate conditions while serving as a community hub. (ID: INHF-303969128-18-11-25-IC)",0021-01-01T00:00:00Z,,21,,India,,,,Q32880 architectural style
Q137126783,Indo-Central Asian Fortress architecture style,"This style represents a synthesis of Indian structural techniques and fortification design with Central Asian fortress architecture, reflecting cultural exchange and adaptation in defensive structures. (ID: INHF-518011336-18-11-25-IR)",,,,,,,,,Q32880 architectural style
Q137126788,Indo-Chinese architecture style,"Characterized by a fusion of Indian and Chinese architectural elements, this style often features pagoda-like structures, intricate carvings, and vibrant color palettes, reflecting cultural exchange. (ID: INHF-363422573-18-11-25-IY)",0021-01-01T00:00:00Z,,21,,India,,,,Q32880 architectural style
Q137126794,Indo-Chinese Buddhist architecture style,"A syncretic style blending Indian Buddhist principles with Chinese architectural forms, characterized by pagodas, courtyards, and adaptation to local materials and aesthetics. (ID: INHF-820885087-18-11-25-II)",0001-01-01T00:00:00Z,,1,,India,,,,Q32880 architectural style
Q137126807,Indo-Classical architecture style,"A synthesis of Indian architectural principles with Neoclassical elements, often featuring domes, columns, and symmetrical layouts, reflecting colonial influences and subsequent adaptations in temple design. (ID: INHF-569929731-18-11-25-IS)",0019-01-01T00:00:00Z,,19,,India,,,,Q32880 architectural style
Q137126815,Indo-Colonial architecture style,"Indo-Colonial architecture represents a fusion of indigenous Indian architectural elements with European colonial styles, often incorporating features like chajjas, jalis, and chattris into Victorian or Edwardian building designs.",1701-01-01T00:00:00Z,,1701,,India; Myanmar; Bangladesh,,,,Q32880 architectural style
Q137126824,Indo-Diaspora architecture style,"Indo-Diaspora architecture reflects the adaptation of traditional Indian architectural principles within the context of diaspora communities, often incorporating modern materials and responding to local conditions. (ID: INHF-007933622-18-11-25-IL)",0021-01-01T00:00:00Z,,21,,India,,,,Q32880 architectural style
Q137126828,Indo-Dravidian architecture style,"Indo-Dravidian architecture represents a synthesis of North Indian Nagara and South Indian Dravidian styles, incorporating elements like stepped pyramidal towers and intricate carvings, often found in regions with cultural exchang",0901-01-01T00:00:00Z,,901,,India,,,,Q32880 architectural style
Q137126856,Indo-Dutch architecture style,"Indo-Dutch architecture blends Dutch colonial elements with indigenous Indian styles, often featuring European facades adapted to the local climate and incorporating Indian materials and craftsmanship. (ID: INHF-913155212-18-11-25-IY)",1601-01-01T00:00:00Z,,1601,,India,,,,Q32880 architectural style
Q137126874,Indo-European Colonial architecture style,"Indo-European Colonial architecture represents a hybrid style blending European architectural forms with Indian materials and craftsmanship, often seen in administrative buildings and residences during the colonial period.",1701-01-01T00:00:00Z,,1701,,India,,,,Q32880 architectural style
Q137126880,Indo-European Colonial Fortification architecture style,"This style represents a fusion of European military architectural principles with Indian materials and regional adaptations, particularly seen in British colonial fortifications using locally sourced laterite. (ID: INHF-735416102-18-11-25-IC)",1701-01-01T00:00:00Z,,1701,,India,,,,Q32880 architectural style
Q137126885,Indo-European Colonial Military architecture style,"this style represents a fusion of European colonial military engineering with indigenous Indian building practices, often incorporating local materials and adapting to the regional climate and terrain (ID: INHF-842886461-18-11-25-IE)",1701-01-01T00:00:00Z,,1701,,India,,,,Q32880 architectural style
Q137126891,Indo-French Renaissance architecture style,"A hybrid style combining French Renaissance architectural features with Indian design sensibilities, often seen in palaces and public buildings during the colonial era, characterized by symmetrical facades and arched windows.",1801-01-01T00:00:00Z,,1801,,India,,,,Q32880 architectural style
Q137126896,Indo-Gothic architecture style,"Indo-Gothic architecture blends Gothic Revival elements with Indian architectural features, often seen in colonial-era structures, incorporating pointed arches, ribbed vaults, and Indian motifs. (ID: INHF-203260536-18-11-25-IR)",1801-01-01T00:00:00Z,,1801,,India,,,,Q32880 architectural style
Q137126905,Indo-Gujarati architecture style,"Indo-Gujarati architecture, influenced by Gujarat's regional styles, features intricate carvings, toranas (gateways), and stepped tanks, often incorporating elements from Maru-Gurjara and other local traditions. (ID: INHF-876785510-18-11-25-IS)",1201-01-01T00:00:00Z,,1201,,India,,,,Q32880 architectural style
Q137126909,Indo-Gulf architecture style,"A hybrid style blending traditional Indian temple architectural principles with elements of Gulf merchant architecture, reflecting the cultural context of its location. (ID: INHF-623514083-18-11-25-IC)",0021-01-01T00:00:00Z,,21,,India,,,,Q32880 architectural style
Q137126913,Indo-Hellenistic architecture style,"A fusion style blending Hellenistic forms with Indic artistic and religious elements, particularly evident in Gandhara and Northwest India, showcasing syncretic cultural exchange. (ID: INHF-632216942-18-11-25-IY)",-0002-01-01T00:00:00Z,,-3,,India,,,,Q32880 architectural style
Q137126917,Indo-Hindu architecture style,"Characterized by Dravida and Nagara influences, this style features temples with mandapas, gopurams, and intricate carvings, reflecting the integration of Hindu traditions within Polonnaruwa's urban fabric. (ID: INHF-469066404-18-11-25-IS)",,,,,India; Sri Lanka,,,,Q32880 architectural style
Q137126923,Indo-Industrial architecture style,"Indo-Industrial architecture represents a fusion of Indian architectural elements with industrial materials and construction techniques, often seen in diaspora temples adapting existing structures. (ID: INHF-790261614-18-11-25-IN)",0020-01-01T00:00:00Z,,20,,,,,,Q32880 architectural style
Q137126932,Indo-Javanese architecture style,"Indo-Javanese architecture represents a fusion of Indian architectural traditions, particularly Hindu and Buddhist, with indigenous Javanese elements, resulting in unique temple complexes. (ID: INHF-975824312-18-11-25-IT)",1501-01-01T00:00:00Z,,1501,,India,,,,Q32880 architectural style
Q137126939,Indo-Kerala architecture style,"This style blends traditional Kerala architectural elements, such as sloping roofs and intricate woodwork, with broader Indian temple design principles. (ID: INHF-594071498-18-11-25-IU)",0701-01-01T00:00:00Z,,701,,India,,,,Q32880 architectural style
Q137126943,Indo-Khmer architecture style,"A synthesis of Indian architectural principles, particularly Nagara and Dravida influences, with indigenous Khmer traditions, resulting in unique temple forms and decorative motifs in Southeast Asia. (ID: INHF-216084962-18-11-25-IL)",1201-01-01T00:00:00Z,,1201,,India,,,,Q32880 architectural style
Q137126947,Indo-Khorezmian architecture style,"This style represents a fusion of Indian temple architectural elements with pre-Islamic Central Asian Khorezmian traditions, reflecting cultural exchange and adaptation in the region. (ID: INHF-887473633-18-11-25-IM)",,,,,India,,,,Q32880 architectural style
Q137126955,Indo-Modern architecture style,"A fusion style blending traditional Indian architectural principles with modern materials, construction techniques, and spatial concepts, often seen in contemporary Indian diaspora projects. (ID: INHF-377102116-18-11-25-IC)",0020-01-01T00:00:00Z,,20,,India,,,,Q32880 architectural style
Q137126952,Indo-Khorezmian Palace-Temple architecture style,"A synthesis of Khorezmian palatial design with Indic Hindu iconographic elements, reflecting cultural exchange along the Silk Road during the early centuries CE. (ID: INHF-718996994-18-11-25-IC)",,,,,,,,,Q32880 architectural style
Q137126957,Indo-Mughal architecture style,"A syncretic style blending Indian and Persian elements, characterized by the use of arches, domes, intricate ornamentation, and gardens, often seen in palaces, forts, and tombs during the Mughal era. (ID: INHF-585862420-18-11-25-IT)",1501-01-01T00:00:00Z,,1501,,India,,,,Q32880 architectural style
Q137126962,Indo-Nagara architecture style,"A regional adaptation of Nagara architecture, incorporating local materials and vernacular elements, while retaining core Nagara features like the shikhara, though often simplified. (ID: INHF-970056299-18-11-25-IE)",,,,,India,,,,Q32880 architectural style
Q137126967,Indo-Neoclassical architecture style,"A hybrid style blending European Neoclassical forms with Indic architectural elements, often seen in 19th-century colonial and post-colonial structures across India. It incorporates classical orders with indigenous decorative moti",1801-01-01T00:00:00Z,,1801,,India,,,,Q32880 architectural style
Q137126974,Indo-Nepalese Pagoda architecture style,"This style blends Nepalese pagoda traditions with local Indian elements, characterized by tiered roofs, extensive woodwork, and ornate detailing, often seen in Himalayan and Northeast Indian temple architecture. (ID: INHF-452743715-18-11-25-IN)",0021-01-01T00:00:00Z,,21,,Nepal,,,,Q32880 architectural style
Q137126977,Indo-Parthian architecture style,"A hybrid style blending Parthian architectural forms with Indic religious and cosmological concepts, likely manifesting in sanctuary design and ritual spaces in regions influenced by both cultures. (ID: INHF-786858068-18-11-25-II)",-0002-01-01T00:00:00Z,,-3,,,,,,Q32880 architectural style
Q137126981,Indo-Persian architecture style,"A fusion style combining Indian craftsmanship and materials with Persian design principles, characterized by symmetry, geometric patterns, and the use of water features. (ID: INHF-988360097-18-11-25-IY)",1201-01-01T00:00:00Z,,1201,,India,,,,Q32880 architectural style
Q137126986,Indo-Portuguese architecture style,"A hybrid style blending Indian and Portuguese architectural elements, often seen in Goa, characterized by laterite stone construction and European Baroque influences adapted to the Indian climate and context. (ID: INHF-456228362-18-11-25-IN)",0016-01-01T00:00:00Z,,16,,India,,,,Q32880 architectural style
Q137126990,Indo-Portuguese Military architecture style,"A hybrid style blending Indian military traditions with Portuguese colonial elements, often seen in fortifications and coastal defenses, incorporating local materials and adapting to the Indian climate. (ID: INHF-267011216-18-11-25-IT)",1501-01-01T00:00:00Z,,1501,,India,,,,Q32880 architectural style
Q137126998,Indo-Saracenic architecture style,"A 19th-century style blending Indian, Islamic, and European elements, potentially influencing details through British Raj presence, though likely subtle in this context. (ID: INHF-137386476-18-11-25-IS)",1801-01-01T00:00:00Z,,1801,,India,,,,Q32880 architectural style
Q137127001,Indo-Saracenic Revival architecture style,"A 19th-century British architectural style blending European colonial designs with indigenous Indian elements, Mughal arches, chattris, and jalis, often employing red sandstone and incorporating local craftsmanship. (ID: INHF-971986953-18-11-25-IA)",1801-01-01T00:00:00Z,,1801,,India; Myanmar; Pakistan; Sri Lanka; Bangladesh,,,,Q32880 architectural style
Q137127004,Victorian architecture style,"A style prevalent during the reign of Queen Victoria, characterized by ornate detailing, asymmetry, and a mix of historical influences, adapted in India during the British Raj with local materials and craftsmanship. (ID: INHF-782995356-18-11-25-VS)",1801-01-01T00:00:00Z,,1801,,India,,,,Q32880 architectural style
Q137127010,Indo-Sogdian Fortress architecture style,"This style represents a fusion of Sogdian defensive architecture with Indic solar worship traditions, potentially incorporating elements of fire temple design and construction techniques from both regions. (ID: INHF-990156406-18-11-25-IC)",,,,,,,,,Q32880 architectural style
Q137127012,Indo-Southeast Asian architecture style,"Indo-Southeast Asian architecture represents the fusion of Indian architectural principles with indigenous Southeast Asian styles, evident in temple layouts, ornamentation, and the adaptation of Indian iconography. (ID: INHF-199754037-18-11-25-IS)",1401-01-01T00:00:00Z,,1401,,India,,,,Q32880 architectural style
Q137127017,Indo-Sri Lankan Buddhist architecture style,"A syncretic style blending Indian Buddhist architectural principles with indigenous Sri Lankan traditions, often incorporating elements from other regional styles like Thai and Chinese. (ID: INHF-477483373-18-11-25-IU)",,,,,India; Sri Lanka,,,,Q32880 architectural style
Q137127021,Indo-Tibetan architecture style,"A synthesis of Indian Buddhist, Tibetan, Newar, and potentially Chinese Tang architectural elements, reflecting cultural exchange across the Himalayas and the transmission of Buddhist traditions. (ID: INHF-147899861-18-11-25-IN)",0021-01-01T00:00:00Z,,21,,India; Nepal; Bhutan,,,,Q32880 architectural style
Q137127026,Indo-Tibetan Buddhist architecture style,"A synthesis of Indian Buddhist monastic design, particularly from the Nalanda tradition, with Tibetan building practices, evident in Drepung Monastery's layout and scholastic spaces. (ID: INHF-420503232-18-11-25-ID)",0021-01-01T00:00:00Z,,21,,Nepal,,,,Q32880 architectural style
Q137127029,Indo-Tudor architecture style,"An architectural fusion combining Tudor Revival elements with Indic temple design principles, reflecting adaptive reuse for a Gaudiya Vaishnava temple complex in a Western setting. (ID: INHF-276822734-18-11-25-IC)",0021-01-01T00:00:00Z,,21,,,,,,Q32880 architectural style
Q137127035,Indo-Vernacular architecture style,"Indo-Vernacular architecture blends indigenous Indian building traditions with local materials and techniques, often incorporating influences from colonial styles to create unique regional expressions. (ID: INHF-805991419-18-11-25-IS)",0019-01-01T00:00:00Z,,19,,,,,,Q32880 architectural style
Q137127037,Indo-Victorian architecture style,"A hybrid style blending Victorian-era architectural elements with Indian motifs and construction techniques, often seen in colonial-era buildings adapted for new uses. (ID: INHF-434223721-18-11-25-IV)",1801-01-01T00:00:00Z,,1801,,India; Pakistan; Sri Lanka; Bangladesh,,,,Q32880 architectural style
Q137127042,Indo-Western Neoclassical architecture style,"A hybrid style blending Indian sensibilities with European Neoclassical forms, often incorporating local materials and decorative motifs within a Western-derived framework. (ID: INHF-673377784-18-11-25-IR)",1801-01-01T00:00:00Z,,1801,,India,,,,Q32880 architectural style
Q137127047,Indo-Zoroastrian architecture style,"This style represents a fusion of Indian religious and cosmological concepts with Zoroastrian architectural traditions, particularly evident in fire temple designs during the Iron Age. (ID: INHF-820017065-18-11-25-IL)",,,,,,,,,Q32880 architectural style
Q137127055,Indus Valley Civilization Religious architecture style,"While specific temple structures are debated, the Indus Valley Civilization (c. 3300-1700 BCE) shows evidence of ritual spaces and proto-Hindu religious practices, influencing later Indic traditions. (ID: INHF-527778516-18-11-25-IS)",-3299-01-01T00:00:00Z,,-3300,,India,,,,Q32880 architectural style
Q137127062,Iranian architecture style,"Encompassing a diverse range of styles across Iranian history, known for its emphasis on geometric patterns, monumental scale, and the use of materials like brick and stucco. (ID: INHF-465193814-18-11-25-IE)",,,,,Iran,,,,Q32880 architectural style
Q137127066,Iron Age Temple architecture style,"Temples from the Iron Age, reflecting early religious practices and cosmological understandings, often exhibit simple designs and locally sourced materials. (ID: INHF-314173157-18-11-25-IT)",,,,,,,,,Q32880 architectural style
Q137127070,Islamic architecture style,"Islamic architecture encompasses a wide range of religious and secular styles developed throughout the Islamic world, characterized by features such as arches, domes, minarets, and geometric ornamentation. (ID: INHF-806503557-18-11-25-IL)",0601-01-01T00:00:00Z,,601,,India,,,,Q32880 architectural style
Q137127074,Italian Renaissance architecture style,"Characterized by symmetry, proportion, and classical orders, this European style emphasizes balance and harmony, often featuring domes, arches, and decorative elements inspired by ancient Rome. (ID: INHF-500558236-18-11-25-IT)",1401-01-01T00:00:00Z,,1401,,India,,,,Q32880 architectural style
Q137127078,Jaina architecture style,"Jaina architecture, found across India, emphasizes intricate carvings, multi-story structures, and the use of white marble, often dedicated to the Tirthankaras. (ID: INHF-072910865-18-11-25-JI)",0501-01-01T00:00:00Z,,501,,India,,,,Q32880 architectural style
Q137127083,Jain architecture style,"Jain architecture emphasizes non-violence and harmony with nature, often featuring intricate carvings of Tirthankaras, serene meditative spaces, and the use of white marble. (ID: INHF-257776418-18-11-25-JT)",-0598-01-01T00:00:00Z,,-599,,India,,,,Q32880 architectural style
Q137127088,Jain Temple architecture style,"Jain temple architecture emphasizes geometric precision, intricate carvings, and the use of white marble to create serene and spiritually uplifting spaces for Tirthankara worship. (ID: INHF-057097865-18-11-25-JA)",-0598-01-01T00:00:00Z,,-599,,India,,,,Q32880 architectural style
Q137127093,Jaisalmer architecture style,"Jaisalmer architecture, specific to the Jaisalmer region of Rajasthan, is defined by its use of yellow sandstone, intricate carvings, and adaptation to the desert environment, often incorporating elements of Rajput and local build",1101-01-01T00:00:00Z,,1101,,India,,,,Q32880 architectural style
Q137127098,Jharokha architecture style,"Characterized by enclosed overhanging balconies, often ornately decorated, projecting from the wall of a building, primarily in Rajasthan and used for ventilation and viewing. (ID: INHF-910290755-18-11-25-JE)",1501-01-01T00:00:00Z,,1501,,India,,,,Q32880 architectural style
Q137127104,Jor-Bangla architecture style,"A distinct Bengali temple style where two hut-shaped structures (Bangla) are joined to form a single building, often characterized by a ridge connecting the two roofs. (ID: INHF-816766324-18-11-25-JA)",1601-01-01T00:00:00Z,,1601,,Bangladesh,,,,Q32880 architectural style
Q137127113,Kadamba architecture style,"Characterized by its unique Kadamba Shikara, a stepped pyramidal tower, and influences from both Dravidian and Chalukya styles, primarily using stone. (ID: INHF-465301521-18-11-25-KE)",0901-01-01T00:00:00Z,,901,,India,,,,Q32880 architectural style
Q137127121,Kadamba-Chalukya architecture style,"A regional variant of South Indian temple architecture, known for its stepped pyramidal shikharas and intricate carvings, prevalent during the Kadamba and Chalukya dynasties. (ID: INHF-607300316-18-11-25-KA)",0010-01-01T00:00:00Z,,10,,India,,,,Q32880 architectural style
Q137127126,Kadamba-Yadava architecture style,"The Kadamba-Yadava style, a regional variant of Nagara architecture, flourished in Goa and neighboring regions, characterized by its stepped pyramidal tower (kadamba shikhara) and incorporation of Chalukyan and Hoysala influences.",1001-01-01T00:00:00Z,,1001,,India,,,,Q32880 architectural style
Q137127131,Post-Gupta architecture style,"Transitional phase in Indian architecture following the Gupta period, characterized by evolving temple forms, regional variations, and the emergence of distinct styles like Nagara and Dravida across the subcontinent. (ID: INHF-146434444-18-11-25-PR)",0701-01-01T00:00:00Z,,701,,India,,,,Q32880 architectural style
Q137127129,Kakatiya architecture style,"Kakatiya architecture, originating in Andhra Pradesh and Telangana, is characterized by its unique blend of Dravida and Nagara styles, intricate sculptural details, and the use of sandstone and granite in temple construction.",1001-01-01T00:00:00Z,,1001,,India,,,,Q32880 architectural style
Q137127134,Kali Temple architecture style,"Kali temples often feature vibrant colors, fierce imagery, and a powerful atmosphere, reflecting the goddess's dynamic energy and role as a protector and destroyer, with unique regional variations. (ID: INHF-341840399-18-11-25-KE)",,,,,India,,,,Q32880 architectural style
Q137127144,Kandariya Mahadeva Nagara architecture style,"The Kandariya Mahadeva Temple exemplifies the Nagara style, characterized by its curvilinear shikhara, intricate carvings, and raised platform, originating in North India and prominent in Hindu temple construction. (ID: INHF-831087727-18-11-25-KH)",0901-01-01T00:00:00Z,,901,,India,,,,Q32880 architectural style
Q137127157,Kandyan architecture style,"Kandyan architecture, originating in the Kandyan Kingdom of Sri Lanka, blends indigenous traditions with South Indian influences, particularly Dravidian, and is characterized by its use of timber and intricate carvings.",1301-01-01T00:00:00Z,,1301,,Sri Lanka,,,,Q32880 architectural style
Q137127170,Karnata Dravida architecture style,"Karnata Dravida architecture, a regional variant of Dravida architecture, flourished in Karnataka, characterized by its distinctive stepped pyramidal towers and intricate sculptural details. (ID: INHF-488219463-18-11-25-KC)",0601-01-01T00:00:00Z,,601,,India,,,,Q32880 architectural style
Q137127181,Karnataka Dravida architecture style,"Karnataka Dravida architecture represents a regional variant of Dravida architecture, distinguished by its unique adaptations and innovations within the broader Dravidian idiom, particularly in temple construction. (ID: INHF-141546945-18-11-25-KT)",,,,,India,,,,Q32880 architectural style
Q137127193,Kashmiri architecture style,"Kashmiri architecture, originating in the Kashmir region, is characterized by its unique synthesis of indigenous building traditions with influences from neighboring regions, often featuring pagoda-like wooden structures and the u",0701-01-01T00:00:00Z,,701,,India,,,,Q32880 architectural style
Q137127206,Kashmiri Hindu architecture style,"Characterized by its distinct roof forms and use of local materials, this style flourished in the Kashmir region and is evident in the temple's structure. (ID: INHF-317658686-18-11-25-KL)",0701-01-01T00:00:00Z,,701,,India,,,,Q32880 architectural style
Q137127223,Kashmiri Hindu Temple architecture style,"Characterized by its distinct pyramidal roof, trefoil arches, and often incorporating Gandharan and Gupta influences, this style flourished in the Kashmir region. (ID: INHF-505553944-18-11-25-KN)",0701-01-01T00:00:00Z,,701,,India,,,,Q32880 architectural style
Q137127232,Kashmiri Temple architecture style,"Kashmiri temple architecture, originating in the Kashmir region, is characterized by its distinctive pyramidal roofs, trefoil arches, and a synthesis of Gupta, Gandharan, and regional influences. (ID: INHF-292443363-18-11-25-KP)",0701-01-01T00:00:00Z,,701,,India,,,,Q32880 architectural style
Q137127236,Kath-Khuni architecture style,"Kath-Khuni is a vernacular Himalayan style characterized by interlocking timber and stone construction, prevalent in Himachal Pradesh and Uttarakhand, showcasing regional adaptation to seismic activity and climate. (ID: INHF-358139693-18-11-25-KH)",1601-01-01T00:00:00Z,,1601,,India,,,,Q32880 architectural style
Q137127243,Katyuri architecture style,"Reflecting the patronage of the Katyuri dynasty, this style blends Nagara elements with regional Kumaoni vernacular traditions, utilizing local stone and construction techniques. (ID: INHF-395840601-18-11-25-KI)",0601-01-01T00:00:00Z,,601,,India,,,,Q32880 architectural style
Q137127240,Kath-Kuni architecture style,"Kath-Kuni is a vernacular Himalayan style employing interlocking timber and stone, prevalent in Himachal Pradesh, showcasing indigenous building techniques adapted to the region's climate and resources. (ID: INHF-696399831-18-11-25-KR)",0021-01-01T00:00:00Z,,21,,India,,,,Q32880 architectural style
Q137127247,Kerala architecture style,"Characterized by sloping roofs, gabled windows, and the use of locally sourced materials like laterite and wood, Kerala architecture reflects the region's climate and cultural traditions. (ID: INHF-230819213-18-11-25-KE)",0701-01-01T00:00:00Z,,701,,India,,,,Q32880 architectural style
Q137127251,Kerala Laterite Masonry architecture style,"Characterized by the extensive use of laterite stone, this style is indigenous to Kerala, known for its durability and adaptability to the region's climate and terrain. (ID: INHF-280642415-18-11-25-KN)",1501-01-01T00:00:00Z,,1501,,India,,,,Q32880 architectural style
Q137127248,Kerala Dravida architecture style,"Kerala Dravida architecture, originating in Kerala, India, features distinctive sloping roofs, gabled structures, and ornate detailing, often incorporating locally sourced materials and responding to the region's climate and cultu",0701-01-01T00:00:00Z,,701,,India,,,,Q32880 architectural style
Q137127256,Kerala Nālukettu architecture style,"Nālukettu is a traditional Kerala courtyard house style, characterized by its rectangular layout, central open courtyard (nālam), and sloped roofs, reflecting the region's climate and vernacular building practices. (ID: INHF-239218303-18-11-25-KR)",1301-01-01T00:00:00Z,,1301,,India,,,,Q32880 architectural style
Q137127263,Khasi architecture style,"Characterized by indigenous building techniques and materials, Khasi architecture often features structures adapted to the hilly terrain, utilizing wood, bamboo, and stone, reflecting the unique cultural heritage of the Khasi peop",,,,,India,,,,Q32880 architectural style
Q137127260,Kerala Temple architecture style,"Characterized by its unique adaptation of Dravidian principles within the Kerala region, featuring sloping roofs, intricate woodwork, and a harmonious integration with the natural landscape. (ID: INHF-745127005-18-11-25-KA)",0701-01-01T00:00:00Z,,701,,India,,,,Q32880 architectural style
Q137127270,Khas Malla architecture style,"Khas Malla architecture, prevalent in western Nepal, blends indigenous Himalayan traditions with influences from the Indian subcontinent, featuring stone and wood construction. (ID: INHF-872395948-18-11-25-KI)",1301-01-01T00:00:00Z,,1301,,India,,,,Q32880 architectural style
Q137127268,Khasi Vernacular architecture style,"Characterized by indigenous building practices in Meghalaya, this style emphasizes nature-based materials, sloped roofs suited to the region's climate, and traditional timber construction techniques reflecting Khasi cultural herit",,,,,India,,,,Q32880 architectural style
Q137127307,Khmer Angkor Wat architecture style,"The Angkor Wat style, prominent in Southeast Asia, is characterized by its grand scale, intricate bas-reliefs, and cruciform galleries, reflecting Hindu cosmology and state power. (ID: INHF-521592422-18-11-25-KE)",1101-01-01T00:00:00Z,,1101,,India,,,,Q32880 architectural style
Q137127311,Khmer architecture style,"Khmer architecture, prevalent in Southeast Asia, showcases intricate carvings, towering prasats, and barays, reflecting a blend of Hindu-Buddhist cosmology and royal power. (ID: INHF-530520960-18-11-25-KC)",0009-01-01T00:00:00Z,,9,,India,,,,Q32880 architectural style
Q137127315,Khmer Hindu Temple architecture style,"A Southeast Asian style blending Indic cosmological principles with local Khmer craftsmanship, characterized by towering prasats (temple towers), intricate bas-reliefs depicting Hindu epics, and extensive use of sandstone.",1401-01-01T00:00:00Z,,1401,,India,,,,Q32880 architectural style
Q137127312,Khmer Baphuon architecture style,"The Baphuon style, a precursor to Angkor Wat, features monumental stepped pyramids, intricate carvings, and a focus on Mount Meru symbolism within a Hindu context. (ID: INHF-069181612-18-11-25-KS)",1001-01-01T00:00:00Z,,1001,,India,,,,Q32880 architectural style
Q137127318,Khmer-Nagara architecture style,"A synthesis of Khmer temple design principles with Nagara architectural elements, evident in structures like Banteay Samre, showcasing Indian influence on Southeast Asian temple construction. (ID: INHF-434876282-18-11-25-KE)",1101-01-01T00:00:00Z,,1101,,India,,,,Q32880 architectural style
Q137127319,Khmer Nagara-Influenced Temple architecture style,"This style reflects Nagara architectural principles adapted within Khmer temple design, showcasing influences from Indian cosmological principles and iconography. (ID: INHF-411369902-18-11-25-KR)",1101-01-01T00:00:00Z,,1101,,India,,,,Q32880 architectural style
Q137127322,Khmer Prang architecture style,"a Southeast Asian temple tower style, the Prang, derived from the Indian Shikhara, is characterized by its corncob-like shape and is often constructed of brick or laterite (ID: INHF-095454887-18-11-25-KA)",1401-01-01T00:00:00Z,,1401,,India,,,,Q32880 architectural style
Q137127325,Khmer Temple architecture style,"Khmer temple architecture, prevalent in Southeast Asia, showcases intricate carvings, towering prasats (towers), and elaborate moats, reflecting Hindu-Buddhist cosmology and royal power. (ID: INHF-690956731-18-11-25-KM)",1401-01-01T00:00:00Z,,1401,,India,,,,Q32880 architectural style
Q137127386,Khorezmian Palace architecture style,"Characterized by fortified structures, monumental scale, and elaborate decoration, reflecting the power and wealth of the Khorezmian rulers in Central Asia. (ID: INHF-481927353-18-11-25-KA)",,,,,,,,,Q32880 architectural style
Q137127485,Koch architecture style,"Koch architecture, prevalent in the Assam and Bengal regions, showcases a synthesis of indigenous building practices with influences from neighboring cultures, often featuring distinctive roof structures and decorative motifs.",1501-01-01T00:00:00Z,,1501,,Bangladesh,,,,Q32880 architectural style
Q137127498,Koiri architecture style,"A regional Mithila variant of architecture enriched by Mughal and Rajput influences, characterized by its unique blend of indigenous and imported styles. (ID: INHF-889791479-18-11-25-KH)",1801-01-01T00:00:00Z,,1801,,India,,,,Q32880 architectural style
Q137127497,Koch-Nagara architecture style,Integration of Nagara architectural features with the distinct artistic and construction techniques of the Koch dynasty in Bengal and Northeast India. (ID: INHF-114289991-18-11-25-KN),1801-01-01T00:00:00Z,,1801,,India,,,,Q32880 architectural style
Q137127500,Konkani Temple architecture style,"Konkani temple architecture, specific to the Konkan coast, blends indigenous traditions with regional adaptations, often featuring distinctive sloping roofs and intricate woodwork. (ID: INHF-383926553-18-11-25-KT)",0021-01-01T00:00:00Z,,21,,India,,,,Q32880 architectural style
Q137127506,Koothambalam architecture style,"Koothambalam architecture, unique to Kerala, is a temple theatre designed for performing arts, characterized by its wooden structure and intricate carvings, often found within temple complexes. (ID: INHF-059436216-18-11-25-KO)",0801-01-01T00:00:00Z,,801,,India,,,,Q32880 architectural style
Q137127510,Kroraina Kingdom architecture style,"A regional style influenced by Indian administrative practices and Buddhist traditions, evident in the urban planning and religious structures of the Kroraina Kingdom. (ID: INHF-042405055-18-11-25-KT)",-0002-01-01T00:00:00Z,,-3,,India,,,,Q32880 architectural style
Q137127515,Kushana Buddhist architecture style,"Evolving under the Kushana dynasty, this style features monastic complexes and stupas, integrating Central Asian and Indian elements with influences from the Gandhara region. (ID: INHF-045515697-18-11-25-KH)",0001-01-01T00:00:00Z,,1,,India,,,,Q32880 architectural style
Q137127512,Kumaoni architecture style,"Kumaoni architecture, originating in the Kumaon region of Uttarakhand, India, features distinctive adaptations of Nagara traditions with local materials like stone and wood, reflecting the Himalayan environment and vernacular buil",,,,,India,,,,Q32880 architectural style
Q137127528,Kushan architecture style,"A synthesis of Central Asian, Indian, and Hellenistic traditions, this style is known for its urban planning, religious structures, and artistic innovations during the Kushan Empire. (ID: INHF-667045050-18-11-25-KC)",0001-01-01T00:00:00Z,,1,,Pakistan; Afghanistan,,,,Q32880 architectural style
Q137127553,Kushan Buddhist architecture style,"Kushan Buddhist architecture, flourishing from the 1st to 5th centuries CE, blended Gandharan, Central Asian, and Indian elements, characterized by stupas, monasteries, and rock-cut caves, reflecting syncretic artistic and religio",0001-01-01T00:00:00Z,,1,,India,,,,Q32880 architectural style
Q137127559,Lakshmi-Narayana Temple architecture style,"Lakshmi-Narayana temples are dedicated to the dual worship of Lakshmi and Narayana (Vishnu), often featuring iconography representing their combined form and associated symbolism. (ID: INHF-888302301-18-11-25-LE)",,,,,,,,,Q32880 architectural style
Q137127557,Kushan Nagara architecture style,"This style represents a fusion of Nagara architectural principles from India with Kushan Empire influences, potentially incorporating Central Asian and Hellenistic elements in its design and construction. (ID: INHF-974158539-18-11-25-KG)",0001-01-01T00:00:00Z,,1,,India,,,,Q32880 architectural style
Q137127563,Late Chalukya architecture style,"Late Chalukya architecture, prevalent in the Deccan region, blends Nagara and Dravida styles, showcasing ornate pillars, intricate carvings, and stellate temple plans, often patronized by the Western Chalukya dynasty. (ID: INHF-645763998-18-11-25-LK)",1001-01-01T00:00:00Z,,1001,,India,,,,Q32880 architectural style
Q137127567,Late Medieval Hindu architecture style,Hindu temple architecture during the late medieval period (13th-18th centuries CE) reflecting regional variations and incorporating influences from preceding styles and sometimes Islamic architectural elements. (ID: INHF-546660807-18-11-25-LT),1701-01-01T00:00:00Z,,1701,,,,,,Q32880 architectural style
Q137127564,Late Gupta Period architecture style,"Characterized by restrained ornamentation, flat-roofed mandapas, and the emergence of the shikhara, this style represents a transitional phase in North Indian temple architecture during the Gupta era. (ID: INHF-256801794-18-11-25-LT)",0501-01-01T00:00:00Z,,501,,India,,,,Q32880 architectural style
Q137127571,Late Mughal Military architecture style,"This style, prevalent during the decline of the Mughal empire, integrates Mughal aesthetics with defensive military structures, often incorporating local Rajput and regional vernacular elements for fortification and strategic adva",1701-01-01T00:00:00Z,,1701,,India,,,,Q32880 architectural style
Q137127568,Late Medieval North Indian Temple architecture style,"This style reflects temple building traditions in North India during the late medieval period, incorporating regional variations and influences from contemporary political and cultural interactions. (ID: INHF-540539064-18-11-25-LT)",1201-01-01T00:00:00Z,,1201,,India,,,,Q32880 architectural style
Q137127574,Later Somavamshi Nagara architecture style,"This Nagara style, influenced by the Somavamshi dynasty, features a curvilinear shikhara and a focus on the sanctum, reflecting regional adaptations within the broader Nagara tradition. (ID: INHF-192940675-18-11-25-LM)",1001-01-01T00:00:00Z,,1001,,India,,,,Q32880 architectural style
Q137127572,Later Chola architecture style,"Later Chola architecture, an evolution of Dravidian style, is characterized by taller vimanas, more elaborate gopurams, and a greater emphasis on sculptural detail, reflecting the empire's wealth and power. (ID: INHF-027426350-18-11-25-LR)",1001-01-01T00:00:00Z,,1001,,India,,,,Q32880 architectural style
Q137127577,Latina architecture style,"Latina style, a sub-style of Nagara architecture, features a single, prominent shikhara (tower) without clustering, emphasizing verticality and often adorned with intricate carvings. (ID: INHF-395335019-18-11-25-LT)",0701-01-01T00:00:00Z,,701,,India,,,,Q32880 architectural style
Q137127582,Local Bihari Vernacular architecture style,"Characterized by the use of locally available materials and techniques, adapted to the climate and cultural context of Bihar. (ID: INHF-181580889-18-11-25-LI)",,,,,India,,,,Q32880 architectural style
Q137127586,Madurai Nayak architecture style,"Characterized by towering gopurams, intricate stucco work, and expansive mandapas, this style flourished under the Nayak rulers of Madurai, representing a late phase of Dravidian temple building. (ID: INHF-962374235-18-11-25-MC)",1501-01-01T00:00:00Z,,1501,,India,,,,Q32880 architectural style
Q137127585,Madurai architecture style,"Characterized by towering gopurams adorned with vibrant stucco figures, expansive temple complexes, and a focus on the divine marriage of Meenakshi and Sundareswarar, reflecting Pandya and Nayaka influences. (ID: INHF-225798646-18-11-25-MY)",1601-01-01T00:00:00Z,,1601,,India,,,,Q32880 architectural style
Q137127591,Malaysian Hindu Temple architecture style,"Malaysian Hindu temple architecture blends Dravida and local influences, adapting traditional forms to the Malaysian context with unique decorative elements and materials. (ID: INHF-336266938-18-11-25-MC)",0019-01-01T00:00:00Z,,19,,India,,,,Q32880 architectural style
Q137127593,Nagara architecture style,"Canonical example of North Indian Hindu temple design with towering curvilinear shikharas, sculpted mandapas, and axial sanctum planning refined during the medieval period across the Ganga plains and western India. (ID: INHF-123456789-13-11-25-NA)",0008-01-01T00:00:00Z,,8,,India,,,,Q32880 architectural style
Q137127599,Mandala architecture style,"A symbolic representation of the cosmos, employed in the planning of sacred spaces and structures, reflecting Indic cosmological principles and guiding spiritual practice. (ID: INHF-306341754-18-11-25-MN)",,,,,India; Nepal,,,,Q32880 architectural style
Q137127597,Malwa Sultanate architecture style,"A regional style blending Delhi Sultanate influences with local traditions, known for its robust construction, use of local materials, and integration of Hindu and Islamic motifs. (ID: INHF-917670025-18-11-25-MA)",1301-01-01T00:00:00Z,,1301,,India,,,,Q32880 architectural style
Q137127603,Mandapa architecture style,"Mandapas are pillared halls or pavilions, often found in Indian temples, serving as assembly areas for devotees or spaces for ritual performances and housing deities. (ID: INHF-410683831-18-11-25-MA)",,,,,,,,,Q32880 architectural style
Q137127600,Mandala-Based architecture style,"Architectural designs rooted in the mandala, a symbolic diagram representing the cosmos, influencing layout and spatial organization in sacred structures. (ID: INHF-622007861-18-11-25-MT)",,,,,India; Nepal,,,,Q32880 architectural style
Q137127606,Mandapam architecture style,"Mandapams are pillared outdoor halls, often open-air, used for gatherings, rituals, and ceremonies within Hindu temple complexes, serving as transitional spaces and community areas. (ID: INHF-387494243-18-11-25-ML)",,,,,India,,,,Q32880 architectural style
Q137127789,Manipuri Nagara architecture style,"This style represents a regional adaptation of Nagara architecture, incorporating indigenous Meitei elements and Ahom influences, characterized by a curvilinear tower and porch within a Hindu temple context. (ID: INHF-339895974-18-11-25-MT)",,,,,India,,,,Q32880 architectural style
Q137127881,Manipuri Vernacular architecture style,"Characterized by timber-framed structures and thatched roofs, this style reflects the traditional building practices of the Meitei people in Manipur, often incorporating local materials like bamboo and timber. (ID: INHF-157137903-18-11-25-MU)",,,,,India,,,,Q32880 architectural style
Q137128181,Maratha Fortification architecture style,"Characterized by robust defensive structures, strategic placement, and adaptation to the local terrain, often incorporating watchtowers, fortified gateways, and water management systems. (ID: INHF-310276179-18-11-25-MA)",1601-01-01T00:00:00Z,,1601,,India,,,,Q32880 architectural style
Q137128343,Maratha Fortifications architecture style,"Maratha fortifications, originating in Maharashtra, are characterized by robust stone construction, strategic placement on hills or coastal areas, and features designed for defense, reflecting the region's history of conflict and",1601-01-01T00:00:00Z,,1601,,India,,,,Q32880 architectural style
Q137128453,Maratha Military architecture style,"Characterized by robust fortifications, strategic placement, and adaptation to the local terrain, reflecting the Maratha Empire's emphasis on defensive strength and regional control. (ID: INHF-976584152-18-11-25-MT)",1601-01-01T00:00:00Z,,1601,,India,,,,Q32880 architectural style
Q137128614,Maratha Temple architecture style,"Characterized by its robust construction, use of stone, and incorporation of elements from both Nagara and Dravida traditions, reflecting the Maratha Empire's diverse cultural influences. (ID: INHF-849272289-18-11-25-MS)",1601-01-01T00:00:00Z,,1601,,India,,,,Q32880 architectural style
Q137128761,Maratha Vernacular architecture style,"This style reflects the regional building traditions of the Maratha Empire, incorporating local materials and techniques adapted to the climate and terrain of Maharashtra. (ID: INHF-108618484-18-11-25-MR)",1601-01-01T00:00:00Z,,1601,,India,,,,Q32880 architectural style
Q137128932,Maritime architecture style,"Architectural adaptations designed for coastal environments, considering factors like salinity, storms, and maritime trade influences, often incorporating nautical motifs. (ID: INHF-986297338-18-11-25-MH)",,,,,India,,,,Q32880 architectural style
Q137129127,Maritime Silk Road architecture style,"Maritime Silk Road architecture represents the exchange of architectural ideas and techniques along maritime trade routes, blending indigenous styles with influences from various cultures, including Indian, Southeast Asian, and Ch",1401-01-01T00:00:00Z,,1401,,India,,,,Q32880 architectural style
Q137129392,Māru-Gurjara architecture style,"Māru-Gurjara architecture, originating in Rajasthan and Gujarat, is characterized by its ornate carvings, intricate detailing, and stepped-tank designs, often employing light-colored sandstone. (ID: INHF-966012802-18-11-25-MT)",1201-01-01T00:00:00Z,,1201,,India,,,,Q32880 architectural style
Q137129412,Maru-Gurjara Haveli architecture style,"This style, prominent in Gujarat and Rajasthan, blends Maru-Gurjara temple architecture with regional haveli traditions, showcasing intricate carvings, courtyards, and locally sourced materials, reflecting the region's unique cult",1201-01-01T00:00:00Z,,1201,,India,,,,Q32880 architectural style
Q137129506,Marwar architecture style,"Emanating from the Marwar region of Rajasthan, this style showcases local building traditions, sandstone carving techniques, and adaptations to the arid climate. (ID: INHF-970741367-18-11-25-MA)",1401-01-01T00:00:00Z,,1401,,India,,,,Q32880 architectural style
Q137129680,Maurya architecture style,"Marked by monumental structures, polished pillars, and rock-cut caves, this style reflects early imperial patronage and Buddhist influences, utilizing sandstone and brick. (ID: INHF-918660459-18-11-25-MA)",-0321-01-01T00:00:00Z,,-322,,India,,,,Q32880 architectural style
Q137129786,Mauryan architecture style,"Characterized by monumental structures, polished sandstone pillars bearing edicts, and early stupas, reflecting the patronage of Emperor Ashoka and the spread of Buddhism. (ID: INHF-718781551-18-11-25-MT)",-0398-01-01T00:00:00Z,,-399,,India,,,,Q32880 architectural style
Q137129940,Medieval Hindu architecture style,"Encompasses diverse regional Hindu temple styles that flourished during the medieval period in India, reflecting varied dynastic patronage and local artistic traditions. (ID: INHF-715038760-18-11-25-MT)",0701-01-01T00:00:00Z,,701,,,,,,Q32880 architectural style
Q137130118,Megalithic architecture style,"Involving the construction of structures using large stones, often erected as monuments or for ritualistic purposes, megalithic architecture is found worldwide, including diverse regions of India, reflecting ancient cultural pract",,,,,India,,,,Q32880 architectural style
Q137130297,Meitei architecture style,"Meitei architecture, originating in Manipur, is characterized by its vernacular adaptations, often incorporating timber construction, thatched roofs, and indigenous construction techniques reflecting the region's unique cultural a",1701-01-01T00:00:00Z,,1701,,India,,,,Q32880 architectural style
Q137130434,Military architecture style,"Characterized by defensive structures designed for strategic advantage, incorporating features like fortified walls, bastions, and gatehouses to protect against attack. (ID: INHF-858166660-18-11-25-ML)",,,,,India,,,,Q32880 architectural style
Q137130603,Mizo Vernacular architecture style,"Vernacular architecture of Mizoram reflects local materials, climate, and cultural traditions, often incorporating bamboo and wood in its construction. (ID: INHF-430514280-18-11-25-MV)",,,,,India,,,,Q32880 architectural style
Q137130733,Modern Dravidian architecture style,"A contemporary interpretation of Dravidian temple architecture, characterized by towering gopurams and incorporating modern materials and construction techniques while adhering to traditional principles. (ID: INHF-658314726-18-11-25-MA)",0021-01-01T00:00:00Z,,21,,India,,,,Q32880 architectural style
Q137130750,Modern Indian Temple architecture style,"Modern Indian temple architecture blends traditional Indic principles with contemporary materials and construction techniques, often adapting to urban contexts and diaspora communities. (ID: INHF-732515608-18-11-25-MR)",1901-01-01T00:00:00Z,,1901,,India,,,,Q32880 architectural style
Q137130748,Modern Hindu architecture style,"Modern Hindu architecture integrates traditional Indic principles with contemporary design, materials, and construction techniques, often reflecting regional adaptations and code compliance requirements. (ID: INHF-159392463-18-11-25-MD)",0020-01-01T00:00:00Z,,20,,,,,,Q32880 architectural style
Q137130753,Modern Institutional architecture style,"Characterized by functional design, efficient space utilization, and contemporary materials like steel and glass, this style is commonly employed for institutional buildings, prioritizing accessibility and sustainability.",0020-01-01T00:00:00Z,,20,,,,,,Q32880 architectural style
Q137130965,Mountain Temple architecture style,"Mountain temples, found across Indic regions, are designed to represent sacred mountains like Mount Meru, often featuring elevated platforms and symbolic layouts reflecting Hindu cosmology. (ID: INHF-025715319-18-11-25-ME)",,,,,India,,,,Q32880 architectural style
Q137131148,Mount Meru Temple architecture style,"Temple design embodying the sacred Mount Meru cosmology, often manifested as a stepped pyramid or terraced structure, symbolizing the axis mundi and the connection between earthly and divine realms. (ID: INHF-012844120-18-11-25-MP)",,,,,India,,,,Q32880 architectural style
Q137131153,Mughal Fortification architecture style,"Characterized by massive walls, elaborate gateways, and strategic layouts, this style reflects the Mughal empire's military power and architectural grandeur, sometimes influencing later structures. (ID: INHF-949092067-18-11-25-MA)",1501-01-01T00:00:00Z,,1501,,India,,,,Q32880 architectural style
Q137131274,Mughal-Rajput architecture style,"A syncretic style blending Mughal imperial grandeur with Rajput regional aesthetics, characterized by intricate ornamentation, use of red sandstone, cusped arches, chhatris, and jharokhas, often seen in palaces and temples.",1501-01-01T00:00:00Z,,1501,,India,,,,Q32880 architectural style
Q137131393,Murugan Temple architecture style,"Murugan temple architecture, a subset of Dravida style, is dedicated to the deity Murugan (Skanda), often featuring unique iconographic elements and regional variations in design and ornamentation. (ID: INHF-949014523-18-11-25-MT)",,,,,Sri Lanka,,,,Q32880 architectural style
Q137131398,Mysore architecture style,"A regional style developed under the Wodeyar and Mysore Sultanate rulers, blending Hindu-Dravidian and Indo-Islamic elements with a focus on practicality and local materials. (ID: INHF-491079241-18-11-25-ME)",1701-01-01T00:00:00Z,,1701,,India,,,,Q32880 architectural style
Q137131634,Nagara-Bengali-Assamese-Orissan Hybrid architecture style,"This style represents an eclectic fusion of Nagara, Bengali, Assamese, and Orissan temple architectural elements, reflecting a synthesis of regional influences within a Hindu sacred context. (ID: INHF-078593453-18-11-25-NH)",,,,,India,,,,Q32880 architectural style
Q137131632,Nagara-Bagan architecture style,"A hybrid style blending Nagara shikhara elements with Bagan's distinct temple architecture, often incorporating Hindu guardian deities within a Buddhist context, reflecting Indic cosmological planning. (ID: INHF-116783021-18-11-25-NU)",1001-01-01T00:00:00Z,,1001,,Myanmar,,,,Q32880 architectural style
Q137131633,Nagara-Bagan Hybrid architecture style,"A syncretic style blending Nagara architectural elements from India with local Bagan traditions, evident in the stupa's superstructure and decorative motifs, reflecting cultural exchange and adaptation. (ID: INHF-614513048-18-11-25-NR)",1201-01-01T00:00:00Z,,1201,,India,,,,Q32880 architectural style
Q137131678,Nagara-Chhattisgarhi Vernacular architecture style,"This style represents a synthesis of Nagara temple architecture with local Chhattisgarhi vernacular traditions, potentially incorporating regional materials and construction techniques. (ID: INHF-943314698-18-11-25-NE)",,,,,India,,,,Q32880 architectural style
Q137131683,Nagara-Dravida Fusion architecture style,"This style represents a syncretic blend of Nagara and Dravida architectural traditions, combining elements from northern and southern India in a unique temple design. (ID: INHF-250873496-18-11-25-NN)",,,,,India,,,,Q32880 architectural style
Q137131831,Nagara-Dravida Hybrid architecture style,"A syncretic style blending elements of both Nagara and Dravida architectural traditions, often seen in regions where the two styles interacted, resulting in unique hybrid forms. (ID: INHF-220943272-18-11-25-NG)",0701-01-01T00:00:00Z,,701,,India,,,,Q32880 architectural style
Q137131953,Nagara-Influenced architecture style,"Featuring Nagara architectural influences, this style likely incorporates elements such as curvilinear shikhara towers or planimetric layouts characteristic of North Indian temple design, adapted to local materials and traditions.",0501-01-01T00:00:00Z,,501,,India,,,,Q32880 architectural style
Q137132092,Nagara-Influenced Bagan architecture style,"This style represents a regional interpretation of the Nagara style, incorporating local Bagan architectural elements while drawing inspiration from the Mahabodhi Temple's design and layout. (ID: INHF-615289589-18-11-25-NC)",1201-01-01T00:00:00Z,,1201,,India,,,,Q32880 architectural style
Q137132230,Nagara-Influenced Bagan Cave Temple architecture style,"This style reflects Nagara architectural principles adapted for cave temples in the Bagan region, incorporating Hindu iconography and rock-cut construction techniques. (ID: INHF-729586658-18-11-25-NE)",0701-01-01T00:00:00Z,,701,,India,,,,Q32880 architectural style
Q137132357,Nagara-Influenced Hindu Temple architecture style,"This style incorporates elements of the Nagara style, characterized by its curvilinear shikhara (tower) and cruciform ground plan, adapted to the specific context of the temple. (ID: INHF-123340862-18-11-25-NA)",0501-01-01T00:00:00Z,,501,,India,,,,Q32880 architectural style
Q137132503,Nagara-Influenced Khmer architecture style,"Khmer temple architecture incorporating Nagara elements, evident in tower-like structures, vertical emphasis, and possibly curvilinear forms, reflecting Indian cosmological influences adapted to local Khmer traditions.",0801-01-01T00:00:00Z,,801,,India,,,,Q32880 architectural style
Q137132542,Nagara-Influenced Pagoda architecture style,"A pagoda style showing influence from the Nagara style of North India, possibly through trade routes and transmission of Buddhist architectural forms. (ID: INHF-100860370-18-11-25-NT)",,,,,India,,,,Q32880 architectural style
Q137132543,Nagara-Kalinga architecture style,"This style blends Nagara's northern Indian temple traditions with Kalinga's distinctive Orissan features, often characterized by curvilinear shikharas and intricate carvings, reflecting regional adaptations of pan-Indian norms.",0021-01-01T00:00:00Z,,21,,India,,,,Q32880 architectural style
Q137132540,Nagara-Influenced Khmer Temple architecture style,"Phnom Bakheng exhibits a Khmer interpretation of Nagara architecture, incorporating a stepped pyramid structure to represent Mount Meru, reflecting Indian cosmological planning and Shaiva influences. (ID: INHF-162165508-18-11-25-NT)",0801-01-01T00:00:00Z,,801,,India,,,,Q32880 architectural style
Q137132547,Nagara-Khmer architecture style,"A hybrid style blending Nagara's curvilinear towers with Khmer's temple complexes, often featuring brick construction and Hindu-Buddhist syncretism. (ID: INHF-867461276-18-11-25-NY)",1201-01-01T00:00:00Z,,1201,,India,,,,Q32880 architectural style
Q137132551,Naga Tribal architecture style,"Characterized by indigenous building techniques, communal spaces, symbolic wood carvings, and adaptation to the hilly terrain of Nagaland, reflecting the unique cultural identity of the Naga tribes. (ID: INHF-927568869-18-11-25-NL)",0021-01-01T00:00:00Z,,21,,India,,,,Q32880 architectural style
Q137132549,Nagara-Pala architecture style,"This style represents a fusion of Nagara architectural principles with Pala artistic influences, evident in its curvilinear shikhara and refined sculptural details, originating from the eastern regions of the Indian subcontinent.",1101-01-01T00:00:00Z,,1101,,India,,,,Q32880 architectural style
Q137132552,Naga Vernacular architecture style,"Characterized by the use of locally sourced materials such as wood, bamboo, and thatch, Naga vernacular architecture reflects the indigenous building traditions of the Naga tribes. (ID: INHF-362474969-18-11-25-NI)",,,,,India,,,,Q32880 architectural style
Q137132559,Nalanda Monastery architecture style,"Nalanda Monastery architecture, originating in Bihar, India, features a structured layout emphasizing monastic learning, debate halls, and residential quarters, often constructed with brick and incorporating courtyards for communa",0401-01-01T00:00:00Z,,401,,India,,,,Q32880 architectural style
Q137132557,Nalanda architecture style,"Characterized by its monastic universities, Nalanda architecture emphasizes structured learning spaces, residential quarters, and communal areas, influencing Buddhist institutions across Asia. (ID: INHF-243399306-18-11-25-NE)",0401-01-01T00:00:00Z,,401,,India,,,,Q32880 architectural style
Q137132563,Navaratna Temple architecture style,"A sub-style of Bengali temple architecture featuring a nine-towered (nine-pinnacled) superstructure, often adorned with terracotta and brickwork, reflecting regional adaptations of broader Hindu temple forms. (ID: INHF-750279214-18-11-25-NT)",1601-01-01T00:00:00Z,,1601,,Bangladesh,,,,Q32880 architectural style
Q137132561,Navaratna architecture style,"The Navaratna style, prominent in Bengal, is characterized by its nine spires (ratnas) atop a curved roof, often seen in temples and other religious structures. (ID: INHF-170304313-18-11-25-NV)",1701-01-01T00:00:00Z,,1701,,India,,,,Q32880 architectural style
Q137132570,Neoclassical architecture style,"Characterized by symmetry, proportion, and the use of classical orders (Doric, Ionic, Corinthian), often seen in colonial-era buildings across India. (ID: INHF-670455245-18-11-25-NH)",1701-01-01T00:00:00Z,,1701,,India,,,,Q32880 architectural style
Q137132568,Nayak architecture style,"The Nayak style, prominent in Tamil Nadu, is characterized by its multi-story structures, blending Dravidian elements with influences from Vijayanagara and local traditions, often utilizing brick and stone. (ID: INHF-717431202-18-11-25-NR)",1701-01-01T00:00:00Z,,1701,,India,,,,Q32880 architectural style
Q137132574,Neo-Classical architecture style,"A style that adapts classical architectural forms, often incorporating elements of symmetry, proportion, and ornamentation inspired by ancient Greek and Roman designs. (ID: INHF-144156596-18-11-25-NS)",1701-01-01T00:00:00Z,,1701,,,,,,Q32880 architectural style
Q137132576,Neolithic Settlement architecture style,"Early agrarian settlements featuring mud-brick structures and communal spaces, reflecting a transition to settled agricultural lifestyles. (ID: INHF-253270149-18-11-25-NS)",-6999-01-01T00:00:00Z,,-7000,,India,,,,Q32880 architectural style
Q137132580,Nepalese Pagoda architecture style,"Characterized by tiered roofs, intricate woodwork, and a square or rectangular plan, this style is prominent in Nepal and has influenced architecture in surrounding regions. (ID: INHF-669312117-18-11-25-ND)",0021-01-01T00:00:00Z,,21,,Nepal,,,,Q32880 architectural style
Q137132584,Nepali Pagoda architecture style,"Characterized by multi-tiered roofs and intricate woodwork, this style is prominent in Nepal and has influenced architecture in neighboring regions. (ID: INHF-305680075-18-11-25-NY)",1201-01-01T00:00:00Z,,1201,,Nepal,,,,Q32880 architectural style
Q137132764,Newar architecture style,"Characterized by tiered roofs, intricate wood carvings, and pagoda-style structures, this style from the Kathmandu Valley significantly influenced Tibetan architecture. (ID: INHF-156574017-18-11-25-NA)",1101-01-01T00:00:00Z,,1101,,Nepal,,,,Q32880 architectural style
Q137132849,Newari architecture style,"Characterized by intricate wood carvings, multi-tiered roofs, and the use of brick, this style from the Kathmandu Valley in Nepal showcases exceptional craftsmanship and religious symbolism. (ID: INHF-328926275-18-11-25-NR)",1101-01-01T00:00:00Z,,1101,,Nepal,,,,Q32880 architectural style
Q137132854,North American Institutional architecture style,"North American institutional architecture often prioritizes functionality, accessibility, and community engagement, typically featuring large open spaces, durable materials, and energy-efficient designs. (ID: INHF-609900828-18-11-25-NS)",0020-01-01T00:00:00Z,,20,,India,,,,Q32880 architectural style
Q137132859,Northeast Indian Vernacular architecture style,"Characterized by climate-responsive designs using locally available materials like bamboo, wood, and thatch, this style reflects the diverse cultural and environmental contexts of Northeast India. (ID: INHF-041133030-18-11-25-NU)",,,,,India,,,,Q32880 architectural style
Q137132857,North-Eastern Indian Vernacular architecture style,"Characterized by the use of locally sourced materials like bamboo and wood, this style adapts to the region's climate and cultural practices, often featuring elevated structures and sloping roofs. (ID: INHF-832209321-18-11-25-NI)",,,,,India,,,,Q32880 architectural style
Q137132867,Odantapuri architecture style,"Odantapuri architecture, originating from the Odantapuri Mahavihara in Bihar, India, is characterized by its monastic layout and served as a model for early Tibetan Buddhist monasteries. (ID: INHF-272709673-18-11-25-OT)",0701-01-01T00:00:00Z,,701,,India,,,,Q32880 architectural style
Q137132865,Octagonal Temple architecture style,"Octagonal temple architecture features an eight-sided plan for the sanctum or the entire structure, a relatively uncommon but significant variation found across different Indian temple styles. (ID: INHF-051459997-18-11-25-OT)",,,,,,,,,Q32880 architectural style
Q137132871,Orissan Kalinga architecture style,"Kalinga architecture, originating from Odisha, features distinctive curvilinear rekha deula (shikhara) and intricate carvings, often dedicated to Hindu deities. (ID: INHF-023043862-18-11-25-OT)",0601-01-01T00:00:00Z,,601,,India,,,,Q32880 architectural style
Q137132869,Orissan architecture style,"Orissan architecture, a regional variant of Nagara, features distinctive curvilinear rekha deul shikharas, jagamohana (assembly halls), and intricate carvings, with subtle influences seen in Assam. (ID: INHF-763319290-18-11-25-OT)",0601-01-01T00:00:00Z,,601,,India,,,,Q32880 architectural style
Q137132874,Orissan Nagara architecture style,"A regional variant of Nagara, Orissan architecture is distinguished by its curvilinear rekha deul (tower), jagamohana (assembly hall), and intricate sculptural ornamentation, often dedicated to deities like Jagannath and Shiva.",0601-01-01T00:00:00Z,,601,,India,,,,Q32880 architectural style
Q137132877,Orissan Temple architecture style,"Characterized by its curvilinear shikhara (tower), jagamohana (assembly hall), and intricate carvings, this style flourished in Odisha and influenced temple construction in neighboring regions. (ID: INHF-778393645-18-11-25-OI)",0701-01-01T00:00:00Z,,701,,India,,,,Q32880 architectural style
Q137132970,Pagoda architecture style,"Pagoda architecture, characterized by tiered towers with multiple eaves, originated in East Asia and spread through Buddhist influence, often serving as reliquaries or sacred monuments. (ID: INHF-427518406-18-11-25-PD)",0501-01-01T00:00:00Z,,501,,India,,,,Q32880 architectural style
Q137133034,Pahadi architecture style,"Pahadi architecture, originating in the Himalayan regions, is characterized by its adaptation to mountainous terrain, use of local materials like wood and stone, and distinctive pagoda-like or pent-roofed structures. (ID: INHF-857515620-18-11-25-PA)",0701-01-01T00:00:00Z,,701,,India,,,,Q32880 architectural style
Q137133036,Pahari architecture style,"Vernacular style of temple architecture prevalent in the Himalayan regions, particularly Himachal Pradesh, characterized by pagoda-like tiered roofs, intricate woodwork, and a blend of Hindu and local traditions. (ID: INHF-532623879-18-11-25-PR)",0701-01-01T00:00:00Z,,701,,India,,,,Q32880 architectural style
Q137133041,Pala architecture style,"Emerged in the Bengal and Bihar regions of India, characterized by its influence on Buddhist art and architecture, particularly in the design of monasteries and the use of terracotta and stone. (ID: INHF-858754490-18-11-25-PT)",0701-01-01T00:00:00Z,,701,,India,,,,Q32880 architectural style
Q137133049,Palatial architecture style,"Palatial architecture denotes grand residences of rulers or nobility, characterized by spacious layouts, ornate decoration, and incorporation of elements reflecting power, wealth, and cultural influences of the region.",,,,,India,,,,Q32880 architectural style
Q137133054,Pancharatha architecture style,"Pancharatha style refers to a temple plan with five vertical projections (rathas) on each side of the structure, enhancing its visual complexity and sculptural potential. (ID: INHF-422688270-18-11-25-PC)",0601-01-01T00:00:00Z,,601,,India,,,,Q32880 architectural style
Q137133052,Pala-Tibetan architecture style,"A synthesis of Pala architectural elements from eastern India with Tibetan Buddhist building traditions, characterized by monastic layouts and artistic motifs reflecting both Indic and Himalayan influences. (ID: INHF-835660411-18-11-25-PT)",1101-01-01T00:00:00Z,,1101,,India,,,,Q32880 architectural style
Q137133074,Pancharatha Nagara architecture style,"A Nagara sub-style where the temple plan features five vertical projections or 'rathas' on each side, creating a complex and visually rich facade. (ID: INHF-969488791-18-11-25-PL)",,,,,India,,,,Q32880 architectural style
Q137133101,Pancharatna architecture style,"Pancharatna architecture, common in Bengal temples, is characterized by five ratnas or towers crowning the structure, symbolizing a heightened spiritual significance. (ID: INHF-391482040-18-11-25-PE)",1701-01-01T00:00:00Z,,1701,,Bangladesh,,,,Q32880 architectural style
Q137133107,Pancharatra architecture style,"Pancharatra architecture adheres to the Pancharatra Agama, a Vaishnava tradition, emphasizing specific layouts, iconography, and ritual spaces within the temple complex. (ID: INHF-325594629-18-11-25-PR)",,,,,India,,,,Q32880 architectural style
Q137133104,Pancharatra Agama architecture style,"Pancharatra Agama architecture, rooted in Vaishnava traditions, emphasizes precise iconometry, ritualistic layouts, and symbolic representations of deities within temple complexes, guiding construction and worship. (ID: INHF-481970655-18-11-25-PC)",,,,,India,,,,Q32880 architectural style
Q137133114,Panchayatana architecture style,"Panchayatana architecture features a central shrine surrounded by four subsidiary shrines, dedicated to different deities, though this arrangement may not be strictly adhered to at the site. (ID: INHF-870100018-18-11-25-PH)",0501-01-01T00:00:00Z,,501,,,,,,Q32880 architectural style
Q137133117,Panchayatana Nagara architecture style,"Panchayatana is an architectural layout where the main shrine is surrounded by four subsidiary shrines, a feature integrated within the Nagara style, as seen in Kandariya Mahadeva Temple. (ID: INHF-972683967-18-11-25-PT)",,,,,,,,,Q32880 architectural style
Q137133122,Pandya architecture style,"Pandya architecture, another Dravida sub-style, features towering gopurams, intricate carvings, and a focus on elaborate ornamentation, showcasing the artistic achievements of the Pandya dynasty. (ID: INHF-067806092-18-11-25-PA)",0501-01-01T00:00:00Z,,501,,Sri Lanka,,,,Q32880 architectural style
Q137133120,Panch Kedara architecture style,"Panch Kedara architecture, specific to the Kedarnath region, features stone construction adapted to the Himalayan climate and dedicated to Lord Shiva, forming a crucial pilgrimage circuit. (ID: INHF-222093802-18-11-25-PR)",1101-01-01T00:00:00Z,,1101,,India,,,,Q32880 architectural style
Q137133125,Pan-Indian Hindu Temple architecture style,"This style encompasses the fundamental elements and principles common to Hindu temple architecture across the Indian subcontinent, reflecting shared religious beliefs and symbolic representations. (ID: INHF-942509528-18-11-25-PR)",,,,,,,,,Q32880 architectural style
Q137133138,Parthian architecture style,"Characterized by its distinct architectural features developed within the Parthian Empire, often incorporating elements of Hellenistic and Iranian traditions in its structures and designs. (ID: INHF-376960184-18-11-25-PC)",-0246-01-01T00:00:00Z,,-247,,Iran,,,,Q32880 architectural style
Q137133167,Pavilion architecture style,"Pavilion architecture refers to open or semi-open structures used for ceremonial, recreational, or residential purposes, often incorporating elements from local and regional styles. (ID: INHF-381878912-18-11-25-PE)",,,,,,,,,Q32880 architectural style
Q137133192,Persian architecture style,"Persian architecture, known for its intricate geometric patterns, use of glazed tiles, and grand scale, influenced many architectural styles across the Islamic world and India. (ID: INHF-784483390-18-11-25-PE)",,,,,India; Iran,,,,Q32880 architectural style
Q137133210,Pilgrimage architecture style,"Pilgrimage architecture encompasses the design and planning of sacred sites to accommodate and facilitate the needs of pilgrims, including lodging, dining, and ritual spaces. (ID: INHF-956989858-18-11-25-PT)",,,,,,,,,Q32880 architectural style
Q137133209,Persian Garden architecture style,"Characterized by its geometric layouts, water features, and integration with architecture, reflecting a paradise-like vision and often associated with palaces and royal complexes. (ID: INHF-501718546-18-11-25-PU)",,,,,India; Iran,,,,Q32880 architectural style
Q137133219,Post-Gupta Bengal architecture style,"Characterized by regional adaptations of Gupta-era forms, this style in Bengal saw increased use of brick and terracotta, often featuring curvilinear rooflines and elaborate ornamentation. (ID: INHF-081999804-18-11-25-PU)",1101-01-01T00:00:00Z,,1101,,India,,,,Q32880 architectural style
Q137133223,Prairie architecture style,"Prairie architecture, originating in the American Midwest and Canadian Prairies, emphasizes horizontal lines, open floor plans, and integration with the surrounding landscape, often using local materials. (ID: INHF-042225347-18-11-25-PR)",1901-01-01T00:00:00Z,,1901,,India,,,,Q32880 architectural style
Q137133221,Postmodern architecture style,"Postmodern architecture is characterized by its eclectic mix of styles, playful ornamentation, and rejection of strict functionalism, often incorporating historical references in a contemporary context. (ID: INHF-661955215-18-11-25-PR)",0020-01-01T00:00:00Z,,20,,,,,,Q32880 architectural style
Q137133225,Prasat architecture style,"Prasat architecture, common in Southeast Asia, denotes temple towers or sanctuaries, often constructed from brick or sandstone and adorned with intricate carvings and stucco ornamentation. (ID: INHF-722188906-18-11-25-PU)",0009-01-01T00:00:00Z,,9,,India,,,,Q32880 architectural style
Q137133230,Queen Anne architecture style,"A Victorian-era style characterized by asymmetrical facades, elaborate ornamentation, and a variety of materials, often featuring towers, turrets, and bay windows. (ID: INHF-002992373-18-11-25-QN)",1880-01-01T00:00:00Z,,1880,,India,,,,Q32880 architectural style
Q137133228,Punjabi architecture style,"Punjabi architecture blends indigenous traditions with influences from neighboring regions, characterized by its use of brick, intricate woodwork, and distinctive rooflines, reflecting the region's cultural syncretism.",1701-01-01T00:00:00Z,,1701,,India,,,,Q32880 architectural style
Q137133334,Queensland Vernacular architecture style,"Queensland Vernacular architecture adapts traditional building techniques to the local climate and available materials, often featuring timber framing, elevated structures, and designs resilient to cyclones and floods.",1801-01-01T00:00:00Z,,1801,,India,,,,Q32880 architectural style
Q137133504,Qutb Shahi architecture style,"The Qutb Shahi style, flourishing in the Deccan, blends Persian and Indian forms, characterized by grand arches, intricate stucco work, and the incorporation of local materials. (ID: INHF-723411230-18-11-25-QB)",1501-01-01T00:00:00Z,,1501,,India,,,,Q32880 architectural style
Q137133685,Rajagopuram architecture style,"Rajagopurams are monumental gateway towers, a defining feature of South Indian temples, adorned with elaborate sculptures and vibrant colors, serving as prominent landmarks and entry points. (ID: INHF-416078956-18-11-25-RR)",1801-01-01T00:00:00Z,,1801,,India,,,,Q32880 architectural style
Q137133805,Raja Gopuram architecture style,"Raja Gopurams are monumental tower gateways, a defining feature of South Indian temples, characterized by their towering height, pyramidal shape, and elaborate stucco ornamentation depicting deities and mythological scenes.",1801-01-01T00:00:00Z,,1801,,India,,,,Q32880 architectural style
Q137133964,Rajasthani architecture style,"Rajasthani architecture, originating from Rajasthan, India, is known for its forts, palaces, and temples featuring intricate carvings, jharokhas (enclosed balconies), chattris (domed pavilions), and the use of sandstone.",0021-01-01T00:00:00Z,,21,,India,,,,Q32880 architectural style
Q137134129,Rajasthani Haveli architecture style,"Characterized by ornate facades, jharokhas, and intricate carvings, this style reflects the region's rich cultural heritage and the patronage of merchant communities, often incorporating elements of Rajput and Mughal aesthetics.",1701-01-01T00:00:00Z,,1701,,India,,,,Q32880 architectural style
Q137134310,Rajasthani Jain architecture style,"Rajasthani Jain architecture showcases regional adaptations of pan-Indian temple building traditions, often featuring white marble and intricate carvings specific to the region. (ID: INHF-001602335-18-11-25-RJ)",1001-01-01T00:00:00Z,,1001,,India,,,,Q32880 architectural style
Q137134464,Rajasthani Military architecture style,"Rajasthani Military architecture, originating from Rajasthan, is characterized by its robust fortifications, intricate gateways, and strategic placement on elevated terrain, reflecting the region's martial history. (ID: INHF-452258017-18-11-25-RE)",0901-01-01T00:00:00Z,,901,,India,,,,Q32880 architectural style
Q137134582,Rajasthani Temple architecture style,"Characterized by intricate carvings, use of sandstone, and often incorporating elements of Jain architecture, Rajasthani temple architecture reflects the region's rich artistic heritage and diverse religious influences.",0701-01-01T00:00:00Z,,701,,India,,,,Q32880 architectural style
Q137134724,Rajasthani Vernacular architecture style,"Characterized by adaptation to the arid climate, Rajasthani vernacular architecture utilizes locally sourced materials like sandstone and incorporates features such as jharokhas, chhatris, and courtyards for thermal comfort and ae",,,,,India,,,,Q32880 architectural style
Q137134949,Rajputana architecture style,"Evolved in the Rajput kingdoms, this style blends indigenous traditions with influences from Mughal and other regional styles, known for its fortresses, palaces, and Havelis. (ID: INHF-128727270-18-11-25-RH)",0601-01-01T00:00:00Z,,601,,India,,,,Q32880 architectural style
Q137135008,Rajput Military architecture style,"Evolved to defend against invaders, featuring high defensive walls, strategic gateways, and elevated citadels, often incorporating intricate carvings and decorative elements reflecting Rajput artistry. (ID: INHF-575639840-18-11-25-RE)",0601-01-01T00:00:00Z,,601,,India,,,,Q32880 architectural style
Q137135165,Rajput-Mughal architecture style,"A syncretic style blending Rajput and Mughal elements, characterized by ornate details, courtyards, and a fusion of indigenous and Islamic aesthetics, prevalent in North and Central India. (ID: INHF-504544367-18-11-25-RA)",1501-01-01T00:00:00Z,,1501,,India,,,,Q32880 architectural style
Q137135342,Rajput-Mughal Fort architecture style,"A synthesis of Rajput military architecture with Mughal influences, characterized by defensive structures incorporating decorative elements and adapting to the Himalayan terrain. (ID: INHF-712049873-18-11-25-RT)",1501-01-01T00:00:00Z,,1501,,India,,,,Q32880 architectural style
Q137135546,Ratna architecture style,"A distinctive temple style featuring one or more 'ratnas' or spires, often seen in Bengal, where the number of spires (eka, pancha, nava) denotes variations in design and complexity. (ID: INHF-437252240-18-11-25-RT)",1601-01-01T00:00:00Z,,1601,,India,,,,Q32880 architectural style
Q137135653,Regional Goan architecture style,"Characterized by the use of local materials like laterite stone and red tiles, reflecting the climate and cultural influences of the Goan region. (ID: INHF-872306931-18-11-25-RU)",1501-01-01T00:00:00Z,,1501,,India,,,,Q32880 architectural style
Q137135824,Regional Mughal architecture style,"A localized variant of Mughal architecture, blending Persian, Timurid, and indigenous Indian elements, particularly evident in structures built during the early Mughal period before the consolidation of imperial styles.",1501-01-01T00:00:00Z,,1501,,India,,,,Q32880 architectural style
Q137135981,Regional Punjabi architecture style,"Characterized by a blend of influences reflecting the region's diverse history, Punjabi architecture often incorporates elements of Mughal, Sikh, and British styles, with a focus on functionality and adaptation to the local climat",1701-01-01T00:00:00Z,,1701,,India,,,,Q32880 architectural style
Q137136109,Regional Vernacular architecture style,"Earthen construction techniques and local materials adapted to Haryana's climate and cultural context, often featuring courtyards, sloping roofs, and decorative elements reflecting regional traditions. (ID: INHF-000514310-18-11-25-RH)",,,,,India,,,,Q32880 architectural style
Q137136284,Rekha Deula architecture style,"Rekha Deula, a prominent feature of Kalinga temple architecture, is characterized by its tall, curvilinear spire (shikhara) that rises directly over the garbhagriha (sanctum). (ID: INHF-496924810-18-11-25-RU)",0601-01-01T00:00:00Z,,601,,India,,,,Q32880 architectural style
Q137136431,Rekha-Deul architecture style,"A prominent style of Kalinga architecture, Rekha-Deul temples are characterized by their curvilinear spires (shikharas) and intricate sculptural ornamentation, often dedicated to Shiva or Vishnu. (ID: INHF-126727163-18-11-25-RD)",0601-01-01T00:00:00Z,,601,,India,,,,Q32880 architectural style
Q137136578,Rekha Deul Nagara architecture style,"A type of Nagara temple characterized by a tall, curvilinear spire (shikhara) with a single, prominent projection, common in Kalinga architecture. (ID: INHF-305985481-18-11-25-RC)",,,,,India,,,,Q32880 architectural style
Q137136761,Religious architecture style,"Structures designed and built for spiritual purposes, encompassing diverse forms and styles reflecting specific religious beliefs, rituals, and cultural contexts. (ID: INHF-766078592-18-11-25-RT)",,,,,India,,,,Q32880 architectural style
Q137136903,Renaissance architecture style,"A European style originating in Italy during the 15th century, characterized by a revival of classical Roman forms, symmetry, proportion, and the use of domes and arches. (ID: INHF-774396761-18-11-25-RC)",1401-01-01T00:00:00Z,,1401,,India,,,,Q32880 architectural style
Q137137039,Revivalist Hindu architecture style,"A contemporary style drawing inspiration from historical Hindu temple architecture, reinterpreting traditional forms and motifs in modern constructions, often incorporating elements from various regional styles. (ID: INHF-558325952-18-11-25-RT)",0021-01-01T00:00:00Z,,21,,,,,,Q32880 architectural style
Q137137262,Saiva architecture style,"Saiva architecture is dedicated to Shiva, characterized by lingams, Nandi figures, and often incorporating elements reflecting the specific Saiva Siddhanta traditions prevalent in the region. (ID: INHF-087070414-18-11-25-SU)",0601-01-01T00:00:00Z,,601,,Nepal,,,,Q32880 architectural style
Q137137439,Saiva Siddhanta architecture style,"Saiva Siddhanta architecture reflects the philosophical tenets of Saiva Siddhanta, emphasizing the worship of Shiva and often incorporating specific iconographic and spatial arrangements. (ID: INHF-680248175-18-11-25-SR)",1901-01-01T00:00:00Z,,1901,,Sri Lanka,,,,Q32880 architectural style
Q137137605,Samadhi Mandir architecture style,"Samadhi Mandir architecture, exemplified by the Shirdi Sai Baba Temple, focuses on creating a sacred space for enshrining the remains or relics of a revered saint or guru. (ID: INHF-381139436-18-11-25-SE)",0021-01-01T00:00:00Z,,21,,India,,,,Q32880 architectural style
Q137137770,Samanid architecture style,"Samanid architecture, flourishing in Central Asia (9th-10th centuries CE), is known for its sophisticated brickwork, geometric patterns, and the use of stucco decoration, influencing later Islamic architectural styles.",0901-01-01T00:00:00Z,,901,,India,,,,Q32880 architectural style
Q137137957,Secular Fortress architecture style,"Secular fortress architecture prioritizes defense, featuring high walls, bastions, gates, and moats, constructed from durable materials like stone and brick, serving as centers of power and administration. (ID: INHF-675985960-18-11-25-SI)",,,,,India,,,,Q32880 architectural style
Q137138093,Shakta architecture style,"Shakta architecture, found across India, emphasizes temples dedicated to the Goddess (Shakti), often featuring unique iconographic programs and ritual spaces tailored to Shakta practices. (ID: INHF-799977420-18-11-25-SC)",1801-01-01T00:00:00Z,,1801,,India,,,,Q32880 architectural style
Q137138147,Shakti Peetha architecture style,"Shakti Peethas are significant shrines and pilgrimage destinations in Shaktism, a Hindu denomination focused on the worship of the Divine Feminine, often located at sites associated with Sati's body parts. (ID: INHF-705898830-18-11-25-SE)",,,,,India,,,,Q32880 architectural style
Q137138253,Sharada Peeth architecture style,"Sharada Peeth architecture, associated with the Sharada Peeth University, showcases a distinct Kashmiri style with influences from surrounding regions, known for its unique temple designs and intricate carvings. (ID: INHF-105404176-18-11-25-SE)",,,,,India,,,,Q32880 architectural style
Q137138384,Shekhawati architecture style,"Shekhawati architecture, originating from the Shekhawati region of Rajasthan, is characterized by its vibrant fresco paintings, intricate jharokhas, and use of local materials, reflecting a blend of Rajput and Mughal influences.",1701-01-01T00:00:00Z,,1701,,India,,,,Q32880 architectural style
Q137138567,Shikhara architecture style,"Shikhara architecture refers to the towering, curvilinear spire, or superstructure, above the garbhagriha (sanctum sanctorum) in North Indian Hindu temples, a defining feature of Nagara style. (ID: INHF-451961817-18-11-25-SK)",0401-01-01T00:00:00Z,,401,,India,,,,Q32880 architectural style
Q137138682,Shindoori architecture style,"A regional variation of Haveli architecture prevalent in the Braj region, characterized by a blend of Mughal symmetry and Rajput ornamentation, often incorporating vibrant colors and local materials. (ID: INHF-947779739-18-11-25-SE)",1701-01-01T00:00:00Z,,1701,,India,,,,Q32880 architectural style
Q137138854,Sikh architecture style,"Sikh architecture, originating in the Punjab region, blends indigenous Indian traditions with Mughal and Rajput influences, often incorporating elements like chattris, fluted domes, and ornate detailing. (ID: INHF-232962636-18-11-25-SE)",0021-01-01T00:00:00Z,,21,,Pakistan,,,,Q32880 architectural style
Q137139076,Sikkimese Buddhist architecture style,"Characterized by steep roofs, bright colors, and monastic layouts, this style reflects the region's unique cultural blend and adaptation of Tibetan Buddhist architectural principles. (ID: INHF-111655014-18-11-25-SI)",,,,,India,,,,Q32880 architectural style
Q137139762,Silk Road architecture style,"Silk Road architecture represents a synthesis of diverse cultural influences along trade routes, blending Indian, Central Asian, and other regional styles in religious and secular structures. (ID: INHF-396441218-18-11-25-SC)",-0001-01-01T00:00:00Z,,-2,,India; Iran,,,,Q32880 architectural style
Q137139999,Silk Road Buddhist architecture style,"This style reflects the fusion of Indian Buddhist principles with Central Asian artistic traditions along the Silk Road, adapting to local materials and cultural contexts. (ID: INHF-288688415-18-11-25-SH)",-0001-01-01T00:00:00Z,,-2,,India; Pakistan; Afghanistan,,,,Q32880 architectural style
Q137140156,Sindhi Hindu architecture style,"Sindhi Hindu architecture reflects a blend of regional influences, incorporating elements of Nagara style with local materials and adaptations to the desert climate of Sindh. (ID: INHF-754857237-18-11-25-SE)",0701-01-01T00:00:00Z,,701,,India,,,,Q32880 architectural style
Q137140388,Sindhi-Hindu Contemporary architecture style,"A modern adaptation of Sindhi Hindu temple architecture, incorporating contemporary materials and design principles while retaining core Indic spiritual and aesthetic values. Features include Mashrabiya facades and Ajrak motifs.",0021-01-01T00:00:00Z,,21,,India,,,,Q32880 architectural style
Q137140569,Sindhi Hindu Temple architecture style,"A regional Hindu temple style prevalent in Sindh, characterized by adaptations of broader Indian architectural traditions and local craftsmanship, often incorporating elements suited to the desert climate. (ID: INHF-607545060-18-11-25-SL)",0021-01-01T00:00:00Z,,21,,India,,,,Q32880 architectural style
Q137140719,Singaporean architecture style,"Singaporean architecture reflects a multicultural blend, incorporating influences from various ethnic groups and historical periods, resulting in a unique urban landscape. (ID: INHF-748479695-18-11-25-SS)",0021-01-01T00:00:00Z,,21,,India,,,,Q32880 architectural style
Q137140904,Singaporean Hindu architecture style,"Singaporean Hindu temple architecture represents a contemporary adaptation of traditional Dravidian and other Indian styles, often incorporating modern materials and responding to urban contexts. (ID: INHF-951287950-18-11-25-SG)",0021-01-01T00:00:00Z,,21,,India,,,,Q32880 architectural style
Q137141068,Singaporean Religious architecture style,This style reflects the adaptation of traditional religious architectural forms within the context of Singapore's multicultural environment and modern construction techniques. (ID: INHF-091226361-18-11-25-SS),0020-01-01T00:00:00Z,,20,,India,,,,Q32880 architectural style
Q137141236,Singapore Hindu Temple architecture style,"Singapore Hindu temples, influenced by South Indian traditions, blend Dravida styles with local adaptations, serving as cultural and religious hubs for the Tamil diaspora, often featuring vibrant colors and intricate sculptures.",0020-01-01T00:00:00Z,,20,,India,,,,Q32880 architectural style
Q137141386,Sino-Tibetan architecture style,"A fusion of Chinese and Tibetan architectural elements, this style is evident in the use of specific roof designs, color palettes, and decorative motifs found in Himalayan monasteries. (ID: INHF-706261635-18-11-25-SC)",0021-01-01T00:00:00Z,,21,,Nepal; Bhutan,,,,Q32880 architectural style
Q137141499,Sogdian architecture style,"Characterized by rectangular layouts, mud-brick construction, and elaborate stucco decorations, Sogdian architecture reflects the cultural and commercial prosperity of Sogdiana. (ID: INHF-606042152-18-11-25-SE)",-0002-01-01T00:00:00Z,,-3,,India,,,,Q32880 architectural style
Q137141699,Sogdian Fortress architecture style,"Characterized by robust defensive structures, Sogdian fortress architecture often features high walls, strategic placement, and limited ornamentation, reflecting the region's turbulent history and need for security. (ID: INHF-120360177-18-11-25-SE)",,,,,,,,,Q32880 architectural style
Q137141896,Sogdian-Indic Syncretic architecture style,"A fusion of Sogdian and Indic architectural elements, reflecting Zoroastrian and Vedic religious syncretism prevalent in Central Asia during the early centuries CE. (ID: INHF-915205835-18-11-25-ST)",0301-01-01T00:00:00Z,,301,,India,,,,Q32880 architectural style
Q137142048,Solanki architecture style,"Solanki architecture, a regional variant of Maru-Gurjara, flourished under the Solanki dynasty in Gujarat and Rajasthan, known for its stepwells (Vavs) and intricately carved temples. (ID: INHF-743836244-18-11-25-SN)",1001-01-01T00:00:00Z,,1001,,India,,,,Q32880 architectural style
Q137142146,Sompura architecture style,"Sompura architecture, a Gujarati style, is characterized by its elaborate stone carvings, structural stability, and adherence to Shilpa Shastras, often seen in temple construction. (ID: INHF-717347100-18-11-25-SY)",0011-01-01T00:00:00Z,,11,,India,,,,Q32880 architectural style
Q137142326,Southeast Asian Brick architecture style,"Southeast Asian brick architecture, widespread across the region, utilizes locally sourced brick as a primary building material, often incorporating intricate ornamentation and reflecting diverse cultural and religious influences.",0501-01-01T00:00:00Z,,501,,Myanmar,,,,Q32880 architectural style
Q137142491,Southeast Asian Hindu Temple architecture style,"Southeast Asian Hindu temple architecture blends Indic principles with local traditions, characterized by stepped pyramids, intricate carvings, and deity-focused iconography, often dedicated to Shiva, Vishnu, or Brahma.",1501-01-01T00:00:00Z,,1501,,India,,,,Q32880 architectural style
Q137142672,Southeast Asian Prasat architecture style,"Prasat architecture, common in Southeast Asia, denotes temple towers or sanctuaries, often dedicated to Hindu deities and reflecting local adaptations of Indian architectural principles. (ID: INHF-831498630-18-11-25-SS)",0006-01-01T00:00:00Z,,6,,India,,,,Q32880 architectural style
Q137142807,South Indian architecture style,"South Indian architecture is characterized by its distinct temple architecture, featuring towering gopurams, intricate carvings, and a focus on geometric precision, reflecting regional variations and dynastic influences.",,,,,India,,,,Q32880 architectural style
Q137142989,Sri Lankan Buddhist architecture style,"A distinct regional style blending indigenous traditions with influences from the Indian subcontinent, characterized by stupas, image houses, and monastic complexes adapted to the island's landscape. (ID: INHF-727484297-18-11-25-SI)",-0002-01-01T00:00:00Z,,-3,,Sri Lanka,,,,Q32880 architectural style
Q137143109,Sri Lankan Cave Temple architecture style,"Characterized by rock-cut cave shrines, often adorned with murals and sculptures, reflecting a synthesis of indigenous traditions and Indian Buddhist influences, particularly Theravada Buddhism. (ID: INHF-825077883-18-11-25-SE)",0000-01-01T00:00:00Z,,-1,,India,,,,Q32880 architectural style
Q137143293,Sri Lankan Dravida architecture style,"Sri Lankan Dravida architecture blends South Indian Dravida traditions with local Sinhalese influences, evident in temple layouts, sculptural styles, and adaptation to the island's climate and materials. (ID: INHF-044918551-18-11-25-SA)",,,,,Sri Lanka,,,,Q32880 architectural style
Q137143456,Sri Lankan Fortress architecture style,"Characterized by defensive structures integrated with the natural landscape, Sri Lankan fortresses often incorporate moats, ramparts, and strategically positioned gateways, reflecting indigenous building traditions. (ID: INHF-623973416-18-11-25-SY)",0401-01-01T00:00:00Z,,401,,Sri Lanka,,,,Q32880 architectural style
Q137143570,Sri Lankan Hindu architecture style,"Sri Lankan Hindu architecture reflects influences from South India, particularly Dravida styles, adapted to the island's unique cultural and environmental context, often featuring vibrant colors. (ID: INHF-143218329-18-11-25-ST)",,,,,Sri Lanka,,,,Q32880 architectural style
Q137143682,Sri Lankan Medieval architecture style,"Evolving during the medieval period in Sri Lanka, this style blends indigenous traditions with influences from South India, particularly in temple design and urban planning, seen in Polonnaruwa. (ID: INHF-872819516-18-11-25-SH)",1001-01-01T00:00:00Z,,1001,,Sri Lanka,,,,Q32880 architectural style
Q137143851,Sri Lankan Tamil architecture style,"This style reflects the cultural and artistic traditions of the Tamil community in Sri Lanka, often incorporating Dravidian elements with local adaptations in temple design and craftsmanship. (ID: INHF-347648291-18-11-25-SE)",,,,,Sri Lanka,,,,Q32880 architectural style
Q137143871,Straits Settlements architecture style,"Straits Settlements architecture reflects a fusion of Chinese, Malay, Indian, and European influences, characterized by ornate facades, use of local materials, and adaptation to the tropical climate of the region. (ID: INHF-213246034-18-11-25-ST)",1701-01-01T00:00:00Z,,1701,,India,,,,Q32880 architectural style
Q137143873,Stucco architecture style,"Stucco architecture involves the use of stucco, a decorative plaster, to create intricate relief work and ornamentation on building facades, often seen in temple architecture across India. (ID: INHF-865290354-18-11-25-ST)",0010-01-01T00:00:00Z,,10,,India,,,,Q32880 architectural style
Q137143880,Stupa architecture style,"A style centered on the stupa, a dome-shaped structure enshrining relics, evolving from simple mounds to elaborate monuments with gateways, railings, and decorative elements. (ID: INHF-276470550-18-11-25-SC)",-0002-01-01T00:00:00Z,,-3,,India; Myanmar; Nepal; Pakistan; Sri Lanka; Afghanistan,,,,Q32880 architectural style
Q137143885,Sultanate architecture style,"Characterized by the adaptation of pre-existing Indian architectural techniques with Islamic design principles, featuring arches, domes, and the use of local materials. (ID: INHF-979203934-18-11-25-SL)",1501-01-01T00:00:00Z,,1501,,India,,,,Q32880 architectural style
Q137143891,Swaminarayan architecture style,"A contemporary Hindu temple style emphasizing intricate carvings, devotional art, and community spaces, often incorporating modern engineering and sustainable design principles within the framework of Shilpa Shastras. (ID: INHF-912346019-18-11-25-SA)",0021-01-01T00:00:00Z,,21,,India,,,,Q32880 architectural style
Q137143895,Tai-Ahom architecture style,"Influenced by the Tai-Ahom kingdom, this style blends indigenous Assamese traditions with elements from Southeast Asia, often seen in temple construction and royal structures. (ID: INHF-558932706-18-11-25-TR)",1801-01-01T00:00:00Z,,1801,,India,,,,Q32880 architectural style
Q137143899,Tai Ahom-Meitei Fusion architecture style,"This style represents a synthesis of Tai Ahom architectural elements with indigenous Meitei traditions, potentially influencing temple design and construction techniques in the region. (ID: INHF-980030940-18-11-25-TI)",1601-01-01T00:00:00Z,,1601,,India,,,,Q32880 architectural style
Q137143905,Tamil Dravida architecture style,"A regional variant of Dravida architecture, Tamil Dravida style is distinguished by its towering gopurams, intricate stucco work, and a strong emphasis on the deity Murugan in some contexts. (ID: INHF-846790174-18-11-25-TT)",1701-01-01T00:00:00Z,,1701,,India,,,,Q32880 architectural style
Q137143908,Tamil Nadu Kovil architecture style,"Emanating from Tamil Nadu, Kovil architecture showcases towering gopurams, intricate sculptures, and adherence to Agamic principles, reflecting the region's rich artistic and religious heritage. (ID: INHF-620537953-18-11-25-TA)",0601-01-01T00:00:00Z,,601,,India,,,,Q32880 architectural style
Q137143913,Tamil Nadu Temple architecture style,"Tamil Nadu temple architecture, a regional variant of Dravida, features distinctive gopurams, pillared mandapas, and intricate sculptures reflecting the Chola, Pandya, and Vijayanagara influences. (ID: INHF-502132149-18-11-25-TI)",0601-01-01T00:00:00Z,,601,,India,,,,Q32880 architectural style
Q137143916,Tamil Nadu Vernacular architecture style,"Tamil Nadu Vernacular architecture encompasses diverse regional building traditions adapted to local climate and materials, often featuring courtyard layouts, tiled roofs, and locally sourced timber and stone. (ID: INHF-139152459-18-11-25-TC)",,,,,India,,,,Q32880 architectural style
Q137143921,Telangana Temple architecture style,"Telangana temple architecture represents a regional variant, often blending Chalukya, Kakatiya, and Vijayanagara influences, characterized by unique stylistic adaptations and local material usage. (ID: INHF-939391955-18-11-25-TR)",1001-01-01T00:00:00Z,,1001,,India,,,,Q32880 architectural style
Q137143924,Temple Architecture Of Mithila Style architecture style,"Temple architecture of Mithila, found in the Mithila region of Bihar and Nepal, exhibits a distinct regional style influenced by Nagara and local vernacular traditions. (ID: INHF-708392403-18-11-25-TT)",1601-01-01T00:00:00Z,,1601,,Nepal,,,,Q32880 architectural style
Q137143930,Temple Pond architecture style,"Temple ponds, or Kalyanis, are integral to temple complexes, serving ritualistic and aesthetic purposes, often featuring stepped designs and intricate carvings, reflecting the sacredness of water in Hindu traditions. (ID: INHF-213853813-18-11-25-TN)",,,,,,,,,Q32880 architectural style
Q137143928,Temple architecture style,"Temple architecture in India encompasses diverse regional styles and traditions, reflecting the religious, cultural, and historical contexts of the subcontinent, with variations in materials, forms, and ornamentation. (ID: INHF-361598465-18-11-25-TL)",,,,,India,,,,Q32880 architectural style
Q137143936,Temple Tank architecture style,"Temple tanks, integral to Hindu temple complexes, are water reservoirs designed for ritual purification and practical use, often featuring stepped designs and surrounding mandapas. (ID: INHF-674982676-18-11-25-TC)",,,,,,,,,Q32880 architectural style
Q137143943,Thai architecture style,"Characterized by ornate detailing, multi-tiered roofs, and the use of vibrant colors, often seen in temple complexes and royal structures, influenced by Buddhist and Hindu traditions. (ID: INHF-703440735-18-11-25-TT)",,,,,India,,,,Q32880 architectural style
Q137143941,Terrace architecture style,"A building style characterized by a row of attached, identical or mirrored houses sharing side walls and often featuring a continuous roofline and facade. (ID: INHF-768367474-18-11-25-TS)",1701-01-01T00:00:00Z,,1701,,India,,,,Q32880 architectural style
Q137143949,Tibetan Buddhist Monastery architecture style,"Tibetan Buddhist Monastery architecture integrates indigenous building techniques with influences from Indian monastic traditions, characterized by fortified structures, assembly halls (Dukhang), and residential quarters for monks",0601-01-01T00:00:00Z,,601,,India,,,,Q32880 architectural style
Q137143961,Tibetan Buddhist Monastic architecture style,"Characterized by fortress-like structures, sloping walls, and vibrant colors, this style reflects the influence of the Gelugpa school and the unique adaptation of Buddhist principles in the Himalayan region. (ID: INHF-943718261-18-11-25-TH)",0021-01-01T00:00:00Z,,21,,Nepal; Bhutan,,,,Q32880 architectural style
Q137143991,Timurid architecture style,"Characterized by monumental scale, glazed tilework, geometric patterns, and the use of double domes, this style originated in Central Asia and influenced Mughal architecture. (ID: INHF-652425456-18-11-25-TR)",1501-01-01T00:00:00Z,,1501,,India,,,,Q32880 architectural style
Q137143997,Tokharistan Art Style architecture style,"This style, prevalent in ancient Tokharistan (Bactria), blends Indian, Iranian, and Central Asian influences, evident in its Buddhist art and architecture, characterized by distinctive figural representations and decorative motifs",-0001-01-01T00:00:00Z,,-2,,Afghanistan,,,,Q32880 architectural style
Q137144007,Tower architecture style,"Tall, vertical structures used for various purposes, including religious, defensive, and commemorative functions, often showcasing regional variations in design and materials. (ID: INHF-037840409-18-11-25-TE)",,,,,India,,,,Q32880 architectural style
Q137144027,Traditional Arunachali architecture style,"Vernacular architectural traditions of Arunachal Pradesh, reflecting indigenous tribal building practices, use of local materials like bamboo and wood, and adaptation to the region's climate and topography. (ID: INHF-977718570-18-11-25-TA)",,,,,India,,,,Q32880 architectural style
Q137144105,Traditional Goan Temple architecture style,"This style represents a unique regional adaptation of temple architecture found in Goa, often blending indigenous traditions with influences from neighboring styles and Portuguese colonial elements. (ID: INHF-868686934-18-11-25-TA)",0021-01-01T00:00:00Z,,21,,India,,,,Q32880 architectural style
Q137144141,Traditional Gujarati architecture style,"Traditional Gujarati architecture showcases a blend of indigenous and regional influences, featuring elements like intricately carved wooden facades, jharokhas, and vibrant colors, reflecting the region's rich cultural heritage.",1901-01-01T00:00:00Z,,1901,,India,,,,Q32880 architectural style
Q137144158,Traditional Hindu architecture style,"Traditional Hindu architecture, guided by Vastu Shastra principles, emphasizes harmony and sacred geometry in temple design, incorporating symbolic elements and reflecting cosmological beliefs. (ID: INHF-351070989-18-11-25-TI)",,,,,India,,,,Q32880 architectural style
Q137144216,Traditional Hindu Temple architecture style,"This style adheres to principles of Hindu temple construction, potentially incorporating elements of Vastu Shastra and reflecting regional variations in design and ornamentation. (ID: INHF-285276922-18-11-25-TT)",,,,,India,,,,Q32880 architectural style
Q137144228,Traditional Mizo architecture style,Characterized by the use of locally sourced materials and construction techniques reflecting the cultural and environmental context of the Mizo people in Mizoram. (ID: INHF-508842521-18-11-25-TE),,,,,India,,,,Q32880 architectural style
Q137144274,Traditional Naga architecture style,"Traditional Naga architecture reflects the indigenous building practices of Nagaland, characterized by the use of local materials like bamboo and wood, and distinctive features adapted to the region's climate and cultural traditio",,,,,India,,,,Q32880 architectural style
Q137144323,Traditional Sikkimese architecture style,"architectural style from Sikkim, India, blending indigenous building techniques with influences from neighboring Tibet and Bhutan, often incorporating local materials and craftsmanship",0021-01-01T00:00:00Z,,21,,India,,,,Q32880 architectural style
Q137144384,Tribal Influenced architecture style,"architecture incorporating tribal influences reflects indigenous building techniques, materials, and decorative motifs, often blending with mainstream styles to create unique regional expressions",,,,,,,,,Q32880 architectural style
Q137144434,Tripura architecture style,"Characterized by a blend of indigenous tribal traditions and Bengali influences, Tripura architecture often features elevated platforms, tiered roofs, and bamboo or timber construction. (ID: INHF-746011826-18-11-25-TR)",1601-01-01T00:00:00Z,,1601,,India,,,,Q32880 architectural style
Q137144487,Tripura-Bengal Nagara architecture style,"This regional variant of Nagara architecture, found in Tripura and Bengal, integrates local building traditions with the northern Indian Nagara style, often featuring brick construction and unique adaptations to the region's clima",,,,,India,,,,Q32880 architectural style
Q137144524,Tripuri Temple architecture style,"Tripuri temple architecture, prevalent in Tripura, blends indigenous traditions with Bengal influences, often featuring a tiered roof and a compact structure reflecting local materials and craftsmanship. (ID: INHF-123933413-18-11-25-TP)",,,,,India,,,,Q32880 architectural style
Q137144594,Triratha architecture style,"A temple plan where the wall is divided into three vertical sections (ratha): central (bhadra), and two flanking sections (pratiratha), creating a stepped or projected facade. (ID: INHF-324201271-18-11-25-TT)",1501-01-01T00:00:00Z,,1501,,,,,,Q32880 architectural style
Q137144671,Tudor Revival architecture style,"A 19th and 20th-century architectural style evoking aspects of Tudor architecture, known for its steeply pitched roofs, gables, and decorative half-timbering. (ID: INHF-354260981-18-11-25-TI)",1801-01-01T00:00:00Z,,1801,,India,,,,Q32880 architectural style
Q137144678,Tughlaq architecture style,"A style of Indo-Islamic architecture prevalent during the Tughlaq dynasty, characterized by massive, austere structures built with rubble masonry, sloping walls, and a focus on strength and functionality. (ID: INHF-177444765-18-11-25-TU)",1301-01-01T00:00:00Z,,1301,,India,,,,Q32880 architectural style
Q137144704,Tulunadu architecture style,"Tulunadu architecture, specific to the Tulu-speaking region, blends traditional vernacular elements with influences from neighboring styles, often featuring wooden structures, tiled roofs, and distinct regional adaptations.",,,,,India,,,,Q32880 architectural style
Q137144810,Turk Shahi architecture style,"Turk Shahi architecture, flourishing from the 7th to 9th centuries CE in the Kabul region, blended Central Asian and Indic influences, evident in its monastic structures and artistic expressions. (ID: INHF-052232147-18-11-25-TS)",0601-01-01T00:00:00Z,,601,,India,,,,Q32880 architectural style
Q137144834,Utkala Nagara architecture style,"A regional variant of Nagara architecture originating from Odisha (formerly Orissa), Utkala style is characterized by its distinctive rekha deul, pidha deul, and khakhara deul temple forms, often constructed from sandstone.",0701-01-01T00:00:00Z,,701,,India,,,,Q32880 architectural style
Q137144874,Vaishnava Temple architecture style,"Dedicated to Vishnu, this style incorporates iconography and narratives centered on Vishnu's avatars, often featuring elaborate carvings and axial planning aligned with Vaishnava cosmology. (ID: INHF-787880542-18-11-25-VL)",-0002-01-01T00:00:00Z,,-3,,India,,,,Q32880 architectural style
Q137144941,Vajrayana architecture style,"Vajrayana architecture, influenced by Indian Tantric Buddhism, emphasizes mandala designs and symbolic representations of deities within monastic complexes and sacred structures. (ID: INHF-804703192-18-11-25-VE)",0701-01-01T00:00:00Z,,701,,Nepal; Bhutan,,,,Q32880 architectural style
Q137144987,Vajrayana Buddhist architecture style,"Evolved from Mahayana Buddhism, Vajrayana architecture emphasizes tantric practices, mandalas, and deity iconography, often incorporating complex symbolism and ritualistic layouts within monastic complexes. (ID: INHF-949550945-18-11-25-VR)",1101-01-01T00:00:00Z,,1101,,India,,,,Q32880 architectural style
Q137145011,Varanasi Temple architecture style,"Characterized by a blend of Nagara influences and regional aesthetics, Varanasi temple architecture often features prominent shikharas, mandaps, garbhagrihas, and the use of local sandstone, reflecting the city's unique cultural a",1701-01-01T00:00:00Z,,1701,,India,,,,Q32880 architectural style
Q137145100,Vastu Shastra architecture style,"Traditional Indian system of architecture integrating design principles, spatial geometry, and directional alignments based on Vedic texts to harmonize buildings with natural and cosmic energies. (ID: INHF-668137127-18-11-25-VI)",,,,,,,,,Q32880 architectural style
Q137145115,Vedic architecture style,"Ancient Indian system aligning spatial arrangements with cosmic principles, emphasizing precise geometry, orientation, and natural materials to create harmonious and spiritually resonant environments. (ID: INHF-913978239-18-11-25-VI)",-1499-01-01T00:00:00Z,,-1500,,India,,,,Q32880 architectural style
Q137145155,Vedic Fire Altar architecture style,"This style, rooted in Vedic traditions, features fire altars (agnicayana) constructed according to precise geometric and ritual specifications, reflecting early Indic religious practices and cosmological understanding.",-0002-01-01T00:00:00Z,,-3,,India,,,,Q32880 architectural style
Q137145166,Vedic Period Religious architecture style,"The Vedic Period (c. 1500-500 BCE) primarily involved open-air altars and fire rituals (yajnas), with early forms of temple architecture gradually emerging towards the later Vedic age. (ID: INHF-276618221-18-11-25-VL)",-1499-01-01T00:00:00Z,,-1500,,India,,,,Q32880 architectural style
Q137145170,Vernacular Architecture Of Bihar Style architecture style,"Vernacular architecture in Bihar reflects local climate, materials, and cultural practices, often incorporating elements of Hindu traditions and regional craftsmanship. (ID: INHF-533875819-18-11-25-VC)",,,,,India,,,,Q32880 architectural style
Q137145178,Vernacular architecture style,"Reflecting the local building traditions and materials of the Chotanagpur Plateau, incorporating indigenous knowledge and adapting to the regional climate and resources. (ID: INHF-833256270-18-11-25-VR)",,,,,India,,,,Q32880 architectural style
Q137145183,Vernacular Haryana architecture style,"Vernacular Haryana architecture reflects local materials, climate, and cultural traditions, often featuring simple structures, courtyards, and locally sourced materials like mud, brick, and wood. (ID: INHF-748840679-18-11-25-VC)",,,,,India,,,,Q32880 architectural style
Q137145186,Vernacular Himalayan architecture style,"Characterized by the use of locally sourced materials like stone and wood, and adaptation to the mountainous terrain, reflecting the unique cultural and environmental context of the Himalayan region. (ID: INHF-375674769-18-11-25-VC)",,,,,India,,,,Q32880 architectural style
Q137145193,Vernacular Indic architecture style,Vernacular architecture across the Indian subcontinent utilizes locally sourced materials and traditional building techniques adapted to regional climate and cultural practices. (ID: INHF-158257188-18-11-25-VS),,,,,India,,,,Q32880 architectural style
Q137145199,Vernacular Manipuri architecture style,Vernacular Manipuri architecture utilizes locally sourced materials and traditional building techniques adapted to the region's climate and cultural practices. (ID: INHF-983858554-18-11-25-VA),,,,,India,,,,Q32880 architectural style
Q137145197,Vernacular Jharkhand architecture style,"traditional building practices in Jharkhand, utilizing local materials and techniques, often adapted to the climate and cultural context, potentially influencing temple construction",,,,,India,,,,Q32880 architectural style
Q137145206,Vernacular Meghalaya architecture style,"Vernacular architecture in Meghalaya adapts to the region's climate and materials, often featuring raised structures, sloping roofs for heavy rainfall, and bamboo or timber construction. (ID: INHF-585590402-18-11-25-VT)",,,,,India,,,,Q32880 architectural style
Q137145204,Vernacular Manipuri Temple architecture style,"This style represents a localized adaptation of Hindu temple architecture within Manipur, utilizing indigenous materials and construction techniques suited to the regional climate and cultural context. (ID: INHF-384223714-18-11-25-VT)",,,,,India,,,,Q32880 architectural style
Q137145210,Vernacular Mizo architecture style,"Vernacular Mizo architecture utilizes locally sourced materials like bamboo and timber, characterized by steeply pitched roofs designed to manage heavy rainfall, reflecting the region's climate and cultural traditions.",,,,,India,,,,Q32880 architectural style
Q137145215,Vernacular Naga architecture style,"Vernacular Naga architecture reflects the indigenous building traditions of the Naga tribes, utilizing locally sourced materials like bamboo and wood, and characterized by distinctive roof structures and community-centric designs.",,,,,India,,,,Q32880 architectural style
Q137145216,Vernacular Northeast India architecture style,"Vernacular architecture of Northeast India reflects local climate, materials, and cultural traditions, often utilizing bamboo, wood, and thatch, with designs adapted to hilly terrain and heavy rainfall. (ID: INHF-481299227-18-11-25-VH)",,,,,India,,,,Q32880 architectural style
Q137145217,Vernacular Northeast Indian architecture style,"Indigenous building traditions of Northeast India, adapted to local climate and materials, often featuring bamboo, wood, and thatch, reflecting diverse tribal cultures and beliefs. (ID: INHF-510001556-18-11-25-VR)",,,,,India,,,,Q32880 architectural style
Q137145223,Vernacular Religious architecture style,"Vernacular religious architecture adapts traditional building techniques and local materials to create sacred spaces that reflect community beliefs and practices, often incorporating regional motifs and deities. (ID: INHF-655716869-18-11-25-VC)",,,,,India,,,,Q32880 architectural style
Q137145227,Vijayanagara architecture style,"Emanating from the Vijayanagara Empire, this style is known for its ornate pillars, intricate carvings, and the use of durable materials like granite, reflecting a Dravidian influence. (ID: INHF-944264973-18-11-25-VC)",1301-01-01T00:00:00Z,,1301,,India,,,,Q32880 architectural style
Q137145224,Vernacular Religious Eclectic architecture style,"This style represents a synthesis of vernacular traditions, religious motifs, and intuitive design, often characterized by bright colors and locally sourced materials, reflecting regional artistic expressions. (ID: INHF-201074952-18-11-25-VC)",,,,,India,,,,Q32880 architectural style
Q137145233,Vihara architecture style,"Ancient Indian monastic architecture designed for Buddhist monks, featuring residential cells arranged around a central courtyard, often adorned with stupas and chaityas. (ID: INHF-564721682-18-11-25-VC)",-0001-01-01T00:00:00Z,,-2,,India; Sri Lanka,,,,Q32880 architectural style
Q137145243,Vikramashila architecture style,"Known for its tantric Buddhist university complex, Vikramashila architecture likely shared features with Nalanda, emphasizing monastic living, ritual spaces, and fortified enclosures during the Pala period. (ID: INHF-371235767-18-11-25-VA)",0701-01-01T00:00:00Z,,701,,India,,,,Q32880 architectural style
Q137145241,Vijayanagara Military architecture style,"Vijayanagara military architecture, flourishing from the 14th-17th centuries CE in South India, is characterized by robust fortifications, strategic hilltop locations, and the incorporation of Dravidian architectural elements for",1301-01-01T00:00:00Z,,1301,,India,,,,Q32880 architectural style
Q137145247,West Coast Temple architecture style,"A regional variant of Dravidian architecture prevalent along the western coast of India, distinguished by its adaptation to the coastal climate and local materials. (ID: INHF-430720177-18-11-25-WE)",0701-01-01T00:00:00Z,,701,,India,,,,Q32880 architectural style
Q137145251,Western Chalukya architecture style,"A style characterized by intricate carvings, stellate plans, and a fusion of Nagara and Dravida elements, often using locally available sandstone or basalt. (ID: INHF-859105013-18-11-25-WT)",1001-01-01T00:00:00Z,,1001,,India,,,,Q32880 architectural style
Q137145255,Western Himalayan Temple architecture style,"Characterized by its adaptation to the mountainous terrain and climate, Western Himalayan temple architecture often features multi-tiered wooden structures and intricate carvings, reflecting local craftsmanship. (ID: INHF-960221178-18-11-25-WA)",1401-01-01T00:00:00Z,,1401,,India,,,,Q32880 architectural style
Q137145253,Western Ganga architecture style,"Western Ganga architecture, prevalent in Karnataka, is known for its early contributions to Jain temple construction and distinctive monolithic pillars, often incorporating Dravida elements. (ID: INHF-918694678-18-11-25-WE)",0301-01-01T00:00:00Z,,301,,India,,,,Q32880 architectural style
Q137145260,Yogini Temple architecture style,"Yogini temples, dedicated to the sixty-four Yoginis, often feature a circular or rectangular open-air enclosure housing individual shrines, reflecting Tantric traditions and Shakti worship. (ID: INHF-844362885-18-11-25-YH)",1201-01-01T00:00:00Z,,1201,,India,,,,Q32880 architectural style
Q137145261,Zoroastrian architecture style,"Zoroastrian architecture, primarily focused on fire temples, features enclosed spaces for ritual purity and the veneration of fire as a symbol of Ahura Mazda. (ID: INHF-656066390-18-11-25-ZC)",-0598-01-01T00:00:00Z,,-599,,Iran,,,,Q32880 architectural style
Q137145266,Zoroastrian Tower Of Silence architecture style,"Tower of Silence architecture, associated with Zoroastrian funerary rites, features elevated structures for excarnation, reflecting Central Asian and Persian traditions. (ID: INHF-423137134-18-11-25-ZO)",,,,,Iran,,,,Q32880 architectural style
Q137145264,Zoroastrian Fire Temple architecture style,"Zoroastrian fire temples, potentially influencing aspects of Ayaz-Kala, emphasize sacred fire altars and enclosed spaces for ritual observance, reflecting Zoroastrian cosmology. (ID: INHF-598788855-18-11-25-ZT)",-0598-01-01T00:00:00Z,,-599,,Iran,,,,Q32880 architectural style
Q137216891,Late Victorian Plain,architectural style,,,,,,,,,Q32880 architectural style
Q137217989,,,,,,,Spain,,,,Q32880 architectural style
Q137273324,Ayyubid architecture,architectural style associated with the Ayyubids,,,,,,,,,Q32880 architectural style
Q138533856,early English architecture,,,,,,,,,,Q32880 architectural style
Q138635829,misegura,,,,,,,,,,Q32880 architectural style
Q139174722,,,,,,,Czech Republic,,,,Q32880 architectural style
Q139310188,Briarde architecture,,,,,,France,,,,Q32880 architectural style
Q139413343,Gandhara Nagara architecture,Ancient temple architecture from Pakistan,0600-01-01T00:00:00Z,,600,,Pakistan,Q1008014,,,Q32880 architectural style
Q139451496,,,,,,,,,,,Q32880 architectural style
Q139569110,,,,,,,,,,,Q32880 architectural style
Q139569120,,,,,,,,,,,Q32880 architectural style
Q139601663,,,,,,,,Q1967635; Q54111,,,Q32880 architectural style
Q139679341,,,,,,,,,,,Q32880 architectural style
Q139799383,Bubble architecture,,,,,,,,,,Q32880 architectural style
Q139823525,Balkan house,architectural style,,,,,Ottoman Empire,,,,Q32880 architectural style
Q140035114,,,,,,,,,,,Q32880 architectural style
Q140441538,Chōgai-tei,"Japanese tea house and garden in Busan, South Korea",,,,,South Korea,,,,Q32880 architectural style
Q149276,tented roof,type of polygonal hipped roof with steeply pitched slopes rising to a peak,,,,,,,,https://en.wikipedia.org/wiki/Tented_roof,Q32880 architectural style
Q149617,gable roof,may have eaves or parapet; with or without rake overhanging,,,,,,,300002296,https://en.wikipedia.org/wiki/Gable_roof,Q32880 architectural style
Q162034,hip roof,type of roof where all sides slope downwards to the walls,,,,,,,300002147,https://en.wikipedia.org/wiki/Hip_roof,Q32880 architectural style
Q162324,International Style,type of modernist architecture,,,,,,Q207445,300021472,https://en.wikipedia.org/wiki/International_Style,Q32880 architectural style
Q171309,Dravidian architecture,"architectural idiom that emerged in the Southern part of the Indian subcontinent or South India, consisting primarily of temples with pyramid shaped towers",,,,,India,,,https://en.wikipedia.org/wiki/Dravidian_architecture,Q32880 architectural style
Q1967635,Postconstructivism,"style of Soviet architecture of the 1930s, transitional from modernism to stalinism",,,,,,,,https://en.wikipedia.org/wiki/Postconstructivism,Q32880 architectural style
Q1973348,Norman-Arab-Byzantine culture,cultural interaction in Medieval Sicily,,,,,,,,https://en.wikipedia.org/wiki/Norman%E2%80%93Arab%E2%80%93Byzantine_culture,Q32880 architectural style
Q1978437,slow architecture,type of architecture,,,,,,,,https://en.wikipedia.org/wiki/Slow_architecture,Q32880 architectural style
Q2004258,Inca architecture,pre-Columbian architecture in South America,,,,,Inca Empire,,,https://en.wikipedia.org/wiki/Inca_architecture,Q32880 architectural style
Q2005167,Maya architecture,architecture style,,,,,,,,https://en.wikipedia.org/wiki/Maya_architecture,Q32880 architectural style
Q2026876,Russian Revival architecture,Late-19th-century Byzantine revivalist architectural style,,,,,,,,https://en.wikipedia.org/wiki/Russian_Revival_architecture,Q32880 architectural style
Q174419,Second Empire style,"architectural and art style, most popular between 1865 and 1880",,,,,France,,300021279,https://en.wikipedia.org/wiki/Second_Empire_style,Q32880 architectural style; Q1792644 art style
Q175232,Schinkel school,architectural style,,,,,,,,https://en.wikipedia.org/wiki/Schinkel_school,Q32880 architectural style
Q176483,Gothic architecture,style of architecture,,,,,,,,https://en.wikipedia.org/wiki/Gothic_architecture,Q32880 architectural style
Q2480618,Khmer architecture,construction produced by the Khmers during the Angkor period,,,,,,,,https://en.wikipedia.org/wiki/Khmer_architecture,Q32880 architectural style
Q2510655,Belgian neoclassical architecture,historical Belgian style of architecture,,,,,Belgium,,,https://en.wikipedia.org/wiki/Neoclassical_architecture_in_Belgium,Q32880 architectural style
Q2535546,rationalism,architectural style,,,,,,,300069303,https://en.wikipedia.org/wiki/Rationalism_(architecture),Q32880 architectural style
Q2561822,Coptic architecture,Egyptian architectural style,,,,,Egypt,,,https://en.wikipedia.org/wiki/Coptic_architecture,Q32880 architectural style
Q2568026,Vilnian Baroque,Baroque architectural style developed in Vilnius,,,,,Grand Duchy of Lithuania; Polish–Lithuanian Commonwealth,,,https://en.wikipedia.org/wiki/Vilnian_Baroque,Q32880 architectural style
Q2574110,English Baroque,style of English architecture,1666-01-01T00:00:00Z,1713-01-01T00:00:00Z,1666,1713,United Kingdom,,,https://en.wikipedia.org/wiki/English_Baroque_architecture,Q32880 architectural style
Q2576209,shoin-zukuri,style of Japanese architecture,,,,,,,300109924,https://en.wikipedia.org/wiki/Shoin-zukuri,Q32880 architectural style
Q1434013,Grand Siècle,"period of French history, during the 17th century",1610-01-01T00:00:00Z,1723-01-01T00:00:00Z,1610,1723,France,Q41554,,https://en.wikipedia.org/wiki/Grand_Si%C3%A8cle,Q32880 architectural style; Q1792644 art style
Q1444486,Saxon Renaissance,type of regional architecture in Germany,,,,,,,,https://en.wikipedia.org/wiki/Saxon_Renaissance,Q32880 architectural style
Q1458835,shotgun house,housing style common among lower/working class residents of the Southern United States,,,,,,,300005484,https://en.wikipedia.org/wiki/Shotgun_house,Q32880 architectural style
Q1477476,industrial architecture,type of architecture,,,,,,,300006231,https://en.wikipedia.org/wiki/Industrial_architecture,Q32880 architectural style
Q1503425,Metabolism,architectural style,1959-01-01T00:00:00Z,,1959,,,,,https://en.wikipedia.org/wiki/Metabolism_(architecture),Q32880 architectural style
Q2860356,visionary environment,large artistic installation intended to express the vision of its creator,,,,,,,,https://en.wikipedia.org/wiki/Visionary_environment,Q32880 architectural style
Q2860383,totalitarian architecture,style of architecture,,,,,,,,https://en.wikipedia.org/wiki/Totalitarian_architecture,Q32880 architectural style
Q2864605,Cistercian architecture,architectural style,,,,,,,,https://en.wikipedia.org/wiki/Cistercian_architecture,Q32880 architectural style
Q2864672,Art of Al-Andalus,style of architecture and decorative arts on the Iberian peninsula under Muslim rule,,,,,Spain; Portugal; al-Andalus,,,https://en.wikipedia.org/wiki/Hispano-Islamic_art,Q32880 architectural style; Q1792644 art style
Q2875112,azekura-zukuri,Japanese architectural style,,,,,Japan,,,https://en.wikipedia.org/wiki/Azekura-zukuri,Q32880 architectural style
Q2914850,Rayonnant,architectural style of Medieval France,,,,,Kingdom of France,,300020859,https://en.wikipedia.org/wiki/Rayonnant,Q32880 architectural style
Q2975225,Shinden-zukuri,Japanese architectural style,,,,,Japan,,,https://en.wikipedia.org/wiki/Shinden-zukuri,Q32880 architectural style
Q186018,contemporary architecture,broad range of styles of recently built structures,,,,,,,,https://en.wikipedia.org/wiki/Contemporary_architecture,Q32880 architectural style
Q186363,Gothic Revival,architectural movement,,,,,,,300021452,https://en.wikipedia.org/wiki/Gothic_Revival_architecture,Q32880 architectural style
Q189548,Ionic order,"one of the 3 orders of classical architecture (along with Doric and Corinthian), characterized by the use of volutes; columns stand on a base which separates the shaft of the column from the stylobate; the cap is usually enriched with egg-and-dart",,,,,,,300067423,https://en.wikipedia.org/wiki/Ionic_order,Q32880 architectural style
Q191105,Empire style,19th-century art movement and style of architecture and interior design,,,,,,,300021269,https://en.wikipedia.org/wiki/Empire_style,Q32880 architectural style; Q1792644 art style
Q192664,Doric order,ancient Greek architectural order,,,,,,,300067406,https://en.wikipedia.org/wiki/Doric_order,Q32880 architectural style
Q202204,Nordic megalith architecture,ancient architectural style found in Northern Europe,,,,,,,,https://en.wikipedia.org/wiki/Nordic_megalith_architecture,Q32880 architectural style
Q210684,nagare-zukuri,Shinto shrine architectural style,,,,,,,,https://en.wikipedia.org/wiki/Nagare-zukuri,Q32880 architectural style
Q212940,Islamic architecture,architectural style,,,,,,,,https://en.wikipedia.org/wiki/Islamic_architecture,Q32880 architectural style
Q223750,ancient Roman architecture,architecture of the ancient Romans,,,,,Ancient Rome,Q331273,,https://en.wikipedia.org/wiki/Ancient_Roman_architecture,Q32880 architectural style
Q2047562,Buddhist architecture,style of building,,,,,,,,https://en.wikipedia.org/wiki/Buddhist_architecture,Q32880 architectural style
Q2056895,Neo-Manueline,revival style of architecture drawing from the 16th cen. Manueline Late Gothic architecture of Portugal,,,,,Portugal,Q751878,,https://en.wikipedia.org/wiki/Neo-Manueline,Q32880 architectural style
Q2083873,Lombard architecture,Medieval Italian architecture,,,,,,,,https://en.wikipedia.org/wiki/Lombard_architecture,Q32880 architectural style
Q2130555,ranch-style house,domestic architectural style originating in the United States,,,,,United States,,300005513,https://en.wikipedia.org/wiki/Ranch-style_house,Q32880 architectural style
Q2130795,Bossche School,Dutch architecture style,,,,,Netherlands,Q2748747,,https://en.wikipedia.org/wiki/Bossche_School,Q32880 architectural style
Q2147720,Umayyad architecture,architecture of the Umayyad Caliphate,,,,,Umayyad Caliphate,,,https://en.wikipedia.org/wiki/Umayyad_architecture,Q32880 architectural style
Q2245347,French Gothic architecture,style of architecture prevalent in France from 1140 until about 1500,,,,,,,,https://en.wikipedia.org/wiki/French_Gothic_architecture,Q32880 architectural style
Q2245489,Italian Gothic architecture,style of architecture,,,,,Italy,,,https://en.wikipedia.org/wiki/Italian_Gothic_architecture,Q32880 architectural style
Q3138720,Hiyoshi-zukuri,Shinto shrine architectural style,,,,,,,,https://en.wikipedia.org/wiki/Hiyoshi-zukuri,Q32880 architectural style
Q3155268,Ishi-no-ma-zukuri,architectural style of Shintoist shrine,,,,,,,,https://en.wikipedia.org/wiki/Ishi-no-ma-zukuri,Q32880 architectural style
Q3192940,karamon,type of gate found in Japanese architecture,,,,,,,,https://en.wikipedia.org/wiki/Karamon,Q32880 architectural style
Q3193781,Kasuga-zukuri,Shinto architectural style,,,,,,,,https://en.wikipedia.org/wiki/Kasuga-zukuri,Q32880 architectural style
Q3196321,Kibitsu-zukuri,style of Shinto architecture,,,,,,,,https://en.wikipedia.org/wiki/Kibitsu-zukuri,Q32880 architectural style
Q3271544,neomodern,architectural style,,,,,,,,https://en.wikipedia.org/wiki/Neomodern,Q32880 architectural style
Q3304708,Meimei-an,"tea house in Matsue, Japan",1779-01-01T00:00:00Z,,1779,,Japan,,,https://en.wikipedia.org/wiki/Meimei-an,Q32880 architectural style
Q3355791,Aeolic order,"classic order similar to the Ionic order, but its capital presents a palmette between two volutes",,,,,,,300020107,https://en.wikipedia.org/wiki/Aeolic_order,Q32880 architectural style
Q3360219,Pacific lodge,architectural style,,,,,,,,https://en.wikipedia.org/wiki/Pacific_lodge,Q32880 architectural style
Q3374557,Indo-Saracenic architecture,revivalist architectural style being composed of Ancient and Mediaeval Indian and Modern British elements used in 19th Century,,,,,British Raj,,,https://en.wikipedia.org/wiki/Indo-Saracenic_architecture,Q32880 architectural style
Q4520962,tented-roof church,architectural style,,,,,,,,https://en.wikipedia.org/wiki/Tent-like_church,Q32880 architectural style
Q4562834,dragestil,style of design and architecture that originated in Norway and was widely used principally between 1880 and 1910,,,,,,,,https://en.wikipedia.org/wiki/Dragestil,Q32880 architectural style
Q4668050,ablaq,architectural technique involving alternating or fluctuating rows of light and dark stone,,,,,,,,https://en.wikipedia.org/wiki/Ablaq,Q32880 architectural style
Q4673399,Achaemenid architecture,architecture of the Achaemenid Empire,,,,,Achaemenid Empire,,,https://en.wikipedia.org/wiki/Achaemenid_architecture,Q32880 architectural style
Q4698857,Airplane Bungalow,architectural style,,,,,,,,https://en.wikipedia.org/wiki/Airplane_Bungalow,Q32880 architectural style
Q4740890,Azari style,,,,,,,,,https://en.wikipedia.org/wiki/Azeri_style,Q32880 architectural style
Q4740900,Razi style,,,,,,,,,https://en.wikipedia.org/wiki/Razi_style,Q32880 architectural style
Q4743854,American Foursquare,residential architectural style popular in the United States from the 1890s to the early 1930s,,,,,,,300259226,https://en.wikipedia.org/wiki/American_Foursquare,Q32880 architectural style
Q4747295,Ammonite order,architectural order featuring ammonite-shaped capitals,,,,,,,,https://en.wikipedia.org/wiki/Ammonite_order,Q32880 architectural style
Q4787129,Architecture of Goan Catholics,,,,,,,,,https://en.wikipedia.org/wiki/Architecture_of_Goan_Catholics,Q32880 architectural style
Q4787140,Architecture of Kievan Rus',overview article,,,,,Kievan Rus',,,https://en.wikipedia.org/wiki/Architecture_in_Kievan_Rus%27,Q32880 architectural style
Q4787219,Architecture terrible,architectural style advocated by French architect Jacques-François Blondel,,,,,,,,https://en.wikipedia.org/wiki/Architecture_terrible,Q32880 architectural style
Q4796773,Art Deco in Durban,Local implementation of an architectural style,,,,,South Africa,,,https://en.wikipedia.org/wiki/Art_Deco_in_Durban,Q32880 architectural style
Q4812052,Asylum architecture,building design of mental hospitals,,,,,United States,,,https://en.wikipedia.org/wiki/Asylum_architecture_in_the_United_States,Q32880 architectural style
Q4825158,Australian residential architectural styles,architectural styles,,,,,Australia,,,https://en.wikipedia.org/wiki/Australian_residential_architectural_styles,Q32880 architectural style
Q4832964,Aztec architecture,structural remains of the Aztec civilization,,,,,Aztec Empire,,,https://en.wikipedia.org/wiki/Aztec_architecture,Q32880 architectural style
Q4840570,Badami Chalukya architecture,style in Hindu temple architecture,,,,,,,,https://en.wikipedia.org/wiki/Badami_Chalukya_architecture,Q32880 architectural style
Q333353,futurist architecture,architectural style,,,,,,,,https://en.wikipedia.org/wiki/Futurist_architecture,Q32880 architectural style
Q338739,Talud-tablero,Pre-Columbian architectural style,,,,,,,,https://en.wikipedia.org/wiki/Talud-tablero,Q32880 architectural style
Q352097,Adam style,neoclassical style of interior design and architecture,1760-01-01T00:00:00Z,,1760,,,,300021201,https://en.wikipedia.org/wiki/Adam_style,Q32880 architectural style
Q373277,Frederician Rococo,architectural style,,,,,,,,https://en.wikipedia.org/wiki/Frederician_Rococo,Q32880 architectural style
Q384177,Egyptian Revival architecture,architectural style,,,,,,,,https://en.wikipedia.org/wiki/Egyptian_Revival_architecture,Q32880 architectural style; Q1792644 art style
Q386952,dzong,kind of fortress,0021-01-01T00:00:00Z,,21,,People's Republic of China; Bhutan,,,https://en.wikipedia.org/wiki/Dzong_architecture,Q32880 architectural style
Q387328,Świdermajer,style of architecture unique to Eastern Warsaw and Otwock,,,,,Poland,,,https://en.wikipedia.org/wiki/%C5%9Awidermajer,Q32880 architectural style
Q387874,Taisha-zukuri,type of Shinto shrine,,,,,,,300114513,https://en.wikipedia.org/wiki/Taisha-zukuri,Q32880 architectural style
Q388587,Louis XVI style,neoclassical style within architecture and design,,,,,France,,,https://en.wikipedia.org/wiki/Louis_XVI_style,Q32880 architectural style
Q460501,historicism,philosophy,,,,,,,300067309,https://en.wikipedia.org/wiki/Historicism,Q32880 architectural style
Q460596,Brâncovenesc art,Romanian early modern artistic style,,,,,,,,https://en.wikipedia.org/wiki/Br%C3%A2ncovenesc_art,Q32880 architectural style; Q1792644 art style
Q463382,American Craftsman,"American domestic architectural, interior design, landscape design, applied arts, and decorative arts style and lifestyle",,,,,,,300018194,https://en.wikipedia.org/wiki/American_Craftsman,Q32880 architectural style
Q468050,Brick Expressionism,architectural style,,,,,,,,https://en.wikipedia.org/wiki/Brick_Expressionism,Q32880 architectural style
Q478742,Amsterdam School,style of architecture that arose from 1910 through about 1930 in The Netherlands,,,,,Netherlands,,,https://en.wikipedia.org/wiki/Amsterdam_School,Q32880 architectural style
Q489021,Sudano-Sahelian architecture,range of similar indigenous architectural styles in West Africa,,,,,,,,https://en.wikipedia.org/wiki/Sudano-Sahelian_architecture,Q32880 architectural style
Q492255,tetrapylon,"ancient Roman monument of cubic shape, generally built on a crossroads",,,,,,,300005095,https://en.wikipedia.org/wiki/Tetrapylon,Q32880 architectural style
Q1422874,Japanese architecture,"Japanese process of planning, designing and constructing buildings and other structures",,,,,Japan,,300018571,https://en.wikipedia.org/wiki/Japanese_architecture,Q32880 architectural style
Q2582036,Shikumen,shanghainese architectural style first appearing in the 1860s,,,,,People's Republic of China,,,https://en.wikipedia.org/wiki/Shikumen,Q32880 architectural style
Q2600188,Russian architecture,architectural styles within Russian sphere of influence,,,,,,,,https://en.wikipedia.org/wiki/Russian_architecture,Q32880 architectural style
Q2602891,Isabelline,late-Gothic architectural style in the Spain of Ferdinand and Isabella,,,,,Crown of Castile,,300021133,https://en.wikipedia.org/wiki/Isabelline_(architectural_style),Q32880 architectural style
Q2636415,Petrine Baroque,style of Baroque architecture and decoration favoured by Peter the Great,,,,,,,,https://en.wikipedia.org/wiki/Petrine_Baroque,Q32880 architectural style
Q2654404,spa architecture,architectural features of spa buildings,,,,,,,,https://en.wikipedia.org/wiki/Spa_architecture,Q32880 architectural style
Q2657199,rustic architecture,"style of architecture in the United States, used in rural government and private structures and their landscape interior design",,,,,,,,https://en.wikipedia.org/wiki/Rustic_architecture,Q32880 architectural style
Q2700522,Mission Revival architecture,"architectural movement, style",,,,,United States,,300111002,https://en.wikipedia.org/wiki/Mission_Revival_architecture,Q32880 architectural style
Q2704973,Spanish Gothic architecture,Late Medieval Spanish architecture,,,,,Spain,,,https://en.wikipedia.org/wiki/Spanish_Gothic_architecture,Q32880 architectural style
Q2722661,First Romanesque,art and architectural style,1000-01-01T00:00:00Z,,1000,,,,300020770,https://en.wikipedia.org/wiki/First_Romanesque,Q32880 architectural style; Q1792644 art style
Q2740745,Pendopo,structure,,,,,Indonesia,,,https://en.wikipedia.org/wiki/Pendhapa,Q32880 architectural style
Q2748473,Asturian architecture,architectural style of the Kingdom of Asturias,,,,,Kingdom of Asturias,,,https://en.wikipedia.org/wiki/Asturian_architecture,Q32880 architectural style
Q2860291,Christian architecture,,,,,,,,,https://en.wikipedia.org/wiki/Christian_architecture,Q32880 architectural style
Q2860288,Ōbaku Zen architecture,school of Japanese architecture,,,,,,,,https://en.wikipedia.org/wiki/%C5%8Cbaku_Zen_architecture,Q32880 architectural style
Q2860299,Armenian architecture,architectural works connected to the Armenian people,,,,,,,,https://en.wikipedia.org/wiki/Architecture_of_Armenia,Q32880 architectural style
Q2860343,Jacobean architecture,English architecture around the reign of James I,,,,,,,,https://en.wikipedia.org/wiki/Jacobean_architecture,Q32880 architectural style
Q3658025,Architecture of the Tarnovo Artistic School,period in Bulgarian architecture,,,,,,,,https://en.wikipedia.org/wiki/Architecture_of_the_Tarnovo_Artistic_School,Q32880 architectural style
Q3771791,Etruscan architecture,architecture of the Etruscan civilization,,,,,,,,https://en.wikipedia.org/wiki/Etruscan_architecture,Q32880 architectural style
Q3774048,Moldavian style,architecture,,,,,Moldova,,,https://en.wikipedia.org/wiki/Moldavian_architectural_style,Q32880 architectural style
Q3844828,Sasanian architecture,architecture of the Sassanid Empire,,,,,Sasanian Empire,,,https://en.wikipedia.org/wiki/Sasanian_architecture,Q32880 architectural style
Q3874654,Neoclassical architecture in Milan,medieval artistic movement,,,,,Italy,,,https://en.wikipedia.org/wiki/Neoclassical_architecture_in_Milan,Q32880 architectural style
Q3931689,Regency architecture,architectural style,,,,,,,,https://en.wikipedia.org/wiki/Regency_architecture,Q32880 architectural style; Q1792644 art style
Q3933952,Mayan Revival architecture,modern Architectural style that draws inspiration from pre-Columbian Mesoamerican cultures,,,,,,,300107922,https://en.wikipedia.org/wiki/Mayan_Revival_architecture,Q32880 architectural style
Q3935976,Renaissance in Naples,,,,,,Italy; Kingdom of Naples,,,https://en.wikipedia.org/wiki/Neapolitan_Renaissance,Q32880 architectural style
Q3973544,Stile umbertino,Italian architectural style of the late 19th century,,,,,Italy,,300021368,https://en.wikipedia.org/wiki/Stile_Umbertino,Q32880 architectural style
Q4099120,visionary architecture,architecture that exists only on paper or which has visionary qualities,,,,,,,300072496,https://en.wikipedia.org/wiki/Visionary_architecture,Q32880 architectural style
Q16292813,Utopian architecture,style of architecture inspired by utopianism,,,,,,,,https://en.wikipedia.org/wiki/Utopian_architecture,Q32880 architectural style
Q16482064,Portuguese Romanesque architecture,Architectural style of the 11th–12th centuries,,,,,Portugal,,,https://en.wikipedia.org/wiki/Portuguese_Romanesque_architecture,Q32880 architectural style
Q16836366,Fatimid architecture,building style of the 10th to 12th centuries,,,,,,,,https://en.wikipedia.org/wiki/Fatimid_architecture,Q32880 architectural style
Q16849402,Jamaican Georgian architecture,,,,,,Jamaica,,,https://en.wikipedia.org/wiki/Jamaican_Georgian_architecture,Q32880 architectural style
Q16862908,Belarusian Gothic,"architectural style of ecclesiastical buildings constructed during the 15th and 16th centuries in parts of modern Belarus, Lithuania and eastern Poland",,,,,Belarus,,,https://en.wikipedia.org/wiki/Belarusian_Gothic,Q32880 architectural style
Q16911022,Folk Victorian,architectural style,,,,,,,,https://en.wikipedia.org/wiki/Folk_Victorian,Q32880 architectural style
Q16917845,Paulista School,group of Brazilian architects,1950-01-01T00:00:00Z,1970-01-01T00:00:00Z,1950,1970,Brazil,,,https://en.wikipedia.org/wiki/Paulista_School,Q32880 architectural style
Q16931750,Northwest Regional style,Mid-20th century modernist architectural style characteristic of the Pacific Northwest,,,,,,,,https://en.wikipedia.org/wiki/Northwest_Regional_style,Q32880 architectural style
Q17040481,Marshall Erdman Prefab House,Houses designed by Frank Lloyd Wright,,,,,United States,,,https://en.wikipedia.org/wiki/Marshall_Erdman_Prefab_Houses,Q32880 architectural style
Q17080368,Nabataean architecture,Ancient Near East construction style,-0100-01-01T00:00:00Z,0106-01-01T00:00:00Z,-101,106,,,,https://en.wikipedia.org/wiki/Nabataean_architecture,Q32880 architectural style
Q17104714,Nieuwe Zakelijkheid,architectural style in the Netherlands,,,,,Netherlands,,,https://en.wikipedia.org/wiki/Nieuwe_Zakelijkheid,Q32880 architectural style
Q17141173,moresque,stylized plant-based ornament and decoration of the Renaissance derived from the arabesque patterns of Islamic ornament,,,,,,,300010209,https://en.wikipedia.org/wiki/Moresque,Q32880 architectural style
Q17146855,Modern Gothic style,1860s and 1870s Aesthetic Movement style,,,,,,,,https://en.wikipedia.org/wiki/Modern_Gothic_style,Q32880 architectural style
Q17148543,Renaissance architecture in Central Europe,,,,,,,,,https://en.wikipedia.org/wiki/Renaissance_architecture_in_Central_Europe,Q32880 architectural style
Q17182373,PWA Moderne,architectural style,,,,,United States,,300444344,https://en.wikipedia.org/wiki/PWA_Moderne,Q32880 architectural style
Q236122,Renaissance architecture,architectural style,,,,,,,300021140,https://en.wikipedia.org/wiki/Renaissance_architecture,Q32880 architectural style
Q238255,deconstructivism,architectural movement,,,,,,,300112407,https://en.wikipedia.org/wiki/Deconstructivism,Q32880 architectural style
Q241169,Tectonics (architecture),Elements that reflect a building's structure,,,,,,,,https://en.wikipedia.org/wiki/Tectonics_(architecture),Q32880 architectural style
Q245188,modern architecture,type of architecture,,,,,,Q160438,300121793,https://en.wikipedia.org/wiki/Modern_architecture,Q32880 architectural style
Q247492,Moorish architecture,architectural style historically developed in the western Islamic world,,,,,,,,https://en.wikipedia.org/wiki/Moorish_architecture,Q32880 architectural style
Q264649,Palladian architecture,architectural style derived from the work of Andrea Palladio,,,,,,,300021161,https://en.wikipedia.org/wiki/Palladian_architecture,Q32880 architectural style
Q287025,Nazi architecture,architecture style promoted by the Nazis,,,,,German Reich,,,https://en.wikipedia.org/wiki/Nazi_architecture,Q32880 architectural style
Q290472,amphiprostyle,classical temple plan with front and rear columns,,,,,,,300163729,https://en.wikipedia.org/wiki/Amphiprostyle,Q32880 architectural style
Q326469,Portuguese baroque,architectural style,1700-01-01T00:00:00Z,1800-01-01T00:00:00Z,1700,1800,Portugal,,,https://en.wikipedia.org/wiki/Baroque_architecture_in_Portugal,Q32880 architectural style
Q331273,ancient Greek architecture,era of architecture,,,,,,,,https://en.wikipedia.org/wiki/Ancient_Greek_architecture,Q32880 architectural style
Q2256729,Swiss chalet style,architectural style originating from Central Europe,,,,,,,,https://en.wikipedia.org/wiki/Swiss_chalet_style,Q32880 architectural style
Q2299876,Adirondack Architecture,American style of construction,,,,,,,,https://en.wikipedia.org/wiki/Adirondack_Architecture,Q32880 architectural style
Q2300756,Dutch Baroque architecture,architecture of the Baroque era in the Dutch Republic and its colonies,,,,,Dutch Republic,,,https://en.wikipedia.org/wiki/Dutch_Baroque_architecture,Q32880 architectural style
Q2314870,New Hague School,"Dutch architectural style dating from the period between the two World Wars, but first used in 1920",,,,,,,,https://en.wikipedia.org/wiki/New_Hague_School_(architecture),Q32880 architectural style
Q2337737,Carolingian architecture,architectural style,,,,,,,,https://en.wikipedia.org/wiki/Carolingian_architecture,Q32880 architectural style
Q2359372,Elizabethan Baroque,Russian architectural style,,,,,,,,https://en.wikipedia.org/wiki/Elizabethan_Baroque,Q32880 architectural style
Q2361229,block-pillar church,type of wooden church,,,,,,,,https://en.wikipedia.org/wiki/Block-pillar_church,Q32880 architectural style
Q2361582,Hoysala architecture,"building style developed under the rule of the Hoysala Empire between the 11th and 14th centuries, in the region known today as Karnataka, in India",,,,,,,,https://en.wikipedia.org/wiki/Hoysala_architecture,Q32880 architectural style
Q2365000,Elizabethan architecture,"term given to early Renaissance architecture in England, during the reign of Queen Elizabeth I",,,,,,,,https://en.wikipedia.org/wiki/Elizabethan_architecture,Q32880 architectural style
Q2406030,Mosan renaissance style,architectural style of 16th-18th centuries in Prince-Bishopric of Liège,,,,,Prince-Bishopric of Liège,,,https://en.wikipedia.org/wiki/Mosan_Renaissance_architecture,Q32880 architectural style
Q2429892,Mughal gardens,gardens built by Mughals,,,,,India; Pakistan,,,https://en.wikipedia.org/wiki/Mughal_garden,Q32880 architectural style
Q2455000,German Renaissance,"cultural and artistic movement, part of the Northern Renaissance",1500-01-01T00:00:00Z,1600-01-01T00:00:00Z,1500,1600,Germany,,,https://en.wikipedia.org/wiki/German_Renaissance,Q32880 architectural style
Q2479493,eclectic architecture,architectural style,,,,,,,,https://en.wikipedia.org/wiki/Eclecticism_in_architecture,Q32880 architectural style
Q3399545,Spanish Renaissance architecture,style of architecture,,,,,Spain,,,https://en.wikipedia.org/wiki/Spanish_Renaissance_architecture,Q32880 architectural style
Q3432586,roundhouse,"type of house with a circular plan, usually with a conical roof",,,,,,,,https://en.wikipedia.org/wiki/Roundhouse_(dwelling),Q32880 architectural style
Q3458957,rōmon,type of gate in Buddhist temples and Shinto shrines,,,,,,,,https://en.wikipedia.org/wiki/R%C5%8Dmon,Q32880 architectural style
Q3476363,Scottish baronial architecture,style of architecture with its origins in the sixteenth century,1600-01-01T00:00:00Z,,1600,,,,300021211,https://en.wikipedia.org/wiki/Scottish_baronial_architecture,Q32880 architectural style
Q3480647,Setchūyō,Japanese architectural stye,,,,,,,300114501,https://en.wikipedia.org/wiki/Setch%C5%ABy%C5%8D,Q32880 architectural style
Q3501269,Louis-Philippe style,architectural style,,,,,,,,https://en.wikipedia.org/wiki/Louis_Philippe_style,Q32880 architectural style
Q3501282,Gingerbread house,Victorian-era architectural style,,,,,United States; Haiti,,,https://en.wikipedia.org/wiki/Gingerbread_(architecture),Q32880 architectural style
Q3501291,Pombaline style,Portuguese architectural style of the 18th century,,,,,,,,https://en.wikipedia.org/wiki/Pombaline_style,Q32880 architectural style
Q3501299,Soft Portuguese style,architectural style during the Estado Novo period,,,,,,,,https://en.wikipedia.org/wiki/Portugu%C3%AAs_Suave_architecture,Q32880 architectural style
Q3501297,Richardsonian Romanesque,"Romanesque Revival architectural style, named for Henry Hobson Richardson",,,,,,,300018212,https://en.wikipedia.org/wiki/Richardsonian_Romanesque,Q32880 architectural style
Q3501300,Serbo-Byzantine style (modern architecture),19th–20th century Serbian architectural style,,,,,,,,https://en.wikipedia.org/wiki/Serbo-Byzantine_Revival_architecture,Q32880 architectural style
Q3503635,Sumiyoshi-zukuri,Shinto architectural style,,,,,,,300114491,https://en.wikipedia.org/wiki/Sumiyoshi-zukuri,Q32880 architectural style
Q3556317,Vesara,Indian architectural style,,,,,,,300018972,https://en.wikipedia.org/wiki/Vesara,Q32880 architectural style
Q3566879,Wayō,Buddhist architectural style in Japan,,,,,,Q957904,,https://en.wikipedia.org/wiki/Way%C5%8D,Q32880 architectural style
Q3575224,さやと,Japanese Buddhist architectural style,,,,,,,300114485,https://en.wikipedia.org/wiki/Zensh%C5%ABy%C5%8D,Q32880 architectural style
Q3621572,Sikh architecture,style of architecture,,,,,,,,https://en.wikipedia.org/wiki/Sikh_architecture,Q32880 architectural style
Q3621606,Neoclassical architecture in Russia,art style,,,,,Russia,,,https://en.wikipedia.org/wiki/Neoclassical_architecture_in_Russia,Q32880 architectural style
Q3624021,Art Nouveau architecture in Riga,architectural style in Riga,,,,,Latvia,,,https://en.wikipedia.org/wiki/Art_Nouveau_architecture_in_Riga,Q32880 architectural style
Q3635094,Russian Baroque,architectural style from the Baroque era in the Russian Empire,1600-01-01T00:00:00Z,1700-01-01T00:00:00Z,1600,1700,Russian Empire,,,https://en.wikipedia.org/wiki/Russian_Baroque,Q32880 architectural style
Q3645460,Spanish Colonial Revival architecture,architectural style,,,,,,,300018159,https://en.wikipedia.org/wiki/Spanish_Colonial_Revival_architecture,Q32880 architectural style
Q4868540,Batak architecture,"architecture from North Sumatra, Indonesia",,,,,,,,https://en.wikipedia.org/wiki/Batak_architecture,Q32880 architectural style
Q4921794,design–build,construction project delivery system,,,,,,,300150615,https://en.wikipedia.org/wiki/Design%E2%80%93build,Q32880 architectural style
Q4924573,Jo-an,teahouse in Japan,1618-01-01T00:00:00Z,,1618,,Japan,,,https://en.wikipedia.org/wiki/Jo-an,Q32880 architectural style
Q4950799,bowellism,modern architectural style associated with Richard Rogers,,,,,,,,https://en.wikipedia.org/wiki/Bowellism,Q32880 architectural style
Q4968832,Bristol Byzantine,"Byzantine Revival architecture in Bristol, England",,,,,United Kingdom,,,https://en.wikipedia.org/wiki/Bristol_Byzantine,Q32880 architectural style
Q5021201,California bungalow,Architectural style,,,,,,,,https://en.wikipedia.org/wiki/California_bungalow,Q32880 architectural style
Q14158222,Cas di torto,loam houses in Aruba,,,,,Aruba,,,https://en.wikipedia.org/wiki/Cas_di_torto,Q32880 architectural style
Q15121288,Hispano-Flemish style,Spanish architecture and decoration associated with the reign of Isabella I of Castile,,,,,Spain; Belgium; Kingdom of Castile,,300112472,https://en.wikipedia.org/wiki/Hispano-Flemish_style,Q32880 architectural style; Q1792644 art style
Q15449701,Architecture of Jiangxi,architectural style,,,,,People's Republic of China,,,https://en.wikipedia.org/wiki/Architecture_of_Jiangxi,Q32880 architectural style
Q15609295,Perpendicular Gothic,third historical division of English Gothic architecture,,,,,Kingdom of England,,300020803,https://en.wikipedia.org/wiki/Perpendicular_Gothic,Q32880 architectural style
Q16047695,Timurid architecture,architecture of the Timurid Empire,,,,,Timurid Empire,,,https://en.wikipedia.org/wiki/Timurid_architecture,Q32880 architectural style
Q16210807,Mamluk architecture,Egyptian architectural style (13th-16th centuries),,,,,Mamluk Sultanate of Egypt,,,https://en.wikipedia.org/wiki/Mamluk_architecture,Q32880 architectural style
Q21129596,Avant-garde architecture,architecture movement,,,,,,,,https://en.wikipedia.org/wiki/Avant-garde_architecture,Q32880 architectural style
Q21652111,monumentalism in architecture,architectural tendency,,,,,,,,https://en.wikipedia.org/wiki/Monumentalism,Q32880 architectural style
Q21856457,Gothic architecture in Lithuania,architectural style in Medieval Lithuania,,,,,Lithuania,,,https://en.wikipedia.org/wiki/Gothic_architecture_in_Lithuania,Q32880 architectural style
Q23020423,Romanesque Revival Architecture in the United Kingdom,18th to 19th century architectural style,,,,,United Kingdom,,,https://en.wikipedia.org/wiki/Romanesque_Revival_architecture_in_the_United_Kingdom,Q32880 architectural style
Q23091252,Stripped Classicism,"architectural style that consists of Classicist buildings, reduced to essences, with very little ornamentation, but with Classical proportions and shapes",,,,,,,,https://en.wikipedia.org/wiki/Stripped_Classicism,Q32880 architectural style
Q23133411,Minimal Traditional,architectural style,,,,,,,,https://en.wikipedia.org/wiki/Minimal_Traditional,Q32880 architectural style
Q23134517,Seattle box,good,,,,,United States,,,https://en.wikipedia.org/wiki/Seattle_box,Q32880 architectural style
Q24905948,Char-chala,,,,,,India,,,https://en.wikipedia.org/wiki/Char-chala,Q32880 architectural style
Q24935410,Soviet Modernist architecture,architectural style,1955-01-01T00:00:00Z,1991-01-01T00:00:00Z,1955,1991,,Q994776; Q207103,,https://en.wikipedia.org/wiki/Soviet_architectural_modernism,Q32880 architectural style
Q24945351,Do-chala,Style of Temple architecture in Bengal,,,,,India,,,https://en.wikipedia.org/wiki/Do-chala,Q32880 architectural style
Q24945352,At-chala,style of temple architecture that arose in Bengal,,,,,India,,,https://en.wikipedia.org/wiki/At-chala,Q32880 architectural style
Q24945384,Ek-ratna,,,,,,India,,,https://en.wikipedia.org/wiki/Ek-ratna,Q32880 architectural style
Q24958744,Vietnamese architecture,,,,,,Vietnam,,,https://en.wikipedia.org/wiki/Vietnamese_architecture,Q32880 architectural style
Q25040753,Muisca architecture,Muiscas,,,,,Colombia,,,https://en.wikipedia.org/wiki/Muisca_architecture,Q32880 architectural style
Q25052076,parametricism,contemporary architectural style,,,,,,,,https://en.wikipedia.org/wiki/Parametric_architecture,Q32880 architectural style
Q25110575,Neo-Historism,artistic and architectural movement aiming to recreate historical styles or artisans.,,,,,,,,https://en.wikipedia.org/wiki/Neo-Historism,Q32880 architectural style; Q1792644 art style
Q25204255,Pancharatna,,,,,,India; Bangladesh,,,https://en.wikipedia.org/wiki/Pancharatna_(architecture),Q32880 architectural style
Q25326923,Indies Empire style,Neoclassical architectural style in former Dutch East Indies,,,,,,,,https://en.wikipedia.org/wiki/Indies_Empire_style,Q32880 architectural style
Q25401181,neoconstructivism,architectural style,,,,,,Q841977,,https://en.wikipedia.org/wiki/Neoconstructivism_(art),Q32880 architectural style
Q25407941,Art Nouveau architecture in Russia,,,,,,Russia,,,https://en.wikipedia.org/wiki/Art_Nouveau_architecture_in_Russia,Q32880 architectural style
Q1513688,Greek Revival architecture,architectural movement of the late 18th and early 19th centuries,,,,,United States; United Kingdom,,300021456,https://en.wikipedia.org/wiki/Greek_Revival_architecture,Q32880 architectural style
Q1517921,Louis XIV style,style of Louis XIV period; baroque style with classical elements,,,,,,,300021080,https://en.wikipedia.org/wiki/Louis_XIV_style,Q32880 architectural style
Q1534870,smock mill,type of windmill,,,,,,,300006274,https://en.wikipedia.org/wiki/Smock_mill,Q32880 architectural style
Q1541698,Sarasota School of Architecture,architectural style,,,,,United States,,,https://en.wikipedia.org/wiki/Sarasota_School_of_Architecture,Q32880 architectural style
Q1580216,Noucentisme,Catalan architectural movement,,,,,,,,https://en.wikipedia.org/wiki/Noucentisme,Q32880 architectural style
Q1588393,Ottonian architecture,architectural style which evolved during the reign of Emperor Otto the Great,1000-01-01T00:00:00Z,,1000,,,,,https://en.wikipedia.org/wiki/Ottonian_architecture,Q32880 architectural style
Q1595728,Heimatstil,architectural style that draws on rural and also regional architectural forms,,,,,,,,https://en.wikipedia.org/wiki/Heimatstil,Q32880 architectural style
Q1614189,Herrerian,architectural style in Renaissance Spain,1600-01-01T00:00:00Z,,1600,,Spanish Empire,,,https://en.wikipedia.org/wiki/Herrerian_style,Q32880 architectural style
Q1667680,structuralism,20th-Century architectural style,,,,,,,,https://en.wikipedia.org/wiki/Structuralism_(architecture),Q32880 architectural style
Q1755128,Rundbogenstil,style of architecture popular in the German-speaking lands,,,,,,,300021329,https://en.wikipedia.org/wiki/Rundbogenstil,Q32880 architectural style
Q1756718,Rascian architecture,ecclesiastical architectural style that flourished in the Serbian Middle Ages,1170-01-01T00:00:00Z,1300-01-01T00:00:00Z,1170,1300,Kingdom of Serbia,Q47591,,https://en.wikipedia.org/wiki/Ra%C5%A1ka_architectural_school,Q32880 architectural style
Q1777427,Cartilage baroque,Baroque architectural style in Scandinavia and Germany,1620-01-01T00:00:00Z,1660-01-01T00:00:00Z,1620,1660,Germany,,,https://en.wikipedia.org/wiki/Cartilage_Baroque,Q32880 architectural style
Q1788398,cross-in-square,architectural form of middle- and late-period Byzantine churches,,,,,,,,https://en.wikipedia.org/wiki/Cross-in-square,Q32880 architectural style
Q1788409,Nordic Classicism,architectural style,,,,,,,,https://en.wikipedia.org/wiki/Nordic_Classicism,Q32880 architectural style
Q1803027,Swiss Landistil architecture,,,,,,,,,https://en.wikipedia.org/wiki/Landistil,Q32880 architectural style
Q1810654,Serbo-Byzantine architecture,ecclesiastical architectural style,,,,,,,,https://en.wikipedia.org/wiki/Serbo-Byzantine_architecture,Q32880 architectural style
Q1882338,Mosan art,regional style of art from the Meuse river valley,,,,,Belgium,,300264268,https://en.wikipedia.org/wiki/Mosan_art,Q32880 architectural style; Q1792644 art style
Q1896616,Romano-Gothic,architectural style,,,,,,,,https://en.wikipedia.org/wiki/Romano-Gothic,Q32880 architectural style
Q1936626,aisleless church,church building with a single nave and no side-aisles,,,,,,,,https://en.wikipedia.org/wiki/Aisleless_church,Q32880 architectural style
Q1938594,Morava architectural school,ecclesiastical architectural style,,,,,Serbia,,,https://en.wikipedia.org/wiki/Morava_architectural_school,Q32880 architectural style
Q1944289,Mondop,Thai architectural form,,,,,,,,https://en.wikipedia.org/wiki/Mondop,Q32880 architectural style
Q1945086,Heliopolis style,Egyptian architecture,,,,,,,,https://en.wikipedia.org/wiki/Heliopolis_style,Q32880 architectural style
Q3012037,Daibutsuyō,Japanese religious architectural style,,,,,,,300018574,https://en.wikipedia.org/wiki/Daibutsuy%C5%8D,Q32880 architectural style
Q3024819,Deul,Element in Hindu temple architecture,,,,,India,,300386145,https://en.wikipedia.org/wiki/Deula,Q32880 architectural style
Q3080012,Shinto architecture,architecture of Japanese Shinto shrines,,,,,,,,https://en.wikipedia.org/wiki/Shinto_architecture,Q32880 architectural style
Q3111490,Plantagenet style,architectural style,,,,,France,,,https://en.wikipedia.org/wiki/Plantagenet_style,Q32880 architectural style
Q3111491,Meridional Gothic,architectural style from the South of France,1300-01-01T00:00:00Z,1500-01-01T00:00:00Z,1300,1500,France,Q161696,,https://en.wikipedia.org/wiki/Southern_French_Gothic,Q32880 architectural style
Q3125455,Hachiman-zukuri,traditional Japanese architectural style,,,,,,,,https://en.wikipedia.org/wiki/Hachiman-zukuri,Q32880 architectural style
Q3136194,hirairi,Japanese traditional architectural structure,,,,,,,,https://en.wikipedia.org/wiki/Hirairi,Q32880 architectural style
Q4153087,Hutsul Secession,architecture style developed in Eastern Galicia,,,,,Ukraine,,,https://en.wikipedia.org/wiki/Hutsul_Secession,Q32880 architectural style
Q4198718,classical architecture,"architectural style, inspired by classical Greco-Roman architectural principles",,,,,,,,https://en.wikipedia.org/wiki/Classical_architecture,Q32880 architectural style
Q4303378,Western Chalukya architecture,"style of architecture from the 11th and 12th century Western Chalukya Empire in modern central Karnataka, India",,,,,,,,https://en.wikipedia.org/wiki/Western_Chalukya_architecture,Q32880 architectural style
Q4314692,Architectural school of Nakhchivan,Architectural school,1200-01-01T00:00:00Z,,1200,,,,,https://en.wikipedia.org/wiki/Architectural_school_of_Nakhchivan,Q32880 architectural style
Q4365410,Carpenter Gothic,architectural style,,,,,,,300107913,https://en.wikipedia.org/wiki/Carpenter_Gothic,Q32880 architectural style
Q4373390,Portuguese Gothic architecture,architectural style of Medieval Portugal,,,,,Portugal; Kingdom of Portugal,,300020934,https://en.wikipedia.org/wiki/Portuguese_Gothic_architecture,Q32880 architectural style
Q4373402,Rococo architecture in Portugal,,,,,,Portugal,,,https://en.wikipedia.org/wiki/Rococo_architecture_in_Portugal,Q32880 architectural style
Q4418329,Siberian Baroque,architectural style,,,,,Russian Empire,,,https://en.wikipedia.org/wiki/Siberian_Baroque,Q32880 architectural style
Q4438509,Architecture of the medieval cathedrals of England,"architectural style of cathedrals in England during the middle ages, 1040 to 1540",,,,,United Kingdom,,,https://en.wikipedia.org/wiki/Architecture_of_the_medieval_cathedrals_of_England,Q32880 architectural style
Q4439247,Stalinist Empire style,architectural style,,,,,,,,https://en.wikipedia.org/wiki/Stalinist_Empire_style,Q32880 architectural style
Q4470573,Ukrainian modern,Architectural style in Ukraine,,,,,Ukraine,,,https://en.wikipedia.org/wiki/Ukrainian_Art_Nouveau,Q32880 architectural style
Q17222820,machiya,Japanese traditional wooden townhouse,,,,,Japan,,,https://en.wikipedia.org/wiki/Machiya,Q32880 architectural style
Q17625141,Cholet,architectural style developed in Bolivia,,,,,Bolivia,,,https://en.wikipedia.org/wiki/Neo-Andean,Q32880 architectural style
Q18128734,Nilachal architecture,"temple architectural style of Assam, India",,,,,India,,,https://en.wikipedia.org/wiki/Nilachal_architecture,Q32880 architectural style
Q18351990,inverted pyramid,structure in the shape of an upside-down pyramid,,,,,,,,https://en.wikipedia.org/wiki/Inverted_pyramid_(architecture),Q32880 architectural style
Q18653349,Hui-style architecture,traditional Chinese architecture style,,,,,,,,https://en.wikipedia.org/wiki/Hui_Style_architecture,Q32880 architectural style
Q18746504,New Formalism,late modernist style of architecture,,,,,,,,https://en.wikipedia.org/wiki/New_Formalism_(architecture),Q32880 architectural style
Q19646306,New Indies style,Late 19th century to early 20th century Dutch East Indies architectural style,,,,,Dutch East Indies,,,https://en.wikipedia.org/wiki/New_Indies_style,Q32880 architectural style
Q19863801,Gothic Revival architecture in Poland,nn,,,,,Poland,,,https://en.wikipedia.org/wiki/Gothic_Revival_architecture_in_Poland,Q32880 architectural style
Q20072995,Baroque architecture in Lviv,"Baroque architectural style in Lviv, Ukraine",,,,,Ukraine,,,https://en.wikipedia.org/wiki/Baroque_architecture_in_Lviv,Q32880 architectural style
Q20897878,Georgian Revival architecture,architectural style,,,,,,,,https://en.wikipedia.org/wiki/Georgian_Revival_architecture,Q32880 architectural style
Q25469888,Hokkien architecture,architectural style of the Hoklo people,,,,,,,,https://en.wikipedia.org/wiki/Hokkien_architecture,Q32880 architectural style
Q25689202,Goan houses,"Overview of houses in Goa, India",,,,,India,,,https://en.wikipedia.org/wiki/Goan_houses,Q32880 architectural style
Q27055630,Russian wooden architecture,traditional architectural movement in Russia,,,,,,,,https://en.wikipedia.org/wiki/Russian_wooden_architecture,Q32880 architectural style
Q27958342,Second Empire architecture in the United States and Canada,architectural style,,,,,Canada; United States,,,https://en.wikipedia.org/wiki/Second_Empire_architecture_in_the_United_States_and_Canada,Q32880 architectural style
Q27958345,Second Empire architecture in Europe,architectural style,,,,,,,,https://en.wikipedia.org/wiki/Second_Empire_architecture_in_Europe,Q32880 architectural style
Q28133999,Maltese Baroque architecture,form of Baroque architecture,,,,,Malta,,,https://en.wikipedia.org/wiki/Maltese_Baroque_architecture,Q32880 architectural style
Q28136281,Egyptian Revival architecture in the British Isles,,,,,,Ireland; United Kingdom,,,https://en.wikipedia.org/wiki/Egyptian_Revival_architecture_in_the_British_Isles,Q32880 architectural style
Q28407017,Western false front architecture,Style of architecture in the Southwestern United States,,,,,United States,,,https://en.wikipedia.org/wiki/Western_false_front_architecture,Q32880 architectural style
Q30327019,post and lintel,building system where horizontal elements (beams or lintels) are held up by vertical elements (posts),,,,,,,300001484,https://en.wikipedia.org/wiki/Post_and_lintel,Q32880 architectural style
Q30687810,Lingnan architecture,Architecture,,,,,,,,https://en.wikipedia.org/wiki/Lingnan_architecture,Q32880 architectural style
Q30889405,Neoclassical architecture in Tuscany,"neoclassical architecture in Tuscany, Italy",,,,,Italy,,,https://en.wikipedia.org/wiki/Neoclassical_architecture_in_Tuscany,Q32880 architectural style
Q33247990,Early Gothic architecture,the first period of Gothic architecture (1120–1200),,,,,,,300020780,https://en.wikipedia.org/wiki/Early_Gothic_architecture,Q32880 architectural style
Q35583408,Najdi architecture,"historic architectural style native to Najd region, Saudi Arabia",,,,,,,,https://en.wikipedia.org/wiki/Najdi_architecture,Q32880 architectural style
Q48734893,Art Deco in Mumbai,Indian architecture style,,,,,India; British Raj,,,https://en.wikipedia.org/wiki/Art_Deco_in_Mumbai,Q32880 architectural style
Q48841650,Mosque architecture in Indonesia,complex of multiple built objects,,,,,Indonesia,,,https://en.wikipedia.org/wiki/Mosque_architecture_in_Indonesia,Q32880 architectural style
Q48976503,Moderne architecture,architectural style,,,,,,,,https://en.wikipedia.org/wiki/Moderne_architecture,Q32880 architectural style
Q50084199,New Classical architecture,postmodern classical architectural movement,,,,,,,,https://en.wikipedia.org/wiki/New_Classical_architecture,Q32880 architectural style
Q227805,Zuckerbäckerstil,German term: pejorative term for a architectural style,,,,,,,,,Q32880 architectural style
Q331666,Überetscher style,,,,,,,,,,Q32880 architectural style
Q332496,overtaking station,railway station used only for overtaking other trains,,,,,,,,,Q32880 architectural style
Q495381,Scheldt Gothic architecture,architectural style,,,,,,,,,Q32880 architectural style
Q1596229,,,1920-01-01T00:00:00Z,1934-01-01T00:00:00Z,1920,1934,Germany,,,,Q32880 architectural style
Q1621045,historicizing,"reconstruction of processes or objects from a former period, reminiscent but differing from the original",,,,,,,,,Q32880 architectural style
Q1722994,,,,,,,Germany,,,,Q32880 architectural style
Q1811245,barocco leccese,,,,,,,,,,Q32880 architectural style
Q1900706,Archduke Style,,,,,,,,,,Q32880 architectural style
Q1936935,minimalism in architecture,architectural style,,,,,,,,,Q32880 architectural style
Q1938689,Mixed order,,,,,,,,,,Q32880 architectural style
Q1962333,Gothic Survival architecture,survival of Gothic architecture in western Europe,,,,,,,,,Q32880 architectural style
Q1962399,Nachkriegsmoderne,post war modernism in Germany and Switzerland,,,,,,,,,Q32880 architectural style
Q1977038,Christocentric church,type of church,,,,,,,,,Q32880 architectural style
Q2007102,Nürnberger Stil,,,,,,,,,,Q32880 architectural style
Q2011484,Hellenistic architecture,,,,,,,,,,Q32880 architectural style
Q2050789,boerderette,architectural style based on traditional farmhouses in the Netherlands,2000-01-01T00:00:00Z,,2000,,Netherlands,,,,Q32880 architectural style
Q2136756,Reform Architecture,architectural style,,,,,Austria–Hungary; German Reich,,,,Q32880 architectural style
Q2159184,,,,,,,,,,,Q32880 architectural style
Q2182116,,,,,,,,,,,Q32880 architectural style
Q2269431,Semper Nicolai school,,,,,,,,,,Q32880 architectural style
Q2278641,Cycladic architecture,,,,,,,,,,Q32880 architectural style
Q2340043,Steinbloss,,,,,,,,,,Q32880 architectural style
Q2345965,Holland gothic,,,,,,Netherlands; County of Holland,,,,Q32880 architectural style
Q2376844,pre-Classical architecture,architectural styles before the classical Greek-Roman period,,,,,,,,,Q32880 architectural style
Q2434964,Mosan gothic,,,,,,Belgium; Netherlands,,,,Q32880 architectural style
Q2494008,Early Christian architecture,,,,,,,,,,Q32880 architectural style
Q2611710,cottage style,architectural style,,,,,,,,,Q32880 architectural style
Q2640894,Timber framing in Germany,,,,,,,,,,Q32880 architectural style
Q2694178,Mycenaean architecture,,,,,,,,,,Q32880 architectural style
Q2710172,transitional architecture,,,,,,,,,,Q32880 architectural style
Q2740095,Um 1800,architectural style,,,,,,Q483024; Q69257,,,Q32880 architectural style
Q2748747,Delftse School,architectural style in the Netherlands,,,,,,,,,Q32880 architectural style
Q2860274,Art Deco architecture in Belgium,,,,,,Belgium,,,,Q32880 architectural style
Q2860275,Art Deco architecture in Bordeaux,"overview of a building style in Bordeaux, France",,,,,France,,,,Q32880 architectural style
Q2860276,,,,,,,France,,,,Q32880 architectural style
Q2860286,Almohad architecture in Spain,,,,,,Spain,,,,Q32880 architectural style
Q2860289,Norman architecture of Sicily,,,,,,Italy,,,,Q32880 architectural style
Q2860351,Modernist architecture in Belgium,,,,,,Belgium,,,,Q32880 architectural style
Q2860353,Mudéjar architecture,architectural style,,,,,,,300020944,,Q32880 architectural style
Q2860359,Russian-Byzantine architecture,,,,,,,Q4787140; Q54111; Q47591,,,Q32880 architectural style
Q2860360,Gothic Revival architecture in New York,,,,,,United States,,,,Q32880 architectural style
Q2860368,,,,,,,Kingdom of France,,,,Q32880 architectural style
Q2860376,romanesque architecture in the Pyrenees,,,,,,Spain; France; Andorra,,,,Q32880 architectural style
Q2864591,art of Almoravides and Almohades,,,,,,,,,,Q32880 architectural style
Q2884586,romanesque architecture in Italy,,,,,,Italy,,,,Q32880 architectural style
Q2895246,Art Deco architecture in Bilbao,,,,,,Spain,,,,Q32880 architectural style
Q2940898,Creole case,"type of house in Antilles, Guyana, Reunion, Seychelles, etc.",,,,,,,,,Q32880 architectural style
Q2981295,fermette,architectural style based on traditional farmhouses in Belgium,1950-01-01T00:00:00Z,,1950,,Belgium,,,,Q32880 architectural style
Q3145356,pavilion style hospital,,,,,,,,,,Q32880 architectural style
Q3148810,Turnhout School,,,,,,Belgium,,,,Q32880 architectural style
Q3162607,Dutch landscape style,architectural style of gardens and parks,,,,,Netherlands,,,,Q32880 architectural style
Q3279102,bubble house,building type,,,,,,,,,Q32880 architectural style
Q3280131,Delian house,"architectural style of ancient Delos, Greece",,,,,Greece,,,,Q32880 architectural style
Q3282723,reconstruction-period architecture,,,,,,Netherlands,,,,Q32880 architectural style
Q3347056,Flemish Renaissance Revival architecture,19th century architectural revival style,1870-01-01T00:00:00Z,1914-01-01T00:00:00Z,1870,1914,Belgium,,,,Q32880 architectural style
Q3347108,Neo-Basque style,,,,,,,,,,Q32880 architectural style
Q3355738,French order,,,,,,France,,,,Q32880 architectural style
Q3389209,,,1972-01-01T00:00:00Z,,1972,,France,,,,Q32880 architectural style
Q3399861,postmodern architecture in Belgium,,,,,,Belgium,,,,Q32880 architectural style
Q3501263,,,,,,,France,,,,Q32880 architectural style
Q3501260,1940's style,,,,,,,,,,Q32880 architectural style
Q3501284,Neo-Provencal,architectural style,,,,,,,,,Q32880 architectural style
Q3501302,Saint-Sulpicien style,,,,,,,,,,Q32880 architectural style
Q3546877,tetrastyle,architectural style with four columns in front,,,,,,,300163742,,Q32880 architectural style
Q3577815,,,,,,,France,,,,Q32880 architectural style
Q3577888,,,,,,,Spain,,,,Q32880 architectural style
Q3621579,18th-century architecture,,,,,,,,,,Q32880 architectural style
Q3621576,,,,,,,,,,,Q32880 architectural style
Q3621592,Aeolian architecture,,,,,,Italy,,,,Q32880 architectural style
Q3621603,Minoan architecture,,,,,,,,,,Q32880 architectural style
Q3621607,British Gothic Revival architecture,,,,,,United Kingdom,,,,Q32880 architectural style
Q3621614,Romanesque architecture in Canavese,,,,,,Italy,,,,Q32880 architectural style
Q3621613,Romanesque architecture in Aosta Valley,,,,,,Italy,,,,Q32880 architectural style
Q3718602,,,,,,,Italy,,,,Q32880 architectural style
Q3917391,architectural school of Hrodna,,,,,,Belarus,,,,Q32880 architectural style
Q3940629,romanesque architecture in Florence,,,,,,Italy; Republic of Florence,,,,Q32880 architectural style
Q4028413,111-134 (series of houses),,,,,,Russia; Ukraine,,,,Q32880 architectural style
Q4055350,avant-garde architecture in Saint Petersburg,,,,,,Russia,,,,Q32880 architectural style
Q4069878,Arran architectural school,,,,,,Azerbaijan,,,,Q32880 architectural style
Q4070858,Architectural school of Polock,,,,,,Principality of Polotsk,,,,Q32880 architectural style
Q4101178,prefabricated building,,,,,,,,,,Q32880 architectural style
Q4141616,Golitsyn Baroque,One of the variations of Baroque architecture in Russia,,,,,,,,,Q32880 architectural style
Q4147033,Gothic architecture of Prague,,,,,,Czech Republic,,,,Q32880 architectural style
Q4176287,baroque gothic,,,,,,,,,,Q32880 architectural style
Q4221815,brick style,style in Eastern Europe architecture in 1880-1920,,,,,,,,,Q32880 architectural style
Q41781516,,,,,,,,,,,Q32880 architectural style
Q42293889,expo style,"Belgian architectural style influenced by the World Expo in Brussels, 1958",,,,,Belgium,,,,Q32880 architectural style
Q42402788,,"neighborhood in Dordrecht, Netherlands",,,,,Netherlands,,,,Q32880 architectural style
Q42885640,,,,,,,,,,,Q32880 architectural style
Q42898444,round building,building that is round,,,,,,,,,Q32880 architectural style
Q48524606,,architectural style; type of wall,,,,,,,,,Q32880 architectural style
Q48760270,Baroque architecture in Turin,,,,,,Italy,,,,Q32880 architectural style
Q48803890,,,,,,,Italy,,,,Q32880 architectural style
Q48880867,flush gable roof,may have eaves or parapet; no rake overhanging,,,,,,,,,Q32880 architectural style
Q48913775,,,,,,,,,,,Q32880 architectural style
Q49974793,Neotraditional,architectural style inspired by the traditional style; use contemporary design and techniques,,,,,,Q85685942,300259490,,Q32880 architectural style
Q140608497,,,,,,,,,,,Q32880 architectural style
Q140779349,Jesuit architecture,,,,,,,,,,Q32880 architectural style
Q141048129,Temple architecture of Konkan,Article about temple architecture in the Konkan region,,,,,India,,,,Q32880 architectural style
Q141250266,Monterey Revival Architecture,architectural style,,,,,,,,,Q32880 architectural style
Q141333088,T-plan style,architectural style,,,,,Turkey,,,,Q32880 architectural style
Q141342675,glazed ceramic architecture,architectural style,,,,,Iraq,,,,Q32880 architectural style
Q141532070,,,,,,,Netherlands,,,,Q32880 architectural style
Q141537684,Rush-mat house,,,,,,,,,,Q32880 architectural style
Q141537691,dung floor,,,,,,,,,,Q32880 architectural style
Q141617253,,,,,,,Netherlands,,,,Q32880 architectural style
Q4326865,The New East,,2000-01-01T00:00:00Z,,2000,,,,,,Q32880 architectural style
Q4390175,pilaster side,,,,,,,,,,Q32880 architectural style
Q4393722,Retrospectivist architecture,architectural style,,,,,,,,,Q32880 architectural style
Q4397395,Romanesque architecture in the Czech Republic,,,,,,Czech Republic,,,,Q32880 architectural style
Q4401046,Uzorochye,,,,,,,,,,Q32880 architectural style
Q4408702,Belarusian Baroque,,,,,,,,,,Q32880 architectural style
Q4426604,wooden architecture,,,,,,,,,,Q32880 architectural style
Q4444065,Stroganov Baroque,Baroque architectural style in the Russian Empire,1600-01-01T00:00:00Z,1700-01-01T00:00:00Z,1600,1700,Russian Empire,,,,Q32880 architectural style
Q4467013,,,1992-01-01T00:00:00Z,,1992,,Russia,,,,Q32880 architectural style
Q4530145,,,,,,,,,,,Q32880 architectural style
Q14621761,baroque architecture in the Southern Netherlands,,,,,,Belgium,,,,Q32880 architectural style
Q14852360,late landscape style,"style of landscape, garden and park architecture in the Netherlands",,,,,,,,,Q32880 architectural style
Q15613803,Usonian architecture,architectural style by Frank Lloyd Wright,,,,,United States,,,,Q32880 architectural style
Q15735354,Backsteinexpressionismus in Hannover,,,,,,Germany,,,,Q32880 architectural style
Q15879448,,,,,,,,,,,Q32880 architectural style
Q15959212,Brutalist architecture in Yugoslavia,,,,,,Yugoslavia,,,,Q32880 architectural style
Q15974689,Belgian eclectic architecture,eclectic architecture from Belgium,,,,,Belgium,,,,Q32880 architectural style
Q16039581,Belgian Beaux-Arts architecture,Beaux-Arts architecture from Belgium,,,,,Belgium,,,,Q32880 architectural style
Q16047776,Median architecture,architecture of the Median Kingdom,,,,,Median Kingdom,,,,Q32880 architectural style
Q16083364,,,,,,,,,,,Q32880 architectural style
Q16142974,barroco mineiro,subtype of Portuguese baroque,,,,,Colonial Brazil,,,,Q32880 architectural style
Q16303815,Functionalist architecture in Belgium,,,,,,Belgium,,,,Q32880 architectural style
Q16414661,Shirvan-Absheron architectural school,schools of architecture in Azerbaijan,,,,,,,,,Q32880 architectural style
Q16522536,Renaissance architecture in Hungary,,,,,,Hungary,,,,Q32880 architectural style
Q16662498,gritstone house,house built with gritstone,,,,,,,,,Q32880 architectural style
Q16693026,Russian Romanesque,"White-stone pre-Mongol temple architecture of North-Eastern Rus', a number of features of which are due to the influence of Western European Romanesque architecture.",,,,,,,,,Q32880 architectural style
Q16737853,,,,,,,,,,,Q32880 architectural style
Q17186637,Rationalism in Madrid,,,,,,Spain,,,,Q32880 architectural style
Q17462248,Eclectic art in Catania,,,,,,Italy,,,,Q32880 architectural style
Q17522108,Consulate style,continuation in the decorative arts of the Neo-classical style,,,,,,,,,Q32880 architectural style; Q1792644 art style
Q17625758,,,,,,,Mexico,,,,Q32880 architectural style
Q17634639,neo-Breton house,,,,,,France,,,,Q32880 architectural style
Q17993891,Pahlavi architecture,Iranian architectural style during the reign of Pahlavi dynasty (1925—1979),,,,,Pahlavi Iran,,,,Q32880 architectural style
Q17993889,Parthian architecture,architecture of the Parthian Empire,,,,,Parthian Empire,,,,Q32880 architectural style
Q17995705,civil architecture,type of architecture,,,,,,,,,Q32880 architectural style
Q18011802,Merovingian architecture,architecture of the Merovingian dynasty,,,,,,,,,Q32880 architectural style
Q18021193,Johann Albrecht style,,,,,,,,,,Q32880 architectural style
Q18225059,Italian theater,performance hall designed according to the Italian architectural style,,,,,,,,,Q32880 architectural style
Q18450524,,,,,,,,,,,Q32880 architectural style
Q18485274,minimalist architecture,,,,,,,,,,Q32880 architectural style
Q18984352,wine architecture,architecture concerning wine,,,,,,,,,Q32880 architectural style
Q19311731,Wilhelminian style,,,,,,,,,,Q32880 architectural style
Q19347338,Architectural school of Western Paliessie,,,,,,Belarus,,,,Q32880 architectural style
Q19347339,Architectural school of Eastern Paliessie,,,,,,,,,,Q32880 architectural style
Q19910996,Moscow baroque,,,,,,,,,,Q32880 architectural style
Q19953630,colonial architecture of Latin America,,,,,,,,,,Q32880 architectural style
Q20092355,Renaissance architecture of Lviv,,,,,,Ukraine,,,,Q32880 architectural style
Q20102811,neoclassical architecture in Catalonia,,,,,,Spain,,,,Q32880 architectural style
Q20651405,Art Nouveau architecture in Blankenberge,,,,,,Belgium,,,,Q32880 architectural style
Q20724244,Art Deco architecture in Reims,"overview of a building style in Reims, France",,,,,France,,,,Q32880 architectural style
Q20733247,Mogilev baroque,,,,,,,,,,Q32880 architectural style
Q21009418,,,,,,,,,,,Q32880 architectural style
Q21019708,Yōsui-tei,,,,,,Japan,,,,Q32880 architectural style
Q21038020,Gothic architecture in Catalonia,,,,,,Spain,,,,Q32880 architectural style
Q21167467,Gothic architecture in Romania,architecural style of Medieval Romania,,,,,Romania,,,,Q32880 architectural style
Q22574947,Belarusian architecture,,,,,,,,,,Q32880 architectural style
Q22683451,Art Nouveau architecture in Tunis,architectural style,,,,,Tunisia,,,,Q32880 architectural style
Q23538273,,,,,,,,,,,Q32880 architectural style
Q23752285,Eclectic architecture in Russia,,,,,,Russia; Russian Empire,,,,Q32880 architectural style
Q23891762,Romanesque architecture in Moravia,,,,,,,,,,Q32880 architectural style
Q24265256,Maximilianstil,architectural style in Bavaria (1848–1864),,,,,Germany,Q15609295,,,Q32880 architectural style
Q24871653,Japanese castle architecture,,,,,,,,,,Q32880 architectural style
Q24897528,sōan,,,,,,Japan,,,,Q32880 architectural style
Q24904462,shake-hands architecture,Dutch architectural style,,,,,,,,,Q32880 architectural style
Q25390581,Art Deco architecture in Tunis,"overview of a building style in Tunis, Tunisia",,,,,Tunisia; French protectorate of Tunisia,,,,Q32880 architectural style
Q25393587,Regionalism,architectural style,1890-01-01T00:00:00Z,1950-01-01T00:00:00Z,1890,1950,,,,,Q32880 architectural style
Q25416155,First Romanesque,,,,,,,,,,Q32880 architectural style; Q1792644 art style
Q25418214,village gate,Vietnamese traditional structure erected at the entrance to a village,,,,,Vietnam,,,,Q32880 architectural style
Q25480402,,,,,,,Bulgaria,,,,Q32880 architectural style
Q25494801,Historicist architecture in Zagreb,,,,,,Croatia,,,,Q32880 architectural style
Q25616656,early landscape style,architectural style for gardens and parks,,,,,,,,,Q32880 architectural style
Q27557355,Nasrid architecture,,,,,,,,,,Q32880 architectural style
Q28031756,,,,,,,,,,,Q32880 architectural style
Q28038956,,,,,,,Bulgaria,,,,Q32880 architectural style
Q28059003,,,,,,,Bulgaria,,,,Q32880 architectural style
Q28689819,southern Kyushu type castle,,,,,,Japan,,,,Q32880 architectural style
Q28945426,Louis XII style,,,,,,France,Q1404472; Q577852,,,Q32880 architectural style
Q29024373,English mansion style in the Netherlands,,,,,,Netherlands,,,,Q32880 architectural style
Q29110195,,,,,,,,,,,Q32880 architectural style
Q30113585,Kakukaku-tei,,1928-01-01T00:00:00Z,,1928,,Japan,,,,Q32880 architectural style
Q30619313,Republican,Republican architecture style,,,,,,,,,Q32880 architectural style
Q30619580,Ingles,Architectural style,,,,,,,,,Q32880 architectural style
Q30627185,Brick Romanesque Style,Brick Romanesque Architecture Style,,,,,,,,,Q32880 architectural style
Q30658194,Brick Renaissance Style,Architectural style,,,,,,,,,Q32880 architectural style
Q30713752,Federalism,Architectural style,,,,,,,,,Q32880 architectural style
Q30713920,Late Egyptian,Architectural style,,,,,,,,,Q32880 architectural style
Q30888823,Don Cossack architecture,,,,,,Russian Empire,,,,Q32880 architectural style
Q30899571,baroque architecture in New Spain,,,,,,Spain,,,,Q32880 architectural style
Q30913189,,,,,,,,,,,Q32880 architectural style
Q30920225,,,,,,,,,,,Q32880 architectural style; Q1792644 art style
Q30938121,,,,,,,Japan,,,,Q32880 architectural style
Q30942155,huan-á-lâu,,,,,,,,,,Q32880 architectural style
Q31192104,,,,,,,Bulgaria,,,,Q32880 architectural style
Q31292208,Caucasian Albanian architecture,architecture of the ancient state of Caucasian Albania,,,,,,,,,Q32880 architectural style
Q39080983,Baroque architecture in Central Europe,,,,,,,,,,Q32880 architectural style
Q74156,Moorish Revival architecture,"style in 19th-century European architecture and decorative arts characterized by Hispano-Moresque forms and motifs such as honey comb vaulting, arabesques, and horseshoe arches",,,,,,,300198720,https://en.wikipedia.org/wiki/Moorish_Revival_architecture,Q32880 architectural style
Q80706,Hindu temple architecture,"the art, practice, and elements in the planning, designing and building of Hindu temples",,,,,,,,https://en.wikipedia.org/wiki/Hindu_temple_architecture,Q32880 architectural style
Q502163,Renaissance Revival architecture,branch of 19th-century architectural revival style,,,,,,,300021464,https://en.wikipedia.org/wiki/Renaissance_Revival_architecture,Q32880 architectural style
Q508475,colonial architecture,architectural style in current or former colonies,,,,,,,,https://en.wikipedia.org/wiki/Colonial_architecture,Q32880 architectural style
Q12797,star fort,type of fortification based on bastions with a star shape,,,,,,,300048763,https://en.wikipedia.org/wiki/Bastion_fort,Q32880 architectural style
Q24798,critical regionalism,approach to architecture,,,,,,,300256479,https://en.wikipedia.org/wiki/Critical_regionalism,Q32880 architectural style
Q30531,tiny house movement,architectural and social movement to live in small homes,,,,,,,,https://en.wikipedia.org/wiki/Tiny-house_movement,Q32880 architectural style
Q33565,stilt house,houses raised on piles over the surface of the soil or a body of water,,,,,,,300005454,https://en.wikipedia.org/wiki/Stilt_house,Q32880 architectural style
Q509364,Tudor architecture,architectural style,,,,,,,,https://en.wikipedia.org/wiki/Tudor_architecture,Q32880 architectural style
Q518007,Giyōfū architecture,a style of Japanese architecture which outwardly resembled Western-style construction in Meiji period,,,,,Japan,,,https://en.wikipedia.org/wiki/Giy%C5%8Df%C5%AB_architecture,Q32880 architectural style
Q527449,Ottoman architecture,architecture of the Ottoman Empire,,,,,Ottoman Empire,,,https://en.wikipedia.org/wiki/Ottoman_architecture,Q32880 architectural style
Q529819,Queen Anne style,architectural style,,,,,,,300021197,https://en.wikipedia.org/wiki/Queen_Anne_style_architecture,Q32880 architectural style
Q537454,Anglo-Saxon architecture,architectural style,0500-01-01T00:00:00Z,1066-01-01T00:00:00Z,500,1066,United Kingdom,,,https://en.wikipedia.org/wiki/Anglo-Saxon_architecture,Q32880 architectural style
Q542261,Mughal architecture,Indo-Islamic architecture from 16th to 18th century India,,,,,Mughal Empire,,,https://en.wikipedia.org/wiki/Mughal_architecture,Q32880 architectural style
Q548879,novelty architecture,type of architecture copying unusual shapes for purposes of advertising or mimicry,1920-01-01T00:00:00Z,,1920,,,,300108361,https://en.wikipedia.org/wiki/Novelty_architecture,Q32880 architectural style
Q565165,Victorian architecture,series of architectural revival styles,,,,,,,,https://en.wikipedia.org/wiki/Victorian_architecture,Q32880 architectural style
Q841977,constructivist architecture,1920s–30s architecture movement in the USSR combining advanced technology and engineering with Communist social purpose,,,,,,,,https://en.wikipedia.org/wiki/Constructivist_architecture,Q32880 architectural style
Q842352,ancient Egyptian architecture,aspect of architecture,,,,,Ancient Egypt,,,https://en.wikipedia.org/wiki/Ancient_Egyptian_architecture,Q32880 architectural style
Q819854,Berg house,"regional type of house found in Bergisches Land, Germany",,,,,Germany,,,https://en.wikipedia.org/wiki/Berg_house,Q32880 architectural style
Q825394,Indo-Islamic architecture,Islamic architecture in India,,,,,,,,https://en.wikipedia.org/wiki/Indo-Islamic_architecture,Q32880 architectural style
Q828310,Panopticon,type of prison architecture imagined by the Bentham brothers,,,,,,,300004836,https://en.wikipedia.org/wiki/Panopticon,Q32880 architectural style
Q840111,Giant order,"architectural order that extends in several levels of height or plants, and in which the columns or pilasters go through at least two floors",,,,,,,,https://en.wikipedia.org/wiki/Giant_order,Q32880 architectural style
Q840829,baroque architecture,building style of the Baroque era,1600-01-01T00:00:00Z,,1600,,,Q128168,,https://en.wikipedia.org/wiki/Baroque_architecture,Q32880 architectural style
Q60224705,Lamolithic houses,Concrete houses in Florida,,,,,,,,https://en.wikipedia.org/wiki/Lamolithic_house,Q32880 architectural style
Q60703999,contextual architecture,architectural approach in which a structure is designed in response to the literal and abstract characteristics of the environment in which it is built,,,,,,,,https://en.wikipedia.org/wiki/Contextual_architecture,Q32880 architectural style
Q60745301,Summer architecture,Portuguese architectural movement,,,,,Portugal,,,https://en.wikipedia.org/wiki/Summer_architecture,Q32880 architectural style
Q60760671,Ottoman architecture in Egypt,overview of Ottoman architecture in Egypt,,,,,Egypt,,,https://en.wikipedia.org/wiki/Ottoman_architecture_in_Egypt,Q32880 architectural style
Q61826372,educational architecture,architecture of school buildings,,,,,,,,https://en.wikipedia.org/wiki/Educational_architecture,Q32880 architectural style
Q64343292,Chala Style,style of a Hindu temple,,,,,,,,https://en.wikipedia.org/wiki/Chala_Style,Q32880 architectural style
Q64462328,"Modernist Kaunas: Architecture of Optimism, 1919-1939",World Heritage site in Lithuania,,,,,Lithuania,,,https://en.wikipedia.org/wiki/Modern_architecture_of_Kaunas,Q32880 architectural style
Q65040981,Hausa architecture,architectural style of the Hausa people,,,,,,,,https://en.wikipedia.org/wiki/Hausa_architecture,Q32880 architectural style
Q65051019,New Mexico vernacular,,,,,,,,,https://en.wikipedia.org/wiki/New_Mexico_vernacular,Q32880 architectural style
Q994776,brutalist architecture,20th century style of architecture,1950-01-01T00:00:00Z,1970-01-01T00:00:00Z,1950,1970,,,300112048,https://en.wikipedia.org/wiki/Brutalist_architecture,Q32880 architectural style
Q5034667,Cape Cod,architectural style,,,,,,,300266201,https://en.wikipedia.org/wiki/Cape_Cod_(house),Q32880 architectural style
Q5034714,Cape Cod style,1800s lighthouse design once typical of Cape Cod that today only exists on the U.S. West Coast,,,,,,,,https://en.wikipedia.org/wiki/Cape_Cod_style,Q32880 architectural style
Q5099182,Chilotan architecture,Architectural style,,,,,,,,https://en.wikipedia.org/wiki/Chilotan_architecture,Q32880 architectural style
Q5100411,Chinese Chippendale,inspired by the work of Thomas Chippendale,,,,,,,300021215,https://en.wikipedia.org/wiki/Chinese_Chippendale_(architecture),Q32880 architectural style
Q5100577,Chinese Palaces,imperial complex in China,,,,,,,,https://en.wikipedia.org/wiki/Chinese_palace,Q32880 architectural style
Q5118885,châteauesque,revival architectural style,,,,,France,,,https://en.wikipedia.org/wiki/Ch%C3%A2teauesque,Q32880 architectural style; Q1792644 art style
Q5148367,Colonial Revival architecture,American architectural style,,,,,United States,,300018146,https://en.wikipedia.org/wiki/Colonial_Revival_architecture,Q32880 architectural style
Q5175496,Cotswold architecture,architectural Design Style,,,,,,,,https://en.wikipedia.org/wiki/Cotswold_architecture,Q32880 architectural style
Q5175548,cottage orné,rustic style of domestic architecture of the 18th and 19th centuries,,,,,,,,https://en.wikipedia.org/wiki/Cottage_orn%C3%A9,Q32880 architectural style
Q5184212,Creole architecture in the United States,vernacular style of the US Gulf Coast region,,,,,,,300005505,https://en.wikipedia.org/wiki/Creole_architecture_in_the_United_States,Q32880 architectural style
Q5288487,dogtrot house,style of house,,,,,,,300101215,https://en.wikipedia.org/wiki/Dogtrot_house,Q32880 architectural style
Q5317260,Dutch Colonial Revival architecture,style of domestic architecture,,,,,,,,https://en.wikipedia.org/wiki/Dutch_Colonial_Revival_architecture,Q32880 architectural style
Q5317261,Dutch Colonial architecture in New Netherlands,Architecture in homes,,,,,United States; New Netherland,,,https://en.wikipedia.org/wiki/Dutch_Colonial_architecture_(New_Netherland),Q32880 architectural style
Q5327255,Earthquake Baroque,style of Baroque architecture in the Philippines,,,,,,,,https://en.wikipedia.org/wiki/Earthquake_Baroque,Q32880 architectural style
Q5330714,Eastlake Movement,architectural style,,,,,,,300018222,https://en.wikipedia.org/wiki/Eastlake_movement,Q32880 architectural style
Q5346070,Edwardian architecture,style of architecture designed during the reign of Edward of Great Britain (1901-1910),,,,,,,,https://en.wikipedia.org/wiki/Edwardian_architecture,Q32880 architectural style
Q7312462,Renaissance architecture in Central and Eastern Europe,regional architecture,,,,,,,,https://en.wikipedia.org/wiki/Renaissance_architecture_in_Central_and_Eastern_Europe,Q32880 architectural style
Q7312463,Renaissance architecture in Portugal,,,,,,Portugal,,,https://en.wikipedia.org/wiki/Renaissance_architecture_in_Portugal,Q32880 architectural style
Q7362467,Romanesque architecture in Spain,,,,,,Spain,,,https://en.wikipedia.org/wiki/Romanesque_architecture_in_Spain,Q32880 architectural style
Q7443131,Second Bay Tradition,Architectural style (1928–1942),,,,,United States,,,https://en.wikipedia.org/wiki/Second_Bay_Tradition,Q32880 architectural style
Q7448523,Seljuk architecture,style of Persianized architecture,,,,,Seljuk Empire,,,https://en.wikipedia.org/wiki/Great_Seljuk_architecture,Q32880 architectural style
Q7492291,Shed style,style of architecture,,,,,,,,https://en.wikipedia.org/wiki/Shed_style,Q32880 architectural style
Q7523970,Single pen and double pen architecture,,,,,,United States,,,https://en.wikipedia.org/wiki/Single-_and_double-pen_architecture,Q32880 architectural style
Q7573157,Spanish Baroque architecture,architecture of the Baroque era in Spain,,,,,Spain,,,https://en.wikipedia.org/wiki/Spanish_Baroque_architecture,Q32880 architectural style
Q7573930,megalithism,prehistoric cultural and architectural phenomenon characterized by the construction of megalithic monuments,,,,,,,,https://en.wikipedia.org/wiki/Megalithic_art,Q32880 architectural style
Q7578710,split platform,"Railway station with a platform for each track, but on different levels",,,,,,,,https://en.wikipedia.org/wiki/Split_platform,Q32880 architectural style
Q7616244,Stick style,late-19th-century American architectural style,,,,,United States,,300018215,https://en.wikipedia.org/wiki/Stick_style,Q32880 architectural style
Q7620445,Storybook house,architectural style popularized in the 1920s in England and United States,,,,,,,,https://en.wikipedia.org/wiki/Storybook_architecture,Q32880 architectural style
Q65962586,Amtrak Standard Stations Program,Train station design effort by Amtrak,1978-01-01T00:00:00Z,,1978,,United States,,,https://en.wikipedia.org/wiki/Amtrak_Standard_Stations_Program,Q32880 architectural style
Q66595665,Moorish Revival architecture in Bosnia and Herzegovina,,,,,,Bosnia and Herzegovina,,,https://en.wikipedia.org/wiki/Moorish_Revival_architecture_in_Bosnia_and_Herzegovina,Q32880 architectural style
Q70346829,Māru-Gurjara architecture,Style of north Indian temple architecture,,,,,,,,https://en.wikipedia.org/wiki/Maru-Gurjara_architecture,Q32880 architectural style
Q72553961,classic gothic,architectural style specific to France,,,,,,,,https://en.wikipedia.org/wiki/Classic_Gothic,Q32880 architectural style
Q85743118,Art Deco architecture of New York City,"overview of a building style in New York City, United States",,,,,United States,,,https://en.wikipedia.org/wiki/Art_Deco_architecture_of_New_York_City,Q32880 architectural style
Q85784819,Meitei architecture,architecture of the Meitei people of Manipur Kingdom,,,,,Manipur State,,,https://en.wikipedia.org/wiki/Meitei_architecture,Q32880 architectural style
Q85789444,Norman Revival architecture,revival style based on English Romanesque architecture,,,,,,,300021468,https://en.wikipedia.org/wiki/Norman_Revival_architecture,Q32880 architectural style
Q85795362,Qutb Shahi architecture,indo-Islamic architectural style,,,,,,,,https://en.wikipedia.org/wiki/Qutb_Shahi_architecture,Q32880 architectural style
Q85851866,Sarumen Chaseki,"historic chashitsu in Nagoya Castle, Japan",,,,,Japan,,,https://en.wikipedia.org/wiki/Sarumen_Chaseki,Q32880 architectural style
Q87101624,Tai-an,"Tea house in Kyoto, Japan",,,,,Japan,,,https://en.wikipedia.org/wiki/Tai-an,Q32880 architectural style
Q91759637,Stile Littorio,,1930-01-01T00:00:00Z,,1930,,Kingdom of Italy,,,https://en.wikipedia.org/wiki/Stile_Littorio,Q32880 architectural style
Q93154241,nagaya,Japanese housing style prevalent in Edo era cities; a row house,,,,,Japan,,,https://en.wikipedia.org/wiki/Nagaya_(architecture),Q32880 architectural style
Q96400431,Pueblo architecture,architectural style,,,,,,,,https://en.wikipedia.org/wiki/Pueblo_architecture,Q32880 architectural style
Q97382697,Caprom,Russian architectural style,,,,,,,,https://en.wikipedia.org/wiki/Caprom,Q32880 architectural style
Q98399895,Ilkhanid architecture,architecture of the Ilkhanid Empire,,,,,Ilkhanate,,,https://en.wikipedia.org/wiki/Ilkhanid_architecture,Q32880 architectural style
Q98668652,High Gothic,style of the ‘classic’ period in Gothic architecture,,,,,,,300020782,https://en.wikipedia.org/wiki/High_Gothic,Q32880 architectural style
Q99962830,Rokusō-an,"Tea room in Nara, Japan",1700-01-01T00:00:00Z,,1700,,Japan,,,https://en.wikipedia.org/wiki/Rokus%C5%8D-an,Q32880 architectural style
Q845318,high-tech architecture,architectural style that emerged in the 1970s,,,,,,,,https://en.wikipedia.org/wiki/High-tech_architecture,Q32880 architectural style
Q850107,bungalow,"house that is either single-storey or has a second storey built into a sloping roof, popular in North America",,,,,,,300005495,https://en.wikipedia.org/wiki/Bungalow,Q32880 architectural style
Q855025,East Asian hip-and-gable roof,type of roof in East Asian architecture,,,,,,,,https://en.wikipedia.org/wiki/East_Asian_hip-and-gable_roof,Q32880 architectural style
Q859039,yaodong,traditional Chinese cave dwelling,,,,,,,,https://en.wikipedia.org/wiki/Yaodong,Q32880 architectural style
Q878965,Resort architecture,architectural style,,,,,,,,https://en.wikipedia.org/wiki/Resort_architecture,Q32880 architectural style
Q884574,Blobitecture,"movement in architecture in which buildings have an organic, amoeba-shaped, building form",,,,,,,300265318,https://en.wikipedia.org/wiki/Blobitecture,Q32880 architectural style
Q900557,cast-iron architecture,type of architecture,,,,,,,,https://en.wikipedia.org/wiki/Cast-iron_architecture,Q32880 architectural style
Q911397,baroque revival,architectural movement,,,,,,,300021444,https://en.wikipedia.org/wiki/Baroque_Revival_architecture,Q32880 architectural style
Q930314,vernacular architecture,"category of architecture based on local needs, construction materials and reflecting local traditions",,,,,,,300068483,https://en.wikipedia.org/wiki/Vernacular_architecture,Q32880 architectural style
Q930545,Shinmei-zukuri,architectural style,,,,,,,,https://en.wikipedia.org/wiki/Shinmei-zukuri,Q32880 architectural style
Q935445,minka,architectural style,,,,,Japan,,,https://en.wikipedia.org/wiki/Minka,Q32880 architectural style
Q942123,Russian pseudo-gothic,,,,,,Russia; Russian Empire,,,https://en.wikipedia.org/wiki/Russian_Pseudo-Gothic,Q32880 architectural style
Q945693,Louis Quinze,architectural and decorative style,,,,,,,,https://en.wikipedia.org/wiki/Louis_XV_style,Q32880 architectural style
Q946790,chashitsu,Japanese tea house,,,,,,,,https://en.wikipedia.org/wiki/Chashitsu,Q32880 architectural style
Q954879,Churrigueresque,Hispanic Baroque architectural style,1600-01-01T00:00:00Z,1750-01-01T00:00:00Z,1600,1750,Spain; Mexico,,300132977,https://en.wikipedia.org/wiki/Churrigueresque,Q32880 architectural style
Q956832,Brabantine Gothic,variant of Gothic architecture typical for the Low Countries,1350-01-01T00:00:00Z,1550-01-01T00:00:00Z,1350,1550,,Q1351624; Q1204196,,https://en.wikipedia.org/wiki/Brabantine_Gothic,Q32880 architectural style
Q957904,Chinese architecture,style of architecture,,,,,,,300106447,https://en.wikipedia.org/wiki/Chinese_architecture,Q32880 architectural style
Q963612,Romanesque architecture in Sardinia,architectural style,,,,,Italy,,,https://en.wikipedia.org/wiki/Romanesque_architecture_in_Sardinia,Q32880 architectural style
Q966571,Byzantine Revival architecture,architectural revival movement,,,,,,,300021446,https://en.wikipedia.org/wiki/Neo-Byzantine_architecture,Q32880 architectural style
Q966937,monolithic architecture,"buildings carved or excavated from a single material, usually rock",,,,,,,,https://en.wikipedia.org/wiki/Monolithic_architecture,Q32880 architectural style
Q6840667,mid-century modern,"architectural, interior, product, and graphic design of the mid-20th century",1933-01-01T00:00:00Z,1965-01-01T00:00:00Z,1933,1965,,Q2908620; Q162324; Q124354; Q82604,300343610,https://en.wikipedia.org/wiki/Mid-century_modern,Q32880 architectural style
Q6905299,Monterey Colonial architecture,style of architecture,,,,,United States,,,https://en.wikipedia.org/wiki/Monterey_Colonial_architecture,Q32880 architectural style
Q6960545,Vainakh tower architecture,feature of ancient and medieval architecture of Chechnya and Ingushetia,,,,,,,,https://en.wikipedia.org/wiki/Chechen_tower_architecture,Q32880 architectural style
Q6974748,National Park Service rustic,style of architecture developed in 20th century for the United States National Park Service,,,,,,,,https://en.wikipedia.org/wiki/National_Park_Service_rustic,Q32880 architectural style
Q6982098,Navaratna,architecture style,,,,,India; Bangladesh,,,https://en.wikipedia.org/wiki/Navaratna_(architecture),Q32880 architectural style
Q6991788,neo-eclectic architecture,style of architecture,,,,,,,,https://en.wikipedia.org/wiki/Neo-eclectic_architecture,Q32880 architectural style
Q6992182,neoclassical architecture in Poland,,,,,,Poland,,,https://en.wikipedia.org/wiki/Neoclassical_architecture_in_Poland,Q32880 architectural style
Q6992203,Neoclásico Isabelino,Puerto Rican architectural style,,,,,,,,https://en.wikipedia.org/wiki/Neocl%C3%A1sico_Isabelino,Q32880 architectural style
Q7016535,Newa architecture,Newari architectural style in Nepal,,,,,,,,https://en.wikipedia.org/wiki/Newar_architecture,Q32880 architectural style
Q7080212,saltbox,"building with a long, pitched roof that slopes down to the back",,,,,,,,https://en.wikipedia.org/wiki/Saltbox_house,Q32880 architectural style
Q7127018,Palazzo style architecture,imitative of Italian palazzi,,,,,,,,https://en.wikipedia.org/wiki/Palazzo_style_architecture,Q32880 architectural style
Q7139980,Parsian style,style of architecture,,,,,,,,https://en.wikipedia.org/wiki/Parsian_style,Q32880 architectural style
Q7140262,Parthian style,historical Iranian architecture,,,,,,,,https://en.wikipedia.org/wiki/Parthian_style,Q32880 architectural style
Q7166434,pepperpot,small lighthouse that has an architectural style similar to a scaled up salt or pepper shaker,,,,,Canada; United States; United Kingdom,,,https://en.wikipedia.org/wiki/Pepperpot_(lighthouse),Q32880 architectural style
Q7209882,Polish Cathedral style,Architectural design influenced by Polish Catholic immigrants,,,,,,,,https://en.wikipedia.org/wiki/Polish_cathedral_style,Q32880 architectural style
Q7209916,Gothic architecture in Poland,architectural style in the area of modern-day Poland,,,,,Poland,,,https://en.wikipedia.org/wiki/Gothic_architecture_in_modern_Poland,Q32880 architectural style
Q7226218,Polychrome brickwork,use of bricks of different colours for decoration,,,,,,,,https://en.wikipedia.org/wiki/Polychrome_brickwork,Q32880 architectural style
Q7232704,Portuguese colonial architecture,architectural style,,,,,,,300107030,https://en.wikipedia.org/wiki/Portuguese_colonial_architecture,Q32880 architectural style
Q7258468,Pueblo Revival Style architecture,regional architectural style of the Southwestern United States,,,,,United States,Q96400431,300018210,https://en.wikipedia.org/wiki/Pueblo_Revival_architecture,Q32880 architectural style
Q7270218,Queen Anne style architecture in the United States,architectural style during Victorian Era,1880-01-01T00:00:00Z,1910-01-01T00:00:00Z,1880,1910,United States,,,https://en.wikipedia.org/wiki/Queen_Anne_style_architecture_in_the_United_States,Q32880 architectural style
Q567789,Federation architecture,architectural style prevalent in Australia from around 1890 to 1915,,,,,,,,https://en.wikipedia.org/wiki/Federation_architecture,Q32880 architectural style
Q570074,American colonial architecture,building design styles associated with the colonial period of the United States,,,,,United States,,300107812,https://en.wikipedia.org/wiki/American_colonial_architecture,Q32880 architectural style
Q571648,Antebellum architecture,neoclassical architectural style characteristic of the 19th-century Southern United States,,,,,,,300193796,https://en.wikipedia.org/wiki/Antebellum_architecture,Q32880 architectural style
Q574561,New Objectivity,architecture movement in (mainly German-speaking) Europe,1920-01-01T00:00:00Z,,1920,,,Q207445; Q160438; Q4724,300111557,https://en.wikipedia.org/wiki/New_Objectivity_(architecture),Q32880 architectural style
Q577852,Plateresque,architectural style,,,,,,,300021131,https://en.wikipedia.org/wiki/Plateresque,Q32880 architectural style
Q578577,Early English Gothic,first historical division of English Gothic architecture,,,,,Kingdom of England,,300020796,https://en.wikipedia.org/wiki/Early_English_Gothic,Q32880 architectural style
Q585010,Weser Renaissance,Part of the Renaissance,,,,,,,,https://en.wikipedia.org/wiki/Weser_Renaissance,Q32880 architectural style
Q595448,postmodern architecture,architectural style that emerged in the 1960s,1970-01-01T00:00:00Z,,1970,,,,300022208,https://en.wikipedia.org/wiki/Postmodern_architecture,Q32880 architectural style
Q600320,architecture of the Fascist period,set of architectural movements,,,,,,,,https://en.wikipedia.org/wiki/Fascist_architecture,Q32880 architectural style
Q614624,neo-Mudéjar,architectural style,,,,,,Q329759,,https://en.wikipedia.org/wiki/Neo-Mud%C3%A9jar,Q32880 architectural style
Q615196,Italianate architecture,19th-century phase in the history of Classical architecture,,,,,Italy,,300018207,https://en.wikipedia.org/wiki/Italianate_architecture,Q32880 architectural style
Q616358,Prairie School architecture,architectural style,,,,,,,300018208,https://en.wikipedia.org/wiki/Prairie_School,Q32880 architectural style
Q616753,Naryshkin Baroque,Russian architectural style,,,,,,,,https://en.wikipedia.org/wiki/Naryshkin_Baroque,Q32880 architectural style
Q629000,timber framing,"building technique, construction method using heavy squared-off and carefully fitted and joined timbers",,,,,,,300111619,https://en.wikipedia.org/wiki/Timber_framing,Q32880 architectural style
Q5421149,experimental architecture,branch of conceptual architecture,1970-01-01T00:00:00Z,,1970,,,,,https://en.wikipedia.org/wiki/Experimental_architecture,Q32880 architectural style
Q5434236,Fantastic architecture,architectural style,,,,,United Kingdom,,300067141,https://en.wikipedia.org/wiki/Fantastic_architecture,Q32880 architectural style
Q5440545,federal modernism,20th-century American architectural style,,,,,Canada; United States,,,https://en.wikipedia.org/wiki/Federal_modernism,Q32880 architectural style
Q5445448,Ferrovitreous,,,,,,,,,https://en.wikipedia.org/wiki/Ferrovitreous,Q32880 architectural style
Q5453505,First Period,American colonial architecture and design time period (1626 - 1725),1626-01-01T00:00:00Z,,1626,,,,,https://en.wikipedia.org/wiki/First_Period_architecture,Q32880 architectural style
Q5461746,Florida modern,,,,,,,,,https://en.wikipedia.org/wiki/Florida_modern,Q32880 architectural style
Q5477607,Zakopane Style architecture,Polish architectural style,,,,,Poland,,,https://en.wikipedia.org/wiki/Zakopane_Style,Q32880 architectural style
Q5501689,French Baroque architecture,architecture of the Baroque era in France,1610-01-01T00:00:00Z,1774-01-01T00:00:00Z,1610,1774,France,,,https://en.wikipedia.org/wiki/French_Baroque_architecture,Q32880 architectural style
Q5501716,French Colonial,style of artistic architectural production in French colonies featuring a combination of French and native characteristics,,,,,,,300107024,https://en.wikipedia.org/wiki/French_colonial_architecture,Q32880 architectural style
Q5515426,gablefront house,house type in which the gable is facing the street or entrance side of the house,,,,,,,300005522,https://en.wikipedia.org/wiki/Gablefront_house,Q32880 architectural style
Q5519023,galleting,architectural technique in which small pieces of stone are pushed into wet mortar,,,,,,,300178881,https://en.wikipedia.org/wiki/Galleting,Q32880 architectural style
Q5587872,Gothic Revival architecture in Canada,,,,,,Canada,,,https://en.wikipedia.org/wiki/Gothic_Revival_architecture_in_Canada,Q32880 architectural style
Q5601565,Greco Deco,architectural style,,,,,,,,https://en.wikipedia.org/wiki/Greco_Deco,Q32880 architectural style
Q5608488,Greystone,Style of residential building in Chicago,,,,,,,,https://en.wikipedia.org/wiki/Greystone_(architecture),Q32880 architectural style
Q5642659,hall and parlor house,Residental architectural style,,,,,,,,https://en.wikipedia.org/wiki/Hall_and_parlor_house,Q32880 architectural style
Q5673292,Shingle style architecture,plain American house style with little ornamentation,,,,,,,300018214,https://en.wikipedia.org/wiki/Shingle_style_architecture,Q32880 architectural style
Q5684584,Hawaiian architecture,,,,,,,,,https://en.wikipedia.org/wiki/Hawaiian_architecture,Q32880 architectural style
Q5723565,Henry IV style,architectural style,,,,,,,,https://en.wikipedia.org/wiki/Henry_IV_style,Q32880 architectural style
Q5757358,High Victorian Gothic,eclectic architectural style and movement during the mid-late 19th century,,,,,,,,https://en.wikipedia.org/wiki/High_Victorian_Gothic,Q32880 architectural style
Q5928832,Hudson River Bracketed architectural style,,,,,,,,,https://en.wikipedia.org/wiki/Hudson_River_Bracketed_architectural_style,Q32880 architectural style
Q5967732,I-house,vernacular architectural style,,,,,,,300164811,https://en.wikipedia.org/wiki/I-house,Q32880 architectural style
Q7660129,Sydney School,Australian architectural style,,,,,Australia,,,https://en.wikipedia.org/wiki/Sydney_School,Q32880 architectural style
Q7678855,Talamana,traditional system of Indian iconometry,,,,,,,,https://en.wikipedia.org/wiki/Talamana,Q32880 architectural style
Q7681402,Tamil architecture,,,,,,,,,https://en.wikipedia.org/wiki/Tamil_architecture,Q32880 architectural style
Q7698701,LDS temple architecture,architectural style of temples of the various Latter Day Saint denominations,,,,,,,,https://en.wikipedia.org/wiki/Temple_architecture_(LDS_Church),Q32880 architectural style
Q7703749,Territorial Revival architecture,architectural style,,,,,,,,https://en.wikipedia.org/wiki/Territorial_Revival_architecture,Q32880 architectural style
Q7703756,Territorial architecture,Style of architecture in Northern New Mexico,,,,,,,,https://en.wikipedia.org/wiki/Territorial_Style,Q32880 architectural style
Q7784785,Third Bay Tradition,Architectural style (1945–1980s),,,,,United States,,,https://en.wikipedia.org/wiki/Third_Bay_Tradition,Q32880 architectural style
Q7800408,Tibetan Buddhist architecture,geographical influences on architecture,0021-01-01T00:00:00Z,,21,,Nepal; Bhutan,,,https://en.wikipedia.org/wiki/Tibetan_Buddhist_architecture,Q32880 architectural style
Q7800890,Tidewater architecture,style of architecture found mostly in coastal areas of the Southern United States,,,,,United States,,,https://en.wikipedia.org/wiki/Tidewater_architecture,Q32880 architectural style
Q7832319,Traditional architecture of Enggano,Indonesian architectural style,,,,,Indonesia,,,https://en.wikipedia.org/wiki/Traditional_architecture_of_Enggano,Q32880 architectural style
Q7851317,Tudor Revival architecture,architectural style,,,,,,,300021199,https://en.wikipedia.org/wiki/Tudor_Revival_architecture,Q32880 architectural style
Q7883237,tsumairi,Japanese traditional architectural structure,,,,,,,,https://en.wikipedia.org/wiki/Tsumairi,Q32880 architectural style
Q7883744,Japanese Buddhist architecture,architecture of Buddhist temples in Japan,,,,,Japan,,,https://en.wikipedia.org/wiki/Japanese_Buddhist_architecture,Q32880 architectural style
Q7899203,Upright and Wing,American vernacular architectural style,,,,,United States,,,https://en.wikipedia.org/wiki/Upright_and_Wing,Q32880 architectural style
Q7914254,Vancouver Special,architectural style,,,,,Canada,,,https://en.wikipedia.org/wiki/Vancouver_special,Q32880 architectural style
Q7919731,Venetian Gothic architecture,architectural style of Medieval Venice,,,,,Italy; Republic of Venice,Q247492; Q47591,,https://en.wikipedia.org/wiki/Venetian_Gothic_architecture,Q32880 architectural style
Q7937337,Mediterranean Revival architecture,design style during the 20th century,,,,,,,,https://en.wikipedia.org/wiki/Mediterranean_Revival_architecture,Q32880 architectural style
Q7954160,WPA Rustic,US architectural style,,,,,,,,https://en.wikipedia.org/wiki/WPA_Rustic,Q32880 architectural style
Q7979040,wedding-cake style,"visual style in architecture favoring multiple ""tiers"" and setbacks",,,,,,,,https://en.wikipedia.org/wiki/Wedding-cake_style,Q32880 architectural style
Q8488760,Category:Georgian Revival architecture in Florida,Wikimedia category,,,,,,,,https://en.wikipedia.org/wiki/Category:Georgian_Revival_architecture_in_Florida,Q32880 architectural style
Q9159154,Romanesque architecture in Poland,,,,,,Poland,,,https://en.wikipedia.org/wiki/Romanesque_architecture_in_Poland,Q32880 architectural style
Q36118,organic architecture,philosophy of architectural design,,,,,,,300056452,https://en.wikipedia.org/wiki/Organic_architecture,Q32880 architectural style
Q46261,Romanesque architecture,architectural style of Medieval Europe,,,,,,,,https://en.wikipedia.org/wiki/Romanesque_architecture,Q32880 architectural style
Q654057,Tuscan order,Architectural order,,,,,,,300067420,https://en.wikipedia.org/wiki/Tuscan_order,Q32880 architectural style
Q655556,Heimatschutz Architecture,Architectural style,,,,,,,,https://en.wikipedia.org/wiki/Heimatschutz_Architecture,Q32880 architectural style
Q681188,paifang,traditional style of Chinese architectural arched gateway,,,,,People's Republic of China,,,https://en.wikipedia.org/wiki/Paifang,Q32880 architectural style
Q695863,Brick Gothic,architectural style of Northern Europe,,,,,,,300020887,https://en.wikipedia.org/wiki/Brick_Gothic,Q32880 architectural style
Q717220,Googie,"form of post-modern architecture style, a subdivision of futurist architecture",,,,,,Q938328; Q757669; Q206592,300265600,https://en.wikipedia.org/wiki/Googie_architecture,Q32880 architectural style
Q728266,hall church,type of church building,,,,,,,,https://en.wikipedia.org/wiki/Hall_church,Q32880 architectural style
Q734649,Composite order,architectural order,,,,,,,300067415,https://en.wikipedia.org/wiki/Composite_order,Q32880 architectural style
Q735901,New Urbanism,urban design movement promoting walkable neighborhoods with a wide range of housing and job types,1980-01-01T00:00:00Z,,1980,,United States,,300259487,https://en.wikipedia.org/wiki/New_Urbanism,Q32880 architectural style
Q744373,Romanesque Revival architecture,style of building employed beginning in the mid-19th century,,,,,,,300021467,https://en.wikipedia.org/wiki/Romanesque_Revival_architecture,Q32880 architectural style; Q1792644 art style
Q750752,English Gothic architecture,architectural style in Britain,,,,,United Kingdom; Kingdom of England,,300020795,https://en.wikipedia.org/wiki/English_Gothic_architecture,Q32880 architectural style
Q751878,Manueline,architectural style,1500-01-01T00:00:00Z,1600-01-01T00:00:00Z,1500,1600,Portuguese Empire,,300020935,https://en.wikipedia.org/wiki/Manueline,Q32880 architectural style
Q754650,Superadobe,form of earthbag construction,,,,,,,,https://en.wikipedia.org/wiki/Superadobe,Q32880 architectural style
Q764675,Mudéjar architecture of Aragon,architectural style,,,,,Spain,,,https://en.wikipedia.org/wiki/Mud%C3%A9jar_architecture_of_Aragon,Q32880 architectural style
Q798511,list of Brick Renaissance buildings,Wikimedia list article,,,,,,,,https://en.wikipedia.org/wiki/Brick_Renaissance,Q32880 architectural style
Q798512,Brick Romanesque Architecture,building style,,,,,,,,https://en.wikipedia.org/wiki/List_of_Brick_Romanesque_buildings,Q32880 architectural style
Q6027751,Industrial style,21st-century aesthetic trend in interior design,,,,,,,,https://en.wikipedia.org/wiki/Industrial_style,Q32880 architectural style
Q6079815,Isfahani style,style (sabk) of architecture,,,,,,,,https://en.wikipedia.org/wiki/Isfahani_style,Q32880 architectural style
Q6092662,Italian Baroque architecture,style of architecture,,,,,Italy,,,https://en.wikipedia.org/wiki/Italian_Baroque_architecture,Q32880 architectural style
Q6092863,Italian Neoclassical architecture,style of architecture,,,,,Italy,,,https://en.wikipedia.org/wiki/Italian_Neoclassical_architecture,Q32880 architectural style
Q6093346,Italian modern and contemporary architecture,architecture in Italy dating from the 20th and 21st centuries,,,,,,,,https://en.wikipedia.org/wiki/Italian_modern_and_contemporary_architecture,Q32880 architectural style
Q6095546,First national architectural movement,architectural period in Turkey,,,,,,,,https://en.wikipedia.org/wiki/First_national_architectural_movement,Q32880 architectural style
Q6119627,Jacobethan,19th-century English style of Renaissance revival architecture,,,,,United Kingdom,,300108088,https://en.wikipedia.org/wiki/Jacobethan,Q32880 architectural style
Q6141506,Tendenza,Italian architectural movement,,,,,,,,https://en.wikipedia.org/wiki/Tendenza,Q32880 architectural style
Q6164915,Java-Malay architecture,,,,,,Malaysia; Indonesia,,,https://en.wikipedia.org/wiki/Java-Malay_architecture,Q32880 architectural style
Q6175722,Jeffersonian architecture,American Palladian/Neoclassical architecture,,,,,United States,,,https://en.wikipedia.org/wiki/Jeffersonian_architecture,Q32880 architectural style
Q6276222,Jor-bangla,topics referred to by the same term,,,,,India; Bangladesh,,,https://en.wikipedia.org/wiki/Jor-bangla,Q32880 architectural style
Q6297212,French Renaissance architecture,style of French architecture,,,,,France,,,https://en.wikipedia.org/wiki/French_Renaissance_architecture,Q32880 architectural style
Q6345071,Kadamba architecture,architectural style from India,,,,,India,,,https://en.wikipedia.org/wiki/Kadamba_architecture,Q32880 architectural style
Q6402320,Khorasani style,medieval architectural style,,,,,,,,https://en.wikipedia.org/wiki/Khorasani_style,Q32880 architectural style
Q6534925,Levantino Gothic,Gothic style,,,,,Spain,,,https://en.wikipedia.org/wiki/Levantine_Gothic,Q32880 architectural style
Q6653375,liturgical architecture,"religious structures, forms, spaces and orders",,,,,,,,https://en.wikipedia.org/wiki/Liturgical_architecture,Q32880 architectural style
Q6695419,Lublin Renaissance,"late 16th century architecture, Lubin Poland",,,,,Poland,,,https://en.wikipedia.org/wiki/Lublin_Renaissance,Q32880 architectural style
Q6750805,Mannerist architecture and sculpture in Poland,form of architecture popularized between 1550-1650 in Poland,,,,,Poland,,,https://en.wikipedia.org/wiki/Mannerist_architecture_and_sculpture_in_Poland,Q32880 architectural style
Q6827366,Miami Modern architecture,architectural style,,,,,United States,,,https://en.wikipedia.org/wiki/Miami_Modern_architecture,Q32880 architectural style
Q9159155,French Romanesque architecture,architectural style in Medieval France,,,,,France,,,https://en.wikipedia.org/wiki/French_Romanesque_architecture,Q32880 architectural style
Q9322693,Rondocubism,art style in architecture and applied arts during the First Czechoslovak Republic,,,,,First Czechoslovak Republic,,,https://en.wikipedia.org/wiki/Rondocubism,Q32880 architectural style; Q1792644 art style
Q9379879,sanheyuan,historical type of residence with three sides of a courtyard,,,,,,,,https://en.wikipedia.org/wiki/Sanheyuan,Q32880 architectural style
Q51879601,historicist architecture,19th to 21st century historical revival architecture,,,,,,,,https://en.wikipedia.org/wiki/Historicism_(architecture),Q32880 architectural style
Q54953351,pair-house,type of house built by Scandinavian immigrants in the US,,,,,United States,,,https://en.wikipedia.org/wiki/Pair-house,Q32880 architectural style
Q55164904,Queen Anne Revival architecture,architectural style,,,,,,,,https://en.wikipedia.org/wiki/New_World_Queen_Anne_Revival_architecture,Q32880 architectural style
Q55166869,Sundanese traditional house,type of dwelling,,,,,Indonesia,,,https://en.wikipedia.org/wiki/Sundanese_traditional_house,Q32880 architectural style
Q55637060,vernacular residential architecture of Western Sichuan,,,,,,People's Republic of China,,,https://en.wikipedia.org/wiki/Vernacular_residential_architecture_of_Western_Sichuan,Q32880 architectural style
Q56266198,Collegiate Gothic,architectural style,,,,,,,300260497,https://en.wikipedia.org/wiki/Collegiate_Gothic,Q32880 architectural style
Q56275629,Assam type house,Architectural style,,,,,India,,,https://en.wikipedia.org/wiki/Assam-type_architecture,Q32880 architectural style
Q56279167,Burnham Baroque,American architectural style,,,,,,,,https://en.wikipedia.org/wiki/Burnham_Baroque,Q32880 architectural style
Q56280545,Shanxi architecture,,,,,,People's Republic of China,,,https://en.wikipedia.org/wiki/Shanxi_architecture,Q32880 architectural style
Q56394155,Bosnian style in architecture,,,,,,Bosnia and Herzegovina,,,https://en.wikipedia.org/wiki/Bosnian_style_in_architecture,Q32880 architectural style
Q57892327,Hindu architecture,traditional system of Indian architecture as described in Hindu texts,,,,,,,,https://en.wikipedia.org/wiki/Hindu_architecture,Q32880 architectural style
Q65089629,Venetian Renaissance architecture,Architecture in Venice,1480-01-01T00:00:00Z,,1480,,Italy; Republic of Venice,,,https://en.wikipedia.org/wiki/Venetian_Renaissance_architecture,Q32880 architectural style
Q47591,Byzantine architecture,architectural style,,,,,Byzantine Empire,,,https://en.wikipedia.org/wiki/Byzantine_architecture,Q32880 architectural style
Q47848,sacred architecture,architectural practices used in places of worship,,,,,,,300400518,https://en.wikipedia.org/wiki/Sacral_architecture,Q32880 architectural style
Q47942,functionalism,20th-Century architectural style,,,,,,,300056529,https://en.wikipedia.org/wiki/Functionalism_(architecture),Q32880 architectural style
Q54111,Neoclassical architecture,18th–19th-century European classical revivalist architectural style,1750-01-01T00:00:00Z,,1750,,,,,https://en.wikipedia.org/wiki/Neoclassical_architecture,Q32880 architectural style
Q54124,Corinthian order,latest of the three principal classical orders of ancient Greek and Roman architecture,,,,,,,300067417,https://en.wikipedia.org/wiki/Corinthian_order,Q32880 architectural style
Q60138,peripteral,"of a Greek temple, with columns along all four sides",,,,,,,,https://en.wikipedia.org/wiki/Peripteros,Q32880 architectural style
Q574489,anthroposophic architecture,architectural style,,,,,,,,,Q32880 architectural style
Q600029,Late Modernism,late modernist architecture,,,,,,,,,Q32880 architectural style
Q742962,Demer Gothic,,,,,,Duchy of Brabant,,,,Q32880 architectural style
Q790720,Baroque architecture in Hungary,,,,,,Hungary,,,,Q32880 architectural style
Q811240,country baroque architecture,"Vernacular (typical, local) architecture, mainly in South Bohemian Region, with characteristic baroque gable(s).",,,,,,,,,Q32880 architectural style
Q867703,Western-style building,architectural style,,,,,,,,,Q32880 architectural style
Q901970,Braunschweiger Schule,architectural style from TU Braunschweig,,,,,,,,,Q32880 architectural style
Q5146960,Collegiate Gothic in North America,architectural style subgenre of Gothic Revival architecture,,,,,,,,,Q32880 architectural style
Q5367475,bunka jūtaku,,,,,,,,,,Q32880 architectural style
Q5679012,Zand architecture,architecture of the Zand Empire,,,,,Zand Iran,,,,Q32880 architectural style
Q5705173,Baroque architecture in Hispanic America,,,,,,,,,,Q32880 architectural style
Q5705176,Chaldean architecture,,,,,,,,,,Q32880 architectural style
Q5705184,,,,,,,Spain,,,,Q32880 architectural style
Q5705242,Art Nouveau architecture of Lower Aragon,,,,,,Spain,,,,Q32880 architectural style
Q5705254,Neo-Plateresque architecture,architectural style,,,,,,Q577852,,,Q32880 architectural style
Q5705264,regionalist architecture in Spain,,,,,,Spain,,,,Q32880 architectural style
Q5705272,renaissance architecture in Zaragoza,,,,,,Spain,,,,Q32880 architectural style
Q5705277,Romanesque architecture in Lacio  and Rome,,,,,,Italy,,,,Q32880 architectural style
Q5706716,Romanesque architecture in the province of Palencia,,,,,,Spain,,,,Q32880 architectural style
Q5718239,Qajar architecture,architecture of the Qajar Empire,,,,,Qajar Iran,,,,Q32880 architectural style
Q5764167,Mission Style in Argentina,architectural style,,,,,Argentina,,,,Q32880 architectural style
Q5808161,,,,,,,,,,,Q32880 architectural style
Q5817027,eclectic architecture in Bilbao,,,,,,Spain,,,,Q32880 architectural style
Q5849435,,,,,,,Spain,,,,Q32880 architectural style
Q5937538,Stanislaus Augustus style,,,,,,,,,,Q32880 architectural style
Q5957125,Safavid architecture,architecture of the Safavid Empire,,,,,Safavid Iran,,,,Q32880 architectural style
Q5968766,,,1900-01-01T00:00:00Z,,1900,,,,,,Q32880 architectural style
Q6020231,Art Nouveau architecture in Cartagena and La Unión,architectural movement in Cartagena and La Unión,,,,,Spain,,,,Q32880 architectural style
Q6020234,Art Nouveau architecture in Bilbao,,,,,,Spain,,,,Q32880 architectural style
Q6087574,Eurasian Steppe architecture,,,,,,,,,,Q32880 architectural style
Q6101949,Second national architectural movement,,,,,,,,,,Q32880 architectural style
Q6102876,early Anatolian Turkish architecture,,,,,,,,,,Q32880 architectural style
Q6103979,Andalusian regionalist architecture,,,,,,Spain,,,,Q32880 architectural style
Q6103976,regionalist architecture in Bilbao,,,,,,Spain,,,,Q32880 architectural style
Q6756656,Eretz Israel style,,,,,,Israel,,,,Q32880 architectural style
Q6960466,German-Templer architecture,style of architecture,,,,,,,,,Q32880 architectural style
Q7284260,,railway station layout,,,,,,,,,Q32880 architectural style
Q8139947,gasshō-zukuri,,,,,,Japan,,,,Q32880 architectural style
Q8204876,prehistoric architecture,,,,,,,,,,Q32880 architectural style
Q9159109,Baroque architecture in Poland,,,,,,Poland,,,,Q32880 architectural style
Q9159116,Baroque architecture in Scandinavia,,,,,,,,,,Q32880 architectural style
Q9159125,Gothic architecture in Central Europe,regional architectural style,,,,,,,,,Q32880 architectural style
Q9159129,Pre-Romanesque architecture,architectural style of Europe between the fall of Rome and the 11th century,,,,,,,,,Q32880 architectural style
Q9159134,Renaissance architecture in the Low Countries,,,,,,,,,,Q32880 architectural style
Q9159138,Renaissance architecture in Germany,,,,,,Germany,,,,Q32880 architectural style
Q9159139,Renaissance architecture in Poland,,,,,,Poland,,,,Q32880 architectural style
Q9159140,Renaissance architecture in Scandinavia,,,,,,,,,,Q32880 architectural style
Q9159144,Italian Renaissance architecture,architecture produced in the Italian Renaissance,,,,,Italy,,,,Q32880 architectural style
Q9159151,Romanesque architecture in Central and Eastern Europe,,,,,,,,,,Q32880 architectural style
Q9159148,Romanesque architecture in England,,,,,,United Kingdom,,,,Q32880 architectural style
Q9159153,Romanesque architecture in Germany,,,,,,Germany,,,,Q32880 architectural style
Q9159163,,,,,,,Poland,,,,Q32880 architectural style
Q9159161,art Nouveau architecture in Germany,,,,,,Germany,,,,Q32880 architectural style
Q9307614,retroversion,,,,,,,,,,Q32880 architectural style
Q9552901,xiangfang,architectural style,,,,,People's Republic of China; Taiwan,,,,Q32880 architectural style
Q9630291,Modernist architecture in Brazil,,,,,,Brazil,,,,Q32880 architectural style
Q9630295,neoclassical architecture in Portugal,,,,,,Portugal,,,,Q32880 architectural style
Q51881638,Art Deco architecture in Melilla,,,,,,Spain,,,,Q32880 architectural style
Q51881637,Eclectic architecture in Melilla,,,,,,Spain,,,,Q32880 architectural style
Q52713635,Mozarabic architecture,medieval architectural style,,,,,,,,,Q32880 architectural style
Q54979933,Victorian Free Classical,architectural style,,,,,,,,,Q32880 architectural style
Q55595574,Art Deco architecture in Limoges,"overview of a building style in Limoges, France",,,,,France,,,,Q32880 architectural style
Q55599951,,,,,,,France,,,,Q32880 architectural style
Q55993629,Art Nouveau architecture in Spain,,,,,,Spain,,,,Q32880 architectural style
Q56072838,Mannerist Revival architecture,architectural style,,,,,,,,,Q32880 architectural style
Q56162937,Panchabimsati-ratna,architectural style of Bengal,,,,,India,,,,Q32880 architectural style
Q56247448,,,,,,,Indonesia,,,,Q32880 architectural style
Q56266149,Castellated Gothic,architectural style,,,,,,,,,Q32880 architectural style
Q56293550,Rationalism,architectural style in the Soviet Union,,,,,Soviet Union,,,,Q32880 architectural style
Q56324233,neoclassical architecture in France,,,,,,France,,,,Q32880 architectural style
Q56354833,postmodern architecture in Brazil,,,,,,Brazil,,,,Q32880 architectural style
Q57392981,Italian postmodern architecture,architectural style,,,,,Italy,,,,Q32880 architectural style
Q58621850,dalan,architectural style,,,,,India,,,,Q32880 architectural style
Q59708192,Neo-Moldavian architecture,,,,,,,,,,Q32880 architectural style
Q60094901,Rationalist architecture in the Land of Valencia,,,,,,Spain,,,,Q32880 architectural style; Q1792644 art style
Q60846671,Art Deco architecture in Liège,"overview of a building style in Liège, Belgium",,,,,Belgium,,,,Q32880 architectural style
Q60849324,Art Deco architecture in Shanghai,"overview of a building style in Shanghai, China",,,,,People's Republic of China,,,,Q32880 architectural style
Q60965369,Duplitecture,,,,,,,,,,Q32880 architectural style
Q61138148,,,,,,,Bulgaria,,,,Q32880 architectural style
Q61138160,,,,,,,Bulgaria,,,,Q32880 architectural style
Q61362401,historicist architecture in Bosnia and Herzegovina,,,,,,Bosnia and Herzegovina,,,,Q32880 architectural style
Q61459826,Streamline Moderne architecture,architectural style,,,,,,,,,Q32880 architectural style
Q61611903,sculpturalism,,,,,,,,,,Q32880 architectural style
Q61637183,Florentine Gothic,architectural style,,,,,,,,,Q32880 architectural style
Q61777202,Geometric Art Nouveau,architectural style of the early 20th century,1910-01-01T00:00:00Z,,1910,,,,,,Q32880 architectural style
Q61777227,neo-functionalism,,,,,,,,,,Q32880 architectural style
Q61984620,,,1901-01-01T00:00:00Z,,1901,,Spain,,,,Q32880 architectural style
Q62072617,modernist architecture in the Czech Republic,,,,,,Czech Republic,,,,Q32880 architectural style
Q63226735,Door and window house,,1855-01-01T00:00:00Z,,1855,,Spain,,,,Q32880 architectural style
Q63982693,styl dworkowy,,,,,,Poland,,,,Q32880 architectural style
Q63982818,Frederician architecture,,,,,,,,,,Q32880 architectural style
Q65116247,interwar period architecture,architectural style between World War I and World War II,1918-01-01T00:00:00Z,1940-01-01T00:00:00Z,1918,1940,Belgium; Netherlands,,,,Q32880 architectural style
Q65209564,Minangkabau architecture,,,,,,,,,,Q32880 architectural style
Q69380687,,,,,,,,,,,Q32880 architectural style
Q69985365,Saptadash-ratna,,,,,,India,,,,Q32880 architectural style
Q76823526,,,,,,,,,,,Q32880 architectural style
Q78044912,Middle Pointed,style of architecture,,,,,,,,,Q32880 architectural style
Q80357069,constructivist architecture in Kyiv,,,,,,Ukraine,,,,Q32880 architectural style
Q80793203,Rectangular Kofun,,,,,,,,,,Q32880 architectural style
Q81308322,Trayodash-ratna,,,,,,India,,,,Q32880 architectural style
Q81477697,Baro-chala,,,,,,India,,,,Q32880 architectural style
Q82669930,,,,,,,Bulgaria,,,,Q32880 architectural style
Q84418145,Rococo Revival architecture,"19th century style originating in France and spreading to other parts of Europe, England, and the United States, that revived Rococo forms and motifs in architecture, interior design and decorative arts",1900-01-01T00:00:00Z,,1900,,,Q7356060; Q122960,,,Q32880 architectural style; Q1792644 art style
Q85682793,Integration architecture,small scale constructions build with materials correlating with the enivronment but excecuted in contemporary design,1975-01-01T00:00:00Z,1990-01-01T00:00:00Z,1975,1990,,,,,Q32880 architectural style
Q85684352,Empire revival architecture,"post-empirial architecturale style that is inspired by the empire style, second half of the 19the century until the first quarter of the 20th century",,,,,,,,,Q32880 architectural style
Q85685942,traditional (architectural style),"a generic style, particularly in the context of interior design, characterized by the use of long-established and common styles of furniture, wall and window treatments, etc.",,,,,,,,,Q32880 architectural style
Q85816262,Regionialism,"regional architectural style, inspired by local materials, techniques and design, frequently applied during reconstructions after the First World War",1875-01-01T00:00:00Z,,1875,,,,300055800,,Q32880 architectural style
Q85877843,Song–Yuan architecture of Sichuan,,,,,,,,,,Q32880 architectural style
Q85996050,,,,,,,Ukraine,,,,Q32880 architectural style
Q86198719,architects' house,"house that the architect designs for himself, often seen as a 'business card', a 'model project' or a 'build manifest' by which the architect uses his own creative ambition",,,,,,,,,Q32880 architectural style
Q86248242,chalet paulistano,"appropriation made in the city of São Paulo of a type of construction called chalet, the result of Romanticism in the 19th century, and very popular in the last third of the 19th century",,,,,Brazil,,,,Q32880 architectural style
Q87019510,Pseudoclassicism,entry in Granat Encyclopedic Dictionary,,,,,,,,,Q32880 architectural style
Q87056695,wayō,style of art and architecture perfected during the Nara period by Japanizing Chinese styles,,,,,,,,,Q32880 architectural style; Q1792644 art style
Q87647497,Contemporary houses in the United States,,,,,,United States,,,,Q32880 architectural style
Q88331525,,,,,,,,,,,Q32880 architectural style
Q89200502,Gothic architecture in Abruzzo,,,,,,Italy,,,,Q32880 architectural style
Q89207267,Baroque architecture in Abruzzo,,,,,,Italy,,,,Q32880 architectural style
Q93899018,Soviet classicism,,,,,,,,,,Q32880 architectural style
Q94062224,kakezukuri,,,,,,,,,,Q32880 architectural style
Q94652822,Construction system T06B,building in Czech Republic,,,,,Czech Republic; Czechoslovakia,,,,Q32880 architectural style
Q95742157,Art Deco architecture in Miami,"overview of a building style in Miami, United States",,,,,United States,,,,Q32880 architectural style
Q96069702,Hungarian folk style,Hungarian architectural style of the early 20th century,,,,,Hungary; Romania,,,,Q32880 architectural style
Q97141725,Old English style,style of domestic architecture practised widely in England from the second half of the 19th century and that made use of traditional English vernacular forms,1850-01-01T00:00:00Z,,1850,,,,300021212,,Q32880 architectural style
Q97227494,Khana Ratsadon's architecture,architectural style,,,,,Thailand,,,,Q32880 architectural style
Q97279790,,,,,,,Kingdom of Italy,,,,Q32880 architectural style
Q97292814,,,,,,,,,,,Q32880 architectural style
Q97356164,gentrified architecture,broad type of architecture,,,,,,Q1134673,,,Q32880 architectural style
Q97679216,,,,,,,,,,,Q32880 architectural style
Q97940790,Neo-eclectic architecture in Hungary,architecture of the period between the two world wars,,,,,Hungary,,,,Q32880 architectural style
Q97941126,,,,,,,Ukraine,,,,Q32880 architectural style
Q97960960,Romanesque Revival architecture in the United States,architectural style popular in mid- to late 19th-century America,,,,,United States,,,,Q32880 architectural style
Q98052157,Gothic architecture in Hungary,,,,,,Hungary,,,,Q32880 architectural style
Q98075286,Poblano,"exuberant architectural and sculptural style that developed in and around the city of Puebla, Mexico, in the 18th century",,,,,Mexico,,300018102,,Q32880 architectural style; Q1792644 art style
Q98136873,Reduktionsgotik,deliberately austere style of High Gothic church architecture in Germany,,,,,Germany,,,,Q32880 architectural style
Q98181553,Japanese tea house,"building in the Englischer Garten in Munich, Germany",,,,,Germany,,,,Q32880 architectural style
Q98277193,alternating system,"in medieval church architecture, the deliberate use of differing pier forms in an arcade",,,,,,,,,Q32880 architectural style
Q98399175,Afsharid architecture,architecture of the Afsharid Empire,,,,,Afsharid Iran,,,,Q32880 architectural style
Q98400041,Ghaznavid architecture,architecture of the Ghaznavid Empire,,,,,Ghaznavid Empire,,,,Q32880 architectural style
Q98400141,Khwarazmian architecture,architecture of the Khwarazmian Empire,,,,,Khwarazmian Empire,,,,Q32880 architectural style
Q98406757,Buyid architecture,architecture of the Buyid Empire,,,,,Buyid dynasty,,,,Q32880 architectural style
Q98406896,Samanid architecture,architecture of the Samanid Empire,,,,,Samanid Empire,,,,Q32880 architectural style
Q98407785,Saffarid architecture,architecture of the Saffarid Empire,,,,,Saffarid dynasty,,,,Q32880 architectural style
Q98408462,Tahirid architecture,architecture of the Tahirid Empire,,,,,Tahirid dynasty,,,,Q32880 architectural style
Q98412520,Rashidun architecture,architecture of the Rashidun Caliphate,,,,,Rashidun Caliphate,,,,Q32880 architectural style
Q98414024,Seleucid architecture,architecture of the Seleucid Empire,,,,,Seleucid Empire,,,,Q32880 architectural style
Q98417156,Elamite architecture,architecture of the Elamites,,,,,Elam,,,,Q32880 architectural style
Q98417627,Ziyarid architecture,architecture of the Ziyarid Kingdom,,,,,Ziyarid dynasty,,,,Q32880 architectural style
Q98561152,François Ier style,"style of architecture and decorative arts of the first phase of the French Renaissance, which coincided with the late rule of Louis XII and the early rule of Francis I (1515–c. 1530)",,,,,,,300021072,,Q32880 architectural style; Q1792644 art style
Q98931287,Romanesque architecture in Hungary,,,,,,Hungary,,,,Q32880 architectural style
Q98939712,Boom Town style,architectural style,,,,,,,,,Q32880 architectural style
Q98964999,Forest Service rustic,,,,,,,,,,Q32880 architectural style
Q99061754,Mestizo,"fusion of Baroque architecture with indigenous art forms in colonial South America, especially the Altiplano or highlands of Bolivia and Peru",,,,,,,,,Q32880 architectural style
Q99062617,Provincial Highland,"architectural style of southern Chiapas, Mexico, southern Guatemala and Honduras, and western El Salvador",,,,,,,300018103,,Q32880 architectural style
Q99222620,functionalist architecture in Finland,,,,,,Finland,,,,Q32880 architectural style
Q99306282,Bayon,style named after the Bayon temple,,,,,,,300019136,,Q32880 architectural style; Q1792644 art style
Q2035550,East Greek vase painting,,,,,,,,300020146,https://en.wikipedia.org/wiki/East_Greek_vase_painting,Q1792644 art style
Q2046067,Paestan vase painting,,,,,,,,300020178,https://en.wikipedia.org/wiki/Paestan_vase_painting,Q1792644 art style
Q2140911,International Typographic Style,20th century European graphic design style,,,,,,,,https://en.wikipedia.org/wiki/International_Typographic_Style,Q1792644 art style
Q2349908,French Renaissance,cultural movement from the 15th to 17th century,1500-01-01T00:00:00Z,1700-01-01T00:00:00Z,1500,1700,France,,,https://en.wikipedia.org/wiki/French_Renaissance,Q1792644 art style
Q2366921,Safavid art,art of the Safavid Empire,,,,,Safavid Iran,,,https://en.wikipedia.org/wiki/Safavid_art,Q1792644 art style
Q2444973,blue and white ceramic,"white pottery and porcelain decorated under the glaze with a blue pigment, generally cobalt oxide",,,,,,,,https://en.wikipedia.org/wiki/Blue_and_white_pottery,Q1792644 art style
Q189594,Islamic art,"artistic production that developed from the hegira (year 622) to the nineteenth century, from Spain to India among populations of Islamic culture",,,,,,,300380013,https://en.wikipedia.org/wiki/Islamic_art,Q1792644 art style
Q203161,tricolor,type of flag with three predominant colors,,,,,,,,https://en.wikipedia.org/wiki/Tricolour,Q1792644 art style
Q211884,Byzantine art,art of the Byzantine (Eastern Roman) Empire,,,,,Byzantine Empire,,,https://en.wikipedia.org/wiki/Byzantine_art,Q1792644 art style
Q3624130,Flavian art,Roman Empire artistic production,,,,,,,,https://en.wikipedia.org/wiki/Flavian_art,Q1792644 art style
Q3624157,Roman Republican art,Art of the Republican period of Roman history,,,,,Roman Republic,,,https://en.wikipedia.org/wiki/Roman_Republican_art,Q1792644 art style
Q3624162,Trajanic art,period in Roman art history,,,,,,,300107348,https://en.wikipedia.org/wiki/Trajanic_art,Q1792644 art style
Q3624160,Severan art,art production by the Roman Empire under the Severan dynasty,,,,,Classical Roman Empire,,,https://en.wikipedia.org/wiki/Severan_art,Q1792644 art style
Q3664978,Seljuk pottery,pottery of the Seljuk Empire,,,,,Seljuk Empire,,,https://en.wikipedia.org/wiki/Seljuk_pottery,Q1792644 art style
Q3817262,Hebron glass,glass produced in Hebron as part of an art industry established in the city during Roman rule,0100-01-01T00:00:00Z,,100,,Roman Palestine,,,https://en.wikipedia.org/wiki/Hebron_glass,Q1792644 art style
Q3884257,Opus Anglicanum,"embroidered works made in Medieval England featuring silk and metal threads, often on a silk twill or velvet ground",,,,,Kingdom of England,,300298452,https://en.wikipedia.org/wiki/Opus_Anglicanum,Q1792644 art style
Q3973547,restoration style,"Decorative and literary arts in England, 1660-1685",,,,,,,,https://en.wikipedia.org/wiki/Restoration_style,Q1792644 art style
Q184296,tapestry,"textile artwork, traditionally woven on a vertical loom using tapestry weaving techniques, sometimes embellished with embroidery or paint",1850-01-01T00:00:00Z,,1850,,,,300205002,https://en.wikipedia.org/wiki/Tapestry,Q1792644 art style
Q3045377,détournement,artistic style,,,,,,,,https://en.wikipedia.org/wiki/D%C3%A9tournement,Q1792644 art style
Q3099098,Four Wangs,"four Chinese landscape painters in the 17th century, all with the surname Wang",,,,,Ming dynasty; Qing dynasty,,,https://en.wikipedia.org/wiki/Four_Wangs,Q1792644 art style
Q3318563,postmodern art,art movement,1950-01-01T00:00:00Z,,1950,,,,,https://en.wikipedia.org/wiki/Postmodern_art,Q1792644 art style
Q3376676,Shanghai School,artistic movement in 19th century Shanghai,,,,,,,300106504,https://en.wikipedia.org/wiki/Shanghai_School_(painting),Q1792644 art style
Q3501271,French Restoration style,19th century art style,,,,,France,,,https://en.wikipedia.org/wiki/French_Restoration_style,Q1792644 art style
Q3555980,vernis Martin,style of lacquering after Martin brothers,,,,,,,300264025,https://en.wikipedia.org/wiki/Vernis_Martin,Q1792644 art style
Q2864623,Macedonian art,period of Byzantine art,,,,,,,,https://en.wikipedia.org/wiki/Macedonian_art_(Byzantine),Q1792644 art style
Q2864625,Seljuk art,art of the Seljuk Empire,,,,,Seljuk Empire,,,https://en.wikipedia.org/wiki/Art_of_the_Seljuks_of_Iran,Q1792644 art style
Q2864630,Repoblación art and architecture,art style in medieval Spain,,,,,,,,https://en.wikipedia.org/wiki/Repoblaci%C3%B3n_art_and_architecture,Q1792644 art style
Q2864726,Qajar art,art of the Qajar Empire (1785–1925),,,,,Qajar Iran,,,https://en.wikipedia.org/wiki/Qajar_art,Q1792644 art style
Q2864747,Timurid art,art of the Timurid Empire,,,,,Timurid Empire,,,https://en.wikipedia.org/wiki/Timurid_art,Q1792644 art style
Q2865875,Victorian decorative arts,style of art from 1837 to 1901,,,,,,,,https://en.wikipedia.org/wiki/Victorian_decorative_arts,Q1792644 art style
Q10860710,New Gothic Art,contemporary art movement,1901-01-01T00:00:00Z,,1901,,United Kingdom,,,https://en.wikipedia.org/wiki/New_Gothic,Q1792644 art style
Q11081726,neoclassical art,"term coined in the 1880s to denote the last stage of the classical tradition in architecture, sculpture, painting and the decorative arts",,,,,,,,https://en.wikipedia.org/wiki/Neoclassical_art,Q1792644 art style
Q11288927,hikime kagibana,,,,,,,,,https://en.wikipedia.org/wiki/Hikime_kagibana,Q1792644 art style
Q11851144,New Wave,typographical design philosophy,,,,,,,,https://en.wikipedia.org/wiki/New_Wave_(design),Q1792644 art style
Q13522717,art of Insular illumination,style of manuscript illumination originating in the British Isles and Ireland,,,,,,,,https://en.wikipedia.org/wiki/Insular_illumination,Q1792644 art style
Q15011985,Mudéjar style,art style in post-Islamic Spain,,,,,Spain; Portugal,,300020944,https://en.wikipedia.org/wiki/Mud%C3%A9jar_art,Q1792644 art style
Q123981818,art of Armenian illumination,discipline of decorating manuscripts in Armenia,,,,,Armenia,,,https://en.wikipedia.org/wiki/Armenian_manuscript_illumination,Q1792644 art style
Q42515,cartography,branch of science regarding maps and cartographic work,,,,,,,300053163,https://en.wikipedia.org/wiki/Cartography,Q1792644 art style
Q1538834,art of Gothic illumination,Gothic illumination of books and manuscripts,,,,,,,,https://en.wikipedia.org/wiki/Gothic_book_illustration,Q1792644 art style
Q1579277,millefleur,background pattern of many different small flowers and plants,,,,,,,300237960,https://en.wikipedia.org/wiki/Millefleur,Q1792644 art style
Q1627825,picturesque,"aesthetic ideal introduced into English cultural debate in 1782 by William Gilpin; along with the aesthetic and cultural strands of Gothic and Celticism, was a part of the emerging Romantic sensibility of the 18th century",,,,,,,300055829,https://en.wikipedia.org/wiki/Picturesque,Q1792644 art style
Q1723267,Campanian vase painting,,,,,,,,,https://en.wikipedia.org/wiki/Campanian_vase_painting,Q1792644 art style
Q1734271,art of Carolingian illumination,decoration of manuscripts in the Carolingian period,0780-01-01T00:00:00Z,,780,,Franciaf,,,https://en.wikipedia.org/wiki/Carolingian_illumination,Q1792644 art style
Q1764356,Italian design,forms of design in Italy,1926-01-01T00:00:00Z,,1926,,Italy,,,https://en.wikipedia.org/wiki/Italian_design,Q1792644 art style
Q1776421,art of Merovingian illumination,continental style of Frankish manuscript illumination,0500-01-01T00:00:00Z,,500,,Franciaf,,,https://en.wikipedia.org/wiki/Merovingian_illumination,Q1792644 art style
Q1902763,mixed media,artistic technique that uses more than one medium,,,,,,,300163347,https://en.wikipedia.org/wiki/Mixed_media,Q1792644 art style
Q1951304,Mozarabic art,artistic style of the Iberian peninsula,,,,,,,300021017,https://en.wikipedia.org/wiki/Mozarabic_art_and_architecture,Q1792644 art style
Q2461378,Mission style,"19th-century and early 20th-century American decorative arts style, primarily for furniture",,,,,,,300018185,https://en.wikipedia.org/wiki/Mission_style_furniture,Q1792644 art style
Q2537632,eclecticism in art,mixed styles,,,,,,,,https://en.wikipedia.org/wiki/Eclecticism_in_art,Q1792644 art style
Q2611957,Tintinnabuli,Compositional style created by the Estonian composer Arvo Pärt,1970-01-01T00:00:00Z,,1970,,,,,https://en.wikipedia.org/wiki/Tintinnabuli,Q1792644 art style
Q2740302,Amarna art,art style predominant during the Amarna Period in Ancient Egypt,,,,,,,,https://en.wikipedia.org/wiki/Amarna_art,Q1792644 art style
Q2753302,iPhoneography,,,,,,,,,https://en.wikipedia.org/wiki/IPhoneography,Q1792644 art style
Q2760651,Etruscan sculpture,etruscan ceramics and sculpture,,,,,,,,https://en.wikipedia.org/wiki/Etruscan_sculpture,Q1792644 art style
Q7334056,rikka,form of ikebana,,,,,,,,https://en.wikipedia.org/wiki/Rikka,Q1792644 art style
Q7429982,Scandinavian flat-plane style of woodcarving,style of figure carving,,,,,Scandinavia,,,https://en.wikipedia.org/wiki/Scandinavian_flat-plane_style_of_woodcarving,Q1792644 art style
Q7654054,Swatow ware,a loose grouping of mainly late Ming dynasty Chinese export porcelain wares initially intended for the Southeast Asian market,,,,,,,300018514,https://en.wikipedia.org/wiki/Swatow_ware,Q1792644 art style
Q7833175,Tramp art,style of woodworking,,,,,,,,https://en.wikipedia.org/wiki/Tramp_art,Q1792644 art style
Q7975856,Wayang style,artistic style inspired by Wayang puppet,,,,,,,300107244,https://en.wikipedia.org/wiki/Wayang_style,Q1792644 art style
Q81100296,easel painting,painting executed on an easel or other portable support,,,,,,,300177435,https://en.wikipedia.org/wiki/Easel_painting,Q1792644 art style
Q99600895,Modern Style,British Art Nouveau style,,,,,United Kingdom,,,https://en.wikipedia.org/wiki/Modern_Style_(British_Art_Nouveau_style),Q1792644 art style
Q100983416,Chicha art,1980s Peruvian Kitsch aesthetic,,,,,Peru,,,https://en.wikipedia.org/wiki/Chicha_(art),Q1792644 art style
Q104519221,Pueblo pottery,ceramic objects made by the indigenous Pueblo people,,,,,,,,https://en.wikipedia.org/wiki/Pueblo_pottery,Q1792644 art style
Q105676972,Corporate Memphis,"flat, geometric art style, widely used in Big Tech illustrations",,,,,,,,https://en.wikipedia.org/wiki/Corporate_Memphis,Q1792644 art style
Q105702179,Gökçeler relief,,,,,,Turkey,,,https://en.wikipedia.org/wiki/G%C3%B6k%C3%A7eler_relief,Q1792644 art style
Q105730959,Italo-Byzantine,style term in art history,,,,,,,300020720,https://en.wikipedia.org/wiki/Italo-Byzantine,Q1792644 art style
Q113190322,Ravenstail weaving,traditional form of weaving practiced by Northwest Coast peoples,,,,,,,,https://en.wikipedia.org/wiki/Ravenstail_weaving,Q1792644 art style
Q118114289,Frutiger Aero,graphic design style prevalent from the mid-2000s to early 2010s,2005-01-01T00:00:00Z,2013-01-01T00:00:00Z,2005,2013,,,,https://en.wikipedia.org/wiki/Frutiger_Aero,Q1792644 art style
Q11772,Ancient Greece,Greek civilization from 1200 BC to 600 AD,-1200-01-01T00:00:00Z,0600-01-01T00:00:00Z,-1201,600,,,300020072,https://en.wikipedia.org/wiki/Ancient_Greece,Q1792644 art style
Q218248,grotesque,art style,,,,,,,,https://en.wikipedia.org/wiki/Grotesque,Q1792644 art style
Q263985,romantic nationalism,Type of nationalism,,,,,,,,https://en.wikipedia.org/wiki/Romantic_nationalism,Q1792644 art style
Q271834,Archaic Greece,period of ancient Greek history,-0599-01-01T00:00:00Z,-0500-01-01T00:00:00Z,-600,-501,,,300020086,https://en.wikipedia.org/wiki/Archaic_Greece,Q1792644 art style
Q283530,Chinese paper cutting,art of paper cutting in China,,,,,People's Republic of China,,,https://en.wikipedia.org/wiki/Chinese_paper_cutting,Q1792644 art style
Q374313,gonzo,"genre or style of journalism and other media that is created without claims of objectivity, often written as a first-person narrative",,,,,,,,https://en.wikipedia.org/wiki/Gonzo_journalism,Q1792644 art style
Q386503,African Renaissance,African concept,,,,,,,,https://en.wikipedia.org/wiki/African_Renaissance,Q1792644 art style
Q428995,Hellenistic period,period of Mediterranean history from 323 to 31 BC,-0322-01-01T00:00:00Z,-0029-01-01T00:00:00Z,-323,-30,,,300020101,https://en.wikipedia.org/wiki/Hellenistic_period,Q1792644 art style
Q429811,early Christian art,art produced by Christians before Byzantine times,,,,,,,,https://en.wikipedia.org/wiki/Early_Christian_art_and_architecture,Q1792644 art style
Q479520,Abbasid art,art of the Abbasid Caliphate,,,,,Abbasid Caliphate,,,https://en.wikipedia.org/wiki/Abbasid_art,Q1792644 art style
Q502740,Minoan art,art produced by the Minoan civilization,,,,,,,,https://en.wikipedia.org/wiki/Minoan_art,Q1792644 art style
Q4384401,turquerie,"trend in French design influenced by arts of the Byzantine Empire, the Saljuq Islamic period and the Ottoman Empire",,,,,Kingdom of France,,,https://en.wikipedia.org/wiki/Turquerie,Q1792644 art style
Q4797258,Art of the Crusades,art produced in Middle Eastern areas under Crusader control,,,,,County of Edessa; Principality of Antioch; County of Tripoli; Kingdom of Jerusalem,,,https://en.wikipedia.org/wiki/Crusader_art,Q1792644 art style
Q4863583,Barrier Canyon Style,4000 to 1500 BCE art movement,,,,,,,,https://en.wikipedia.org/wiki/Barrier_Canyon_Style,Q1792644 art style
Q4957289,Brandywine School,Style of illustration; artists' colony,1898-01-01T00:00:00Z,1950-01-01T00:00:00Z,1898,1950,United States,,,https://en.wikipedia.org/wiki/Brandywine_School,Q1792644 art style
Q4998130,burato,type of Italian darned-net lace,,,,,Italy,,300264693,https://en.wikipedia.org/wiki/Buratto,Q1792644 art style
Q5098980,Chilkat weaving,traditional form of weaving practiced by Northwest Coast peoples of Alaska and British Columbia,,,,,,,,https://en.wikipedia.org/wiki/Chilkat_weaving,Q1792644 art style
Q5306235,Dready,Art style,2004-01-01T00:00:00Z,,2004,,Jamaica,,,https://en.wikipedia.org/wiki/Dready,Q1792644 art style
Q5470214,formline art,feature in the indigenous art of the Northwest Coast of North America,,,,,,,,https://en.wikipedia.org/wiki/Formline_art,Q1792644 art style
Q5595260,Grand manner,Idealized aesthetic style of painting,,,,,,,,https://en.wikipedia.org/wiki/Grand_manner,Q1792644 art style
Q5953160,hybrid art,art that works with science and technology,,,,,,,,https://en.wikipedia.org/wiki/Hybrid_art,Q1792644 art style
Q5962489,Iranian pottery,pottery of Iran,,,,,,,300021733,https://en.wikipedia.org/wiki/Persian_pottery,Q1792644 art style
Q6410668,Kinechromatic art,motion-relative art form,,,,,,,,https://en.wikipedia.org/wiki/Kinechromatic_art,Q1792644 art style
Q6657133,live edge,style of furniture where the natural edge of the wood is left and incorporated into the design of the piece,,,,,,,,https://en.wikipedia.org/wiki/Live_edge,Q1792644 art style
Q6899568,Mongol zurag,Mongolian painting style,,,,,,,,https://en.wikipedia.org/wiki/Mongol_zurag,Q1792644 art style
Q7059995,Northwest Coast art,art style associated with the indigenous peoples of the northwest coast of North America,,,,,Canada; United States,,300017594,https://en.wikipedia.org/wiki/Northwest_Coast_art,Q1792644 art style
Q7094639,Ontario Cottage,"Regency-style structure, with symmetrical, rectangular plans, commonly built in 19th century Ontario",,,,,Canada,,,https://en.wikipedia.org/wiki/Ontario_Cottage,Q1792644 art style
Q7101826,Organic abstraction,,,,,,,,,https://en.wikipedia.org/wiki/Organic_Abstraction,Q1792644 art style
Q7179960,Phad painting,style of folk painting in India,,,,,India,,,https://en.wikipedia.org/wiki/Phad_painting,Q1792644 art style
Q7200825,Plakatstil,German 20th century poster art style,1906-01-01T00:00:00Z,,1906,,Germany,,,https://en.wikipedia.org/wiki/Plakatstil,Q1792644 art style
Q7298458,Raygun Gothic,visual style,,,,,,,,https://en.wikipedia.org/wiki/Raygun_Gothic,Q1792644 art style
Q16497571,Brazilian Belle Époque,Brazilian historical period,,,,,Brazil,,,https://en.wikipedia.org/wiki/Brazilian_Belle_%C3%89poque,Q1792644 art style
Q16931595,Ottoman illumination,painted or drawn decorative art in books or sheets,,,,,Turkey; Uzbekistan; Iran; Tajikistan; Azerbaijan; Ottoman Empire,,,https://en.wikipedia.org/wiki/Ottoman_illumination,Q1792644 art style
Q16934191,Sharawadgi,naturalistic aesthetic,,,,,China,,,https://en.wikipedia.org/wiki/Sharawadgi,Q1792644 art style
Q16943521,High key,bright art style,,,,,,,,https://en.wikipedia.org/wiki/High_key,Q1792644 art style
Q18214676,art of illumination in early medieval Spain,discipline of decorating manuscripts in the kingdoms of medieval Iberia,0800-01-01T00:00:00Z,1100-01-01T00:00:00Z,800,1100,,,,https://en.wikipedia.org/wiki/Spanish_illumination_of_the_Early_Middle_Ages,Q1792644 art style
Q18327756,nageirebana,style of ikebana,,,,,,,,https://en.wikipedia.org/wiki/Nageirebana,Q1792644 art style
Q18346853,seika,form of ikebana,,,,,,,,https://en.wikipedia.org/wiki/Seika,Q1792644 art style
Q19572336,Kaavi art,art created by Konkani people in India,,,,,India,,,https://en.wikipedia.org/wiki/Kaavi_art,Q1792644 art style
Q25312912,Hollywood Regency,design style of Hollywood's Golden Era,,,,,,,300374864,https://en.wikipedia.org/wiki/Hollywood_Regency,Q1792644 art style
Q25399875,contemporary painting,ambiguous term in art historiography,,,,,,,,https://en.wikipedia.org/wiki/Contemporary_painting,Q1792644 art style
Q26766742,Morbidezza,artistic concept in the Renaissance,,,,,,,300056265,https://en.wikipedia.org/wiki/Morbidezza,Q1792644 art style
Q28035292,Assyrian sculpture,sculpture of the ancient Assyrian states,,,,,Assyrian Empire,,,https://en.wikipedia.org/wiki/Assyrian_sculpture,Q1792644 art style
Q28154239,Inuyama ware,,,,,,Japan,,,https://en.wikipedia.org/wiki/Inuyama_ware,Q1792644 art style
Q46102345,bunjinbana,style of ikebana,,,,,,,,https://en.wikipedia.org/wiki/Bunjinbana,Q1792644 art style
Q48967974,low key,dark art style,,,,,,,,https://en.wikipedia.org/wiki/Low_key,Q1792644 art style
Q56473975,Al-Qatt Al-Asiri Al Saudi,traditional art style from Saudi Arabia,,,,,Saudi Arabia,,,https://en.wikipedia.org/wiki/Al-Qatt_Al-Asiri,Q1792644 art style
Q65945440,Trewhiddle style,9th century Anglo-Saxon art form,,,,,United Kingdom,,300263130,https://en.wikipedia.org/wiki/Trewhiddle_style,Q1792644 art style
Q130379467,hup taem,traditional Isan folk art murals,,,,,,,,https://en.wikipedia.org/wiki/Hup_taem,Q1792644 art style
Q130484971,Y2K,Internet aesthetic,1990-01-01T00:00:00Z,2007-01-01T00:00:00Z,1990,2007,,,,https://en.wikipedia.org/wiki/Y2K_aesthetic,Q1792644 art style
Q135261504,Inuit printmaking,A medium of Inuit art,1959-01-01T00:00:00Z,,1959,,,,,https://en.wikipedia.org/wiki/Inuit_printmaking,Q1792644 art style
Q136659815,Faenza ceramics,"ceramic production and art of Faenza, Italy",,,,,Italy,,,https://en.wikipedia.org/wiki/Faenza_ceramics,Q1792644 art style
Q136756550,Istoriato,decorative style,,,,,,,,https://en.wikipedia.org/wiki/Istoriato,Q1792644 art style
Q139915361,Chosŏnhwa,North Korean art style,,,,,North Korea,,,https://en.wikipedia.org/wiki/Chos%C5%8Fnhwa,Q1792644 art style
Q621642,appliqué,"piece of textile ornament, or work created by applying such ornaments to a ground fabric",,,,,,,300264062,https://en.wikipedia.org/wiki/Appliqu%C3%A9,Q1792644 art style
Q682010,video art,type of art,,,,,,,,https://en.wikipedia.org/wiki/Video_art,Q1792644 art style
Q689057,art of the Third Reich,the actively promoted and censored forms of art in Nazi Germany between 1933 and 1945,,,,,German Reich,,,https://en.wikipedia.org/wiki/Art_in_Nazi_Germany,Q1792644 art style
Q745593,Parthian art,art of the Parthian Empire,,,,,Parthian Empire,,,https://en.wikipedia.org/wiki/Parthian_art,Q1792644 art style
Q835478,Sassanid art,art of the Sassanid Empire,,,,,Sasanian Empire,,,https://en.wikipedia.org/wiki/Sasanian_art,Q1792644 art style
Q838368,black-and-white,monochrome form in visual arts,,,,,,,300127344,https://en.wikipedia.org/wiki/Black_and_white,Q1792644 art style
Q852337,geometric art,"phase of Greek art characterized by geometric motifs in vase painting, fl. ca. 900–700 BCE, centred in Athens and spread among Aegean trading cities",-0899-01-01T00:00:00Z,-0750-01-01T00:00:00Z,-900,-751,,,300020083,https://en.wikipedia.org/wiki/Geometric_art,Q1792644 art style
Q863679,chinoiserie,"European interpretation and imitation of Chinese and East Asian artistic traditions, especially in the decorative arts, garden design, architecture, literature, theatre, and music",,,,,,,300021167,https://en.wikipedia.org/wiki/Chinoiserie,Q1792644 art style
Q898700,silhouette,appearance and art form where only the outline of something is visible,,,,,,,300015423,https://en.wikipedia.org/wiki/Silhouette,Q1792644 art style
Q913340,Florentine Renaissance art,Renaissance art in Florence,,,,,Italy; Republic of Florence; Duchy of Florence; Grand Duchy of Tuscany,,,https://en.wikipedia.org/wiki/Florentine_Renaissance_art,Q1792644 art style
Q914395,Celtic art,art associated with Celtic peoples,,,,,,,,https://en.wikipedia.org/wiki/Celtic_art,Q1792644 art style
Q933642,Figura serpentinata,Italian artistic style,,,,,,,300263114,https://en.wikipedia.org/wiki/Figura_serpentinata,Q1792644 art style
Q998631,art of Renaissance illumination,Renaissance illumination of books and manuscripts,,,,,,,,https://en.wikipedia.org/wiki/Renaissance_illumination,Q1792644 art style
Q1004598,Fatimid art,Islamic artifacts and architecture from the Fatimid Caliphate (909-1171),,,,,Fatimid Caliphate,,,https://en.wikipedia.org/wiki/Fatimid_art,Q1792644 art style
Q1018740,art of Byzantine illumination,illumination of manuscripts across the Byzantine Empire,,,,,Byzantine Empire,,,https://en.wikipedia.org/wiki/Byzantine_illuminated_manuscripts,Q1792644 art style
Q1049336,Mughal painting,particular style of South Asian painting confined to miniatures,,,,,Mughal Empire,,,https://en.wikipedia.org/wiki/Mughal_painting,Q1792644 art style
Q1092377,Scythian art,art of the Scythians,,,,,,,,https://en.wikipedia.org/wiki/Scytho-Siberian_art,Q1792644 art style
Q1133779,Renaissance art,"painting, sculpture and decorative arts of that period of European history known as the Renaissance",,,,,,,,https://en.wikipedia.org/wiki/Renaissance_art,Q1792644 art style
Q1142315,moe anthropomorphism,form of anthropomorphism,,,,,,,,https://en.wikipedia.org/wiki/Moe_anthropomorphism,Q1792644 art style
Q1277524,Gothic sculpture,sculpture style in Europe during the Middle Ages,,,,,,,,https://en.wikipedia.org/wiki/Gothic_sculpture,Q1792644 art style
Q1319258,Sheraton style,late 18th-century neoclassical English furniture style,,,,,Kingdom of Great Britain; United Kingdom; United States,,300021220,https://en.wikipedia.org/wiki/Sheraton_style,Q1792644 art style
Q1362251,Roman sculpture,sculpture of ancient Rome,,,,,Ancient Rome,,,https://en.wikipedia.org/wiki/Roman_sculpture,Q1792644 art style
Q1392816,Want of Matter,Israeli art style of the '60s - '80s,,,,,,,,https://en.wikipedia.org/wiki/Want_of_Matter,Q1792644 art style
Q1412688,Fileteado,Argentinian tradition of embellishment,,,,,Argentina,,,https://en.wikipedia.org/wiki/Fileteado,Q1792644 art style
Q1507746,Jelling style,,,,,,,,,https://en.wikipedia.org/wiki/Jelling_style,Q1792644 art style
Q109314559,flacking,type of art repairing potholes and cracks in public spaces,2016-01-01T00:00:00Z,,2016,,,,,,Q1792644 art style
Q109938016,sweetgrass basketry,traditional craft of the Gullah/Geechee people of the southeast United States,,,,,United States,,,,Q1792644 art style
Q111663785,Brâncovenesc style,,,,,,,,,,Q1792644 art style
Q113503124,Southwest style,"Style of decorative arts and interior design originating in the southwestern United States, including influences of Native American and Spanish design",,,,,,,300310542,,Q1792644 art style
Q113535197,Old Syrian,Middle Bronze Age (2000-1600 BCE) art style in Syria and Anatolia (Turkey),-1999-01-01T00:00:00Z,-1599-01-01T00:00:00Z,-2000,-1600,Turkey; Syria,,,,Q1792644 art style
Q113535228,Queen Anne style,style of domestic architecture and furniture in England and the United States in the late19th century,,,,,,,300021197,,Q1792644 art style
Q113622837,Spanish Colonial style,"style associated with the early 16th century through the early 19th century, in areas colonized by Spain",,,,,,,300107033,,Q1792644 art style
Q113655323,Hispanic and Latino American art,visual arts of the people of Hispanic and Latino descent in the United States of America,,,,,United States,,,,Q1792644 art style
Q115249475,Bronze Age golden hat goldsmithing style,,,,,,,,,,Q1792644 art style
Q116479564,Sösdala-Untersiebenbrunn style,"Early Germanic art style, dated from the second half (Sösdala) or late 4th century (Untersiebenbrunn) through to the first half of the 5th century..",,,,,,,,,Q1792644 art style
Q119144974,Groovival,visual aesthetic,,,,,,,,,Q1792644 art style
Q119144988,Curly Girly,visual aesthetic,1990-01-01T00:00:00Z,2000-01-01T00:00:00Z,1990,2000,,,,,Q1792644 art style
Q119509568,The Paris Apartment,Interior design style,,,,,,,,,Q1792644 art style
Q120754175,Supergraphic Ultramodern,aesthetic,,,,,,,,,Q1792644 art style
Q121471995,,,,,,,,,,,Q1792644 art style
Q123822929,Chinese dynastic style,,,,,,,,300018353,,Q1792644 art style
Q123943116,art of medieval illumination,discipline of decorating manuscripts and other documents in medieval Europe,,,,,,,,,Q1792644 art style
Q123961920,art of Islamic illumination,"discipline of manuscript decoration in Islamic culture, generally without human figural elements",,,,,,,,,Q1792644 art style
Q124039105,art of Netherlandish illumination,decoration of manuscripts in the Netherlands and at the Burgundian Court,,,,,Duchy of Burgundy; Burgundian State,,,,Q1792644 art style
Q124213938,Terslev style,,,,,,,,,,Q1792644 art style
Q125175979,Waldalgesheim style,second of four distinctives styles of pre‐Roman Celtic art in Europe (broadly after c. 350 BCE and prior to c. 290 BCE),,,,,,,,,Q1792644 art style
Q126115191,Tazina style,archaeological culture,,,,,Morocco,,,,Q1792644 art style
Q128799286,,,,,,,,,,,Q1792644 art style
Q128799287,,,,,,,,,,,Q1792644 art style
Q130453765,type B portrait by Witkacy,Portraits by Stanisław Ignacy Witkiewicz which aimed at presenting a little bit of the person’s personality without caricature. One of portrait types offered by the artist according to his booklet of regulations.,,,,,,,,,Q1792644 art style
Q130457796,type C artwork by Witkacy,"Portraits by Stanisław Ignacy Witkiewicz created in the spirit if his ""Pure Form"" theory, under the influence of narcotics and other substances. One of portrait types offered by the artist according to his booklet of regulations.",,,,,,,,,Q1792644 art style
Q131037067,Arroyo Pesquero,Olmec Art style,-0899-01-01T00:00:00Z,-0399-01-01T00:00:00Z,-900,-400,Mexico,,,,Q1792644 art style
Q131189663,Dawsari incense,traditional craft practiced by the Dawasir tribe in the Kingdom of Saudi Arabia for the production of incense,,,,,Saudi Arabia,,,,Q1792644 art style
Q131356905,Chromecore,design aethstetic,,,,,,,,,Q1792644 art style
Q131450562,type A portrait by Witkacy,"Portraits of Stanisław Ignacy Witkiewicz done with almost photographic precision, without exaggerations or caricatures, on a fantastic background. The most expensive of the portraits types offered by artist according to his booklet of regulations.",,,,,,,,,Q1792644 art style
Q131466254,type E portrait by Witkacy,Portraits made by Stanisław Ignacy Witkiewicz with psychological interpretation according to his intuition. One of the types of portraits offered by the artist according to his booklet of regulations,,,,,,,,,Q1792644 art style
Q131468128,type D portrait by Witkacy,,,,,,,,,,Q1792644 art style
Q131521054,type B+E portrait by Witkacy,,,,,,,,,,Q1792644 art style
Q131531531,type B+d portrait by Witkacy,,,,,,,,,,Q1792644 art style
Q131534715,type E+d portrait by Witkacy,,,,,,,,,,Q1792644 art style
Q131534872,type B+A portrait by Witkacy,,,,,,,,,,Q1792644 art style
Q131534897,type B+E+d portrait by Witkacy,,,,,,,,,,Q1792644 art style
Q131534919,type B+D portrait by Witkacy,,,,,,,,,,Q1792644 art style
Q132300980,impressionism in visual arts,trend in visual arts,,,,,,,,,Q1792644 art style
Q133501979,Bay Area Figurative style,,,,,,,,,,Q1792644 art style
Q133502868,sand art,type of art,,,,,,,,,Q1792644 art style
Q133518686,comic-strip art,,,,,,,,,,Q1792644 art style
Q133566005,Kent style,,,,,,,,,,Q1792644 art style
Q133566431,Liberty style,,,,,,,,,,Q1792644 art style
Q133574384,Rhenish School,,,,,,Germany,,,,Q1792644 art style
Q134306977,Unkin,Japanese ceramic design that combines cherry blossoms and maple leaves. The cherry blossoms represent clouds (un) and the autumn leaves represent brocade (kin) .,,,,,Edo,,,,Q1792644 art style
Q135767410,low-poly,visual style,,,,,,,,,Q1792644 art style
Q136621714,,,,,,,Indonesia,,,,Q1792644 art style
Q136708317,Blending cinema with architecture and rock music,"Interdisciplinary artistic style combining film, architectural space, and rock music",2014-01-01T00:00:00Z,,2014,,Iran,,,,Q1792644 art style
Q136842671,Anglo-Mughal art,,,,,,,,300263420,,Q1792644 art style
Q137212774,Traumacore,artistic style,,,,,,,,,Q1792644 art style
Q137288917,Hiddensee style,,,,,,,,,,Q1792644 art style
Q137593774,line engraving,pottery technique in which letters or drawings are made on shaped clay before firing using something with a pointed tip,,,,,,,,,Q1792644 art style
Q137660575,Hakeme (pottery),A type of buncheong ware originating from the Joseon Dynasty. It is characterized by the visible brushstroke patterns of white slip applied with a brush.,,,,,Joseon,,,,Q1792644 art style
Q138001588,Salian art,,1100-01-01T00:00:00Z,,1100,,,,,,Q1792644 art style
Q139565510,Art from discarded and reclaimed materials,Artistic style using salvaged waste to create new works,,,,,,,,,Q1792644 art style
Q140201340,digitized sprites,video game visual style,,,,,,,,,Q1792644 art style
Q140237158,comic-book style,art style,,,,,,,,,Q1792644 art style
Q140247751,monochrome art,,,,,,,,,,Q1792644 art style
Q140248550,stylized art style,video game visual style,,,,,,,,,Q1792644 art style
Q140318636,96 Boiz Contour,art style,,,,,New York City,,,,Q1792644 art style
Q140406470,16-bit pixel art,visual style replicating the pixel-art graphics of 16-bit home consoles and computers from the early-to-mid 1990s,,,,,,,,,Q1792644 art style
Q140406673,8-bit pixel art,visual style replicating the pixel-art graphics of 8-bit home consoles and computers,,,,,,,,,Q1792644 art style
Q141056057,Optimistic Cubism,art style developed by Apollonas Soben,,,,,,,,,Q1792644 art style
Q141184665,philosophical abstraction,a form of abstract art that conveys deep philosophical and human content beyond pure decorativeness.,,,,,,,,,Q1792644 art style
Q18448911,,,,,,,,,,,Q1792644 art style
Q18451991,,,,,,,,,,,Q1792644 art style
Q19374307,hieratic style,"styles in art that adhere to certain fixed types or methods, as in ancient Egypt",,,,,,,,,Q1792644 art style
Q19595137,Soft style,Gothic art,,,,,,,,,Q1792644 art style
Q20111293,Achaemenid art,art of the Achaemenid Empire,,,,,Achaemenid Empire,,,,Q1792644 art style
Q20192147,Neoclassicalism,Neo-classical revival style in the early-20th century,2000-01-01T00:00:00Z,,2000,,,,,,Q1792644 art style
Q21550941,Rosicrucian,style of art,,,,,,,300122745,,Q1792644 art style
Q25841834,Haida culture,Northwest Coast Native American styles,,,,,,,300017606,,Q1792644 art style
Q29533297,ujamaa,modern Makonde sculpture style,,,,,,,300262685,,Q1792644 art style
Q31887732,,,,,,,,,,,Q1792644 art style
Q37180531,Compendiario,Style of Italian pottery decoration popular in the 1500s,,,,,,,,,Q1792644 art style
Q41105026,ancient Greek vase painting,painted ancient Greek vases,,,,,,,,,Q1792644 art style
Q42902640,Ferdinandean style,Spanish artistic style contemporary of Ferdinand VII of Spain,,,,,Kingdom of Spain,,,,Q1792644 art style
Q42957383,Isabelline style,,,,,,Kingdom of Spain,,,,Q1792644 art style
Q45232338,Channel style,,,,,,,,300021013,,Q1792644 art style
Q56271470,Ming-style furniture,traditonal style of furniture from late Ming to early Qing Dynasty in China,,,,,China; Ming dynasty,,,,Q1792644 art style
Q56378393,,,,,,,,,,,Q1792644 art style
Q60717989,celtiberian art,,,,,,Celtiberia,,,,Q1792644 art style
Q65442544,Norman art,sub-type of Romanesque art,,,,,,,,,Q1792644 art style
Q66364361,Hepplewhite,British decorative arts style,1788-01-01T00:00:00Z,,1788,,United States; Kingdom of Great Britain,,300021219,,Q1792644 art style
Q72956458,or nué,type of goldwork laid embroidery shaded with couching threads in various colors of silk,,,,,,,,,Q1792644 art style
Q96677761,Jingong pin,metal craft,,,,,,,,,Q1792644 art style
Q96677968,woodworking products,,,,,,,,,,Q1792644 art style
Q96717036,,,,,,,Belgium,,,,Q1792644 art style
Q97516491,Etruscan Style,"delicate, painted Neo-classical decoration",,,,,,,300021450,,Q1792644 art style
Q97602713,barocchetto,Italian 18th-century sculptural style,,,,,,,300021105,,Q1792644 art style
Q97621563,"Longquan (workshop, kilns)",the imperial and private kilns producing Longquan ware,,,,,China; Longquan; People's Republic of China,,,,Q1792644 art style
Q97621618,"Jian (workshop, kiln)",the imperial and private kilns producing Jian ware,,,,,Song dynasty; China; People's Republic of China,,,,Q1792644 art style
Q97621648,"Ru (workshop, kilns)",the imperial and private kilns producing Ru ware,,,,,Song dynasty; People's Republic of China,,,,Q1792644 art style
Q97621662,"Jun (workshop, kilns)",,,,,,China; People's Republic of China,,,,Q1792644 art style
Q97621683,"Yaozhou (workshop, kilns)",the imperial and private kilns producing Yaozhou ware,,,,,Shaanxi; China; People's Republic of China,,,,Q1792644 art style
Q97621781,Chinese room,"typical European style of rooms decorated with Chinese furniture, ceramics, and ware",,,,,Europe,,,,Q1792644 art style
Q97622618,Guangzhou-style furniture,,,,,,Guangzhou; China,,,,Q1792644 art style
Q97622695,Shanghai-style furniture,type of classic Chinese furniture,,,,,Shanghai; China,,,,Q1792644 art style
Q97622707,Suzhou-style furniture,type of classic Chinese furniture,,,,,China,,,,Q1792644 art style
Q97960957,Eccentric Abstraction,art style,,,,,,,300192655,,Q1792644 art style
Q98077408,Veneto-Saracenic,15th- and 16th-century style of metalware,,,,,,,300264951,,Q1792644 art style
Q98077643,Assyrian Revival,"style of the second half of the 19th century and the early 20th, inspired by Assyrian artefacts of the 9th to 7th centuries bc",,,,,,,,,Q1792644 art style
Q98398957,Zand art,art of the Zand Empire,,,,,Zand Iran,,,,Q1792644 art style
Q98399020,Afsharid art,art of the Afsharid Empire,,,,,Afsharid Iran,,,,Q1792644 art style
Q98399027,Pahlavi art,art of the Pahlavi Iran,,,,,Pahlavi Iran,,,,Q1792644 art style
Q98399996,Ghaznavid art,art of the Ghaznavid Empire,,,,,Ghaznavid Empire,,,,Q1792644 art style
Q98400170,Khwarazmian art,art of the Khwarazmian Empire,,,,,Khwarazmian Empire,,,,Q1792644 art style
Q98406803,Buyid art,art of the Buyid Empire,,,,,Buyid dynasty,,,,Q1792644 art style
Q98407406,Samanid art,art of the Samanid Empire,,,,,Samanid Empire,,,,Q1792644 art style
Q98408122,Saffarid art,art of the Saffarid Empire,,,,,Saffarid dynasty,,,,Q1792644 art style
Q98409091,Tahirid art,art of the Tahirid Empire,,,,,Tahirid dynasty,,,,Q1792644 art style
Q98412851,Rashidun art,art of the Rashidun Caliphate,,,,,Rashidun Caliphate,,,,Q1792644 art style
Q98413143,Seleucid art,art of the Seleucid Empire,,,,,Seleucid Empire,,,,Q1792644 art style
Q98416212,Median art,art of the Median Kingdom,,,,,Median Kingdom,,,,Q1792644 art style
Q98417763,Ziyarid art,art of the Ziyarid Kingdom,,,,,Ziyarid dynasty,,,,Q1792644 art style
Q98428510,all’antica,art style that imitates the styles of the ancient world,,,,,,,,,Q1792644 art style
Q98428620,Altdeutsch style,German 19th-century revival style,,,,,,,,,Q1792644 art style
Q98476163,Proto-Baroque,works in an early Baroque style,,,,,,,300112426,,Q1792644 art style
Q98506406,Este art,"style of prehistoric European art that flourished around Este in the province of Padua, Italy, in the 7th–4th centuries bc",,,,,,,,,Q1792644 art style
Q98596477,Moorish style,art style based on the architecture and decorative arts of the Muslim inhabitants (the Moors) of north-west Africa and (between 8th and 15th centuries) of southern Spain,,,,,,,300021016,,Q1792644 art style
Q98596660,bevelled style,distinctive relief decoration style of the early Islamic period,,,,,,,,,Q1792644 art style
Q98872154,Yongle dynastic style,"Refers to the culture, style, and period associated with the reign of emperor Yongle, 1403-1424. The style is characterized by blue and white wares of fine quality and craftsmanship.",,,,,People's Republic of China,,300018443,,Q1792644 art style
Q98872664,Xuantong dynastic style,"Refers to the culture, style, and period associated with the reign of the Xuantong Emperor, 1908-1912.",,,,,,,300018498,,Q1792644 art style
Q98872850,Hongwu dynastic style,"Refers to the culture, style, and period associated with the rule of emperor Hongwu, 1328-1398, founder of the Ming Dynasty in China. Painting, pottery, lacquer and textiles were more elaborately developed than ever before.",,,,,,,300018439,,Q1792644 art style
Q98873130,Yongzheng dynastic style,"Refers to the culture, style, and period associated with the reign of the Yongzheng Emperor, 1678-1735, in China.",,,,,People's Republic of China,,300018484,,Q1792644 art style
Q98873395,Three Kingdoms style,"Refers to the culture, styles, and period dating 220 to 280 CE, corresponding to Chinese history after the fall of the Han dynasty; marked by a tripartite division of China between the states of Wei, Shu, and Wu.",,,,,,,300018393,,Q1792644 art style
Q98873597,Later Han style,"Chinese dynastic culture, style, and period dating 947 to 950",,,,,,,,,Q1792644 art style
Q98874404,armorial porcelain,"porcelain style focused on heraldic motifs, particularly the style of the 18th century produced in China for European export.",,,,,China,,300021425,,Q1792644 art style
Q98961658,Elizabethan Revival,revival art and architecture style popular in England 1830s - 1860s,,,,,,,300021194,,Q1792644 art style
Q99299757,High Classical,middle phase of Ancient Greek Classical period and style,-0449-01-01T00:00:00Z,,-450,,,,300020097,,Q1792644 art style
Q99299802,Baroque Classicism,art style,,,,,,,,,Q1792644 art style
Q99304188,Thracian,culture of ancient Thrace,,,,,,,300379671,,Q1792644 art style
Q102259816,steampunk culture,subculture and lifestyle,,,,,,,,,Q1792644 art style
Q104176899,Klever Romanticism,"designation for landscape painting of the Romantic period (late Romanticism) in Kleve, Lower Rhine region.",,,,,Germany,,,,Q1792644 art style
Q106665922,à la Romaine,"depicted in classical costume, often including a laurel wreath",,,,,,,,,Q1792644 art style
Q106781797,illustrative arts,,,,,,,,,,Q1792644 art style
Q106830708,glass art technique,"craft, technique or style of making visual artworks using glass",,,,,,,,,Q1792644 art style
Q108107402,Bauhaus modernism,"a particular artistic style of geometric areas through art, architecture, design, that began in the 1920's at the Bauhaus school in Germany and often expressed in working with more resilient materials such as concrete, steel, and glass",1920-01-01T00:00:00Z,,1920,,Weimar Republic,,300021432,,Q1792644 art style
Q108822660,Bohdisattva Avalokiteśvara with Thousand Eyes and Thousand Hands statues,type of Bohdisattva Avalokiteśvara statue,,,,,,Q748,,,Q1792644 art style
Q139955,Zackenstil,art style,,,,,,,300262981,,Q1792644 art style
Q300702,Liège-Aachen Baroque furniture,style,,,,,Belgium; Netherlands; Germany,,,,Q1792644 art style
Q750181,Umayyad art,art of the Umayyad Caliphate,,,,,Umayyad Caliphate,,,,Q1792644 art style
Q758170,Attic vase-painting,important regional style of Ancient Greek vase painting,,,,,Classical Athens,,,,Q1792644 art style
Q821439,Berliner Bildhauerschule,designation for a Berlin group of sculptors (1780-1914),,,,,,,,,Q1792644 art style
Q874118,,,,,,,,,,,Q1792644 art style
Q989166,art of Elam,art of the Elamites,,,,,Elam,,,,Q1792644 art style
Q998553,art of Late Antique illumination,discipline of decorating manuscripts and other documents in the Late Antique period,,,,,,,,,Q1792644 art style
Q1088835,Chrysography,,,,,,,,,,Q1792644 art style
Q1179772,Muldenfaltenstil,convention for depiction of draperies in north-western Europe art,,,,,,,,,Q1792644 art style
Q1191656,Oekaki,Japanese expressions used to describe drawing activities,,,,,,,,,Q1792644 art style
Q1276812,art of  Romanesque illumination,style of manuscript illumination,1100-01-01T00:00:00Z,,1100,,,,,,Q1792644 art style
Q1440965,object art,art style,,,,,,,,,Q1792644 art style
Q1520763,art of Ottonian illumination,discipline of decorating manuscripts in Germany under the Ottonian emperors,,,,,,,,,Q1792644 art style
Q1529332,façon de Venise,Venetian-style glassware,,,,,,,,,Q1792644 art style
Q1573225,Hamburgische Sezession,voluntary association in Germany,1919-01-01T00:00:00Z,,1919,,Germany; Weimar Republic,,,,Q1792644 art style
Q1777114,techno art,art related to techno music culture,,,,,,,,,Q1792644 art style
Q1979766,,,,,,,,,,,Q1792644 art style
Q2175407,,,,,,,,,,,Q1792644 art style
Q2679310,art of Ancien Empire égyptien,,,,,,Old Kingdom of Egypt,,,,Q1792644 art style
Q2841228,fūkei,reprensentation of a landscape in Japanese painting,,,,,,,,,Q1792644 art style
Q2864593,Byzantine art during the Latin rule,,,,,,,,,,Q1792644 art style
Q2864610,Ilkhanid art,art of the Ilkhanid Empire,,,,,Ilkhanate,,,,Q1792644 art style
Q2864627,,,,,,,,,,,Q1792644 art style
Q2864629,art of the Umayyads of Cordoba,,0010-01-01T00:00:00Z,,10,,Caliphate of Córdoba,,,,Q1792644 art style
Q2864679,Mughal art,,,,,,Mughal Empire,,,,Q1792644 art style
Q3054427,art of Early Christian illumination,earliest form of manuscript illumination under the Byzantine and late Roman empires,,,,,,,,,Q1792644 art style
Q3476524,sculpture of Ancient Egypt,,,,,,Ancient Egypt,,,,Q1792644 art style
Q3501272,,,,,,,,,,,Q1792644 art style
Q3501303,Theodosian art,,,,,,,,,,Q1792644 art style
Q3624085,Hadrianic art,,,,,,,,,,Q1792644 art style
Q3624114,Constantinian art,,,,,,,,,,Q1792644 art style
Q3624122,proto-Antoninean art,,,,,,,,,,Q1792644 art style
Q3624127,Diocletianian and Tetrarchy art,,,,,,,,,,Q1792644 art style
Q3624124,,,,,,,,,,,Q1792644 art style
Q3624143,Gallienan-era art,,,,,,,,,,Q1792644 art style
Q3624141,Commodan-era art,,,,,,,,,,Q1792644 art style
Q3664970,corinthian vase-painting,,,,,,,,,,Q1792644 art style
Q3816715,Strambotism,art style,1974-01-01T00:00:00Z,,1974,,Spain,,,,Q1792644 art style
Q3844634,,artistic style and historiographical concept of the Italian High Renaissance formulated by Giorgio Vasari,,,,,,,,,Q1792644 art style
Q3982348,futurist theatre,,,,,,,,,,Q1792644 art style
Q4055487,,,,,,,,,,,Q1792644 art style
Q5715759,,,,,,,,,,,Q1792644 art style
Q5964557,Qajar school of painting,,,,,,Qajar Iran,,,,Q1792644 art style
Q6102226,,,,,,,,,,,Q1792644 art style
Q9347553,national style,,,,,,,,,,Q1792644 art style
Q9631124,Brazilian indigenous art,,,,,,Brazil,,,,Q1792644 art style
Q9631163,Brazilian Indian feather art,,,,,,Brazil,,,,Q1792644 art style
Q10274764,Rococo sculpture,,,,,,,,,,Q1792644 art style
Q10317263,,type of Portuguese embroidered handkerchief,,,,,Portugal,,,,Q1792644 art style
Q10360024,Retábulo nacional português,"Portuguese style of reredos, from the 1st phase of the Baroque",,,,,Portugal,,,,Q1792644 art style
Q10404011,Akkadian art,,,,,,Akkadian Empire,,,,Q1792644 art style
Q10604337,,,,,,,,,,,Q1792644 art style
Q10604635,Nydam style,"Early Germanic art style, dated to between the early 5th century and 475.",,,,,,,,,Q1792644 art style
Q10641246,,type of art focusing on the artist's local area,,,,,,,,,Q1792644 art style
Q11285254,Baroque in the Czech Republic,Czech Baroque movement,1600-01-01T00:00:00Z,1700-01-01T00:00:00Z,1600,1700,Czech Republic; Kingdom of Bohemia,,,,Q1792644 art style
Q11303546,Gothic style,European style of architecture and fine art,,,,,,,300020775,,Q1792644 art style
Q11343658,metaphorical realism,,,,,,,,,,Q1792644 art style
Q11358454,jōdai-yō,,,,,,,,,,Q1792644 art style
Q11396993,Hakeme,Wikimedia disambiguation page,,,,,,,,,Q1792644 art style
Q11452220,Jōchō style,,,,,,,,,,Q1792644 art style
Q11855943,Deconstructivism,late 20th century graphic design style,,,,,,,,,Q1792644 art style
Q11888779,,1980s graphic design style,,,,,,,,,Q1792644 art style
Q12330903,Palæstil,term for a short Danish style period,,,,,Denmark,,,,Q1792644 art style
Q12774256,,,,,,,,,,,Q1792644 art style
Q13089726,,,,,,,,,,,Q1792644 art style
Q13512662,Regence style,French decorative arts style between approximately 1710 and 1730,,,,,,,300021089,,Q1792644 art style
Q13568526,Baroque in Prince-Bishopric of Liège,art style,,,,,Belgium; Netherlands,,,,Q1792644 art style
Q15282335,dot painting,style of painting of Aborigines,,,,,,,,,Q1792644 art style
Q15930093,,,,,,,,,,,Q1792644 art style
Q16632151,art of Coptic illumination,decoration of manuscripts among the Christian populations of Egypt from late Antiquity to the Islamic era,,,,,Roman Egypt,,,,Q1792644 art style
Q16632155,art of Jewish illumination,discipline of decorating Jewish manuscripts in the Middle Ages,1000-01-01T00:00:00Z,,1000,,,,,,Q1792644 art style
Q16632158,art of Ethiopian illumination,decoration of manuscripts in Ethiopia,,,,,,,,,Q1792644 art style
Q16678069,Neo-Louis XIII style,,,,,,,,,,Q1792644 art style
Q17354453,art of Anglo-Saxon illumination,discipline of manuscript illumination in Anglo-Saxon Britain,,,,,Anglo-Saxon England,,,,Q1792644 art style
Q18340259,shōka shōfūtai,,,,,,,,,,Q1792644 art style
Q18361891,jiyūka,,,,,,,,,,Q1792644 art style
Q18361914,hana-ishō,,,,,,,,,,Q1792644 art style
Q18362287,shōka shimpūtai,,,,,,,,,,Q1792644 art style
