id,name,list,year,states,url
,Oral heritage of Gelede,RL,2008,,https://ich.unesco.org/en/RL/oral-heritage-of-gelede-00002
,Carnival of Oruro,RL,2008,,https://ich.unesco.org/en/RL/carnival-of-oruro-00003
,Kun Qu opera,RL,2008,,https://ich.unesco.org/en/RL/kun-qu-opera-00004
,"Gbofe of Afounkaha, the music of the transverse trumps of the Tagbana community",RL,2008,,https://ich.unesco.org/en/RL/gbofe-of-afounkaha-the-music-of-the-transverse-trumps-of-the-tagbana-community-00005
,Cultural space of the Brotherhood of the Holy Spirit of the Congos of Villa Mella,RL,2008,,https://ich.unesco.org/en/RL/cultural-space-of-the-brotherhood-of-the-holy-spirit-of-the-congos-of-villa-mella-00006
,Oral heritage and cultural manifestations of the Zápara people,RL,2008,,https://ich.unesco.org/en/RL/oral-heritage-and-cultural-manifestations-of-the-zapara-people-00007
,Georgian polyphonic singing,RL,2008,,https://ich.unesco.org/en/RL/georgian-polyphonic-singing-00008
,Cultural space of Sosso-Bala,RL,2008,,https://ich.unesco.org/en/RL/cultural-space-of-sosso-bala-00009
,"Kutiyattam, Sanskrit theatre",RL,2008,,https://ich.unesco.org/en/RL/kutiyattam-sanskrit-theatre-00010
,"Opera dei Pupi, Sicilian puppet theatre",RL,2008,,https://ich.unesco.org/en/RL/opera-dei-pupi-sicilian-puppet-theatre-00011
,Nôgaku theatre,RL,2008,,https://ich.unesco.org/en/RL/nogaku-theatre-00012
,Cross-crafting and its symbolism,RL,2008,,https://ich.unesco.org/en/RL/cross-crafting-and-its-symbolism-00013
,Cultural space of Jemaa el-Fna Square,RL,2008,,https://ich.unesco.org/en/RL/cultural-space-of-jemaa-el-fna-square-00014
,Hudhud chants of the Ifugao,RL,2008,,https://ich.unesco.org/en/RL/hudhud-chants-of-the-ifugao-00015
,Royal ancestral ritual in the Jongmyo shrine and its music,RL,2008,,https://ich.unesco.org/en/RL/royal-ancestral-ritual-in-the-jongmyo-shrine-and-its-music-00016
,Cultural space and oral culture of the Semeiskie,RL,2008,,https://ich.unesco.org/en/RL/cultural-space-and-oral-culture-of-the-semeiskie-00017
,Mystery play of Elche,RL,2008,,https://ich.unesco.org/en/RL/mystery-play-of-elche-00018
,Cultural space of Boysun District,RL,2008,,https://ich.unesco.org/en/RL/cultural-space-of-boysun-district-00019
,"Language, dance and music of the Garifuna",RL,2008,,https://ich.unesco.org/en/RL/language-dance-and-music-of-the-garifuna-00001
,Azerbaijani Mugham,RL,2008,,https://ich.unesco.org/en/RL/azerbaijani-mugham-00039
,Carnival of Binche,RL,2008,,https://ich.unesco.org/en/RL/carnival-of-binche-00033
,"Arts of the Meddah, public storytellers",RL,2008,,https://ich.unesco.org/en/RL/arts-of-the-meddah-public-storytellers-00037
,Kihnu cultural space,RL,2008,,https://ich.unesco.org/en/RL/kihnu-cultural-space-00042
,Andean cosmovision of the Kallawaya,RL,2008,,https://ich.unesco.org/en/RL/andean-cosmovision-of-the-kallawaya-00048
,Oral and graphic expressions of the Wajapi,RL,2008,,https://ich.unesco.org/en/RL/oral-and-graphic-expressions-of-the-wajapi-00049
,Carnival of Barranquilla,RL,2008,,https://ich.unesco.org/en/RL/carnival-of-barranquilla-00051
,La Tumba Francesa,RL,2008,,https://ich.unesco.org/en/RL/la-tumba-francesa-00052
,Maroon heritage of Moore Town,RL,2008,,https://ich.unesco.org/en/RL/maroon-heritage-of-moore-town-00053
,Indigenous festivity dedicated to the dead,RL,2008,,https://ich.unesco.org/en/RL/indigenous-festivity-dedicated-to-the-dead-00054
,Royal ballet of Cambodia,RL,2008,,https://ich.unesco.org/en/RL/royal-ballet-of-cambodia-00060
,Guqin and its music,RL,2008,,https://ich.unesco.org/en/RL/guqin-and-its-music-00061
,Tradition of Vedic chanting,RL,2008,,https://ich.unesco.org/en/RL/tradition-of-vedic-chanting-00062
,Wayang puppet theatre,RL,2008,,https://ich.unesco.org/en/RL/wayang-puppet-theatre-00063
,Ningyo Johruri Bunraku puppet theatre,RL,2008,,https://ich.unesco.org/en/RL/ningyo-johruri-bunraku-puppet-theatre-00064
,"Art of Akyns, Kyrgyz epic tellers",RL,2008,,https://ich.unesco.org/en/RL/art-of-akyns-kyrgyz-epic-tellers-00065
,Traditional music of the Morin Khuur,RL,2008,,https://ich.unesco.org/en/RL/traditional-music-of-the-morin-khuur-00068
,Pansori epic chant,RL,2008,,https://ich.unesco.org/en/RL/pansori-epic-chant-00070
,"Lakalaka, dances and sung speeches of Tonga",RL,2008,,https://ich.unesco.org/en/RL/lakalaka-dances-and-sung-speeches-of-tonga-00072
,Vanuatu sand drawings,RL,2008,,https://ich.unesco.org/en/RL/vanuatu-sand-drawings-00073
,"Nha Nhac, Vietnamese court music",RL,2008,,https://ich.unesco.org/en/RL/nha-nhac-vietnamese-court-music-00074
,Al-Sirah Al-Hilaliyyah epic,RL,2008,,https://ich.unesco.org/en/RL/al-sirah-al-hilaliyyah-epic-00075
,Iraqi Maqam,RL,2008,,https://ich.unesco.org/en/RL/iraqi-maqam-00076
,Song of Sana’a,RL,2008,,https://ich.unesco.org/en/RL/song-of-sana-a-00077
,Woodcrafting knowledge of the Zafimaniry,RL,2008,,https://ich.unesco.org/en/RL/woodcrafting-knowledge-of-the-zafimaniry-00080
,Polyphonic singing of the Aka Pygmies of Central Africa,RL,2008,,https://ich.unesco.org/en/RL/polyphonic-singing-of-the-aka-pygmies-of-central-africa-00082
,Baltic song and dance celebrations,RL,2008,,https://ich.unesco.org/en/RL/baltic-song-and-dance-celebrations-00087
,Shashmaqom music,RL,2008,,https://ich.unesco.org/en/RL/shashmaqom-music-00089
,Duduk and its music,RL,2008,,https://ich.unesco.org/en/RL/duduk-and-its-music-00092
,"Bistritsa Babi, archaic polyphony, dances and rituals from the Shoplouk region",RL,2008,,https://ich.unesco.org/en/RL/bistritsa-babi-archaic-polyphony-dances-and-rituals-from-the-shoplouk-region-00095
,Fujara and its music,RL,2008,,https://ich.unesco.org/en/RL/fujara-and-its-music-00099
,Mevlevi Sema ceremony,RL,2008,,https://ich.unesco.org/en/RL/mevlevi-sema-ceremony-00100
,Căluş ritual,RL,2008,,https://ich.unesco.org/en/RL/clu-ritual-00090
,Samba de Roda of the Recôncavo of Bahia,RL,2008,,https://ich.unesco.org/en/RL/samba-de-roda-of-the-reconcavo-of-bahia-00101
,Cultural space of Palenque de San Basilio,RL,2008,,https://ich.unesco.org/en/RL/cultural-space-of-palenque-de-san-basilio-00102
,Oxherding and oxcart traditions in Costa Rica,RL,2008,,https://ich.unesco.org/en/RL/oxherding-and-oxcart-traditions-in-costa-rica-00103
,Cocolo dance drama tradition,RL,2008,,https://ich.unesco.org/en/RL/cocolo-dance-drama-tradition-00104
,Baul songs,RL,2008,,https://ich.unesco.org/en/RL/baul-songs-00107
,"Sbek Thom, Khmer shadow theatre",RL,2008,,https://ich.unesco.org/en/RL/sbek-thom-khmer-shadow-theatre-00108
,Uyghur Muqam of Xinjiang,RL,2008,,https://ich.unesco.org/en/RL/uyghur-muqam-of-xinjiang-00109
,"Ramlila, the traditional performance of the Ramayana",RL,2008,,https://ich.unesco.org/en/RL/ramlila-the-traditional-performance-of-the-ramayana-00110
,El Güegüense,RL,2008,,https://ich.unesco.org/en/RL/el-gueguense-00111
,Indonesian Kris,RL,2008,,https://ich.unesco.org/en/RL/indonesian-kris-00112
,Gangneung Danoje festival,RL,2008,,https://ich.unesco.org/en/RL/gangneung-danoje-festival-00114
,Vimbuza healing dance,RL,2008,,https://ich.unesco.org/en/RL/vimbuza-healing-dance-00158
,Darangen epic of the Maranao people of Lake Lanao,RL,2008,,https://ich.unesco.org/en/RL/darangen-epic-of-the-maranao-people-of-lake-lanao-00159
,"Urtiin Duu, traditional folk long song",RL,2008,,https://ich.unesco.org/en/RL/urtiin-duu-traditional-folk-long-song-00115
,Space of gong culture,RL,2008,,https://ich.unesco.org/en/RL/space-of-gong-culture-00120
,Ahellil of Gourara,RL,2008,,https://ich.unesco.org/en/RL/ahellil-of-gourara-00121
,Cultural space of the Bedu in Petra and Wadi Rum,RL,2008,,https://ich.unesco.org/en/RL/cultural-space-of-the-bedu-in-petra-and-wadi-rum-00122
,Palestinian Hikaye,RL,2008,,https://ich.unesco.org/en/RL/palestinian-hikaye-00124
,Cultural space of the Yaaral and Degal,RL,2008,,https://ich.unesco.org/en/RL/cultural-space-of-the-yaaral-and-degal-00132
,Chopi Timbila,RL,2008,,https://ich.unesco.org/en/RL/chopi-timbila-00133
,Barkcloth making in Uganda,RL,2008,,https://ich.unesco.org/en/RL/barkcloth-making-in-uganda-00139
,Makishi masquerade,RL,2008,,https://ich.unesco.org/en/RL/makishi-masquerade-00140
,Gule Wamkulu,RL,2008,,https://ich.unesco.org/en/RL/gule-wamkulu-00142
,"Kankurang, Manding initiatory rite",RL,2008,,https://ich.unesco.org/en/RL/kankurang-manding-initiatory-rite-00143
,Rabinal Achí dance drama tradition,RL,2008,,https://ich.unesco.org/en/RL/rabinal-achi-dance-drama-tradition-00144
,"Olonkho, Yakut heroic epos",RL,2008,,https://ich.unesco.org/en/RL/olonkho-yakut-heroic-epos-00145
,Ifa divination system,RL,2008,,https://ich.unesco.org/en/RL/ifa-divination-system-00146
,"Slovácko Verbuňk, recruit dances",RL,2008,,https://ich.unesco.org/en/RL/slovacko-verbuk-recruit-dances-00147
,Processional giants and dragons in Belgium and France,RL,2008,,https://ich.unesco.org/en/RL/processional-giants-and-dragons-in-belgium-and-france-00153
,Albanian folk iso-polyphony,RL,2008,,https://ich.unesco.org/en/RL/albanian-folk-iso-polyphony-00155
,Patum of Berga,RL,2008,,https://ich.unesco.org/en/RL/patum-of-berga-00156
,Mask dance of the drums from Drametse,RL,2008,,https://ich.unesco.org/en/RL/mask-dance-of-the-drums-from-drametse-00161
,Kabuki theatre,RL,2008,,https://ich.unesco.org/en/RL/kabuki-theatre-00163
,"Canto a tenore, Sardinian pastoral songs",RL,2008,,https://ich.unesco.org/en/RL/canto-a-tenore-sardinian-pastoral-songs-00165
,Taquile and its textile art,RL,2008,,https://ich.unesco.org/en/RL/taquile-and-its-textile-art-00166
,Mak Yong theatre,RL,2008,,https://ich.unesco.org/en/RL/mak-yong-theatre-00167
,Moussem of Tan-Tan,RL,2008,,https://ich.unesco.org/en/RL/moussem-of-tan-tan-00168
,Mbende Jerusarema dance,RL,2008,,https://ich.unesco.org/en/RL/mbende-jerusarema-dance-00169
,"Seto Leelo, Seto polyphonic singing tradition",RL,2009,,https://ich.unesco.org/en/RL/seto-leelo-seto-polyphonic-singing-tradition-00173
,"Nestinarstvo, messages from the past: the Panagyr of Saints Constantine and Helena in the village of Bulgari",RL,2009,,https://ich.unesco.org/en/RL/nestinarstvo-messages-from-the-past-the-panagyr-of-saints-constantine-and-helena-in-the-village-of-bulgari-00191
,Grand song of the Dong ethnic group,RL,2009,,https://ich.unesco.org/en/RL/grand-song-of-the-dong-ethnic-group-00202
,Irrigators’ tribunals of the Spanish Mediterranean coast: the Council of Wise Men of the plain of Murcia and the Water Tribunal of the plain of Valencia,RL,2009,,https://ich.unesco.org/en/RL/irrigators-tribunals-of-the-spanish-mediterranean-coast-the-council-of-wise-men-of-the-plain-of-murcia-and-the-water-tribunal-of-the-plain-of-valencia-00171
,"Whistled language of the island of La Gomera (Canary Islands), the Silbo Gomero",RL,2009,,https://ich.unesco.org/en/RL/whistled-language-of-the-island-of-la-gomera-canary-islands-the-silbo-gomero-00172
,"Septennial re-roofing ceremony of the Kamablon, sacred house of Kangaba",RL,2009,,https://ich.unesco.org/en/RL/septennial-re-roofing-ceremony-of-the-kamablon-sacred-house-of-kangaba-00190
,Doina,RL,2009,,https://ich.unesco.org/en/RL/doina-00192
,Maloya,RL,2009,,https://ich.unesco.org/en/RL/maloya-00249
,Xi’an wind and percussion ensemble,RL,2009,,https://ich.unesco.org/en/RL/xi-an-wind-and-percussion-ensemble-00212
,Busó festivities at Mohács: masked end-of-winter carnival custom,RL,2009,,https://ich.unesco.org/en/RL/buso-festivities-at-mohacs-masked-end-of-winter-carnival-custom-00252
,Procession of the Holy Blood in Bruges,RL,2009,,https://ich.unesco.org/en/RL/procession-of-the-holy-blood-in-bruges-00263
,Carnaval de Negros y Blancos,RL,2009,,https://ich.unesco.org/en/RL/carnaval-de-negros-y-blancos-00287
,Indonesian Batik,RL,2009,,https://ich.unesco.org/en/RL/indonesian-batik-00170
,"Places of memory and living traditions of the Otomí-Chichimecas people of Tolimán: the Peña de Bernal, guardian of a sacred territory",RL,2009,,https://ich.unesco.org/en/RL/places-of-memory-and-living-traditions-of-the-otomi-chichimecas-people-of-toliman-the-pena-de-bernal-guardian-of-a-sacred-territory-00174
,Ritual ceremony of the Voladores,RL,2009,,https://ich.unesco.org/en/RL/ritual-ceremony-of-the-voladores-00175
,Âşıklık (minstrelsy) tradition,RL,2009,,https://ich.unesco.org/en/RL/aklk-minstrelsy-tradition-00179
,Karagöz,RL,2009,,https://ich.unesco.org/en/RL/karagoz-00180
,Candombe and its socio-cultural space: a community practice,RL,2009,,https://ich.unesco.org/en/RL/candombe-and-its-socio-cultural-space-a-community-practice-00182
,Quan Họ Bắc Ninh folk songs,RL,2009,,https://ich.unesco.org/en/RL/quan-h-bc-ninh-folk-songs-00183
,Namsadang Nori,RL,2009,,https://ich.unesco.org/en/RL/namsadang-nori-00184
,Yeongsanjae,RL,2009,,https://ich.unesco.org/en/RL/yeongsanjae-00186
,Jeju Chilmeoridang Yeongdeunggut,RL,2009,,https://ich.unesco.org/en/RL/jeju-chilmeoridang-yeongdeunggut-00187
,Ganggangsullae,RL,2009,,https://ich.unesco.org/en/RL/ganggangsullae-00188
,Cheoyongmu,RL,2009,,https://ich.unesco.org/en/RL/cheoyongmu-00189
,Ijele masquerade,RL,2009,,https://ich.unesco.org/en/RL/ijele-masquerade-00194
,Sericulture and silk craftsmanship of China,RL,2009,,https://ich.unesco.org/en/RL/sericulture-and-silk-craftsmanship-of-china-00197
,Nanyin,RL,2009,,https://ich.unesco.org/en/RL/nanyin-00199
,Craftsmanship of Nanjing Yunjin brocade,RL,2009,,https://ich.unesco.org/en/RL/craftsmanship-of-nanjing-yunjin-brocade-00200
,Traditional handicrafts of making Xuan paper,RL,2009,,https://ich.unesco.org/en/RL/traditional-handicrafts-of-making-xuan-paper-00201
,Yueju opera,RL,2009,,https://ich.unesco.org/en/RL/yueju-opera-00203
,Gesar epic tradition,RL,2009,,https://ich.unesco.org/en/RL/gesar-epic-tradition-00204
,Traditional firing technology of Longquan celadon,RL,2009,,https://ich.unesco.org/en/RL/traditional-firing-technology-of-longquan-celadon-00205
,Regong arts,RL,2009,,https://ich.unesco.org/en/RL/regong-arts-00207
,Tibetan opera,RL,2009,,https://ich.unesco.org/en/RL/tibetan-opera-00208
,Manas,RL,2009,,https://ich.unesco.org/en/RL/manas-00209
,"Mongolian art of singing, Khoomei",RL,2009,,https://ich.unesco.org/en/RL/mongolian-art-of-singing-khoomei-00210
,Hua’er,RL,2009,,https://ich.unesco.org/en/RL/hua-er-00211
,Farmers’ dance of China’s Korean ethnic group,RL,2009,,https://ich.unesco.org/en/RL/farmers-dance-of-china-s-korean-ethnic-group-00213
,Chinese calligraphy,RL,2009,,https://ich.unesco.org/en/RL/chinese-calligraphy-00216
,"Education and training in Indonesian Batik intangible cultural heritage for elementary, junior, senior, vocational school and polytechnic students, in collaboration with the Batik Museum in Pekalongan",GSP,2009,,https://ich.unesco.org/en/BSP/education-and-training-in-indonesian-batik-intangible-cultural-heritage-for-elementary-junior-senior-vocational-school-and-polytechnic-students-in-collaboration-with-the-batik-museum-in-pekalongan-00318
,"Safeguarding intangible cultural heritage of Aymara communities in Bolivia, Chile and Peru",GSP,2009,,https://ich.unesco.org/en/BSP/safeguarding-intangible-cultural-heritage-of-aymara-communities-in-bolivia-chile-and-peru-00299
,Art of Chinese seal engraving,RL,2009,,https://ich.unesco.org/en/RL/art-of-chinese-seal-engraving-00217
,Chinese paper-cut,RL,2009,,https://ich.unesco.org/en/RL/chinese-paper-cut-00219
,Chinese traditional architectural craftsmanship for timber-framed structures,RL,2009,,https://ich.unesco.org/en/RL/chinese-traditional-architectural-craftsmanship-for-timber-framed-structures-00223
,Dragon Boat festival,RL,2009,,https://ich.unesco.org/en/RL/dragon-boat-festival-00225
,Mazu belief and customs,RL,2009,,https://ich.unesco.org/en/RL/mazu-belief-and-customs-00227
,China engraved block printing technique,RL,2009,,https://ich.unesco.org/en/RL/china-engraved-block-printing-technique-00229
,Two-part singing and playing in the Istrian scale,RL,2009,,https://ich.unesco.org/en/RL/two-part-singing-and-playing-in-the-istrian-scale-00231
,"Festivity of Saint Blaise, the patron of Dubrovnik",RL,2009,,https://ich.unesco.org/en/RL/festivity-of-saint-blaise-the-patron-of-dubrovnik-00232
,Traditional manufacturing of children’s wooden toys in Hrvatsko Zagorje,RL,2009,,https://ich.unesco.org/en/RL/traditional-manufacturing-of-children-s-wooden-toys-in-hrvatsko-zagorje-00233
,Spring procession of Ljelje/Kraljice (queens) from Gorjani,RL,2009,,https://ich.unesco.org/en/RL/spring-procession-of-ljelje-kraljice-queens-from-gorjani-00235
,Procession Za Krizen (‘following the cross’) on the island of Hvar,RL,2009,,https://ich.unesco.org/en/RL/procession-za-krizen-following-the-cross-on-the-island-of-hvar-00242
,Annual carnival bell ringers’ pageant from the Kastav area,RL,2009,,https://ich.unesco.org/en/RL/annual-carnival-bell-ringers-pageant-from-the-kastav-area-00243
,Centre for traditional culture – school museum of Pusol pedagogic project,GSP,2009,,https://ich.unesco.org/en/BSP/centre-for-traditional-culture-school-museum-of-pusol-pedagogic-project-00306
,Lacemaking in Croatia,RL,2009,,https://ich.unesco.org/en/RL/lacemaking-in-croatia-00245
,Aubusson tapestry,RL,2009,,https://ich.unesco.org/en/RL/aubusson-tapestry-00250
,Scribing tradition in French timber framing,RL,2009,,https://ich.unesco.org/en/RL/scribing-tradition-in-french-timber-framing-00251
,Art of Azerbaijani Ashiq,RL,2009,,https://ich.unesco.org/en/RL/art-of-azerbaijani-ashiq-00253
,Lefkara laces or Lefkaritika,RL,2009,,https://ich.unesco.org/en/RL/lefkara-laces-or-lefkaritika-00255
,Tango,RL,2009,,https://ich.unesco.org/en/RL/tango-00258
,Holy Week processions in Popayán,RL,2009,,https://ich.unesco.org/en/RL/holy-week-processions-in-popayan-00259
,Gagaku,RL,2009,,https://ich.unesco.org/en/RL/gagaku-00265
,"Ojiya-chijimi, Echigo-jofu: techniques of making ramie fabric in Uonuma region, Niigata Prefecture",RL,2009,,https://ich.unesco.org/en/RL/ojiya-chijimi-echigo-jofu-techniques-of-making-ramie-fabric-in-uonuma-region-niigata-prefecture-00266
,Oku-noto no Aenokoto,RL,2009,,https://ich.unesco.org/en/RL/oku-noto-no-aenokoto-00271
,Hayachine Kagura,RL,2009,,https://ich.unesco.org/en/RL/hayachine-kagura-00272
,Akiu no Taue Odori,RL,2009,,https://ich.unesco.org/en/RL/akiu-no-taue-odori-00273
,Dainichido Bugaku,RL,2009,,https://ich.unesco.org/en/RL/dainichido-bugaku-00275
,Daimokutate,RL,2009,,https://ich.unesco.org/en/RL/daimokutate-00276
,Traditional Ainu dance,RL,2009,,https://ich.unesco.org/en/RL/traditional-ainu-dance-00278
,Radif of Iranian music,RL,2009,,https://ich.unesco.org/en/RL/radif-of-iranian-music-00279
,"Ramman, religious festival and ritual theatre of the Garhwal Himalayas, India",RL,2009,,https://ich.unesco.org/en/RL/ramman-religious-festival-and-ritual-theatre-of-the-garhwal-himalayas-india-00281
,Katta Ashula,RL,2009,,https://ich.unesco.org/en/RL/katta-ashula-00288
,"Manden Charter, proclaimed in Kurukan Fuga",RL,2009,,https://ich.unesco.org/en/RL/manden-charter-proclaimed-in-kurukan-fuga-00290
,"Sanké mon, collective fishing rite of the Sanké",USL,2009,,https://ich.unesco.org/en/USL/sanke-mon-collective-fishing-rite-of-the-sanke-00289
,Meshrep,USL,2010,,https://ich.unesco.org/en/USL/meshrep-00304
,Rite of the Kalyady Tsars (Christmas Tsars),USL,2009,,https://ich.unesco.org/en/USL/rite-of-the-kalyady-tsars-christmas-tsars-00308
,Ca trù singing,USL,2009,,https://ich.unesco.org/en/USL/ca-tru-singing-00309
,"Mongol Tuuli, Mongolian epic",USL,2009,,https://ich.unesco.org/en/USL/mongol-tuuli-mongolian-epic-00310
,"Mongol Biyelgee, Mongolian traditional folk dance",USL,2009,,https://ich.unesco.org/en/USL/mongol-biyelgee-mongolian-traditional-folk-dance-00311
,Traditional music of the Tsuur,USL,2009,,https://ich.unesco.org/en/USL/traditional-music-of-the-tsuur-00312
,Traditions and practices associated with the Kayas in the sacred forests of the Mijikenda,USL,2009,,https://ich.unesco.org/en/USL/traditions-and-practices-associated-with-the-kayas-in-the-sacred-forests-of-the-mijikenda-00313
,Suiti cultural space,USL,2009,,https://ich.unesco.org/en/USL/suiti-cultural-space-00314
,"Cantu in paghjella, a secular and liturgical oral tradition of Corsica",USL,2009,,https://ich.unesco.org/en/USL/cantu-in-paghjella-a-secular-and-liturgical-oral-tradition-of-corsica-00315
,Ojkanje singing,USL,2010,,https://ich.unesco.org/en/USL/ojkanje-singing-00320
,Watertight-bulkhead technology of Chinese junks,USL,2010,,https://ich.unesco.org/en/USL/watertight-bulkhead-technology-of-chinese-junks-00321
,Wooden movable-type printing of China,USL,2010,,https://ich.unesco.org/en/USL/wooden-movable-type-printing-of-china-00322
,Chhau dance,RL,2010,,https://ich.unesco.org/en/RL/chhau-dance-00337
,Kalbelia folk songs and dances of Rajasthan,RL,2010,,https://ich.unesco.org/en/RL/kalbelia-folk-songs-and-dances-of-rajasthan-00340
,"Mudiyettu, ritual theatre and dance drama of Kerala",RL,2010,,https://ich.unesco.org/en/RL/mudiyettu-ritual-theatre-and-dance-drama-of-kerala-00345
,Gingerbread craft from Northern Croatia,RL,2010,,https://ich.unesco.org/en/RL/gingerbread-craft-from-northern-croatia-00356
,"Sinjska Alka, a knights’ tournament in Sinj",RL,2010,,https://ich.unesco.org/en/RL/sinjska-alka-a-knights-tournament-in-sinj-00357
,Bećarac singing and playing from Eastern Croatia,RL,2011,,https://ich.unesco.org/en/RL/bearac-singing-and-playing-from-eastern-croatia-00358
,"Nijemo Kolo, silent circle dance of the Dalmatian hinterland",RL,2011,,https://ich.unesco.org/en/RL/nijemo-kolo-silent-circle-dance-of-the-dalmatian-hinterland-00359
,Chant of the Sybil on Majorca,RL,2010,,https://ich.unesco.org/en/RL/chant-of-the-sybil-on-majorca-00360
,Flamenco,RL,2010,,https://ich.unesco.org/en/RL/flamenco-00363
,Human towers,RL,2010,,https://ich.unesco.org/en/RL/human-towers-00364
,"Al-Bar’ah, music and dance of Oman Dhofari valleys",RL,2010,,https://ich.unesco.org/en/RL/al-bar-ah-music-and-dance-of-oman-dhofari-valleys-00372
,Ritual dramatic art of Ta‘zīye,RL,2010,,https://ich.unesco.org/en/RL/ritual-dramatic-art-of-tazye-00377
,Pahlevani and Zoorkhanei rituals,RL,2010,,https://ich.unesco.org/en/RL/pahlevani-and-zoorkhanei-rituals-00378
,Music of the Bakhshis of Khorasan,RL,2010,,https://ich.unesco.org/en/RL/music-of-the-bakhshis-of-khorasan-00381
,Traditional skills of carpet weaving in Fars,RL,2010,,https://ich.unesco.org/en/RL/traditional-skills-of-carpet-weaving-in-fars-00382
,Traditional skills of carpet weaving in Kashan,RL,2010,,https://ich.unesco.org/en/RL/traditional-skills-of-carpet-weaving-in-kashan-00383
,"Semah, Alevi-Bektaşi ritual",RL,2010,,https://ich.unesco.org/en/RL/semah-alevi-bektai-ritual-00384
,Traditional Sohbet meetings,RL,2010,,https://ich.unesco.org/en/RL/traditional-sohbet-meetings-00385
,Kırkpınar oil wrestling festival,RL,2010,,https://ich.unesco.org/en/RL/krkpnar-oil-wrestling-festival-00386
,Ceremonial Keşkek tradition,RL,2011,,https://ich.unesco.org/en/RL/ceremonial-kekek-tradition-00388
,Traditional art of Azerbaijani carpet weaving in the Republic of Azerbaijan,RL,2010,,https://ich.unesco.org/en/RL/traditional-art-of-azerbaijani-carpet-weaving-in-the-republic-of-azerbaijan-00389
,"Huaconada, ritual dance of Mito",RL,2010,,https://ich.unesco.org/en/RL/huaconada-ritual-dance-of-mito-00390
,Scissors dance,RL,2010,,https://ich.unesco.org/en/RL/scissors-dance-00391
,Hopping procession of Echternach,RL,2010,,https://ich.unesco.org/en/RL/hopping-procession-of-echternach-00392
,Indonesian Angklung,RL,2010,,https://ich.unesco.org/en/RL/indonesian-angklung-00393
,"Naadam, Mongolian traditional festival",RL,2010,,https://ich.unesco.org/en/RL/naadam-mongolian-traditional-festival-00395
,Mongolian traditional art of Khöömei,RL,2010,,https://ich.unesco.org/en/RL/mongolian-traditional-art-of-khoomei-00396
,Shrovetide door-to-door processions and masks in the villages of the Hlinecko area,RL,2010,,https://ich.unesco.org/en/RL/shrovetide-door-to-door-processions-and-masks-in-the-villages-of-the-hlinecko-area-00397
,"Pirekua, traditional song of the P’urhépecha",RL,2010,,https://ich.unesco.org/en/RL/pirekua-traditional-song-of-the-p-urhepecha-00398
,Parachicos in the traditional January feast of Chiapa de Corzo,RL,2010,,https://ich.unesco.org/en/RL/parachicos-in-the-traditional-january-feast-of-chiapa-de-corzo-00399
,"Traditional Mexican cuisine - ancestral, ongoing community culture, the Michoacán paradigm",RL,2010,,https://ich.unesco.org/en/RL/traditional-mexican-cuisine-ancestral-ongoing-community-culture-the-michoacan-paradigm-00400
,"Krakelingen and Tonnekensbrand, end-of-winter bread and fire feast at Geraardsbergen",RL,2010,,https://ich.unesco.org/en/RL/krakelingen-and-tonnekensbrand-end-of-winter-bread-and-fire-feast-at-geraardsbergen-00401
,"Houtem Jaarmarkt, annual winter fair and livestock market at Sint-Lievens-Houtem",RL,2010,,https://ich.unesco.org/en/RL/houtem-jaarmarkt-annual-winter-fair-and-livestock-market-at-sint-lievens-houtem-00403
,Leuven age set ritual repertoire,RL,2011,,https://ich.unesco.org/en/RL/leuven-age-set-ritual-repertoire-00404
,"Kumiodori, traditional Okinawan musical theatre",RL,2010,,https://ich.unesco.org/en/RL/kumiodori-traditional-okinawan-musical-theatre-00405
,"Yuki-tsumugi, silk fabric production technique",RL,2010,,https://ich.unesco.org/en/RL/yuki-tsumugi-silk-fabric-production-technique-00406
,"Mibu no Hana Taue, ritual of transplanting rice in Mibu, Hiroshima",RL,2011,,https://ich.unesco.org/en/RL/mibu-no-hana-taue-ritual-of-transplanting-rice-in-mibu-hiroshima-00411
,"Sada Shin Noh, sacred dancing at Sada shrine, Shimane",RL,2011,,https://ich.unesco.org/en/RL/sada-shin-noh-sacred-dancing-at-sada-shrine-shimane-00412
,"Nachi no Dengaku, a religious performing art held at the Nachi fire festival",RL,2012,,https://ich.unesco.org/en/RL/nachi-no-dengaku-a-religious-performing-art-held-at-the-nachi-fire-festival-00413
,Peking opera,RL,2010,,https://ich.unesco.org/en/RL/peking-opera-00418
,Chinese shadow puppetry,RL,2011,,https://ich.unesco.org/en/RL/chinese-shadow-puppetry-00421
,Taijiquan,RL,2020,,https://ich.unesco.org/en/RL/taijiquan-00424
,Acupuncture and moxibustion of traditional Chinese medicine,RL,2010,,https://ich.unesco.org/en/RL/acupuncture-and-moxibustion-of-traditional-chinese-medicine-00425
,"Sutartinės, Lithuanian multipart songs",RL,2010,,https://ich.unesco.org/en/RL/sutartins-lithuanian-multipart-songs-00433
,Armenian cross-stones art. Symbolism and craftsmanship of Khachkars,RL,2010,,https://ich.unesco.org/en/RL/armenian-cross-stones-art-symbolism-and-craftsmanship-of-khachkars-00434
,"Wayuu normative system, applied by the Pütchipü’üi (palabrero)",RL,2010,,https://ich.unesco.org/en/RL/wayuu-normative-system-applied-by-the-putchipu-ui-palabrero-00435
,Gastronomic meal of the French,RL,2010,,https://ich.unesco.org/en/RL/gastronomic-meal-of-the-french-00437
,Craftsmanship of Alençon needle lace-making,RL,2010,,https://ich.unesco.org/en/RL/craftsmanship-of-alencon-needle-lace-making-00438
,Equitation in the French tradition,RL,2011,,https://ich.unesco.org/en/RL/equitation-in-the-french-tradition-00440
,"Compagnonnage, network for on-the-job transmission of knowledge and identities",RL,2010,,https://ich.unesco.org/en/RL/compagnonnage-network-for-on-the-job-transmission-of-knowledge-and-identities-00441
,Gióng festival of Phù Ðông and Sóc temples,RL,2010,,https://ich.unesco.org/en/RL/giong-festival-of-phu-djong-and-soc-temples-00443
,"Gagok, lyric song cycles accompanied by an orchestra",RL,2010,,https://ich.unesco.org/en/RL/gagok-lyric-song-cycles-accompanied-by-an-orchestra-00444
,"Arirang, lyrical folk song in the Republic of Korea",RL,2012,,https://ich.unesco.org/en/RL/arirang-lyrical-folk-song-in-the-republic-of-korea-00445
,"Jultagi, tightrope walking",RL,2011,,https://ich.unesco.org/en/RL/jultagi-tightrope-walking-00448
,"Taekkyeon, a traditional Korean martial art",RL,2011,,https://ich.unesco.org/en/RL/taekkyeon-a-traditional-korean-martial-art-00452
,Weaving of Mosi (fine ramie) in the Hansan region,RL,2011,,https://ich.unesco.org/en/RL/weaving-of-mosi-fine-ramie-in-the-hansan-region-00453
,"Daemokjang, traditional wooden architecture",RL,2010,,https://ich.unesco.org/en/RL/daemokjang-traditional-wooden-architecture-00461
,Táncház method: a Hungarian model for the transmission of intangible cultural heritage,GSP,2011,,https://ich.unesco.org/en/BSP/tanchaz-method-a-hungarian-model-for-the-transmission-of-intangible-cultural-heritage-00515
,Fandango's Living Museum,GSP,2011,,https://ich.unesco.org/en/BSP/fandango-s-living-museum-00502
,Call for projects of the National Programme of Intangible Heritage,GSP,2011,,https://ich.unesco.org/en/BSP/call-for-projects-of-the-national-programme-of-intangible-heritage-00504
,Saman dance,USL,2011,,https://ich.unesco.org/en/USL/saman-dance-00509
,"Revitalization of the traditional craftsmanship of lime-making in Morón de la Frontera, Seville, Andalusia",GSP,2011,,https://ich.unesco.org/en/BSP/revitalization-of-the-traditional-craftsmanship-of-lime-making-in-moron-de-la-frontera-seville-andalusia-00511
,Programme of cultivating ludodiversity: safeguarding traditional games in Flanders,GSP,2011,,https://ich.unesco.org/en/BSP/programme-of-cultivating-ludodiversity-safeguarding-traditional-games-in-flanders-00513
,"Secret society of the Kôrêdugaw, the rite of wisdom in Mali",USL,2011,,https://ich.unesco.org/en/USL/secret-society-of-the-koredugaw-the-rite-of-wisdom-in-mali-00520
,"Yaokwa, the Enawene Nawe people's ritual for the maintenance of social and cosmic order",USL,2011,,https://ich.unesco.org/en/USL/yaokwa-the-enawene-nawe-people-s-ritual-for-the-maintenance-of-social-and-cosmic-order-00521
,Moorish epic T’heydinn,USL,2011,,https://ich.unesco.org/en/USL/moorish-epic-t-heydinn-00524
,"Esuwa, Harakbut sung prayers of Peru’s Wachiperi people",USL,2011,,https://ich.unesco.org/en/USL/esuwa-harakbut-sung-prayers-of-peru-s-wachiperi-people-00531
,Traditional skills of building and sailing Iranian Lenj boats in the Persian Gulf,USL,2011,,https://ich.unesco.org/en/USL/traditional-skills-of-building-and-sailing-iranian-lenj-boats-in-the-persian-gulf-00534
,"Naqqāli, Iranian dramatic story-telling",USL,2011,,https://ich.unesco.org/en/USL/naqqli-iranian-dramatic-story-telling-00535
,Tsiattista poetic duelling,RL,2011,,https://ich.unesco.org/en/RL/tsiattista-poetic-duelling-00536
,Folk long song performance technique of Limbe performances - circular breathing,USL,2011,,https://ich.unesco.org/en/USL/folk-long-song-performance-technique-of-limbe-performances-circular-breathing-00543
,"Fado, urban popular song of Portugal",RL,2011,,https://ich.unesco.org/en/RL/fado-urban-popular-song-of-portugal-00563
,Ride of the Kings in the south-east of the Czech Republic,RL,2011,,https://ich.unesco.org/en/RL/ride-of-the-kings-in-the-south-east-of-the-czech-republic-00564
,Pilgrimage to the sanctuary of the Lord of Qoyllurit’i,RL,2011,,https://ich.unesco.org/en/RL/pilgrimage-to-the-sanctuary-of-the-lord-of-qoyllurit-i-00567
,Traditional knowledge of the jaguar shamans of Yuruparí,RL,2011,,https://ich.unesco.org/en/RL/traditional-knowledge-of-the-jaguar-shamans-of-yurupari-00574
,"Mariachi, string music, song and trumpet",RL,2011,,https://ich.unesco.org/en/RL/mariachi-string-music-song-and-trumpet-00575
,Festivity of ‘la Mare de Déu de la Salut’ of Algemesí,RL,2011,,https://ich.unesco.org/en/RL/festivity-of-la-mare-de-deu-de-la-salut-of-algemesi-00576
,Qālišuyān rituals of Mašhad-e Ardehāl in Kāšān,RL,2012,,https://ich.unesco.org/en/RL/qlisuyn-rituals-of-mashad-e-ardehl-in-ksn-00580
,"Knowledge, skills and rituals related to the annual renewal of the Q’eswachaka bridge",RL,2013,,https://ich.unesco.org/en/RL/knowledge-skills-and-rituals-related-to-the-annual-renewal-of-the-q-eswachaka-bridge-00594
,"Círio de Nazaré (The Taper of Our Lady of Nazareth) in the city of Belém, Pará",RL,2013,,https://ich.unesco.org/en/RL/cirio-de-nazare-the-taper-of-our-lady-of-nazareth-in-the-city-of-belem-para-00602
,"Frevo, performing arts of the Carnival of Recife",RL,2012,,https://ich.unesco.org/en/RL/frevo-performing-arts-of-the-carnival-of-recife-00603
,Craftsmanship of Horezu ceramics,RL,2012,,https://ich.unesco.org/en/RL/craftsmanship-of-horezu-ceramics-00610
,Three genres of traditional dance in Bali,RL,2015,,https://ich.unesco.org/en/RL/three-genres-of-traditional-dance-in-bali-00617
,"Noken multifunctional knotted or woven bag, handcraft of the people of Papua",USL,2012,,https://ich.unesco.org/en/USL/noken-multifunctional-knotted-or-woven-bag-handcraft-of-the-people-of-papua-00619
,Safeguarding foster care heritage in the merciful city of Geel: a community-based care model,GSP,2023,,https://ich.unesco.org/en/BSP/safeguarding-foster-care-heritage-in-the-merciful-city-of-geel-a-community-based-care-model-00622
,Strategy for training coming generations of Fujian puppetry practitioners,GSP,2012,,https://ich.unesco.org/en/BSP/strategy-for-training-coming-generations-of-fujian-puppetry-practitioners-00624
,"Ichapekene Piesta, the biggest festival of San Ignacio de Moxos",RL,2012,,https://ich.unesco.org/en/RL/ichapekene-piesta-the-biggest-festival-of-san-ignacio-de-moxos-00627
,"Pujllay and Ayarichi, music and dances of the Yampara culture",RL,2014,,https://ich.unesco.org/en/RL/pujllay-and-ayarichi-music-and-dances-of-the-yampara-culture-00630
,"Folk art of the Matyó, embroidery of a traditional community",RL,2012,,https://ich.unesco.org/en/RL/folk-art-of-the-matyo-embroidery-of-a-traditional-community-00633
,Venezuela's Dancing Devils of Corpus Christi,RL,2012,,https://ich.unesco.org/en/RL/venezuela-s-dancing-devils-of-corpus-christi-00639
,"Festival of Saint Francis of Assisi, Quibdó",RL,2012,,https://ich.unesco.org/en/RL/festival-of-saint-francis-of-assisi-quibdo-00640
,Cherry festival in Sefrou,RL,2012,,https://ich.unesco.org/en/RL/cherry-festival-in-sefrou-00641
,Mesir Macunu festival,RL,2012,,https://ich.unesco.org/en/RL/mesir-macunu-festival-00642
,"Ebru, Turkish art of marbling",RL,2014,,https://ich.unesco.org/en/RL/ebru-turkish-art-of-marbling-00644
,Turkish coffee culture and tradition,RL,2013,,https://ich.unesco.org/en/RL/turkish-coffee-culture-and-tradition-00645
,"The Twenty-Four Solar Terms, knowledge in China of time and practices developed through observation of the sun’s annual motion",RL,2016,,https://ich.unesco.org/en/RL/the-twenty-four-solar-terms-knowledge-in-china-of-time-and-practices-developed-through-observation-of-the-sun-s-annual-motion-00647
,Methodology for inventorying intangible cultural heritage in biosphere reserves: the experience of Montseny,GSP,2013,,https://ich.unesco.org/en/BSP/methodology-for-inventorying-intangible-cultural-heritage-in-biosphere-reserves-the-experience-of-montseny-00648
,Traditional Ahlat stonework,USL,2022,,https://ich.unesco.org/en/USL/traditional-ahlat-stonework-00655
,Whistled language,USL,2017,,https://ich.unesco.org/en/USL/whistled-language-00658
,Annual pilgrimage to the mausoleum of Sidi ‘Abd el-Qader Ben Mohammed (Sidi Cheikh),RL,2013,,https://ich.unesco.org/en/RL/annual-pilgrimage-to-the-mausoleum-of-sidi-abd-el-qader-ben-mohammed-sidi-cheikh-00660
,"Ritual and ceremonies of Sebeïba in the oasis of Djanet, Algeria",RL,2014,,https://ich.unesco.org/en/RL/ritual-and-ceremonies-of-sebeiba-in-the-oasis-of-djanet-algeria-00665
,"Xtaxkgakget Makgkaxtlawana: the Centre for Indigenous Arts and its contribution to safeguarding the intangible cultural heritage of the Totonac people of Veracruz, Mexico",GSP,2012,,https://ich.unesco.org/en/BSP/xtaxkgakget-makgkaxtlawana-the-centre-for-indigenous-arts-and-its-contribution-to-safeguarding-the-intangible-cultural-heritage-of-the-totonac-people-of-veracruz-mexico-00666
,"Sbuâ, annual pilgrimage to the zawiya of Sidi El Hadj Belkacem in Gourara",RL,2015,,https://ich.unesco.org/en/RL/sbua-annual-pilgrimage-to-the-zawiya-of-sidi-el-hadj-belkacem-in-gourara-00667
,Rites and craftsmanship associated with the wedding costume tradition of Tlemcen,RL,2012,,https://ich.unesco.org/en/RL/rites-and-craftsmanship-associated-with-the-wedding-costume-tradition-of-tlemcen-00668
,"Traditional art and symbolism of Kelaghayi, making and wearing women’s silk headscarves",RL,2014,,https://ich.unesco.org/en/RL/traditional-art-and-symbolism-of-kelaghayi-making-and-wearing-women-s-silk-headscarves-00669
,Marches of Entre-Sambre-et-Meuse,RL,2012,,https://ich.unesco.org/en/RL/marches-of-entre-sambre-et-meuse-00670
,"Craftsmanship and performance art of the Tar, a long-necked string musical instrument",RL,2012,,https://ich.unesco.org/en/RL/craftsmanship-and-performance-art-of-the-tar-a-long-necked-string-musical-instrument-00671
,Shrimp fishing on horseback in Oostduinkerke,RL,2013,,https://ich.unesco.org/en/RL/shrimp-fishing-on-horseback-in-oostduinkerke-00673
,Copper craftsmanship of Lahij,RL,2015,,https://ich.unesco.org/en/RL/copper-craftsmanship-of-lahij-00675
,Kwagh-Hir theatrical performance,RL,2019,,https://ich.unesco.org/en/RL/kwagh-hir-theatrical-performance-00683
,"Ala-kiyiz and Shyrdak, art of Kyrgyz traditional felt carpets",USL,2012,,https://ich.unesco.org/en/USL/ala-kiyiz-and-shyrdak-art-of-kyrgyz-traditional-felt-carpets-00693
,Durga Puja in Kolkata,RL,2021,,https://ich.unesco.org/en/RL/durga-puja-in-kolkata-00703
,"Fest-Noz, festive gathering based on the collective practice of traditional dances of Brittany",RL,2012,,https://ich.unesco.org/en/RL/fest-noz-festive-gathering-based-on-the-collective-practice-of-traditional-dances-of-brittany-00707
,"Nongak, community band music, dance and rituals in the Republic of Korea",RL,2014,,https://ich.unesco.org/en/RL/nongak-community-band-music-dance-and-rituals-in-the-republic-of-korea-00717
,Traditional violin craftsmanship in Cremona,RL,2012,,https://ich.unesco.org/en/RL/traditional-violin-craftsmanship-in-cremona-00719
,Traditional agricultural practice of cultivating the ‘vite ad alberello’ (head-trained bush vines) of the community of Pantelleria,RL,2014,,https://ich.unesco.org/en/RL/traditional-agricultural-practice-of-cultivating-the-vite-ad-alberello-head-trained-bush-vines-of-the-community-of-pantelleria-00720
,Celebrations of big shoulder-borne processional structures,RL,2013,,https://ich.unesco.org/en/RL/celebrations-of-big-shoulder-borne-processional-structures-00721
,Art of Neapolitan ‘Pizzaiuolo’,RL,2017,,https://ich.unesco.org/en/RL/art-of-neapolitan-pizzaiuolo-00722
,"Schemenlaufen, the carnival of Imst, Austria",RL,2012,,https://ich.unesco.org/en/RL/schemenlaufen-the-carnival-of-imst-austria-00726
,Traditional weaving of the Ecuadorian toquilla straw hat,RL,2012,,https://ich.unesco.org/en/RL/traditional-weaving-of-the-ecuadorian-toquilla-straw-hat-00729
,Art of Đờn ca tài tử music and song in southern Viet Nam,RL,2013,,https://ich.unesco.org/en/RL/art-of-n-ca-tai-t-music-and-song-in-southern-viet-nam-00733
,Feast of the Holy Forty Martyrs in Štip,RL,2013,,https://ich.unesco.org/en/RL/feast-of-the-holy-forty-martyrs-in-stip-00734
,Worship of Hùng kings in Phú Thọ,RL,2012,,https://ich.unesco.org/en/RL/worship-of-hung-kings-in-phu-th-00735
,Performance of the Armenian epic of 'Daredevils of Sassoun' or 'David of Sassoun',RL,2012,,https://ich.unesco.org/en/RL/performance-of-the-armenian-epic-of-daredevils-of-sassoun-or-david-of-sassoun-00743
,"Al-Taghrooda, traditional Bedouin chanted poetry in the United Arab Emirates and the Sultanate of Oman",RL,2012,,https://ich.unesco.org/en/RL/al-taghrooda-traditional-bedouin-chanted-poetry-in-the-united-arab-emirates-and-the-sultanate-of-oman-00744
,"Klapa multipart singing of Dalmatia, southern Croatia",RL,2012,,https://ich.unesco.org/en/RL/klapa-multipart-singing-of-dalmatia-southern-croatia-00746
,"Bigwala, gourd trumpet music and dance of the Busoga Kingdom in Uganda",USL,2012,,https://ich.unesco.org/en/USL/bigwala-gourd-trumpet-music-and-dance-of-the-busoga-kingdom-in-uganda-00749
,Earthenware pottery-making skills in Botswana’s Kgatleng District,USL,2012,,https://ich.unesco.org/en/USL/earthenware-pottery-making-skills-in-botswana-s-kgatleng-district-00753
,"Buddhist chanting of Ladakh: recitation of sacred Buddhist texts in the trans-Himalayan Ladakh region, Jammu and Kashmir, India",RL,2012,,https://ich.unesco.org/en/RL/buddhist-chanting-of-ladakh-recitation-of-sacred-buddhist-texts-in-the-trans-himalayan-ladakh-region-jammu-and-kashmir-india-00839
,"Sankirtana, ritual singing, drumming and dancing of Manipur",RL,2013,,https://ich.unesco.org/en/RL/sankirtana-ritual-singing-drumming-and-dancing-of-manipur-00843
,"Traditional brass and copper craft of utensil making among the Thatheras of Jandiala Guru, Punjab, India",RL,2014,,https://ich.unesco.org/en/RL/traditional-brass-and-copper-craft-of-utensil-making-among-the-thatheras-of-jandiala-guru-punjab-india-00845
,Fiesta of the patios in Cordova,RL,2012,,https://ich.unesco.org/en/RL/fiesta-of-the-patios-in-cordova-00846
,"Al ‘azi, elegy, processional march and poetry",RL,2012,,https://ich.unesco.org/en/RL/al-azi-elegy-processional-march-and-poetry-00850
,"Chinese Zhusuan, knowledge and practices of mathematical calculation through the abacus",RL,2013,,https://ich.unesco.org/en/RL/chinese-zhusuan-knowledge-and-practices-of-mathematical-calculation-through-the-abacus-00853
,Commemoration feast of the finding of the True Holy Cross of Christ,RL,2013,,https://ich.unesco.org/en/RL/commemoration-feast-of-the-finding-of-the-true-holy-cross-of-christ-00858
,Valencia Fallas festivity,RL,2016,,https://ich.unesco.org/en/RL/valencia-fallas-festivity-00859
,Wine Horses,RL,2020,,https://ich.unesco.org/en/RL/wine-horses-00860
,Nan Pa’ch ceremony,USL,2013,,https://ich.unesco.org/en/USL/nan-pa-ch-ceremony-00863
,"Men’s group Colindat, Christmas-time ritual",RL,2013,,https://ich.unesco.org/en/RL/men-s-group-colindat-christmas-time-ritual-00865
,"Washoku, traditional dietary cultures of the Japanese, notably for the celebration of New Year",RL,2013,,https://ich.unesco.org/en/RL/washoku-traditional-dietary-cultures-of-the-japanese-notably-for-the-celebration-of-new-year-00869
,Ancient Georgian traditional Qvevri wine-making method,RL,2013,,https://ich.unesco.org/en/RL/ancient-georgian-traditional-qvevri-wine-making-method-00870
,Mongolian traditional practices of worshipping the sacred sites,USL,2017,,https://ich.unesco.org/en/USL/mongolian-traditional-practices-of-worshipping-the-sacred-sites-00871
,Traditional craftsmanship of the Mongol Ger and its associated customs,RL,2013,,https://ich.unesco.org/en/RL/traditional-craftsmanship-of-the-mongol-ger-and-its-associated-customs-00872
,Mongolian calligraphy,USL,2013,,https://ich.unesco.org/en/USL/mongolian-calligraphy-00873
,"Kyrgyz epic trilogy: Manas, Semetey, Seytek",RL,2013,,https://ich.unesco.org/en/RL/kyrgyz-epic-trilogy-manas-semetey-seytek-00876
,Music of Terchová,RL,2013,,https://ich.unesco.org/en/RL/music-of-terchova-00877
,"Xooy, a divination ceremony among the Serer of Senegal",RL,2013,,https://ich.unesco.org/en/RL/xooy-a-divination-ceremony-among-the-serer-of-senegal-00878
,Traditional art of Jamdani weaving,RL,2013,,https://ich.unesco.org/en/RL/traditional-art-of-jamdani-weaving-00879
,"Kimjang, making and sharing kimchi in the Republic of Korea",RL,2013,,https://ich.unesco.org/en/RL/kimjang-making-and-sharing-kimchi-in-the-republic-of-korea-00881
,"Yeondeunghoe, lantern lighting festival in the Republic of Korea",RL,2020,,https://ich.unesco.org/en/RL/yeondeunghoe-lantern-lighting-festival-in-the-republic-of-korea-00882
,Mediterranean diet,RL,2013,,https://ich.unesco.org/en/RL/mediterranean-diet-00884
,Limousin septennial ostensions,RL,2013,,https://ich.unesco.org/en/RL/limousin-septennial-ostensions-00885
,"Practices and knowledge linked to the Imzad of the Tuareg communities of Algeria, Mali and Niger",RL,2013,,https://ich.unesco.org/en/RL/practices-and-knowledge-linked-to-the-imzad-of-the-tuareg-communities-of-algeria-mali-and-niger-00891
,Capoeira circle,RL,2014,,https://ich.unesco.org/en/RL/capoeira-circle-00892
,Petrykivka decorative painting as a phenomenon of the Ukrainian ornamental folk art,RL,2013,,https://ich.unesco.org/en/RL/petrykivka-decorative-painting-as-a-phenomenon-of-the-ukrainian-ornamental-folk-art-00893
,Argungu international fishing and cultural festival,RL,2016,,https://ich.unesco.org/en/RL/argungu-international-fishing-and-cultural-festival-00901
,"Empaako tradition of the Batooro, Banyoro, Batuku, Batagwenda and Banyabindi of western Uganda",USL,2013,,https://ich.unesco.org/en/USL/empaako-tradition-of-the-batooro-banyoro-batuku-batagwenda-and-banyabindi-of-western-uganda-00904
,"Chovqan, a traditional Karabakh horse-riding game in the Republic of Azerbaijan",USL,2013,,https://ich.unesco.org/en/USL/chovqan-a-traditional-karabakh-horse-riding-game-in-the-republic-of-azerbaijan-00905
,La Parranda de San Pedro de Guarenas y Guatire,RL,2013,,https://ich.unesco.org/en/RL/la-parranda-de-san-pedro-de-guarenas-y-guatire-00907
,"Koogere oral tradition of the Basongora, Banyabindi and Batooro peoples",USL,2015,,https://ich.unesco.org/en/USL/koogere-oral-tradition-of-the-basongora-banyabindi-and-batooro-peoples-00911
,Arirang folk song in the Democratic People’s Republic of Korea,RL,2014,,https://ich.unesco.org/en/RL/arirang-folk-song-in-the-democratic-people-s-republic-of-korea-00914
,Smoke sauna tradition in Võromaa,RL,2014,,https://ich.unesco.org/en/RL/smoke-sauna-tradition-in-voromaa-00951
,"Argan, practices and know-how concerning the argan tree",RL,2014,,https://ich.unesco.org/en/RL/argan-practices-and-know-how-concerning-the-argan-tree-00955
,Festivity of Virgen de la Candelaria of Puno,RL,2014,,https://ich.unesco.org/en/RL/festivity-of-virgen-de-la-candelaria-of-puno-00956
,Mongolian knuckle-bone shooting,RL,2014,,https://ich.unesco.org/en/RL/mongolian-knuckle-bone-shooting-00959
,The tradition of carpet-making in Chiprovtsi,RL,2014,,https://ich.unesco.org/en/RL/the-tradition-of-carpet-making-in-chiprovtsi-00965
,"Visoko multipart singing from Dolen and Satovcha, South-western Bulgaria",RL,2021,,https://ich.unesco.org/en/RL/visoko-multipart-singing-from-dolen-and-satovcha-south-western-bulgaria-00967
,Surova folk feast in Pernik region,RL,2015,,https://ich.unesco.org/en/RL/surova-folk-feast-in-pernik-region-00968
,Bulgarian Chitalishte (Community Cultural Centre): practical experience in safeguarding the vitality of the Intangible Cultural Heritage,GSP,2017,,https://ich.unesco.org/en/BSP/bulgarian-chitalishte-community-cultural-centre-practical-experience-in-safeguarding-the-vitality-of-the-intangible-cultural-heritage-00969
,Festival of folklore in Koprivshtitsa: a system of practices for heritage presentation and transmission,GSP,2016,,https://ich.unesco.org/en/BSP/festival-of-folklore-in-koprivshtitsa-a-system-of-practices-for-heritage-presentation-and-transmission-00970
,"Askiya, the art of wit",RL,2014,,https://ich.unesco.org/en/RL/askiya-the-art-of-wit-00971
,Isukuti dance of Isukha and Idakho communities of Western Kenya,USL,2014,,https://ich.unesco.org/en/USL/isukuti-dance-of-isukha-and-idakho-communities-of-western-kenya-00981
,Male-child cleansing ceremony of the Lango of central northern Uganda,USL,2014,,https://ich.unesco.org/en/USL/male-child-cleansing-ceremony-of-the-lango-of-central-northern-uganda-00982
,Mapoyo oral tradition and its symbolic reference points within their ancestral territory,USL,2014,,https://ich.unesco.org/en/USL/mapoyo-oral-tradition-and-its-symbolic-reference-points-within-their-ancestral-territory-00983
,"Lavash, the preparation, meaning and appearance of traditional bread as an expression of culture in Armenia",RL,2014,,https://ich.unesco.org/en/RL/lavash-the-preparation-meaning-and-appearance-of-traditional-bread-as-an-expression-of-culture-in-armenia-00985
,Baile Chino,RL,2014,,https://ich.unesco.org/en/RL/baile-chino-00988
,Ritual dance of the royal drum,RL,2014,,https://ich.unesco.org/en/RL/ritual-dance-of-the-royal-drum-00989
,Zmijanje embroidery,RL,2014,,https://ich.unesco.org/en/RL/zmijanje-embroidery-00990
,"Gwoka: music, song, dance and cultural practice representative of Guadeloupean identity",RL,2014,,https://ich.unesco.org/en/RL/gwoka-music-song-dance-and-cultural-practice-representative-of-guadeloupean-identity-00991
,Know-how of cultivating mastic on the island of Chios,RL,2014,,https://ich.unesco.org/en/RL/know-how-of-cultivating-mastic-on-the-island-of-chios-00993
,"Kopachkata, a social dance from the village of Dramche, Pijanec",RL,2014,,https://ich.unesco.org/en/RL/kopachkata-a-social-dance-from-the-village-of-dramche-pijanec-00995
,Kazakh traditional art of Dombra Kuy,RL,2014,,https://ich.unesco.org/en/RL/kazakh-traditional-art-of-dombra-kuy-00996
,"Aitysh/Aitys, art of improvisation",RL,2015,,https://ich.unesco.org/en/RL/aitysh-aitys-art-of-improvisation-00997
,"Tchopa, sacrificial dance of the Lhomwe people of southern Malawi",RL,2014,,https://ich.unesco.org/en/RL/tchopa-sacrificial-dance-of-the-lhomwe-people-of-southern-malawi-00999
,"Al-Zajal, recited or sung poetry",RL,2014,,https://ich.unesco.org/en/RL/al-zajal-recited-or-sung-poetry-01000
,Traditional Mauritian Sega,RL,2014,,https://ich.unesco.org/en/RL/traditional-mauritian-sega-01003
,Coming forth of the masks and puppets in Markala,RL,2014,,https://ich.unesco.org/en/RL/coming-forth-of-the-masks-and-puppets-in-markala-01004
,"Cante Alentejano, polyphonic singing from Alentejo, southern Portugal",RL,2014,,https://ich.unesco.org/en/RL/cante-alentejano-polyphonic-singing-from-alentejo-southern-portugal-01007
,Ví and Giặm folk songs of Nghệ Tĩnh,RL,2014,,https://ich.unesco.org/en/RL/vi-and-gim-folk-songs-of-ngh-tnh-01008
,Practices and expressions of joking relationships in Niger,RL,2014,,https://ich.unesco.org/en/RL/practices-and-expressions-of-joking-relationships-in-niger-01009
,"Slava, celebration of family saint patron’s day",RL,2014,,https://ich.unesco.org/en/RL/slava-celebration-of-family-saint-patron-s-day-01010
,"Almezmar, drumming and dancing with sticks",RL,2016,,https://ich.unesco.org/en/RL/almezmar-drumming-and-dancing-with-sticks-01011
,"Al-Ayyala, a traditional performing art of the Sultanate of Oman and the United Arab Emirates",RL,2014,,https://ich.unesco.org/en/RL/al-ayyala-a-traditional-performing-art-of-the-sultanate-of-oman-and-the-united-arab-emirates-01012
,"Safeguarding the carillon culture: preservation, transmission, exchange and awareness-raising",GSP,2014,,https://ich.unesco.org/en/BSP/safeguarding-the-carillon-culture-preservation-transmission-exchange-and-awareness-raising-01017
,Epic art of Gorogly,RL,2015,,https://ich.unesco.org/en/RL/epic-art-of-gorogly-01028
,"Fichee-Chambalaalla, New Year festival of the Sidama people",RL,2015,,https://ich.unesco.org/en/RL/fichee-chambalaalla-new-year-festival-of-the-sidama-people-01054
,Wititi dance of the Colca Valley,RL,2015,,https://ich.unesco.org/en/RL/wititi-dance-of-the-colca-valley-01056
,Traditional craftsmanship of Çini-making,RL,2016,,https://ich.unesco.org/en/RL/traditional-craftsmanship-of-cini-making-01058
,Coaxing ritual for camels,USL,2015,,https://ich.unesco.org/en/USL/coaxing-ritual-for-camels-01061
,Beer culture in Belgium,RL,2016,,https://ich.unesco.org/en/RL/beer-culture-in-belgium-01062
,Tradition of kimchi-making in the Democratic People's Republic of Korea,RL,2015,,https://ich.unesco.org/en/RL/tradition-of-kimchi-making-in-the-democratic-people-s-republic-of-korea-01063
,Practices related to the Viet beliefs in the Mother Goddesses of Three Realms,RL,2016,,https://ich.unesco.org/en/RL/practices-related-to-the-viet-beliefs-in-the-mother-goddesses-of-three-realms-01064
,Manufacture of cowbells,USL,2015,,https://ich.unesco.org/en/USL/manufacture-of-cowbells-01065
,Culture of Jeju Haenyeo (women divers),RL,2016,,https://ich.unesco.org/en/RL/culture-of-jeju-haenyeo-women-divers-01068
,"Filete porteño in Buenos Aires, a traditional painting technique",RL,2015,,https://ich.unesco.org/en/RL/filete-porteno-in-buenos-aires-a-traditional-painting-technique-01069
,Summer solstice fire festivals in the Pyrenees,RL,2015,,https://ich.unesco.org/en/RL/summer-solstice-fire-festivals-in-the-pyrenees-01073
,Bagpipe culture,RL,2015,,https://ich.unesco.org/en/RL/bagpipe-culture-01075
,"Majlis, a cultural and social space",RL,2015,,https://ich.unesco.org/en/RL/majlis-a-cultural-and-social-space-01076
,Carnival of Granville,RL,2016,,https://ich.unesco.org/en/RL/carnival-of-granville-01077
,"Al-Razfa, a traditional performing art",RL,2015,,https://ich.unesco.org/en/RL/al-razfa-a-traditional-performing-art-01078
,Tugging rituals and games,RL,2015,,https://ich.unesco.org/en/RL/tugging-rituals-and-games-01080
,Kazakh traditional Assyk games,RL,2017,,https://ich.unesco.org/en/RL/kazakh-traditional-assyk-games-01086
,Kuresi in Kazakhstan,RL,2016,,https://ich.unesco.org/en/RL/kuresi-in-kazakhstan-01085
,"Oshituthi shomagongo, marula fruit festival",RL,2015,,https://ich.unesco.org/en/RL/oshituthi-shomagongo-marula-fruit-festival-01089
,Mangal Shobhajatra on Pahela Baishakh,RL,2016,,https://ich.unesco.org/en/RL/mangal-shobhajatra-on-pahela-baishakh-01091
,Lad’s dances in Romania,RL,2015,,https://ich.unesco.org/en/RL/lad-s-dances-in-romania-01092
,Traditional knowledge and technologies relating to the growing and processing of the curagua,RL,2015,,https://ich.unesco.org/en/RL/traditional-knowledge-and-technologies-relating-to-the-growing-and-processing-of-the-curagua-01094
,Traditional Vallenato music of the Greater Magdalena region,USL,2015,,https://ich.unesco.org/en/USL/traditional-vallenato-music-of-the-greater-magdalena-region-01095
,Community project of safeguarding the living culture of Rovinj/Rovigno: the Batana Ecomuseum,GSP,2016,,https://ich.unesco.org/en/BSP/community-project-of-safeguarding-the-living-culture-of-rovinj-rovigno-the-batana-ecomuseum-01098
,"Marimba music, traditional chants and dances from the Colombia South Pacific region and Esmeraldas Province of Ecuador",RL,2015,,https://ich.unesco.org/en/RL/marimba-music-traditional-chants-and-dances-from-the-colombia-south-pacific-region-and-esmeraldas-province-of-ecuador-01099
,Tinian marble craftsmanship,RL,2015,,https://ich.unesco.org/en/RL/tinian-marble-craftsmanship-01103
,"Glasoechko, male two-part singing in Dolni Polog",USL,2015,,https://ich.unesco.org/en/USL/glasoechko-male-two-part-singing-in-dolni-polog-01104
,Classical horsemanship and the High School of the Spanish Riding School Vienna,RL,2015,,https://ich.unesco.org/en/RL/classical-horsemanship-and-the-high-school-of-the-spanish-riding-school-vienna-01106
,"Charrería, equestrian tradition in Mexico",RL,2016,,https://ich.unesco.org/en/RL/charreria-equestrian-tradition-in-mexico-01108
,Traditional art of Shital Pati weaving of Sylhet,RL,2017,,https://ich.unesco.org/en/RL/traditional-art-of-shital-pati-weaving-of-sylhet-01112
,Traditional system of Corongo’s water judges,RL,2017,,https://ich.unesco.org/en/RL/traditional-system-of-corongo-s-water-judges-01155
,Oselvar boat - reframing a traditional learning process of building and use to a modern context,GSP,2016,,https://ich.unesco.org/en/BSP/oselvar-boat-reframing-a-traditional-learning-process-of-building-and-use-to-a-modern-context-01156
,Khidr Elias feast and its vows,RL,2016,,https://ich.unesco.org/en/RL/khidr-elias-feast-and-its-vows-01159
,Music and dance of the merengue in the Dominican Republic,RL,2016,,https://ich.unesco.org/en/RL/music-and-dance-of-the-merengue-in-the-dominican-republic-01162
,Yoga,RL,2016,,https://ich.unesco.org/en/RL/yoga-01163
,"Gada system, an indigenous democratic socio-political system of the Oromo",RL,2016,,https://ich.unesco.org/en/RL/gada-system-an-indigenous-democratic-socio-political-system-of-the-oromo-01164
,Chapei Dang Veng,USL,2016,,https://ich.unesco.org/en/USL/chapei-dang-veng-01165
,Palov culture and tradition,RL,2016,,https://ich.unesco.org/en/RL/palov-culture-and-tradition-01166
,Traditional wall-carpet craftsmanship in Romania and the Republic of Moldova,RL,2016,,https://ich.unesco.org/en/RL/traditional-wall-carpet-craftsmanship-in-romania-and-the-republic-of-moldova-01167
,Regional Centres for Craftsmanship: a strategy for safeguarding the cultural heritage of traditional handicraft,GSP,2016,,https://ich.unesco.org/en/BSP/regional-centres-for-craftsmanship-a-strategy-for-safeguarding-the-cultural-heritage-of-traditional-handicraft-01169
,Gnawa,RL,2019,,https://ich.unesco.org/en/RL/gnawa-01170
,Traditional technique of making Airag in Khokhuur and its associated customs,RL,2019,,https://ich.unesco.org/en/RL/traditional-technique-of-making-airag-in-khokhuur-and-its-associated-customs-01172
,Safeguarding of the folk music heritage by the Kodály concept,GSP,2016,,https://ich.unesco.org/en/BSP/safeguarding-of-the-folk-music-heritage-by-the-kodaly-concept-01177
,"Bhojpuri folk songs in Mauritius, Geet-Gawai",RL,2016,,https://ich.unesco.org/en/RL/bhojpuri-folk-songs-in-mauritius-geet-gawai-01178
,"Flatbread making and sharing culture: Lavash, Katyrma, Jupka, Yufka",RL,2016,,https://ich.unesco.org/en/RL/flatbread-making-and-sharing-culture-lavash-katyrma-jupka-yufka-01181
,Ritual journeys in La Paz during Alasita,RL,2017,,https://ich.unesco.org/en/RL/ritual-journeys-in-la-paz-during-alasita-01182
,"Momoeria, New Year's celebration in eight villages of Kozani area, West Macedonia, Greece",RL,2016,,https://ich.unesco.org/en/RL/momoeria-new-year-s-celebration-in-eight-villages-of-kozani-area-west-macedonia-greece-01184
,"Rumba in Cuba, a festive combination of music and dances and all the practices associated",RL,2016,,https://ich.unesco.org/en/RL/rumba-in-cuba-a-festive-combination-of-music-and-dances-and-all-the-practices-associated-01185
,Ma'di bowl lyre music and dance,USL,2016,,https://ich.unesco.org/en/USL/ma-di-bowl-lyre-music-and-dance-01187
,"Dolma making and sharing tradition, a marker of cultural identity",RL,2017,,https://ich.unesco.org/en/RL/dolma-making-and-sharing-tradition-a-marker-of-cultural-identity-01188
,"Tahteeb, stick game",RL,2016,,https://ich.unesco.org/en/RL/tahteeb-stick-game-01189
,"Yalli (Kochari, Tenzere), traditional group dances of Nakhchivan",USL,2018,,https://ich.unesco.org/en/USL/yalli-kochari-tenzere-traditional-group-dances-of-nakhchivan-01190
,"Oshi Palav, a traditional meal and its social and cultural contexts in Tajikistan",RL,2016,,https://ich.unesco.org/en/RL/oshi-palav-a-traditional-meal-and-its-social-and-cultural-contexts-in-tajikistan-01191
,Cossack’s songs of Dnipropetrovsk Region,USL,2016,,https://ich.unesco.org/en/USL/cossack-s-songs-of-dnipropetrovsk-region-01194
,"Alardah Alnajdiyah, dance, drumming and poetry in Saudi Arabia",RL,2015,,https://ich.unesco.org/en/RL/alardah-alnajdiyah-dance-drumming-and-poetry-in-saudi-arabia-01196
,"Pinisi, art of boatbuilding in South Sulawesi",RL,2017,,https://ich.unesco.org/en/RL/pinisi-art-of-boatbuilding-in-south-sulawesi-01197
,"Carnival of El Callao, a festive representation of a memory and cultural identity",RL,2016,,https://ich.unesco.org/en/RL/carnival-of-el-callao-a-festive-representation-of-a-memory-and-cultural-identity-01198
,Bisalhães black pottery manufacturing process,USL,2016,,https://ich.unesco.org/en/USL/bisalhaes-black-pottery-manufacturing-process-01199
,Idea and practice of organizing shared interests in cooperatives,RL,2016,,https://ich.unesco.org/en/RL/idea-and-practice-of-organizing-shared-interests-in-cooperatives-01200
,Winegrowers’ Festival in Vevey,RL,2016,,https://ich.unesco.org/en/RL/winegrowers-festival-in-vevey-01201
,Puppetry in Slovakia and Czechia,RL,2016,,https://ich.unesco.org/en/RL/puppetry-in-slovakia-and-czechia-01202
,Škofja Loka passion play,RL,2016,,https://ich.unesco.org/en/RL/skofja-loka-passion-play-01203
,Living culture of three writing systems of the Georgian alphabet,RL,2016,,https://ich.unesco.org/en/RL/living-culture-of-three-writing-systems-of-the-georgian-alphabet-01205
,"The skills related to perfume in Pays de Grasse: the cultivation of perfume plants, the knowledge and processing of natural raw materials, and the art of perfume composition",RL,2018,,https://ich.unesco.org/en/RL/the-skills-related-to-perfume-in-pays-de-grasse-the-cultivation-of-perfume-plants-the-knowledge-and-processing-of-natural-raw-materials-and-the-art-of-perfume-composition-01207
,Tamboradas drum-playing rituals,RL,2018,,https://ich.unesco.org/en/RL/tamboradas-drum-playing-rituals-01208
,The art of Bài Chòi in Central Viet Nam,RL,2017,,https://ich.unesco.org/en/RL/the-art-of-bai-choi-in-central-viet-nam-01222
,"Margilan Crafts Development Centre, safeguarding of the atlas and adras making traditional technologies",GSP,2017,,https://ich.unesco.org/en/BSP/margilan-crafts-development-centre-safeguarding-of-the-atlas-and-adras-making-traditional-technologies-01254
,"Zaouli, popular music and dance of the Guro communities in Côte d’Ivoire",RL,2017,,https://ich.unesco.org/en/RL/zaouli-popular-music-and-dance-of-the-guro-communities-in-cote-d-ivoire-01255
,"Taskiwin, martial dance of the western High Atlas",USL,2017,,https://ich.unesco.org/en/USL/taskiwin-martial-dance-of-the-western-high-atlas-01256
,Sega tambour of Rodrigues Island,RL,2017,,https://ich.unesco.org/en/RL/sega-tambour-of-rodrigues-island-01257
,Kumbh Mela,RL,2017,,https://ich.unesco.org/en/RL/kumbh-mela-01258
,Kushtdepdi rite of singing and dancing,RL,2017,,https://ich.unesco.org/en/RL/kushtdepdi-rite-of-singing-and-dancing-01259
,"Xoan singing of Phú Thọ province, Viet Nam",RL,2017,,https://ich.unesco.org/en/RL/xoan-singing-of-phu-th-province-viet-nam-01260
,"Al-Qatt Al-Asiri, female traditional interior wall decoration in Asir, Saudi Arabia",RL,2017,,https://ich.unesco.org/en/RL/al-qatt-al-asiri-female-traditional-interior-wall-decoration-in-asir-saudi-arabia-01261
,Basel Carnival,RL,2017,,https://ich.unesco.org/en/RL/basel-carnival-01262
,Hurling,RL,2018,,https://ich.unesco.org/en/RL/hurling-01263
,Uilleann piping,RL,2017,,https://ich.unesco.org/en/RL/uilleann-piping-01264
,Craft of the miller operating windmills and watermills,RL,2017,,https://ich.unesco.org/en/RL/craft-of-the-miller-operating-windmills-and-watermills-01265
,Multipart singing of Horehronie,RL,2017,,https://ich.unesco.org/en/RL/multipart-singing-of-horehronie-01266
,"Al Azi, art of performing praise, pride and fortitude poetry",USL,2017,,https://ich.unesco.org/en/USL/al-azi-art-of-performing-praise-pride-and-fortitude-poetry-01268
,"Kolo, traditional folk dance",RL,2017,,https://ich.unesco.org/en/RL/kolo-traditional-folk-dance-01270
,"Raiho-shin, ritual visits of deities in masks and costumes",RL,2018,,https://ich.unesco.org/en/RL/raiho-shin-ritual-visits-of-deities-in-masks-and-costumes-01271
,"Artisanal processes and plant fibers techniques for talcos, crinejas and pintas weaving of the pinta’o hat",RL,2017,,https://ich.unesco.org/en/RL/artisanal-processes-and-plant-fibers-techniques-for-talcos-crinejas-and-pintas-weaving-of-the-pinta-o-hat-01272
,Knowledge and skills of the water measurers of the foggaras or water bailiffs of Touat and Tidikelt,USL,2018,,https://ich.unesco.org/en/USL/knowledge-and-skills-of-the-water-measurers-of-the-foggaras-or-water-bailiffs-of-touat-and-tidikelt-01274
,Celestinian forgiveness celebration,RL,2019,,https://ich.unesco.org/en/RL/celestinian-forgiveness-celebration-01276
,Organ craftsmanship and music,RL,2017,,https://ich.unesco.org/en/RL/organ-craftsmanship-and-music-01277
,Door-to-door rounds of Kurenti,RL,2017,,https://ich.unesco.org/en/RL/door-to-door-rounds-of-kurenti-01278
,Craftmanship of Estremoz clay figures,RL,2017,,https://ich.unesco.org/en/RL/craftmanship-of-estremoz-clay-figures-01279
,"Chogān, a horse-riding game accompanied by music and storytelling",RL,2017,,https://ich.unesco.org/en/RL/chogn-a-horse-riding-game-accompanied-by-music-and-storytelling-01282
,"Spring celebration, Hıdrellez",RL,2017,,https://ich.unesco.org/en/RL/spring-celebration-hdrellez-01284
,Colombian-Venezuelan llano work songs,USL,2017,,https://ich.unesco.org/en/USL/colombian-venezuelan-llano-work-songs-01285
,"Art of crafting and playing with Kamantcheh/Kamancha, a bowed string musical instrument",RL,2017,,https://ich.unesco.org/en/RL/art-of-crafting-and-playing-with-kamantcheh-kamancha-a-bowed-string-musical-instrument-01286
,Cultural practices associated to the 1st of March,RL,2017,,https://ich.unesco.org/en/RL/cultural-practices-associated-to-the-1st-of-march-01287
,Konjic woodcarving,RL,2017,,https://ich.unesco.org/en/RL/konjic-woodcarving-01288
,Picking of iva grass on Ozren mountain,RL,2018,,https://ich.unesco.org/en/RL/picking-of-iva-grass-on-ozren-mountain-01289
,Dikopelo folk music of Bakgatla ba Kgafela in Kgatleng District,USL,2017,,https://ich.unesco.org/en/USL/dikopelo-folk-music-of-bakgatla-ba-kgafela-in-kgatleng-district-01290
,Rebetiko,RL,2017,,https://ich.unesco.org/en/RL/rebetiko-01291
,"Nsima, culinary tradition of Malawi",RL,2017,,https://ich.unesco.org/en/RL/nsima-culinary-tradition-of-malawi-01292
,"Mwinoghe, joyous dance",RL,2018,,https://ich.unesco.org/en/RL/mwinoghe-joyous-dance-01293
,"Kok boru, traditional horse game",RL,2017,,https://ich.unesco.org/en/RL/kok-boru-traditional-horse-game-01294
,"Kochari, traditional group dance",RL,2017,,https://ich.unesco.org/en/RL/kochari-traditional-group-dance-01295
,Khaen music of the Lao people,RL,2017,,https://ich.unesco.org/en/RL/khaen-music-of-the-lao-people-01296
,Punto,RL,2017,,https://ich.unesco.org/en/RL/punto-01297
,As-Samer in Jordan,RL,2018,,https://ich.unesco.org/en/RL/as-samer-in-jordan-01301
,‘Hatajo de Negritos’ and ‘Hatajo de Pallitas’ from the Peruvian south-central coastline,RL,2019,,https://ich.unesco.org/en/RL/hatajo-de-negritos-and-hatajo-de-pallitas-from-the-peruvian-south-central-coastline-01309
,Horse and camel Ardhah,RL,2018,,https://ich.unesco.org/en/RL/horse-and-camel-ardhah-01359
,Nativity scene (szopka) tradition in Krakow,RL,2018,,https://ich.unesco.org/en/RL/nativity-scene-szopka-tradition-in-krakow-01362
,"Khorazm dance, Lazgi",RL,2019,,https://ich.unesco.org/en/RL/khorazm-dance-lazgi-01364
,"Blaudruck/Modrotisk/Kékfestés/Modrotlač, resist block printing and indigo dyeing in Europe",RL,2018,,https://ich.unesco.org/en/RL/blaudruck-modrotisk-kekfestes-modrotla-resist-block-printing-and-indigo-dyeing-in-europe-01365
,"Ommegang of Brussels, an annual historical procession and popular festival",RL,2019,,https://ich.unesco.org/en/RL/ommegang-of-brussels-an-annual-historical-procession-and-popular-festival-01366
,Traditional Turkish archery,RL,2019,,https://ich.unesco.org/en/RL/traditional-turkish-archery-01367
,Shadow play,USL,2018,,https://ich.unesco.org/en/USL/shadow-play-01368
,Practices and craftsmanship associated with the Damascene rose in Al-Mrah,RL,2019,,https://ich.unesco.org/en/RL/practices-and-craftsmanship-associated-with-the-damascene-rose-in-al-mrah-01369
,"Rūkada Nātya, traditional string puppet drama in Sri Lanka",RL,2018,,https://ich.unesco.org/en/RL/rkada-ntya-traditional-string-puppet-drama-in-sri-lanka-01370
,"Chidaoba, wrestling in Georgia",RL,2018,,https://ich.unesco.org/en/RL/chidaoba-wrestling-in-georgia-01371
,Mooba dance of the Lenje ethnic group of Central Province of Zambia,RL,2018,,https://ich.unesco.org/en/RL/mooba-dance-of-the-lenje-ethnic-group-of-central-province-of-zambia-01372
,"Practices of Then by Tày, Nùng and Thái ethnic groups in Viet Nam",RL,2019,,https://ich.unesco.org/en/RL/practices-of-then-by-tay-nung-and-thai-ethnic-groups-in-viet-nam-01379
,Lkhon Khol Wat Svay Andet,USL,2018,,https://ich.unesco.org/en/USL/lkhon-khol-wat-svay-andet-01374
,Traditional hand puppetry,USL,2018,,https://ich.unesco.org/en/USL/traditional-hand-puppetry-01376
,Singing to the accompaniment of the Gusle,RL,2018,,https://ich.unesco.org/en/RL/singing-to-the-accompaniment-of-the-gusle-01377
,Bobbin lacemaking in Slovenia,RL,2018,,https://ich.unesco.org/en/RL/bobbin-lacemaking-in-slovenia-01378
,Avalanche risk management,RL,2018,,https://ich.unesco.org/en/RL/avalanche-risk-management-01380
,"Suri Jagek (observing the sun), traditional meteorological and astronomical practice based on the observation of the sun, moon and stars in reference to the local topography",USL,2018,,https://ich.unesco.org/en/USL/suri-jagek-observing-the-sun-traditional-meteorological-and-astronomical-practice-based-on-the-observation-of-the-sun-moon-and-stars-in-reference-to-the-local-topography-01381
,Ritual and festive expressions of the Congo culture,RL,2018,,https://ich.unesco.org/en/RL/ritual-and-festive-expressions-of-the-congo-culture-01383
,"Nuad Thai, traditional Thai massage",RL,2019,,https://ich.unesco.org/en/RL/nuad-thai-traditional-thai-massage-01384
,"Khon, masked dance drama in Thailand",RL,2018,,https://ich.unesco.org/en/RL/khon-masked-dance-drama-in-thailand-01385
,"Lum medicinal bathing of Sowa Rigpa, knowledge and practices concerning life, health and illness prevention and treatment among the Tibetan people in China",RL,2018,,https://ich.unesco.org/en/RL/lum-medicinal-bathing-of-sowa-rigpa-knowledge-and-practices-concerning-life-health-and-illness-prevention-and-treatment-among-the-tibetan-people-in-china-01386
,Celebration in honor of the Budslaŭ icon of Our Lady (Budslaŭ fest),RL,2018,,https://ich.unesco.org/en/RL/celebration-in-honor-of-the-budsla-icon-of-our-lady-budsla-fest-01387
,The festival of the Santísima Trinidad del Señor Jesús del Gran Poder in the city of La Paz,RL,2019,,https://ich.unesco.org/en/RL/the-festival-of-the-santisima-trinidad-del-senor-jesus-del-gran-poder-in-the-city-of-la-paz-01389
,"Enkipaata, Eunoto and Olng'esherr, three male rites of passage of the Maasai community",USL,2018,,https://ich.unesco.org/en/USL/enkipaata-eunoto-and-olng-esherr-three-male-rites-of-passage-of-the-maasai-community-01390
,Traditions of Pencak Silat,RL,2019,,https://ich.unesco.org/en/RL/traditions-of-pencak-silat-01391
,"Land-of-Legends programme, for promoting and revitalizing the art of storytelling in Kronoberg Region",GSP,2018,,https://ich.unesco.org/en/BSP/land-of-legends-programme-for-promoting-and-revitalizing-the-art-of-storytelling-in-kronoberg-region-01392
,"Truffle hunting and extraction in Italy, traditional knowledge and practice",RL,2021,,https://ich.unesco.org/en/RL/truffle-hunting-and-extraction-in-italy-traditional-knowledge-and-practice-01395
,"Međimurska popevka, a folksong from Međimurje",RL,2018,,https://ich.unesco.org/en/RL/meimurska-popevka-a-folksong-from-meimurje-01396
,"Chakan, embroidery art in the Republic of Tajikistan",RL,2018,,https://ich.unesco.org/en/RL/chakan-embroidery-art-in-the-republic-of-tajikistan-01397
,Reggae music of Jamaica,RL,2018,,https://ich.unesco.org/en/RL/reggae-music-of-jamaica-01398
,"Heritage of Dede Qorqud/Korkyt Ata/Dede Korkut, epic culture, folk tales and music",RL,2018,,https://ich.unesco.org/en/RL/heritage-of-dede-qorqud-korkyt-ata-dede-korkut-epic-culture-folk-tales-and-music-01399
,La Romería (the pilgrimage): ritual cycle of 'La llevada' (the carrying) of the Virgin of Zapopan,RL,2018,,https://ich.unesco.org/en/RL/la-romeria-the-pilgrimage-ritual-cycle-of-la-llevada-the-carrying-of-the-virgin-of-zapopan-01400
,Traditional spring festive rites of the Kazakh horse breeders,RL,2018,,https://ich.unesco.org/en/RL/traditional-spring-festive-rites-of-the-kazakh-horse-breeders-01402
,Festivity of Las Parrandas in the centre of Cuba,RL,2018,,https://ich.unesco.org/en/RL/festivity-of-las-parrandas-in-the-centre-of-cuba-01405
,Pottery skills of the women of Sejnane,RL,2018,,https://ich.unesco.org/en/RL/pottery-skills-of-the-women-of-sejnane-01406
,Success story of promoting traditional foods and safeguarding traditional foodways in Kenya,GSP,2021,,https://ich.unesco.org/en/BSP/success-story-of-promoting-traditional-foods-and-safeguarding-traditional-foodways-in-kenya-01409
,Dondang Sayang,RL,2018,,https://ich.unesco.org/en/RL/dondang-sayang-01410
,"Practice of traditional music and dance in Setesdal, playing, dancing and singing (stev/stevjing)",RL,2019,,https://ich.unesco.org/en/RL/practice-of-traditional-music-and-dance-in-setesdal-playing-dancing-and-singing-stev-stevjing-01432
,Tradition of Kosiv painted ceramics,RL,2019,,https://ich.unesco.org/en/RL/tradition-of-kosiv-painted-ceramics-01456
,Spring rite of Juraŭski Karahod,USL,2019,,https://ich.unesco.org/en/USL/spring-rite-of-juraski-karahod-01458
,Holy Week processions in Mendrisio,RL,2019,,https://ich.unesco.org/en/RL/holy-week-processions-in-mendrisio-01460
,Irish harping,RL,2019,,https://ich.unesco.org/en/RL/irish-harping-01461
,Artisanal talavera of Puebla and Tlaxcala (Mexico) and ceramics of Talavera de la Reina and El Puente del Arzobispo (Spain) making process,RL,2019,,https://ich.unesco.org/en/RL/artisanal-talavera-of-puebla-and-tlaxcala-mexico-and-ceramics-of-talavera-de-la-reina-and-el-puente-del-arzobispo-spain-making-process-01462
,"Winter festivities, Carnival of Podence",RL,2019,,https://ich.unesco.org/en/RL/winter-festivities-carnival-of-podence-01463
,Biocultural programme for the safeguarding of the tradition of the Blessed Palm in Venezuela,GSP,2019,,https://ich.unesco.org/en/BSP/biocultural-programme-for-the-safeguarding-of-the-tradition-of-the-blessed-palm-in-venezuela-01464
,"Zlakusa pottery making, hand-wheel pottery making in the village of Zlakusa",RL,2020,,https://ich.unesco.org/en/RL/zlakusa-pottery-making-hand-wheel-pottery-making-in-the-village-of-zlakusa-01466
,Strategy for safeguarding traditional crafts: The Bearers of Folk Craft Tradition programme,GSP,2022,,https://ich.unesco.org/en/BSP/strategy-for-safeguarding-traditional-crafts-the-bearers-of-folk-craft-tradition-programme-01468
,"Morna, musical practice of Cabo Verde",RL,2019,,https://ich.unesco.org/en/RL/morna-musical-practice-of-cabo-verde-01469
,Alpinism,RL,2019,,https://ich.unesco.org/en/RL/alpinism-01471
,Provision of services and hospitality during the Arba'in visitation,RL,2019,,https://ich.unesco.org/en/RL/provision-of-services-and-hospitality-during-the-arba-in-visitation-01474
,Grand Festival of Tarija,RL,2021,,https://ich.unesco.org/en/RL/grand-festival-of-tarija-01477
,"Drotárstvo, wire craft and art",RL,2019,,https://ich.unesco.org/en/RL/drotarstvo-wire-craft-and-art-01478
,Safeguarding strategy of traditional crafts for peace building,GSP,2019,,https://ich.unesco.org/en/BSP/safeguarding-strategy-of-traditional-crafts-for-peace-building-01480
,Tbourida,RL,2021,,https://ich.unesco.org/en/RL/tbourida-01483
,Traditional knowledge and skills of production of the atlas and adras fabrics,RL,2023,,https://ich.unesco.org/en/RL/traditional-knowledge-and-skills-of-production-of-the-atlas-and-adras-fabrics-01484
,Traditional turkmen carpet making art in Turkmenistan,RL,2019,,https://ich.unesco.org/en/RL/traditional-turkmen-carpet-making-art-in-turkmenistan-01486
,Rituals and practices associated with Kit Mikayi shrine,USL,2019,,https://ich.unesco.org/en/USL/rituals-and-practices-associated-with-kit-mikayi-shrine-01489
,Sega tambour Chagos,USL,2019,,https://ich.unesco.org/en/USL/sega-tambour-chagos-01490
,Ethiopian epiphany,RL,2019,,https://ich.unesco.org/en/RL/ethiopian-epiphany-01491
,Traditional skills of crafting and playing Dotār,RL,2019,,https://ich.unesco.org/en/RL/traditional-skills-of-crafting-and-playing-dotr-01492
,"Buklog, thanksgiving ritual system of the Subanen",USL,2019,,https://ich.unesco.org/en/USL/buklog-thanksgiving-ritual-system-of-the-subanen-01495
,"Ak-kalpak craftsmanship, traditional knowledge and skills in making and wearing Kyrgyz men’s headwear",RL,2019,,https://ich.unesco.org/en/RL/ak-kalpak-craftsmanship-traditional-knowledge-and-skills-in-making-and-wearing-kyrgyz-men-s-headwear-01496
,"'Ie Samoa, fine mat and its cultural value",RL,2019,,https://ich.unesco.org/en/RL/ie-samoa-fine-mat-and-its-cultural-value-01499
,Seperu folkdance and associated practices,USL,2019,,https://ich.unesco.org/en/USL/seperu-folkdance-and-associated-practices-01502
,Silat,RL,2019,,https://ich.unesco.org/en/RL/silat-01504
,Songket,RL,2021,,https://ich.unesco.org/en/RL/songket-01505
,Byzantine chant,RL,2019,,https://ich.unesco.org/en/RL/byzantine-chant-01508
,Cultural Complex of Bumba-meu-boi from Maranhão,RL,2019,,https://ich.unesco.org/en/RL/cultural-complex-of-bumba-meu-boi-from-maranhao-01510
,"Nar Bayrami, traditional pomegranate festivity and culture",RL,2020,,https://ich.unesco.org/en/RL/nar-bayrami-traditional-pomegranate-festivity-and-culture-01511
,Grass mowing competition custom in Kupres,RL,2020,,https://ich.unesco.org/en/RL/grass-mowing-competition-custom-in-kupres-01512
,Armenian letter art and its cultural expressions,RL,2019,,https://ich.unesco.org/en/RL/armenian-letter-art-and-its-cultural-expressions-01513
,Music and dance of Dominican Bachata,RL,2019,,https://ich.unesco.org/en/RL/music-and-dance-of-dominican-bachata-01514
,Traditional Korean wrestling (Ssirum/Ssireum),RL,2018,,https://ich.unesco.org/en/RL/traditional-korean-wrestling-ssirum-ssireum-01533
,"Aboxan Musik ǀŌb ǂÂns tsî ǁKhasigu, ancestral musical sound knowledge and skills",USL,2020,,https://ich.unesco.org/en/USL/aboxan-musik-b-ans-tsi-khasigu-ancestral-musical-sound-knowledge-and-skills-01540
,"Art of crafting and playing Mbira/Sansi, the finger-plucking traditional musical instrument in Malawi and Zimbabwe",RL,2020,,https://ich.unesco.org/en/RL/art-of-crafting-and-playing-mbira-sansi-the-finger-plucking-traditional-musical-instrument-in-malawi-and-zimbabwe-01541
,"Pottery-related values, knowledge, lore and practices of the Awajún people",RL,2021,,https://ich.unesco.org/en/RL/pottery-related-values-knowledge-lore-and-practices-of-the-awajun-people-01557
,"Craft techniques and customary practices of cathedral workshops, or Bauhütten, in Europe, know-how, transmission, development of knowledge and innovation",GSP,2020,,https://ich.unesco.org/en/BSP/craft-techniques-and-customary-practices-of-cathedral-workshops-or-bauhutten-in-europe-know-how-transmission-development-of-knowledge-and-innovation-01558
,Handmade production of Christmas tree decorations from blown glass beads,RL,2020,,https://ich.unesco.org/en/RL/handmade-production-of-christmas-tree-decorations-from-blown-glass-beads-01559
,Craftsmanship of mechanical watchmaking and art mechanics,RL,2020,,https://ich.unesco.org/en/RL/craftsmanship-of-mechanical-watchmaking-and-art-mechanics-01560
,Aklan piña handloom weaving,RL,2023,,https://ich.unesco.org/en/RL/aklan-pina-handloom-weaving-01564
,Dutar making craftsmanship and traditional music performing art combined with singing,RL,2021,,https://ich.unesco.org/en/RL/dutar-making-craftsmanship-and-traditional-music-performing-art-combined-with-singing-01565
,Charfia fishing in the Kerkennah Islands,RL,2020,,https://ich.unesco.org/en/RL/charfia-fishing-in-the-kerkennah-islands-01566
,Budima dance,RL,2020,,https://ich.unesco.org/en/RL/budima-dance-01567
,"Hawker culture in Singapore, community dining and culinary practices in a multicultural urban context",RL,2020,,https://ich.unesco.org/en/RL/hawker-culture-in-singapore-community-dining-and-culinary-practices-in-a-multicultural-urban-context-01568
,Pilgrimage to the St. Thaddeus Apostle Monastery,RL,2020,,https://ich.unesco.org/en/RL/pilgrimage-to-the-st-thaddeus-apostle-monastery-01571
,Tree beekeeping culture,RL,2020,,https://ich.unesco.org/en/RL/tree-beekeeping-culture-01573
,Art of pottery-making of Chăm people,USL,2022,,https://ich.unesco.org/en/USL/art-of-pottery-making-of-chm-people-01574
,Art of Xòe dance of the Tai people in Viet Nam,RL,2021,,https://ich.unesco.org/en/RL/art-of-xoe-dance-of-the-tai-people-in-viet-nam-01575
,"Camel racing, a social practice and a festive heritage associated with camels",RL,2020,,https://ich.unesco.org/en/RL/camel-racing-a-social-practice-and-a-festive-heritage-associated-with-camels-01576
,"Al Aflaj, traditional irrigation network system in the UAE, oral traditions, knowledge and skills of construction, maintenance and equitable water distribution",RL,2020,,https://ich.unesco.org/en/RL/al-aflaj-traditional-irrigation-network-system-in-the-uae-oral-traditions-knowledge-and-skills-of-construction-maintenance-and-equitable-water-distribution-01577
,Al-Qudoud al-Halabiya,RL,2021,,https://ich.unesco.org/en/RL/al-qudoud-al-halabiya-01578
,"Il-Ftira, culinary art and culture of flattened sourdough bread in Malta",RL,2020,,https://ich.unesco.org/en/RL/il-ftira-culinary-art-and-culture-of-flattened-sourdough-bread-in-malta-01580
,"Musical art of horn players, an instrumental technique linked to singing, breath control, vibrato, resonance of place and conviviality",RL,2020,,https://ich.unesco.org/en/RL/musical-art-of-horn-players-an-instrumental-technique-linked-to-singing-breath-control-vibrato-resonance-of-place-and-conviviality-01581
,"The Martinique yole, from construction to sailing practices, a model for heritage safeguarding",GSP,2020,,https://ich.unesco.org/en/BSP/the-martinique-yole-from-construction-to-sailing-practices-a-model-for-heritage-safeguarding-01582
,"Nora, dance drama in southern Thailand",RL,2021,,https://ich.unesco.org/en/RL/nora-dance-drama-in-southern-thailand-01587
,Rickshaws and rickshaw painting in Dhaka,RL,2023,,https://ich.unesco.org/en/RL/rickshaws-and-rickshaw-painting-in-dhaka-01589
,Namur stilt jousting,RL,2021,,https://ich.unesco.org/en/RL/namur-stilt-jousting-01590
,The art of glass beads,RL,2020,,https://ich.unesco.org/en/RL/the-art-of-glass-beads-01591
,"Malhun, a popular poetic and musical art",RL,2023,,https://ich.unesco.org/en/RL/malhun-a-popular-poetic-and-musical-art-01592
,Sauna culture in Finland,RL,2020,,https://ich.unesco.org/en/RL/sauna-culture-in-finland-01596
,"Traditional intelligence and strategy game: Togyzqumalaq, Toguz Korgool, Mangala/Göçürme",RL,2020,,https://ich.unesco.org/en/RL/traditional-intelligence-and-strategy-game-togyzqumalaq-toguz-korgool-mangala-gocurme-01597
,Art of miniature,RL,2020,,https://ich.unesco.org/en/RL/art-of-miniature-01598
,Traditional knowledge and techniques associated with Pasto Varnish mopa-mopa of Putumayo and Nariño,USL,2020,,https://ich.unesco.org/en/USL/traditional-knowledge-and-techniques-associated-with-pasto-varnish-mopa-mopa-of-putumayo-and-narino-01599
,Chamamé,RL,2020,,https://ich.unesco.org/en/RL/chamame-01600
,"Ornek, a Crimean Tatar ornament and knowledge about it",RL,2021,,https://ich.unesco.org/en/RL/ornek-a-crimean-tatar-ornament-and-knowledge-about-it-01601
,"Knowledge, know-how and practices pertaining to the production and consumption of couscous",RL,2020,,https://ich.unesco.org/en/RL/knowledge-know-how-and-practices-pertaining-to-the-production-and-consumption-of-couscous-01602
,"Practices and traditional knowledge of Terere in the culture of Pohã Ñana, Guaraní ancestral drink in Paraguay",RL,2020,,https://ich.unesco.org/en/RL/practices-and-traditional-knowledge-of-terere-in-the-culture-of-poha-nana-guarani-ancestral-drink-in-paraguay-01603
,Community festivities in Campo Maior,RL,2021,,https://ich.unesco.org/en/RL/community-festivities-in-campo-maior-01604
,Handmade weaving in Upper Egypt (Sa'eed),USL,2020,,https://ich.unesco.org/en/USL/handmade-weaving-in-upper-egypt-sa-eed-01605
,Gamelan,RL,2021,,https://ich.unesco.org/en/RL/gamelan-01607
,"Ong Chun/Wangchuan/Wangkang ceremony, rituals and related practices for maintaining the sustainable connection between man and the ocean",RL,2020,,https://ich.unesco.org/en/RL/ong-chun-wangchuan-wangkang-ceremony-rituals-and-related-practices-for-maintaining-the-sustainable-connection-between-man-and-the-ocean-01608
,Mek Mulung,USL,2023,,https://ich.unesco.org/en/USL/mek-mulung-01610
,"Polyphonic Caravan, researching, safeguarding and promoting the Epirus polyphonic song",GSP,2020,,https://ich.unesco.org/en/BSP/polyphonic-caravan-researching-safeguarding-and-promoting-the-epirus-polyphonic-song-01611
,Dances and expressions associated with the Corpus Christi Festivity,RL,2021,,https://ich.unesco.org/en/RL/dances-and-expressions-associated-with-the-corpus-christi-festivity-01612
,Building and use of expanded dugout boats in the Soomaa region,USL,2021,,https://ich.unesco.org/en/USL/building-and-use-of-expanded-dugout-boats-in-the-soomaa-region-01680
,"L-Għana, a Maltese folksong tradition",RL,2021,,https://ich.unesco.org/en/RL/l-gana-a-maltese-folksong-tradition-01681
,Festive cycle around the devotion and worship towards Saint John the Baptist,RL,2021,,https://ich.unesco.org/en/RL/festive-cycle-around-the-devotion-and-worship-towards-saint-john-the-baptist-01682
,Kaustinen fiddle playing and related practices and expressions,RL,2021,,https://ich.unesco.org/en/RL/kaustinen-fiddle-playing-and-related-practices-and-expressions-01683
,"Hüsn-i Hat, traditional calligraphy in Islamic art in Turkey",RL,2021,,https://ich.unesco.org/en/RL/husn-i-hat-traditional-calligraphy-in-islamic-art-in-turkey-01684
,"Culture of Çay (tea), a symbol of identity, hospitality and social interaction",RL,2022,,https://ich.unesco.org/en/RL/culture-of-cay-tea-a-symbol-of-identity-hospitality-and-social-interaction-01685
,Nordic clinker boat traditions,RL,2021,,https://ich.unesco.org/en/RL/nordic-clinker-boat-traditions-01686
,Lipizzan horse breeding traditions,RL,2022,,https://ich.unesco.org/en/RL/lipizzan-horse-breeding-traditions-01687
,"Tais, traditional textile",USL,2021,,https://ich.unesco.org/en/USL/tais-traditional-textile-01688
,"Cultural practices and expressions linked to the 'M’Bolon', a traditional musical percussion instrument",USL,2021,,https://ich.unesco.org/en/USL/cultural-practices-and-expressions-linked-to-the-m-bolon-a-traditional-musical-percussion-instrument-01689
,Moutya,RL,2021,,https://ich.unesco.org/en/RL/moutya-01690
,The Epic of Samba Gueladio,RL,2024,,https://ich.unesco.org/en/RL/the-epic-of-samba-gueladio-01692
,Traditional craftsmanship of making Dumbara Ratā Kalāla,RL,2021,,https://ich.unesco.org/en/RL/traditional-craftsmanship-of-making-dumbara-rat-kalla-01693
,Traditional craft skills and arts of Al-Naoor,RL,2021,,https://ich.unesco.org/en/RL/traditional-craft-skills-and-arts-of-al-naoor-01694
,Pyongyang Raengmyon custom,RL,2022,,https://ich.unesco.org/en/RL/pyongyang-raengmyon-custom-01695
,Inuit drum dancing and singing,RL,2021,,https://ich.unesco.org/en/RL/inuit-drum-dancing-and-singing-01696
,Kalela dance,RL,2022,,https://ich.unesco.org/en/RL/kalela-dance-01698
,Festivals related to the Journey of the Holy family in Egypt,RL,2022,,https://ich.unesco.org/en/RL/festivals-related-to-the-journey-of-the-holy-family-in-egypt-01700
,"Furyu-odori, ritual dances imbued with people’s hopes and prayers",RL,2022,,https://ich.unesco.org/en/RL/furyu-odori-ritual-dances-imbued-with-people-s-hopes-and-prayers-01701
,"Pasillo, song and poetry",RL,2021,,https://ich.unesco.org/en/RL/pasillo-song-and-poetry-01702
,"Pehlevanliq culture: traditional zorkhana games, sports and wrestling",RL,2022,,https://ich.unesco.org/en/RL/pehlevanliq-culture-traditional-zorkhana-games-sports-and-wrestling-01703
,Craftsmanship and performing art of balaban/mey,RL,2023,,https://ich.unesco.org/en/RL/craftsmanship-and-performing-art-of-balaban-mey-01704
,Telling tradition of Nasreddin Hodja/ Molla Nesreddin/ Molla Ependi/ Apendi/ Afendi Kozhanasyr Anecdotes,RL,2022,,https://ich.unesco.org/en/RL/telling-tradition-of-nasreddin-hodja-molla-nesreddin-molla-ependi-apendi-afendi-kozhanasyr-anecdotes-01705
,Bakhshi art,RL,2021,,https://ich.unesco.org/en/RL/bakhshi-art-01706
,"Corso culture, flower and fruit parades in the Netherlands",RL,2021,,https://ich.unesco.org/en/RL/corso-culture-flower-and-fruit-parades-in-the-netherlands-01707
,"Falconry, a living human heritage",RL,2021,,https://ich.unesco.org/en/RL/falconry-a-living-human-heritage-01708
,"Tocatì, a shared programme for the safeguarding of traditional games and sports",GSP,2022,,https://ich.unesco.org/en/BSP/tocati-a-shared-programme-for-the-safeguarding-of-traditional-games-and-sports-01709
,"Harissa, knowledge, skills and culinary and social practices",RL,2022,,https://ich.unesco.org/en/RL/harissa-knowledge-skills-and-culinary-and-social-practices-01710
,Congolese rumba,RL,2021,,https://ich.unesco.org/en/RL/congolese-rumba-01711
,"Al Talli, traditional embroidery skills in the United Arab Emirates",RL,2022,,https://ich.unesco.org/en/RL/al-talli-traditional-embroidery-skills-in-the-united-arab-emirates-01712
,Sadeh/Sada celebration,RL,2023,,https://ich.unesco.org/en/RL/sadeh-sada-celebration-01713
,National programme to safeguard the traditional art of calligraphy in Iran,GSP,2021,,https://ich.unesco.org/en/BSP/national-programme-to-safeguard-the-traditional-art-of-calligraphy-in-iran-01716
,"Alheda'a, oral traditions of calling camel flocks",RL,2022,,https://ich.unesco.org/en/RL/alheda-a-oral-traditions-of-calling-camel-flocks-01717
,"Arabic calligraphy: knowledge, skills and practices",RL,2021,,https://ich.unesco.org/en/RL/arabic-calligraphy-knowledge-skills-and-practices-01718
,"Songkran in Thailand, traditional Thai New Year festival",RL,2023,,https://ich.unesco.org/en/RL/songkran-in-thailand-traditional-thai-new-year-festival-01719
,"The art of embroidery in Palestine, practices, skills, knowledge and rituals",RL,2021,,https://ich.unesco.org/en/RL/the-art-of-embroidery-in-palestine-practices-skills-knowledge-and-rituals-01722
,Knowledge of the light rum masters,RL,2022,,https://ich.unesco.org/en/RL/knowledge-of-the-light-rum-masters-01724
,Falak,RL,2021,,https://ich.unesco.org/en/RL/falak-01725
,August 15th (Dekapentavgoustos) festivities in two Highland Communities of Northern Greece: Tranos Choros (Grand Dance) in Vlasti and Syrrako Festival,RL,2022,,https://ich.unesco.org/en/RL/august-15th-dekapentavgoustos-festivities-in-two-highland-communities-of-northern-greece-tranos-choros-grand-dance-in-vlasti-and-syrrako-festival-01726
,Cultural Heritage of Boka Navy Kotor: a festive representation of a memory and cultural identity,RL,2021,,https://ich.unesco.org/en/RL/cultural-heritage-of-boka-navy-kotor-a-festive-representation-of-a-memory-and-cultural-identity-01727
,Hungarian string band tradition,RL,2022,,https://ich.unesco.org/en/RL/hungarian-string-band-tradition-01730
,Carolinian wayfinding and canoe making,USL,2021,,https://ich.unesco.org/en/USL/carolinian-wayfinding-and-canoe-making-01735
,Craft of making Đông Hồ Folk woodblock printings,USL,2025,,https://ich.unesco.org/en/USL/craft-of-making-ong-h-folk-woodblock-printings-01737
,"Nomad games, rediscovering heritage, celebrating diversity",GSP,2021,,https://ich.unesco.org/en/BSP/nomad-games-rediscovering-heritage-celebrating-diversity-01738
,The School of Living Traditions (SLT),GSP,2021,,https://ich.unesco.org/en/BSP/the-school-of-living-traditions-slt-01739
,"Hiragasy, a performing art of the Central Highlands of Madagascar",RL,2023,,https://ich.unesco.org/en/RL/hiragasy-a-performing-art-of-the-central-highlands-of-madagascar-01740
,"Malagasy Kabary, the Malagasy oratorical art",RL,2021,,https://ich.unesco.org/en/RL/malagasy-kabary-the-malagasy-oratorical-art-01741
,"Talchum, mask dance drama in the Republic of Korea",RL,2022,,https://ich.unesco.org/en/RL/talchum-mask-dance-drama-in-the-republic-of-korea-01742
,Flower carpets tradition for Corpus Christi processions,RL,2021,,https://ich.unesco.org/en/RL/flower-carpets-tradition-for-corpus-christi-processions-01743
,"Harees dish: know-how, skills and practices",RL,2023,,https://ich.unesco.org/en/RL/harees-dish-know-how-skills-and-practices-01744
,"Betashar, traditional wedding ritual",RL,2024,,https://ich.unesco.org/en/RL/betashar-traditional-wedding-ritual-01746
,Fjiri,RL,2021,,https://ich.unesco.org/en/RL/fjiri-01747
,"Ceebu Jën, a culinary art of Senegal",RL,2021,,https://ich.unesco.org/en/RL/ceebu-jen-a-culinary-art-of-senegal-01748
,"Al-Khanjar, craft skills and social practices",RL,2022,,https://ich.unesco.org/en/RL/al-khanjar-craft-skills-and-social-practices-01844
,Shuwalid festival,RL,2023,,https://ich.unesco.org/en/RL/shuwalid-festival-01845
,Bear festivities in the Pyrenees,RL,2022,,https://ich.unesco.org/en/RL/bear-festivities-in-the-pyrenees-01846
,Quinchamalí and Santa Cruz de Cuca pottery,USL,2022,,https://ich.unesco.org/en/USL/quinchamali-and-santa-cruz-de-cuca-pottery-01847
,Portuguese-Galician border ICH: a safeguarding model created by Ponte...nas ondas!,GSP,2022,,https://ich.unesco.org/en/BSP/portuguese-galician-border-ich-a-safeguarding-model-created-by-pontenas-ondas-01848
,"Al-Mansaf in Jordan, a festive banquet and its social and cultural meanings",RL,2022,,https://ich.unesco.org/en/RL/al-mansaf-in-jordan-a-festive-banquet-and-its-social-and-cultural-meanings-01849
,Culture of Ukrainian borscht cooking,USL,2022,,https://ich.unesco.org/en/USL/culture-of-ukrainian-borscht-cooking-01852
,Joumou soup,RL,2021,,https://ich.unesco.org/en/RL/joumou-soup-01853
,Holy Week in Guatemala,RL,2022,,https://ich.unesco.org/en/RL/holy-week-in-guatemala-01854
,Mangwengwe dance,RL,2024,,https://ich.unesco.org/en/RL/mangwengwe-dance-01855
,Program for the safeguarding of the Bandos and Parrandas of the Holy Innocents of Caucagua: nuclei of initiation and transmission of wisdoms and community councils,GSP,2023,,https://ich.unesco.org/en/BSP/program-for-the-safeguarding-of-the-bandos-and-parrandas-of-the-holy-innocents-of-caucagua-nuclei-of-initiation-and-transmission-of-wisdoms-and-community-councils-01856
,"Beekeeping in Slovenia, a way of life",RL,2022,,https://ich.unesco.org/en/RL/beekeeping-in-slovenia-a-way-of-life-01857
,The practice of Modern Dance in Germany,RL,2022,,https://ich.unesco.org/en/RL/the-practice-of-modern-dance-in-germany-01858
,The art of the traditional blouse with embroidery on the shoulder (altiţă) — an element of cultural identity in Romania and the Republic of Moldova,RL,2022,,https://ich.unesco.org/en/RL/the-art-of-the-traditional-blouse-with-embroidery-on-the-shoulder-alti-an-element-of-cultural-identity-in-romania-and-the-republic-of-moldova-01861
,Knowledge and practices related to cultivating Khawlani coffee beans,RL,2022,,https://ich.unesco.org/en/RL/knowledge-and-practices-related-to-cultivating-khawlani-coffee-beans-01863
,Timber rafting,RL,2022,,https://ich.unesco.org/en/RL/timber-rafting-01866
,Crafting and playing the Oud,RL,2022,,https://ich.unesco.org/en/RL/crafting-and-playing-the-oud-01867
,"Kun Lbokator, traditional martial arts in Cambodia",RL,2022,,https://ich.unesco.org/en/RL/kun-lbokator-traditional-martial-arts-in-cambodia-01868
,Rotterdam Summer Carnival,RL,2023,,https://ich.unesco.org/en/RL/rotterdam-summer-carnival-01870
,"Maltese Village Festa, an annual community celebration",RL,2023,,https://ich.unesco.org/en/RL/maltese-village-festa-an-annual-community-celebration-01871
,"Sevdalinka, traditional urban folk song",RL,2024,,https://ich.unesco.org/en/RL/sevdalinka-traditional-urban-folk-song-01872
,Craftsmanship of mother of pearl inlay,RL,2023,,https://ich.unesco.org/en/RL/craftsmanship-of-mother-of-pearl-inlay-01874
,Performing arts among the Twāyef of Ghbonten,RL,2024,,https://ich.unesco.org/en/RL/performing-arts-among-the-twyef-of-ghbonten-01875
,Turkmen-style needlework art,RL,2022,,https://ich.unesco.org/en/RL/turkmen-style-needlework-art-01876
,Yaldā/Chella,RL,2022,,https://ich.unesco.org/en/RL/yald-chella-01877
,"Orteke, traditional performing art in Kazakhstan: dance, puppet and music",RL,2022,,https://ich.unesco.org/en/RL/orteke-traditional-performing-art-in-kazakhstan-dance-puppet-and-music-01878
,Tomyum Kung,RL,2024,,https://ich.unesco.org/en/RL/tomyum-kung-01879
,"Xhubleta, skills, craftsmanship and forms of usage",USL,2022,,https://ich.unesco.org/en/USL/xhubleta-skills-craftsmanship-and-forms-of-usage-01880
,K'cimi dancing of Tropojë,RL,2024,,https://ich.unesco.org/en/RL/k-cimi-dancing-of-tropoje-01881
,Social practices and knowledge related to the preparation and use of the traditional plum spirit – šljivovica,RL,2022,,https://ich.unesco.org/en/RL/social-practices-and-knowledge-related-to-the-preparation-and-use-of-the-traditional-plum-spirit-sljivovica-01882
,Artisanal know-how and culture of baguette bread,RL,2022,,https://ich.unesco.org/en/RL/artisanal-know-how-and-culture-of-baguette-bread-01883
,Traditional tea processing techniques and associated social practices in China,RL,2022,,https://ich.unesco.org/en/RL/traditional-tea-processing-techniques-and-associated-social-practices-in-china-01884
,"Ancestral system of knowledge of the four indigenous peoples, Arhuaco, Kankuamo, Kogui and Wiwa of the Sierra Nevada de Santa Marta",RL,2022,,https://ich.unesco.org/en/RL/ancestral-system-of-knowledge-of-the-four-indigenous-peoples-arhuaco-kankuamo-kogui-and-wiwa-of-the-sierra-nevada-de-santa-marta-01886
,"Living pictures of Galeras, Sucre",RL,2024,,https://ich.unesco.org/en/RL/living-pictures-of-galeras-sucre-01887
,ICH safeguarding practices program for the cultural and ecologic Sea Turtle Festival of Armila,GSP,2023,,https://ich.unesco.org/en/BSP/ich-safeguarding-practices-program-for-the-cultural-and-ecologic-sea-turtle-festival-of-armila-01888
,"Straw weaving in Belarus, art, craft and skills",RL,2022,,https://ich.unesco.org/en/RL/straw-weaving-in-belarus-art-craft-and-skills-01889
,Sericulture and traditional production of silk for weaving,RL,2022,,https://ich.unesco.org/en/RL/sericulture-and-traditional-production-of-silk-for-weaving-01890
,"Festivity of Saint Tryphon and the Kolo (chain dance) of Saint Tryphon, traditions of Croats from Boka Kotorska (Bay of Kotor) who live in the Republic of Croatia",RL,2022,,https://ich.unesco.org/en/RL/festivity-of-saint-tryphon-and-the-kolo-chain-dance-of-saint-tryphon-traditions-of-croats-from-boka-kotorska-bay-of-kotor-who-live-in-the-republic-of-croatia-01891
,Csárdás dance tradition,RL,2024,,https://ich.unesco.org/en/RL/csardas-dance-tradition-01892
,Traditional wooden boatbuilding in Carriacou and Petite Martinique,RL,2023,,https://ich.unesco.org/en/RL/traditional-wooden-boatbuilding-in-carriacou-and-petite-martinique-01893
,"Raï, popular folk song of Algeria",RL,2022,,https://ich.unesco.org/en/RL/rai-popular-folk-song-of-algeria-01894
,Durbar in Kano,RL,2024,,https://ich.unesco.org/en/RL/durbar-in-kano-01895
,Procession and celebrations of Prophet Mohammed's birthday in Sudan,RL,2023,,https://ich.unesco.org/en/RL/procession-and-celebrations-of-prophet-mohammed-s-birthday-in-sudan-01896
,"Date palm, knowledge, skills, traditions and practices",RL,2022,,https://ich.unesco.org/en/RL/date-palm-knowledge-skills-traditions-and-practices-01902
,Al Sadu Educational Programme: Train the trainers in the art of weaving,GSP,2022,,https://ich.unesco.org/en/BSP/al-sadu-educational-programme-train-the-trainers-in-the-art-of-weaving-01905
,Reog Ponorogo performing art,USL,2024,,https://ich.unesco.org/en/USL/reog-ponorogo-performing-art-01969
,Traditional skills of loincloth weaving in Côte d’Ivoire,RL,2023,,https://ich.unesco.org/en/RL/traditional-skills-of-loincloth-weaving-in-cote-d-ivoire-01949
,Traditional craft skills and arts of Al-Mudhif building,RL,2023,,https://ich.unesco.org/en/RL/traditional-craft-skills-and-arts-of-al-mudhif-building-01950
,"Arts, skills and practices associated with engraving on metals (gold, silver and copper)",RL,2023,,https://ich.unesco.org/en/RL/arts-skills-and-practices-associated-with-engraving-on-metals-gold-silver-and-copper-01951
,"Practices and meanings associated with the preparation and consumption of ceviche, an expression of Peruvian traditional cuisine",RL,2023,,https://ich.unesco.org/en/RL/practices-and-meanings-associated-with-the-preparation-and-consumption-of-ceviche-an-expression-of-peruvian-traditional-cuisine-01952
,"Vytsinanka, traditional art of paper cutting in Belarus",RL,2024,,https://ich.unesco.org/en/RL/vytsinanka-traditional-art-of-paper-cutting-in-belarus-01954
,"Nguon, rituals of governance and associated expressions in the Bamoun community",RL,2023,,https://ich.unesco.org/en/RL/nguon-rituals-of-governance-and-associated-expressions-in-the-bamoun-community-01955
,Traditional Syrian glassblowing,USL,2023,,https://ich.unesco.org/en/USL/traditional-syrian-glassblowing-01956
,"Ch'utillos, the Festival of San Bartolomé and San Ignacio de Loyola, the meeting of cultures in Potosí",RL,2023,,https://ich.unesco.org/en/RL/ch-utillos-the-festival-of-san-bartolome-and-san-ignacio-de-loyola-the-meeting-of-cultures-in-potosi-01958
,Asturian cider culture,RL,2024,,https://ich.unesco.org/en/RL/asturian-cider-culture-01959
,"Mahadra, a community system for transmission of traditional knowledge and oral expressions",RL,2023,,https://ich.unesco.org/en/RL/mahadra-a-community-system-for-transmission-of-traditional-knowledge-and-oral-expressions-01960
,"Knowledge, craft and skills of handmade glass production",RL,2023,,https://ich.unesco.org/en/RL/knowledge-craft-and-skills-of-handmade-glass-production-01961
,Garba of Gujarat,RL,2023,,https://ich.unesco.org/en/RL/garba-of-gujarat-01962
,"Transhumance, the seasonal droving of livestock",RL,2023,,https://ich.unesco.org/en/RL/transhumance-the-seasonal-droving-of-livestock-01964
,Alpine pasture season,RL,2023,,https://ich.unesco.org/en/RL/alpine-pasture-season-01966
,Tradition of blacksmithing in Gyumri,RL,2023,,https://ich.unesco.org/en/RL/tradition-of-blacksmithing-in-gyumri-01967
,"Midwifery: knowledge, skills and practices",RL,2023,,https://ich.unesco.org/en/RL/midwifery-knowledge-skills-and-practices-01968
,Jamu wellness culture,RL,2023,,https://ich.unesco.org/en/RL/jamu-wellness-culture-01972
,Traditional craft of Naga motif weaving in Lao communities,RL,2023,,https://ich.unesco.org/en/RL/traditional-craft-of-naga-motif-weaving-in-lao-communities-01973
,"Sango Festival, Oyo",RL,2023,,https://ich.unesco.org/en/RL/sango-festival-oyo-01974
,"Knowledge, beliefs and practices related to jang making in the Republic of Korea",RL,2024,,https://ich.unesco.org/en/RL/knowledge-beliefs-and-practices-related-to-jang-making-in-the-republic-of-korea-01975
,"Nyckelharpa network, an innovative dissemination of a music and instrument-building tradition with roots in Sweden",GSP,2023,,https://ich.unesco.org/en/BSP/nyckelharpa-network-an-innovative-dissemination-of-a-music-and-instrument-building-tradition-with-roots-in-sweden-01976
,Traditional knowledge and skills of sake-making with koji mold in Japan,RL,2024,,https://ich.unesco.org/en/RL/traditional-knowledge-and-skills-of-sake-making-with-koji-mold-in-japan-01977
,Art of Akhal-Teke horse breeding and traditions of horses' decoration,RL,2023,,https://ich.unesco.org/en/RL/art-of-akhal-teke-horse-breeding-and-traditions-of-horses-decoration-01978
,"Traditional irrigation: knowledge, technique, and organization",RL,2023,,https://ich.unesco.org/en/RL/traditional-irrigation-knowledge-technique-and-organization-01979
,The practice of opera singing in Italy,RL,2023,,https://ich.unesco.org/en/RL/the-practice-of-opera-singing-in-italy-01980
,Art of illumination: Təzhib/Tazhib/Zarhalkori/Tezhip/Naqqoshlik,RL,2023,,https://ich.unesco.org/en/RL/art-of-illumination-tzhib-tazhib-zarhalkori-tezhip-naqqoshlik-01981
,"Polonaise, traditional Polish dance",RL,2023,,https://ich.unesco.org/en/RL/polonaise-traditional-polish-dance-01982
,"Traditional knowledge, methods and practices concerning olive cultivation",USL,2023,,https://ich.unesco.org/en/USL/traditional-knowledge-methods-and-practices-concerning-olive-cultivation-01983
,Iftar/Eftari/Iftar/Iftor and its socio-cultural traditions,RL,2023,,https://ich.unesco.org/en/RL/iftar-eftari-iftar-iftor-and-its-socio-cultural-traditions-01984
,"Elechek, Kyrgyz female headwear: traditional knowledge and rituals",RL,2023,,https://ich.unesco.org/en/RL/elechek-kyrgyz-female-headwear-traditional-knowledge-and-rituals-01985
,Sodai straw garden making in Lithuania,RL,2023,,https://ich.unesco.org/en/RL/sodai-straw-garden-making-in-lithuania-01987
,Junkanoo,RL,2023,,https://ich.unesco.org/en/RL/junkanoo-01988
,Ceramic arts in Uzbekistan,RL,2023,,https://ich.unesco.org/en/RL/ceramic-arts-in-uzbekistan-01989
,"Bolero: identity, emotion and poetry turned into song",RL,2023,,https://ich.unesco.org/en/RL/bolero-identity-emotion-and-poetry-turned-into-song-01990
,"Technique of making the giant kites of Santiago Sacatepéquez and Sumpango, Guatemala",RL,2024,,https://ich.unesco.org/en/RL/technique-of-making-the-giant-kites-of-santiago-sacatepequez-and-sumpango-guatemala-01991
,"Ancestral and traditional techniques for the elaboration of the 'Poncho Para'i de 60 Listas', from the city of Piribebuy, Republic of Paraguay",USL,2023,,https://ich.unesco.org/en/USL/ancestral-and-traditional-techniques-for-the-elaboration-of-the-poncho-para-i-de-60-listas-from-the-city-of-piribebuy-republic-of-paraguay-01992
,"Sona, drawings and geometric figures on sand",RL,2023,,https://ich.unesco.org/en/RL/sona-drawings-and-geometric-figures-on-sand-01994
,Ingoma Ya Mapiko,USL,2023,,https://ich.unesco.org/en/USL/ingoma-ya-mapiko-01996
,"Dabkeh, traditional dance in Palestine",RL,2023,,https://ich.unesco.org/en/RL/dabkeh-traditional-dance-in-palestine-01998
,Festival of Bà Chúa Xứ Goddess at Sam Mountain,RL,2024,,https://ich.unesco.org/en/RL/festival-of-ba-chua-x-goddess-at-sam-mountain-01999
,"Al-Man’ouché, an emblematic culinary practice in Lebanon",RL,2023,,https://ich.unesco.org/en/RL/al-man-ouche-an-emblematic-culinary-practice-in-lebanon-02000
,Xeedho,USL,2023,,https://ich.unesco.org/en/USL/xeedho-02001
,"Sarawja, Aimara music and dance of Moquegua",RL,2025,,https://ich.unesco.org/en/RL/sarawja-aimara-music-and-dance-of-moquegua-02071
,"Moroccan Caftan: art, traditions and skills",RL,2025,,https://ich.unesco.org/en/RL/moroccan-caftan-art-traditions-and-skills-02077
,Equestrian art in Portugal,RL,2024,,https://ich.unesco.org/en/RL/equestrian-art-in-portugal-02079
,Oman Youth Sail Training Ship (Safinat Shabab Oman) programme for peace and sustainable cultural dialogue,GSP,2024,,https://ich.unesco.org/en/BSP/oman-youth-sail-training-ship-safinat-shabab-oman-programme-for-peace-and-sustainable-cultural-dialogue-02080
,"Cooking and eating Mulgi puder, traditional mashed potato with barley in the Mulgimaa region, Estonia",RL,2024,,https://ich.unesco.org/en/RL/cooking-and-eating-mulgi-puder-traditional-mashed-potato-with-barley-in-the-mulgimaa-region-estonia-02081
,"Traditional costumes in Norway, craftsmanship and social practice",RL,2024,,https://ich.unesco.org/en/RL/traditional-costumes-in-norway-craftsmanship-and-social-practice-02084
,Myanmar traditional New Year Atā Thingyan festival,RL,2024,,https://ich.unesco.org/en/RL/myanmar-traditional-new-year-at-thingyan-festival-02085
,Skills related to Attiéké production in Côte d’Ivoire,RL,2024,,https://ich.unesco.org/en/RL/skills-related-to-attieke-production-in-cote-d-ivoire-02086
,"Xeer Ciise: Oral customary laws of Somali-Issa communities in Ethiopia, Djibouti and Somalia",RL,2024,,https://ich.unesco.org/en/RL/xeer-ciise-oral-customary-laws-of-somali-issa-communities-in-ethiopia-djibouti-and-somalia-02087
,Negliubka textile tradition of Vetka District Gomel Region,USL,2025,,https://ich.unesco.org/en/USL/negliubka-textile-tradition-of-vetka-district-gomel-region-02088
,Cultural practices related to Taif roses,RL,2024,,https://ich.unesco.org/en/RL/cultural-practices-related-to-taif-roses-02089
,"Kebaya: knowledge, skills, traditions and practices",RL,2024,,https://ich.unesco.org/en/RL/kebaya-knowledge-skills-traditions-and-practices-02090
,Mongol nomad migration and its associated practices,RL,2024,,https://ich.unesco.org/en/RL/mongol-nomad-migration-and-its-associated-practices-02091
,Joropo in Venezuela,RL,2025,,https://ich.unesco.org/en/RL/joropo-in-venezuela-02092
,"Italian cooking, between sustainability and biocultural diversity",RL,2025,,https://ich.unesco.org/en/RL/italian-cooking-between-sustainability-and-biocultural-diversity-02093
,"Custom of Korean costume: traditional knowledge, skills and social practices in the Democratic People's Republic of Korea",RL,2024,,https://ich.unesco.org/en/RL/custom-of-korean-costume-traditional-knowledge-skills-and-social-practices-in-the-democratic-people-s-republic-of-korea-02096
,"Nawrouz, Novruz, Nowrouz, Nowrouz, Nawrouz, Nauryz, Nooruz, Nowruz, Navruz, Nevruz, Nowruz, Navruz",RL,2024,,https://ich.unesco.org/en/RL/nawrouz-novruz-nowrouz-nowrouz-nawrouz-nauryz-nooruz-nowruz-navruz-nevruz-nowruz-navruz-02097
,Fonelamvonglao (lamvonglao),RL,2024,,https://ich.unesco.org/en/RL/fonelamvonglao-lamvonglao-02099
,Manual bell ringing,RL,2024,,https://ich.unesco.org/en/RL/manual-bell-ringing-02100
,"Messosporitissa Festivity (All-holy Mother of God of the Mid-Sowing Season Festivity), Feast of Our Lady at the Ancient Ruins",RL,2024,,https://ich.unesco.org/en/RL/messosporitissa-festivity-all-holy-mother-of-god-of-the-mid-sowing-season-festivity-feast-of-our-lady-at-the-ancient-ruins-02101
,Traditional ways of making Artisan Minas Cheese in Minas Gerais,RL,2024,,https://ich.unesco.org/en/RL/traditional-ways-of-making-artisan-minas-cheese-in-minas-gerais-02102
,Naïve painting practices of Kovačica,RL,2024,,https://ich.unesco.org/en/RL/naive-painting-practices-of-kovaica-02104
,Skills of Parisian zinc roofers and ornamentalists,RL,2024,,https://ich.unesco.org/en/RL/skills-of-parisian-zinc-roofers-and-ornamentalists-02105
,"Art of dry stone construction, knowledge and techniques",RL,2024,,https://ich.unesco.org/en/RL/art-of-dry-stone-construction-knowledge-and-techniques-02106
,School of Crafts ÚĽUV,GSP,2024,,https://ich.unesco.org/en/BSP/school-of-crafts-uuv-02107
,Funfair culture,RL,2024,,https://ich.unesco.org/en/RL/funfair-culture-02108
,"Summer farming at fäbod and seter: knowledge, traditions and practices related to the grazing of outlying lands and artisan food production",RL,2024,,https://ich.unesco.org/en/RL/summer-farming-at-fabod-and-seter-knowledge-traditions-and-practices-related-to-the-grazing-of-outlying-lands-and-artisan-food-production-02109
,"Arabic coffee, a symbol of generosity",RL,2024,,https://ich.unesco.org/en/RL/arabic-coffee-a-symbol-of-generosity-02111
,Tradition of Nabulsi soap making in Palestine,RL,2024,,https://ich.unesco.org/en/RL/tradition-of-nabulsi-soap-making-in-palestine-02112
,Breakfast culture in Malaysia: dining experience in a multi-ethnic society,RL,2024,,https://ich.unesco.org/en/RL/breakfast-culture-in-malaysia-dining-experience-in-a-multi-ethnic-society-02113
,Traditional bagpipe (Gayda/Tulum) making and performing,RL,2024,,https://ich.unesco.org/en/RL/traditional-bagpipe-gayda-tulum-making-and-performing-02114
,"Cultural practices and expressions linked to Krama, a traditional woven textile in Cambodia",RL,2024,,https://ich.unesco.org/en/RL/cultural-practices-and-expressions-linked-to-krama-a-traditional-woven-textile-in-cambodia-02115
,"Henna: rituals, aesthetic and social practices",RL,2024,,https://ich.unesco.org/en/RL/henna-rituals-aesthetic-and-social-practices-02116
,Wosana ritual and associated practices,USL,2024,,https://ich.unesco.org/en/USL/wosana-ritual-and-associated-practices-02117
,Traditional knowledge and practices for the making and consumption of cassava bread,RL,2024,,https://ich.unesco.org/en/RL/traditional-knowledge-and-practices-for-the-making-and-consumption-of-cassava-bread-02118
,Semsemiah: instrument crafting and playing,RL,2024,,https://ich.unesco.org/en/RL/semsemiah-instrument-crafting-and-playing-02119
,Tandir craftsmanship and bread baking in Azerbaijan,RL,2024,,https://ich.unesco.org/en/RL/tandir-craftsmanship-and-bread-baking-in-azerbaijan-02120
,"Traditional knowledge and cultural contexts of making Maksym, a traditional Kyrgyz beverage",RL,2025,,https://ich.unesco.org/en/RL/traditional-knowledge-and-cultural-contexts-of-making-maksym-a-traditional-kyrgyz-beverage-02123
,"Spring festival, social practices of the Chinese people in celebration of traditional new year",RL,2024,,https://ich.unesco.org/en/RL/spring-festival-social-practices-of-the-chinese-people-in-celebration-of-traditional-new-year-02126
,"Guarania, sound of Paraguayan soul",RL,2024,,https://ich.unesco.org/en/RL/guarania-sound-of-paraguayan-soul-02128
,Intore,RL,2024,,https://ich.unesco.org/en/RL/intore-02129
,Craftsmanship of traditional woven textile Kente,RL,2024,,https://ich.unesco.org/en/RL/craftsmanship-of-traditional-woven-textile-kente-02130
,"Cultural practices and expressions linked to Balafon and Kolintang in Mali, Burkina Faso, Côte d'Ivoire and Indonesia",RL,2024,,https://ich.unesco.org/en/RL/cultural-practices-and-expressions-linked-to-balafon-and-kolintang-in-mali-burkina-faso-cote-d-ivoire-and-indonesia-02131
,Craftsmanship of Aleppo Ghar soap,RL,2024,,https://ich.unesco.org/en/RL/craftsmanship-of-aleppo-ghar-soap-02132
,"Pysanka, Ukrainian tradition and art of decorating eggs",RL,2024,,https://ich.unesco.org/en/RL/pysanka-ukrainian-tradition-and-art-of-decorating-eggs-02134
,Safeguarding programme of kobza and wheel lyre tradition,GSP,2024,,https://ich.unesco.org/en/BSP/safeguarding-programme-of-kobza-and-wheel-lyre-tradition-02136
,Pilgrimage to Watt Town,RL,2024,,https://ich.unesco.org/en/RL/pilgrimage-to-watt-town-02137
,"Shakespeare Mas', a traditional component of Carriacou's annual carnival",RL,2024,,https://ich.unesco.org/en/RL/shakespeare-mas-a-traditional-component-of-carriacou-s-annual-carnival-02138
,"The women’s ceremonial costume in the Eastern region of Algeria: knowledge and skills associated with the making and adornment of the Gandoura, the Melehfa, the Caftan, the Quat and the Lhef",RL,2024,,https://ich.unesco.org/en/RL/the-women-s-ceremonial-costume-in-the-eastern-region-of-algeria-knowledge-and-skills-associated-with-the-making-and-adornment-of-the-gandoura-the-melehfa-the-caftan-the-quat-and-the-lhef-02139
,"Ngondo, worship of water oracles and associated cultural traditions among the Sawa",RL,2024,,https://ich.unesco.org/en/RL/ngondo-worship-of-water-oracles-and-associated-cultural-traditions-among-the-sawa-02140
,Highlife music and dance,RL,2025,,https://ich.unesco.org/en/RL/highlife-music-and-dance-02141
,Art of crafting and playing rubab/rabab,RL,2024,,https://ich.unesco.org/en/RL/art-of-crafting-and-playing-rubab-rabab-02143
,Ceremony of Mehregan,RL,2024,,https://ich.unesco.org/en/RL/ceremony-of-mehregan-02144
,"Traditional Li textile techniques: spinning, dyeing, weaving and embroidering",RL,2024,,https://ich.unesco.org/en/RL/traditional-li-textile-techniques-spinning-dyeing-weaving-and-embroidering-02153
,Qiang New Year festival,RL,2024,,https://ich.unesco.org/en/RL/qiang-new-year-festival-02155
,Traditional design and practices for building Chinese wooden arch bridges,RL,2024,,https://ich.unesco.org/en/RL/traditional-design-and-practices-for-building-chinese-wooden-arch-bridges-02156
,Traditional weaving of Al Sadu,RL,2025,,https://ich.unesco.org/en/RL/traditional-weaving-of-al-sadu-02158
,"Ñai'ũpo art, ancestral ceramic craftsmanship",USL,2025,,https://ich.unesco.org/en/USL/nai-po-art-ancestral-ceramic-craftsmanship-02159
,"Al Sadu, traditional weaving skills in the United Arab Emirates",RL,2025,,https://ich.unesco.org/en/RL/al-sadu-traditional-weaving-skills-in-the-united-arab-emirates-02223
,Hezhen Yimakan storytelling,RL,2025,,https://ich.unesco.org/en/RL/hezhen-yimakan-storytelling-02224
,Basketry traditions,RL,2025,,https://ich.unesco.org/en/RL/basketry-traditions-02230
,Hadrami Dan gathering,RL,2025,,https://ich.unesco.org/en/RL/hadrami-dan-gathering-02232
,Bisht (men's Abaa): skills and practices,RL,2025,,https://ich.unesco.org/en/RL/bisht-men-s-abaa-skills-and-practices-02233
,"Representation of the Passion, Death and Resurrection of Christ in Iztapalapa",RL,2025,,https://ich.unesco.org/en/RL/representation-of-the-passion-death-and-resurrection-of-christ-in-iztapalapa-02237
,The Confraternity of flowers and palms,RL,2025,,https://ich.unesco.org/en/RL/the-confraternity-of-flowers-and-palms-02240
,The bearing of the sacred stone or the rites of the New Year in the Guin country in Togo,RL,2025,,https://ich.unesco.org/en/RL/the-bearing-of-the-sacred-stone-or-the-rites-of-the-new-year-in-the-guin-country-in-togo-02241
,"Cuarteto: music, dance and lyrics in the city of Córdoba, Argentina",RL,2025,,https://ich.unesco.org/en/RL/cuarteto-music-dance-and-lyrics-in-the-city-of-cordoba-argentina-02243
,Al-Muhaibis: social practices and traditions associated with it,RL,2025,,https://ich.unesco.org/en/RL/al-muhaibis-social-practices-and-traditions-associated-with-it-02244
,Amateur theatre acting in Czechia,RL,2025,,https://ich.unesco.org/en/RL/amateur-theatre-acting-in-czechia-02246
,Swimming pool culture in Iceland,RL,2025,,https://ich.unesco.org/en/RL/swimming-pool-culture-in-iceland-02249
,"Mvet Oyeng, musical art, practices and skills associated with the Ekang community",RL,2025,,https://ich.unesco.org/en/RL/mvet-oyeng-musical-art-practices-and-skills-associated-with-the-ekang-community-02253
,"Guruna, a practice of pastoral, socio-cultural and artistic retreats centered on livestock among the Massa",RL,2025,,https://ich.unesco.org/en/RL/guruna-a-practice-of-pastoral-socio-cultural-and-artistic-retreats-centered-on-livestock-among-the-massa-02260
,Arabic Kohl,RL,2025,,https://ich.unesco.org/en/RL/arabic-kohl-02261
,"Cobza, traditional knowledge, skills and music",RL,2025,,https://ich.unesco.org/en/RL/cobza-traditional-knowledge-skills-and-music-02262
,Bagpipes and bagpipe playing in Bulgaria: transmission of knowledge and skills,RL,2025,,https://ich.unesco.org/en/RL/bagpipes-and-bagpipe-playing-in-bulgaria-transmission-of-knowledge-and-skills-02265
,Behzad's style of miniature art,RL,2025,,https://ich.unesco.org/en/RL/behzad-s-style-of-miniature-art-02267
,The art of breeding Turkmen alabay,RL,2025,,https://ich.unesco.org/en/RL/the-art-of-breeding-turkmen-alabay-02269
,Family tradition circus in Chile,RL,2025,,https://ich.unesco.org/en/RL/family-tradition-circus-in-chile-02271
,"Tsapiky, rhythm and musical style characteristic of the South-West region of Madagascar",RL,2025,,https://ich.unesco.org/en/RL/tsapiky-rhythm-and-musical-style-characteristic-of-the-south-west-region-of-madagascar-02272
,The Compas of Haiti,RL,2025,,https://ich.unesco.org/en/RL/the-compas-of-haiti-02273
,Pantun,RL,2025,,https://ich.unesco.org/en/RL/pantun-02274
,"Al-Jertiq: practices, rituals and expressions for preservation, protection, abundance and fertility in Sudan",RL,2025,,https://ich.unesco.org/en/RL/al-jertiq-practices-rituals-and-expressions-for-preservation-protection-abundance-and-fertility-in-sudan-02275
,"Al-Mihrass tree: knowledge, skills and rituals associated with it",RL,2025,,https://ich.unesco.org/en/RL/al-mihrass-tree-knowledge-skills-and-rituals-associated-with-it-02276
,"Koshary, daily life dish and practices associated with it",RL,2025,,https://ich.unesco.org/en/RL/koshary-daily-life-dish-and-practices-associated-with-it-02278
,"Al Ahalla, a living performing art in the United Arab Emirates",RL,2025,,https://ich.unesco.org/en/RL/al-ahalla-a-living-performing-art-in-the-united-arab-emirates-02279
,"The Diwaniya, a unifying cultural practice in Kuwait",RL,2025,,https://ich.unesco.org/en/RL/the-diwaniya-a-unifying-cultural-practice-in-kuwait-02281
,The zaffa in the traditional wedding,RL,2025,,https://ich.unesco.org/en/RL/the-zaffa-in-the-traditional-wedding-02283
,"Traditional knowledge and skills in making Kyrgyz, Kazakh and Karakalpak yurts (Turkic nomadic dwellings)",RL,2025,,https://ich.unesco.org/en/RL/traditional-knowledge-and-skills-in-making-kyrgyz-kazakh-and-karakalpak-yurts-turkic-nomadic-dwellings-02284
,Yodelling,RL,2025,,https://ich.unesco.org/en/RL/yodelling-02287
,Commandaria wine,RL,2025,,https://ich.unesco.org/en/RL/commandaria-wine-02288
,"Washi, craftsmanship of traditional Japanese hand-made paper",RL,2025,,https://ich.unesco.org/en/RL/washi-craftsmanship-of-traditional-japanese-hand-made-paper-02291
,"Yama, Hoko, Yatai, float festivals in Japan",RL,2025,,https://ich.unesco.org/en/RL/yama-hoko-yatai-float-festivals-in-japan-02292
,"Traditional skills, techniques and knowledge for the conservation and transmission of wooden architecture in Japan",RL,2025,,https://ich.unesco.org/en/RL/traditional-skills-techniques-and-knowledge-for-the-conservation-and-transmission-of-wooden-architecture-in-japan-02293
,"Antep İşi, drawn thread embroidery of Gaziantep",RL,2025,,https://ich.unesco.org/en/RL/antep-i-drawn-thread-embroidery-of-gaziantep-02294
,Mwazindika spiritual dance of the Daida community of Kenya,USL,2025,,https://ich.unesco.org/en/USL/mwazindika-spiritual-dance-of-the-daida-community-of-kenya-02297
,"Christmas Bram and Sambai of Gales Point Manatee, Belize",RL,2025,,https://ich.unesco.org/en/RL/christmas-bram-and-sambai-of-gales-point-manatee-belize-02298
,The practice of Cuban Son,RL,2025,,https://ich.unesco.org/en/RL/the-practice-of-cuban-son-02299
,Construction processes of the quincha house and the junta de embarre / embarra,USL,2025,,https://ich.unesco.org/en/USL/construction-processes-of-the-quincha-house-and-the-junta-de-embarre-embarra-02300
,Festivity of the Virgen of Guadalupe - Patroness of Sucre,RL,2025,,https://ich.unesco.org/en/RL/festivity-of-the-virgen-of-guadalupe-patroness-of-sucre-02306
,The social and cultural traditions associated with landships in Barbados,USL,2025,,https://ich.unesco.org/en/USL/the-social-and-cultural-traditions-associated-with-landships-in-barbados-02307
,"Tchiloli, living theatre of Sao Tome and Principe in the quest of justice",RL,2025,,https://ich.unesco.org/en/RL/tchiloli-living-theatre-of-sao-tome-and-principe-in-the-quest-of-justice-02309
,"Art of playing, singing and making the lahuta",USL,2025,,https://ich.unesco.org/en/USL/art-of-playing-singing-and-making-the-lahuta-02310
,Deepavali,RL,2025,,https://ich.unesco.org/en/RL/deepavali-02312
,Brussels' rod marionette tradition,RL,2025,,https://ich.unesco.org/en/RL/brussels-rod-marionette-tradition-02313
,Community safeguarding and documenting of the 'Lastovo Poklad' carnival custom,GSP,2025,,https://ich.unesco.org/en/BSP/community-safeguarding-and-documenting-of-the-lastovo-poklad-carnival-custom-02314
,"Gifaataa, Wolaita people New Year festival",RL,2025,,https://ich.unesco.org/en/RL/gifaataa-wolaita-people-new-year-festival-02315
,"The practice of making Asin Tibuok, the artisanal sea salt of the Boholano of Bohol Island, Philippines",USL,2025,,https://ich.unesco.org/en/USL/the-practice-of-making-asin-tibuok-the-artisanal-sea-salt-of-the-boholano-of-bohol-island-philippines-02316
,"Kithul Madeema/Kithul Kapeema, an ancient indigenous technology for tapping Kithul in Sri Lanka",RL,2025,,https://ich.unesco.org/en/RL/kithul-madeema-kithul-kapeema-an-ancient-indigenous-technology-for-tapping-kithul-in-sri-lanka-02318
,"Ayeneh-Kari, the art of mirror-work in Persian architecture",RL,2025,,https://ich.unesco.org/en/RL/ayeneh-kari-the-art-of-mirror-work-in-persian-architecture-02319
,Traditional Saree weaving art of Tangail,RL,2025,,https://ich.unesco.org/en/RL/traditional-saree-weaving-art-of-tangail-02322
,"Boreendo, Bhorindo: ancient dying folk musical instrument, its melodies, knowledge, and skills",USL,2025,,https://ich.unesco.org/en/USL/boreendo-bhorindo-ancient-dying-folk-musical-instrument-its-melodies-knowledge-and-skills-02328
,Art of crafting and playing Kobyz,USL,2025,,https://ich.unesco.org/en/USL/art-of-crafting-and-playing-kobyz-02329
,Moliceiro boat: naval carpentry art of the Aveiro region,USL,2025,,https://ich.unesco.org/en/USL/moliceiro-boat-naval-carpentry-art-of-the-aveiro-region-02332
,Georgian wheat culture: traditions and rituals,RL,2025,,https://ich.unesco.org/en/RL/georgian-wheat-culture-traditions-and-rituals-02335
,Culture of Sumanak/Sumalak cooking,RL,2025,,https://ich.unesco.org/en/RL/culture-of-sumanak-sumalak-cooking-02336
,"Safeguarding programme for Al Sadu, traditional weaving skills in the United Arab Emirates",GSP,2025,,https://ich.unesco.org/en/BSP/safeguarding-programme-for-al-sadu-traditional-weaving-skills-in-the-united-arab-emirates-02473
,Safeguarding programme for Hezhen Yimakan storytelling,GSP,2025,,https://ich.unesco.org/en/BSP/safeguarding-programme-for-hezhen-yimakan-storytelling-02474
