unit,n,strand,strand_name,weight,how,scores,confidence,claim
F1.1,1,1,objects,1.0,max,1:2.0 2:0.0 3:0.0 4:0.6 5:0.0,documented,"The tablet is clay, 5.4 × 6 × 4.1 cm, dated ""ca. 3100–2900 BCE"", Jemdet Nasr period."
F1.1,2,3,civilisations & places,1.0,max,1:0.0 2:0.0 3:0.5 4:0.0 5:0.0,probable (the Met's qualifier),"Its place is ""Mesopotamia, probably from Uruk (modern Warka)""."
F1.1,3,1,objects,1.0,max,1:1.0 2:0.0 3:0.0 4:0.0 5:0.0,documented,The signs were drawn in the clay with a pointed tool; round impressions beside them are numbers.
F1.1,4,1,objects,1.0,max,1:1.0 2:0.0 3:0.0 4:0.0 5:0.0,probable,"The tablet ""most likely documents grain distributed by a large temple"". Early texts have no verbs, so certainty is not possible."
F1.1,5,1,objects,0.5,split,1:1.0 2:0.0 3:0.0 4:0.0 5:1.0,documented,A cylinder seal was rolled over both faces and the edges before the signs were written.
F1.1,5,5,concepts & people,0.5,split,1:1.0 2:0.0 3:0.0 4:0.0 5:1.0,documented,A cylinder seal was rolled over both faces and the edges before the signs were written.
F1.1,6,5,concepts & people,1.0,interpretive flag,1:2.0 2:0.0 3:0.0 4:0.0 5:1.0,interpretive,"The seal shows ""a male figure guiding two dogs on a leash and hunting or herding boars in a reed marsh"". The Met's text calls him the ""priest-king"", identified ""by his dress and pose"". The term is a modern scholars' reading."
F1.1,7,3,civilisations & places,1.0,max,1:0.0 2:0.0 3:2.0 4:0.6 5:1.0,documented,"About 5,000 archaic tablets and fragments come from the Uruk excavations alone, and about 400 more from other sites and the antiquities market (Englund 2001). The CDLI held about 6,700 proto-cuneiform artifacts in 2020. On average about 85% are administrative and 15% lexical; the share differs by ph"
F1.1,8,5,concepts & people,0.5,split,1:2.0 2:0.0 3:1.5 4:0.0 5:2.5,contested,"The Met labels the tablet's culture ""Sumerian"". The language behind proto-cuneiform is uncertain. Reading A: the label names the region's later language and people. Reading B: it assigns a language the signs do not show."
F1.1,8,1,objects,0.5,split,1:2.0 2:0.0 3:1.5 4:0.0 5:2.5,contested,"The Met labels the tablet's culture ""Sumerian"". The language behind proto-cuneiform is uncertain. Reading A: the label names the region's later language and people. Reading B: it assigns a language the signs do not show."
F1.1,9,1,objects,0.5,split,1:2.0 2:0.0 3:0.5 4:0.6 5:2.0,documented,"The Erlenmeyers bought their collection ""between 1943 and the early 1960s"". The Met bought this tablet at Christie's, London, 13 December 1988, lot 21. How it left Iraq is not recorded."
F1.1,9,5,concepts & people,0.5,split,1:2.0 2:0.0 3:0.5 4:0.6 5:2.0,documented,"The Erlenmeyers bought their collection ""between 1943 and the early 1960s"". The Met bought this tablet at Christie's, London, 13 December 1988, lot 21. How it left Iraq is not recorded."
F1.1,10,1,objects,1.0,max,1:3.0 2:0.0 3:0.0 4:0.6 5:0.0,documented,"Cleveland's mosque lamp is fritware with underglaze design, İznik, 1585–95. It came from Heeramaneck Galleries, New York, in 1944."
F1.1,11,1,objects,1.0,max,1:2.0 2:0.0 3:0.5 4:0.0 5:0.0,documented,"Fritware is ground quartz, glass frit and a little fine white clay, made to approach the colour and weight of Chinese porcelain."
F1.1,12,1,objects,1.0,max,1:2.0 2:0.0 3:0.0 4:0.0 5:1.0,probable,"Cleveland says the lamp is opaque, so its main job was ""likely"" not light. It hung to add beauty to the space."
F1.1,13,5,concepts & people,1.0,interpretive flag,1:1.0 2:0.0 3:0.0 4:0.0 5:1.0,interpretive,Cleveland says lamps like it may also have softened echo in the prayer hall.
F1.1,14,1,objects,1.0,max,1:3.0 2:0.0 3:0.0 4:0.6 5:2.0,documented,"An İznik lamp dated 1549 (AH 956), made for the Dome of the Rock, names its decorator, Musli, with the date and the place it was made (British Museum 1887,0516.1). It was found in the Haram al-Sharif in the 19th century and given to the museum by C. Drury Fortnum in 1887."
F1.1,15,5,concepts & people,1.0,max,1:2.0 2:0.0 3:0.0 4:0.6 5:3.0,documented,"The AIC side chair was designed by August Thonet c. 1885, made by Gebrüder Thonet c. 1900–15, in beech and cane. Its place of origin is ""Austria"". (The record's artist line prints the firm's dates, 1853–1921, under August Thonet's name; they are not his own.)"
F1.1,16,1,objects,0.5,split,1:2.0 2:0.0 3:0.0 4:0.6 5:2.0,contested (1855 or 1856); 1842 documented,"Thonet learned to bend solid wood by adding steam and a metal strip. His first patent bid for bending glued veneer layers failed in 1840; on 16 July 1842 Austria granted him the right to bend wood ""by chemical and mechanical means"" (laminated bending). 1841 is the year of the Koblenz fair, not of a "
F1.1,16,5,concepts & people,0.5,split,1:2.0 2:0.0 3:0.0 4:0.6 5:2.0,contested (1855 or 1856); 1842 documented,"Thonet learned to bend solid wood by adding steam and a metal strip. His first patent bid for bending glued veneer layers failed in 1840; on 16 July 1842 Austria granted him the right to bend wood ""by chemical and mechanical means"" (laminated bending). 1841 is the year of the Koblenz fair, not of a "
F1.1,17,1,objects,1.0,max,1:1.0 2:0.0 3:0.0 4:0.6 5:0.0,documented,"The Thonet factory at Koryčany (Koritschan) stood in Moravian forests, with beech, ""cheap labour"" and rail links. Thonet decided on it and had it built in 1856; production began in 1857, the year the V&A gives."
F1.1,18,5,concepts & people,1.0,max,1:0.0 2:0.0 3:0.0 4:0.0 5:1.0,documented (one source),"""Men did the steaming and bending, women the less arduous sanding, finishing and caning."""
F1.1,19,5,concepts & people,1.0,max,1:0.0 2:0.0 3:0.0 4:0.6 5:2.0,probable (a sales figure from the firm's history; Boijmans s,By 1930 over 50 million No. 14 chairs had been sold. The model dates to 1859.
F1.1,20,5,concepts & people,1.0,interpretive flag,1:1.0 2:3.0 3:0.0 4:0.0 5:1.0,interpretive,"**The unit's framing:** reading one object as material, labour and meaning shows people that a style-and-date label hides. Three readings are a teaching choice, not a complete account."
F1.2,1,1,objects,1.0,max,1:1.0 2:0.0 3:0.5 4:0.6 5:0.0,documented,"A Chinese porcelain factory adapted a French print of a La Fontaine fable to decorate a dish for the European market, c. 1750."
F1.2,2,3,civilisations & places,1.0,max,1:1.0 2:0.0 3:2.5 4:0.6 5:0.0,documented,"European forms such as mugs, ewers and candlesticks were unknown in China, ""so models were sent to the Chinese potteries to be copied""; armorial porcelain ""became the defining aspect"" of the 18th-century export trade."
F1.2,3,1,objects,0.5,split,1:1.0 2:0.0 3:0.0 4:0.6 5:1.0,documented,"Kehar Singh painted *Weaving and Spinning* c. 1860 in Punjab, probably Amritsar or Lahore; inscriptions name him and the occupations shown."
F1.2,3,5,concepts & people,0.5,split,1:1.0 2:0.0 3:0.0 4:0.6 5:1.0,documented,"Kehar Singh painted *Weaving and Spinning* c. 1860 in Punjab, probably Amritsar or Lahore; inscriptions name him and the occupations shown."
F1.2,4,5,concepts & people,1.0,max,1:0.0 2:0.0 3:0.5 4:0.0 5:1.0,documented (holder's framing),"East India Company men collected picture books of Indian occupations made by ""a new class of commercial Indian artists""."
F1.2,5,1,objects,0.5,split,1:1.0 2:0.0 3:0.0 4:0.6 5:1.0,documented,"The Ekibondo carving (1900–1925) was made for European and American buyers; the museum calls it ""a Congolese take on an Asian composition of elephants""."
F1.2,5,5,concepts & people,0.5,split,1:1.0 2:0.0 3:0.0 4:0.6 5:1.0,documented,"The Ekibondo carving (1900–1925) was made for European and American buyers; the museum calls it ""a Congolese take on an Asian composition of elephants""."
F1.2,6,5,concepts & people,1.0,interpretive flag,1:1.0 2:0.0 3:0.0 4:0.0 5:1.0,interpretive,"The same record says the carving ""did not draw from local aesthetics"". This is the holder's judgement. The carver's own view is not recorded."
F1.2,7,1,objects,1.0,max,1:2.0 2:0.0 3:0.0 4:0.6 5:0.0,documented,"Paul Travis acquired the carving in Ekibondo in 1928 for the Gilpin Players of Karamu House, who gave it to Cleveland in 1929."
F1.2,8,5,concepts & people,1.0,max,1:0.0 2:0.0 3:0.0 4:0.6 5:4.0,documented,"Graburn (1976) separated arts made for the makers' own ""part-society"" from arts ""made for an external, dominant world"", ""sometimes called 'tourist' or 'airport' arts""."
F1.2,9,3,civilisations & places,1.0,max,1:1.0 2:0.0 3:2.0 4:0.0 5:1.0,documented,"Graburn also named ""reintegrated arts"", new syntheses such as mola blouses made after imported cloth, needles and scissors arrived."
F1.2,10,1,objects,1.0,max,1:4.0 2:0.0 3:0.5 4:0.6 5:1.0,documented,"A Diné woman wove the Cleveland wearing blanket c. 1875–80 from handspun, Germantown and bayeta wool; the museum says weavers of the period shifted towards goods for non-Native collectors."
F1.2,11,4,events & timeline,1.0,max,1:0.0 2:0.0 3:0.5 4:2.6 5:1.0,documented (the court and number from the opinion; the Febru,"The Navajo Nation sued Urban Outfitters in February 2012 in the US District Court for New Mexico (Civ. No. 12-195 BB/LAM, as the 2016 opinion gives it)."
F1.2,12,1,objects,1.0,max,1:2.0 2:0.0 3:0.5 4:0.0 5:0.0,documented (secondary),"Items included a ""Navajo hipster panty"" and a ""Navajo print fabric-wrapped flask""; items were later relabelled ""printed""."
F1.2,13,4,events & timeline,1.0,max,1:0.0 2:0.0 3:0.0 4:0.6 5:0.0,documented (party's statement),The Nation's NAVAJO mark has been registered since 1943 and used since at least 1941.
F1.2,14,5,concepts & people,1.0,max,1:0.0 2:0.0 3:0.0 4:0.6 5:2.0,documented,"In May 2016 Judge Bruce Black dismissed two dilution counts: the mark was ""more of a niche"" than a household name."
F1.2,15,4,events & timeline,1.0,max,1:0.0 2:0.0 3:0.5 4:2.6 5:2.0,documented,"On 19 September 2016 the court rejected the defences that ""Navajo"" had become generic or been abandoned."
F1.2,16,3,civilisations & places,0.5,split,1:0.0 2:0.0 3:2.0 4:0.6 5:2.0,documented,"The settlement, announced on 21 November 2016, was confidential and included a supply and licence agreement for jewellery. President Russell Begaye said: ""We expect that any company considering the use of the Navajo name, or our designs or motifs, will ask us for our permission."""
F1.2,16,5,concepts & people,0.5,split,1:0.0 2:0.0 3:2.0 4:0.6 5:2.0,documented,"The settlement, announced on 21 November 2016, was confidential and included a supply and licence agreement for jewellery. President Russell Begaye said: ""We expect that any company considering the use of the Navajo name, or our designs or motifs, will ask us for our permission."""
F1.2,17,5,concepts & people,1.0,max,1:0.0 2:0.0 3:0.0 4:0.6 5:2.0,"documented (the authorities' pronouncement, read as Vive Oax","In June 2015, at the Museo Textil de Oaxaca, the municipal president of Santa María Tlahuitoltepec, Erasmo Hernández González, read the authorities' pronouncement; the community said that Marant's Étoile spring-summer 2015 collection ""contains the graphical elements specific to the Tlahuitoltepec bl"
F1.2,18,4,events & timeline,1.0,max,1:1.0 2:0.0 3:0.5 4:2.6 5:2.0,probable (court's words reached only through a party's lawye,"In a Paris suit brought by Antik Batik, Marant stated she ""does not claim to be the author of this tunic and these designs"". In December 2015 the court ruled Antik Batik held no rights; Marant's lawyer said it upheld the village origin."
F1.2,19,3,civilisations & places,1.0,max,1:0.0 2:0.0 3:0.5 4:0.0 5:0.0,documented,"Panini's views of Rome ""were popular with foreigners who visited the city on their Grand Tours""."
F1.2,20,5,concepts & people,1.0,interpretive flag,1:0.0 2:0.0 3:0.0 4:0.0 5:1.0,interpretive,"**Unit framing:** the plane, its five positions and its harm scale are this program's teaching device, not a scholarly standard. Harm is for the source community to name."
F1.3,1,4,events & timeline,1.0,max,1:1.0 2:0.0 3:1.5 4:2.6 5:2.0,contested,"Mirabeau's *L'Ami des hommes* has the use of ""civilisation"" long cited as the earliest in French: ""c'est le premier ressort de la civilisation"". Benveniste found the work was written, and probably printed, in 1756 and published in 1757, so 1756 and 1757 are both right for different events. Whether i"
F1.3,2,3,civilisations & places,1.0,max,1:0.0 2:0.0 3:1.5 4:0.0 5:0.0,documented,"The word stood for progress and was ""opposed to barbarism or rudeness"". — documented. — https://en.wikipedia.org/wiki/Civilization — summary."
F1.3,3,5,concepts & people,1.0,max,1:0.0 2:0.0 3:0.0 4:2.6 5:4.0,documented,"In Mabo (No 2), 1992, Brennan J quoted the 1919 Privy Council (Lord Sumner, *In re Southern Rhodesia* [1919] AC 211 at 233): ""Some tribes are so low in the scale of social organization…"". He called that basis ""false in fact and unacceptable in our society"" (para. 39; (1992) 175 CLR 1 at 39–40; the q"
F1.3,4,4,events & timeline,1.0,max,1:0.0 2:0.0 3:1.5 4:2.6 5:2.0,documented,"Childe's 1950 *Town Planning Review* article (vol. 21, no. 1, pp. 3–17) set out ""ten rather abstract criteria"" of the ""urban revolution"". — documented. That later readers used the list as a test for ""civilisation"" is interpretive (our framing). — https://elearning.uni-regensburg.de/pluginfile.php/15"
F1.3,5,5,concepts & people,1.0,max,1:0.0 2:0.0 3:1.5 4:0.6 5:2.0,documented,"Toynbee's *A Study of History* traced the rise and, mostly, decline of civilisations, but his count changed: 19 or 21 in 1934, 21 or 23 in 1954, and 13 full civilisations in his 1961 *Reconsiderations*. Huntington argued the 21st century would see a ""clash of civilizations"". — documented (the count "
F1.3,6,5,concepts & people,1.0,max,1:0.0 2:0.0 3:1.5 4:0.6 5:4.0,documented,"Graeber and Wengrow (2021) argue that people tried many social forms rather than passing through fixed stages. — documented as their argument. Two readings: supporters take it as a break with stage models; one reviewer calls it ""a very defensible argument already made several times"". The brief's wor"
F1.3,7,5,concepts & people,1.0,max,1:1.0 2:0.0 3:0.0 4:0.6 5:2.0,documented,"Thomsen arranged Denmark's national collection by Stone, Bronze and Iron Ages. He mentioned ""the old idea of the three ages"" in a letter of 1825; Vedel Simonsen had proposed it earlier. He published the scheme in *Ledetraad til nordisk Oldkyndighed* (1836). — documented. — https://natmus.dk/historis"
F1.3,8,3,civilisations & places,1.0,max,1:0.0 2:0.0 3:1.5 4:0.6 5:1.0,documented,"For PeriodO, a period needs a name, time bounds, a region and ""some citable source"". An authority is ""a set of periods that share a source"". — documented. — https://perio.do/technical-overview/ — full text."
F1.3,9,1,objects,1.0,max,1:2.0 2:0.0 3:0.0 4:0.6 5:1.0,documented,"The Met holds the 1568 edition of Vasari's *Le vite* with woodcut illustrations, catalogued as public domain. — documented. — https://collectionapi.metmuseum.org/public/collection/v1/objects/358298 — full record."
F1.3,10,4,events & timeline,1.0,max,1:0.0 2:0.0 3:0.0 4:2.6 5:1.0,documented,"The Florentine Academy of Design was founded in 1563 by Cosimo I, ""at the instigation of"" Vasari, and set ""in contrast to the guilds"". — documented. — https://www.britannica.com/place/Academy-of-Design — summary."
F1.3,11,4,events & timeline,1.0,max,1:0.0 2:0.0 3:0.0 4:2.6 5:1.0,documented,"The French and English royal academies were founded in 1648 and 1768. From the late 18th century they had ""a virtual monopoly"" on taste and official patronage. — documented. — https://www.metmuseum.org/essays/the-salon-and-the-royal-academy-in-the-nineteenth-century — full essay (Rosenfeld, 2004)."
F1.3,12,5,concepts & people,1.0,max,1:0.0 2:0.0 3:0.0 4:0.6 5:1.0,documented,"The Royal Academy's 36 founders included two women, Mary Moser and Angelica Kauffman. The next woman became a full Academician in 1936. — documented. — https://www.royalacademy.org.uk/page/a-brief-history-of-the-ra — full page."
F1.3,13,5,concepts & people,1.0,interpretive flag,1:0.0 2:0.0 3:0.0 4:0.6 5:2.0,interpretive,"Kristeller (1951) called Batteux's 1746 treatise ""the decisive step"" towards the system of the fine arts. — interpretive (a scholar's thesis). — https://en.wikipedia.org/wiki/Charles_Batteux — summary."
F1.3,14,5,concepts & people,1.0,max,1:0.0 2:0.0 3:0.5 4:0.6 5:2.0,documented,"Bent's *The Ruined Cities of Mashonaland* (1892) concludes that Great Zimbabwe's builders were ""of a Semitic race and of Arabian origin"". The phrase was read in the 1895 edition (introduction, p. xiv, in the argument from the ruins' orientation); the 1892 first edition was not checked. — documented."
F1.3,15,4,events & timeline,1.0,max,1:0.0 2:0.0 3:2.0 4:2.6 5:2.0,documented,"Randall-MacIver (1906) and Caton-Thompson (excavated 1929, published 1931) found Great Zimbabwe to be African work; Randall-MacIver named the ancestors of the Shona. In 1970 the Rhodesian Front government told its employees that no official publication might say plainly that Great Zimbabwe was an Af"
F1.3,16,5,concepts & people,1.0,interpretive flag,1:0.0 2:0.0 3:0.0 4:0.6 5:2.0,interpretive,"Blair and Bloom (2003) call a distinct ""Islamic"" art tradition ""a product of late nineteenth- and twentieth-century Western scholarship"". They add that much of it was not made by Muslims for the faith. — interpretive (a scholarly position, widely cited). — https://www.collegeart.org/pdf/artbulletin/"
F1.3,17,2,movements,0.5,split,1:2.0 2:3.0 3:0.0 4:2.6 5:2.0,documented,"The 1910 Munich exhibition showed more than 3,600 objects from about 250 collections in eighty halls (Troelenberg 2012; Wikipedia says more than 260). It raised things once seen as ""folk art or arts and crafts"" to ""masterpieces"" (Wikipedia's wording). The Met's 1930 handbook by M. S. Dimand still sa"
F1.3,17,4,events & timeline,0.5,split,1:2.0 2:3.0 3:0.0 4:2.6 5:2.0,documented,"The 1910 Munich exhibition showed more than 3,600 objects from about 250 collections in eighty halls (Troelenberg 2012; Wikipedia says more than 260). It raised things once seen as ""folk art or arts and crafts"" to ""masterpieces"" (Wikipedia's wording). The Met's 1930 handbook by M. S. Dimand still sa"
F1.3,18,4,events & timeline,1.0,max,1:0.0 2:0.0 3:0.0 4:0.6 5:0.0,documented,"Margolin (*Design Studies*, 1992) proposed folding design history into design studies. Forty replied in the *Journal of Design History* (1993), and *Design Issues* ran a special issue in 1995. — documented. — https://en.wikipedia.org/wiki/Design_studies — summary."
F1.3,19,5,concepts & people,1.0,max,1:0.0 2:0.0 3:0.0 4:0.6 5:1.0,documented,"The Decolonising Design manifesto (Abdulla, Ansari and others, 2019) says ""It is not sufficient for design institutions to simply include a greater diversity of actors or perspectives."" — documented. — https://jfsdigital.org/wp-content/uploads/2019/04/12-Ansari-Decolonising-Design.pdf — full text."
F1.3,20,5,concepts & people,1.0,max,1:2.0 2:0.0 3:0.5 4:1.6 5:4.0,documented,"The record is uneven. Cleveland's CC0 set held 42,500 records on 3 Oct 2026 (42,316 on 29 Sept): 2,544 in Chinese Art, 388 in African Art and 294 in Islamic Art; a keyword search for ""Oceania"" gave 112. The AIC Asante kente wrapper (1901/50) is flagged ""not public domain"". On Ghana's nomination, UNE"
F1.4,1,1,objects,0.5,split,1:2.0 2:0.0 3:0.0 4:0.6 5:2.0,documented,"*Blacksmith Scene* was filmed in late April 1893 in the Black Maria, directed by W. K. L. Dickson, filmed by William Heise, with Edison employees playing the three smiths; the cast listed is Charles Kayser and John Ott."
F1.4,1,5,concepts & people,0.5,split,1:2.0 2:0.0 3:0.0 4:0.6 5:2.0,documented,"*Blacksmith Scene* was filmed in late April 1893 in the Black Maria, directed by W. K. L. Dickson, filmed by William Heise, with Edison employees playing the three smiths; the cast listed is Charles Kayser and John Ott."
F1.4,2,4,events & timeline,1.0,max,1:2.0 2:0.0 3:0.5 4:2.6 5:2.0,contested,"It was shown publicly in a Kinetoscope at the Brooklyn Institute of Arts and Sciences on 9 May 1893. Whether this is the earliest public film showing is contested. Reading A: the earliest known public exhibition of a film (the NFPF says ""the first film of more than a few feet to be publicly exhibite"
F1.4,3,1,objects,0.5,split,1:1.0 2:0.0 3:0.0 4:0.6 5:1.0,documented,"G. W. ""Billy"" Bitzer filmed the Westinghouse works, Pittsburgh, 18 April–16 May 1904; the films were shown at the Westinghouse Auditorium at the 1904 St. Louis fair."
F1.4,3,5,concepts & people,0.5,split,1:1.0 2:0.0 3:0.0 4:0.6 5:1.0,documented,"G. W. ""Billy"" Bitzer filmed the Westinghouse works, Pittsburgh, 18 April–16 May 1904; the films were shown at the Westinghouse Auditorium at the 1904 St. Louis fair."
F1.4,4,5,concepts & people,1.0,max,1:1.0 2:0.0 3:0.0 4:0.6 5:2.0,documented,"LOC's record of *Girls winding armatures* (1904; copyright 28 April 1904) describes numerous women at machines winding wire, two young men pushing spools down the aisle, and male and female supervisors; no worker is named."
F1.4,5,5,concepts & people,1.0,max,1:0.0 2:0.0 3:0.0 4:0.6 5:1.0,documented,"""In a country blacksmith shop"", Byron G. Harlan and Frank C. Stanley, recorded 10 October 1904, Victor 4106, matrix B-1749/2, a ""descriptive scene"". Anvil sounds on it: not verified."
F1.4,6,5,concepts & people,1.0,max,1:0.0 2:0.0 3:0.0 4:0.6 5:1.0,documented (the release date from Wikipedia only),"""Livery stable blues"", Original Dixieland Jazz Band, recorded 26 February 1917 in New York, Victor 18255, matrix B-19331/1, released 7 March 1917."
F1.4,7,5,concepts & people,1.0,max,1:0.0 2:0.0 3:0.0 4:0.6 5:4.0,contested,"It is widely called the first jazz record issued. Reading A: the earliest known commercially issued jazz record. Reading B: a white band recorded a Black New Orleans music, and James Reese Europe's Society Orchestra had recorded dance music for Victor in 1913–14 (e.g. ""Castle walk"", Victor 17553, B-"
F1.4,8,5,concepts & people,1.0,max,1:0.0 2:0.0 3:0.0 4:0.0 5:1.0,probable (one summary source),"In the authorship suit over the tune, the judge found neither party held copyright and that it was based on an existing melody."
F1.4,9,5,concepts & people,1.0,max,1:0.0 2:0.0 3:0.0 4:0.6 5:1.0,documented,"""Celeste Aida"", Enrico Caruso, with piano, recorded 1 February 1904 in New York, Victor 85022, matrix C-997, take 1."
F1.4,10,5,concepts & people,1.0,max,1:0.0 2:0.0 3:0.5 4:0.6 5:2.0,documented,"Isma'il Pasha, Khedive of Egypt, commissioned *Aida* for the Khedivial Opera House; Verdi set his fee at 150,000 francs in a letter of 2 June 1870; it premiered in Cairo on 24 December 1871, before an invited audience. It was not written for the Suez Canal opening: Verdi had declined Isma'il's reque"
F1.4,11,5,concepts & people,1.0,max,1:0.0 2:0.0 3:0.0 4:0.6 5:2.0,documented,"""Uncle Josh in a department store"" (label variant: ""Uncle Josh Weathersby in a department store""), Cal Stewart, recorded 22 May 1903, Victor 665, pre-matrix 665/M-7. Victor issued the same catalogue number from a 1902 take and from 1906 remakes, so cite the take, not only ""Victor 665""."
F1.4,12,5,concepts & people,1.0,max,1:0.0 2:0.0 3:0.0 4:0.6 5:2.0,documented,US sound recordings published before 1923 entered the US public domain on 1 January 2022; later years follow one a year to 2046.
F1.4,13,5,concepts & people,1.0,interpretive flag,1:1.0 2:0.0 3:0.0 4:0.0 5:0.0,interpretive; not verified per country,"Outside the US, the status differs: the recording, the composition and the performance are separate rights with national terms."
F1.4,14,5,concepts & people,1.0,max,1:1.0 2:0.0 3:0.0 4:0.6 5:2.0,documented (Park quote to check in TXT055),"Mungo Park (1799) gives the earliest known written reference to the kora, ""a large harp with eighteen strings""; nylon fishing line replaced strings from about 1950; Keur Moussa monks introduced wooden pegs from 1963."
F1.4,15,1,objects,1.0,max,1:2.0 2:0.0 3:0.0 4:0.6 5:1.0,documented,"Mamadou Kouyaté (d. 1991, per the Met) made Met 1975.59 about 1960; Djimo Kouyaté replaced the bridge and restrung it in the 1990s, keeping two antelope-hide strings."
F1.4,16,3,civilisations & places,1.0,max,1:0.0 2:0.0 3:2.0 4:0.6 5:1.0,documented,"Each Javanese gamelan is tuned to its own pattern of intervals within sléndro and pélog, so an instrument from one set cannot be played in another; there is no standard tuning. Since the mid-20th century many new sets copy the state radio gamelan's tuning, so the rule holds most strongly for older s"
F1.4,17,5,concepts & people,1.0,max,1:0.0 2:0.0 3:0.5 4:1.6 5:2.0,documented,UNESCO inscribed Gamelan (Indonesia) in 2021 (16.COM 8.b.16); its practitioners include instrument-makers and tuners.
F1.4,18,1,objects,1.0,max,1:1.0 2:0.0 3:0.5 4:0.6 5:0.0,documented,"Honmen, masks from about the Muromachi period held by head families, are the models carvers refer to for new masks, mostly of Japanese cypress."
F1.4,19,3,civilisations & places,0.5,split,1:1.0 2:0.0 3:2.0 4:0.6 5:2.0,documented,"The Game of Ur boards from Woolley's Ur excavations (1922–34) date to about 2600–2400 BCE; British Museum 33333,b, written in 177 BCE by Itti-Marduk-balāṭu, gives a diagram and rules; the BM calls it the oldest known rules for a board game."
F1.4,19,5,concepts & people,0.5,split,1:1.0 2:0.0 3:2.0 4:0.6 5:2.0,documented,"The Game of Ur boards from Woolley's Ur excavations (1922–34) date to about 2600–2400 BCE; British Museum 33333,b, written in 177 BCE by Itti-Marduk-balāṭu, gives a diagram and rules; the BM calls it the oldest known rules for a board game."
F1.4,20,5,concepts & people,1.0,interpretive flag,1:1.0 2:0.0 3:0.0 4:0.0 5:1.0,interpretive,"**Unit framing:** film, sound, games and performance hold transferable methods for makers (staging, tuning, rules, repertoire)."
F1.5,1,5,concepts & people,1.0,interpretive flag,1:0.0 2:0.0 3:0.0 4:0.6 5:1.0,Interpretive,"Framing: making's beginnings are read as parallel rows; a ""first"" is a claim about survival, finding and dating."
F1.5,2,5,concepts & people,1.0,max,1:0.0 2:0.0 3:0.5 4:0.0 5:1.0,Contested (both readings),"Reading A: four independent inventions (Mesopotamia, Egypt, China, Mesoamerica). Reading B: Egypt took the idea from Mesopotamia (Sampson); others find the evidence ""sparse""."
F1.5,3,3,civilisations & places,1.0,max,1:0.0 2:0.0 3:1.5 4:0.6 5:1.0,Documented,"Labels from tomb U-j at Abydos date to about 3320 BCE. Kahl finds the system ""fully developed"" only centuries later, between the reign of Den and the 3rd Dynasty."
F1.5,4,4,events & timeline,1.0,max,1:0.0 2:0.0 3:0.0 4:0.6 5:0.0,Documented,Oracle-bone inscriptions of Wu Ding's reign are radiocarbon-dated to 1254–1197 BCE.
F1.5,5,2,movements,1.0,max,1:0.0 2:3.0 3:0.0 4:0.6 5:1.0,Contested (both readings),"The Cascajal block as the earliest known writing in the Americas, early 1st millennium BCE by style; critics question its context and date."
F1.5,6,5,concepts & people,1.0,max,1:0.0 2:0.0 3:0.5 4:0.0 5:1.5,Contested (both readings),"Whether the Indus signs encode a language: Rao et al. yes; Farmer, Sproat and Witzel no."
F1.5,7,5,concepts & people,1.0,interpretive flag,1:0.0 2:0.0 3:1.5 4:0.0 5:1.0,Probable (match; summary read); interpretive (names),Six Santa Valley khipus match a colonial census; Medrano and Urton read colour and construction as villagers' names.
F1.5,8,1,objects,1.0,max,1:1.0 2:0.0 3:0.5 4:0.6 5:0.0,Documented,"Mobile foragers made pottery at Xianrendong, China, 20,000–19,000 years ago."
F1.5,9,1,objects,0.5,split,1:1.0 2:0.0 3:0.5 4:0.6 5:1.0,Documented (date); probable (separate),"Pottery was made at Ounjougou, Mali, before 9400 BCE. Our reading: separate from China's; nothing known connects them."
F1.5,9,5,concepts & people,0.5,split,1:1.0 2:0.0 3:0.5 4:0.6 5:1.0,Documented (date); probable (separate),"Pottery was made at Ounjougou, Mali, before 9400 BCE. Our reading: separate from China's; nothing known connects them."
F1.5,10,1,objects,0.5,split,1:3.0 2:3.0 3:1.5 4:0.6 5:2.0,Documented,"Nagaoka's flame pot was found at the Umataka site (Sekihara) in 1936; Middle Jōmon, about 5,000 years old; an Important Cultural Property. Archaeologist Nakamura Kozaburo later classed it ""Flame, A-type, no. 1"", the reference for the type. Who found it is not named. Cleveland 1984.68 has ""a bottom f"
F1.5,10,2,movements,0.5,split,1:3.0 2:3.0 3:1.5 4:0.6 5:2.0,Documented,"Nagaoka's flame pot was found at the Umataka site (Sekihara) in 1936; Middle Jōmon, about 5,000 years old; an Important Cultural Property. Archaeologist Nakamura Kozaburo later classed it ""Flame, A-type, no. 1"", the reference for the type. Who found it is not named. Cleveland 1984.68 has ""a bottom f"
F1.5,11,1,objects,1.0,max,1:2.0 2:0.0 3:0.0 4:0.6 5:1.0,Documented (finding); contested (meaning),"Copper was smelted at Belovode, Serbia, about 5000 BCE. Whether metallurgy began more than once is argued against a Near-East-first reading."
F1.5,12,1,objects,1.0,max,1:3.0 2:0.0 3:0.5 4:0.6 5:0.0,Documented,"Gold was cold-hammered into beads at Jiskairumoko, Peru, 2155–1936 BCE, found in a burial: the earliest known worked gold in the Americas."
F1.5,13,3,civilisations & places,0.5,split,1:2.0 2:0.0 3:2.5 4:0.6 5:1.0,Documented (date); contested (origin),"Iron was produced at Douroula, Burkina Faso, in the 8th century BCE. Whether smelting south of the Sahara began there is argued (F1.6)."
F1.5,13,1,objects,0.5,split,1:2.0 2:0.0 3:2.5 4:0.6 5:1.0,Documented (date); contested (origin),"Iron was produced at Douroula, Burkina Faso, in the 8th century BCE. Whether smelting south of the Sahara began there is argued (F1.6)."
F1.5,14,3,civilisations & places,1.0,max,1:0.0 2:0.0 3:2.0 4:0.6 5:0.0,Documented,"Caral had monumental architecture, settlement and irrigation by 2627–1977 BCE."
F1.5,15,4,events & timeline,1.0,max,1:0.0 2:0.0 3:0.0 4:0.6 5:0.0,Documented (dates); interpretive (governance),"Djenné-Djeno was a city from the 3rd century BCE, with no evidence of a central ruler."
F1.5,16,3,civilisations & places,1.0,max,1:0.0 2:0.0 3:2.0 4:0.6 5:0.0,Documented,The Upano valley held road-linked garden cities from about 500 BCE to 300–600 CE.
F1.5,17,1,objects,1.0,max,1:1.0 2:0.0 3:0.0 4:0.0 5:0.0,Documented,"Four cotton species were domesticated independently, ""two each in Africa–Asia and the Americas""."
F1.5,18,1,objects,1.0,max,1:2.0 2:0.0 3:0.0 4:0.6 5:0.0,"Documented, as ""earliest known""","Indigo-dyed cotton from Huaca Prieta, about 6,000 years old, is the earliest known indigo."
F1.5,19,1,objects,1.0,max,1:4.0 2:0.0 3:2.5 4:0.6 5:2.0,Documented (record); where made is open,"Cleveland 1929.845, block-printed cotton, 1200s–1300s, is catalogued ""Egypt, Mamluk""; the technique came ""as a result of trade with India""."
F1.5,20,5,concepts & people,1.0,max,1:0.0 2:0.0 3:0.0 4:0.0 5:1.0,Documented (superlative quoted),"Empress Shōtoku ordered the Hyakumantō dharani in 764; they were made by 770. The National Diet Library calls them ""the oldest traceable publication in the world whose production date is clearly identified""."
F1.5,21,1,objects,1.0,max,1:1.0 2:0.0 3:0.0 4:0.6 5:0.0,Probable (text not yet read),"Bi Sheng made ceramic movable type about 1041–48, known from one text, Shen Kuo's *Dream Pool Essays*."
F1.5,22,1,objects,0.5,split,1:1.0 2:0.0 3:0.5 4:0.6 5:1.0,Documented (dates); interpretive (recurrence),"Jikji was printed with metal type at Heungdeok-sa, Cheongju, in July 1377; UNESCO notes earlier metal printings ""mentioned in the old Korean books"". Gutenberg and Fust printed Bibles in Mainz in the mid-1450s. No document links them; we read Mainz as a recurrence."
F1.5,22,5,concepts & people,0.5,split,1:1.0 2:0.0 3:0.5 4:0.6 5:1.0,Documented (dates); interpretive (recurrence),"Jikji was printed with metal type at Heungdeok-sa, Cheongju, in July 1377; UNESCO notes earlier metal printings ""mentioned in the old Korean books"". Gutenberg and Fust printed Bibles in Mainz in the mid-1450s. No document links them; we read Mainz as a recurrence."
F1.5,23,1,objects,1.0,max,1:1.0 2:0.0 3:0.5 4:0.6 5:0.0,Documented (one source),"Paper travelled rather than recurred. Bloom: the Talas story ""is without factual basis and paper had been known—and made—in Central Asia for centuries""; Baghdad made paper ""by the late 8th century""."
F1.5,24,4,events & timeline,1.0,max,1:0.0 2:0.0 3:0.5 4:0.6 5:0.0,Documented (finding); contested (what Botai people did),"Botai, long the earliest known horse husbandry (about 5,500 years ago), was seriously challenged in 2018. Its horses' descendants are Przewalski's horses; later domestic horses carry ""~2.7% of Botai-related ancestry""."
F1.5,25,5,concepts & people,1.0,max,1:0.0 2:0.0 3:0.0 4:1.6 5:2.0,Documented,"Wooden movable type prints clan genealogies in Rui'an, Zhejiang. UNESCO inscribed it in 2010, when ""only eleven people over 50"" had the whole craft. In 2019 Wang Chaohui said: ""The family tree records everything about your ancestors."""
F1.6,1,5,concepts & people,1.0,interpretive flag,1:1.0 2:0.0 3:0.0 4:0.0 5:1.0,Interpretive,"The unit's framing: read through metal, Africa shows inventions and exchanges on its own terms. The device foregrounds courts and traders and leaves out cloth, earth building and pottery."
F1.6,2,1,objects,1.0,max,1:2.0 2:0.0 3:0.5 4:0.0 5:1.0,Documented (records); interpretive (reading),"The Met files the Meroitic cup and the Theban chisel under ""Egyptian Art""; the Walters labels its lamp ""Meroitic (Ancient Egypt and Nubia)"". Our reading: filing is an argument about where Africa's history lies."
F1.6,3,1,objects,1.0,max,1:5.0 2:0.0 3:1.5 4:0.6 5:0.0,Documented,"Met 27.3.12: stone mason's chisel, ""hammered bronze or copper alloy"", ca. 2051–2000 BCE, Dynasty 11. MMA excavations, 1926–27, Tomb MMA 101; Rogers Fund, 1927."
F1.6,4,3,civilisations & places,1.0,max,1:1.0 2:0.0 3:2.0 4:1.6 5:1.0,Documented,"Douroula ""dates back to the 8th century BCE"", ""the oldest evidence of the development of iron production found in Burkina Faso"". The sites keep ""about fifteen standing, natural-draught furnaces""; blacksmiths still make tools and take part in rituals. Inscribed 2019."
F1.6,5,1,objects,1.0,max,1:2.0 2:0.0 3:0.5 4:0.6 5:0.0,Documented,"Nok ""appears around 1500 BC and ends with the turn of the era""; terracottas begin in phase two, 900–400 BCE. Iron is ""recorded by furnaces but hardly by objects"", with ""increasing wood use"" from the mid-1st millennium BCE."
F1.6,6,4,events & timeline,1.0,max,1:0.0 2:0.0 3:2.0 4:2.6 5:1.0,Documented,"Nok sites: ""All of them were affected by looting, most of them dug up and destroyed entirely"" (Breunig and Rupp 2016)."
F1.6,7,3,civilisations & places,1.0,max,1:1.0 2:0.0 3:2.0 4:0.6 5:1.0,Documented,"97 radiocarbon dates show iron production ""in the Meroe area for more than 1000 years, potentially starting as early as the 25th Dynasty period"" (Humphris and Scheibner 2017)."
F1.6,8,3,civilisations & places,1.0,max,1:2.0 2:0.0 3:3.5 4:0.6 5:1.0,Contested (both readings),"Was iron smelting invented south of the Sahara? Quechon, Huysecom and Bocoum: ""indisputably, in the present state of knowledge, the hypothesis of an autochthonous invention is convincing."" Alpern (2005): ""until there is further archaeological evidence, no positive conclusion is really possible."""
F1.6,9,1,objects,0.5,split,1:2.0 2:0.0 3:0.5 4:0.6 5:2.0,Contested (both readings; dates differ),"Schmidt and Avery (1978): Haya forebears ""1500 to 2000 years ago practiced a highly advanced iron smelting technology based on preheating principles and … produced carbon steel."" Rehder disputed it (F1.28a). Canon COM068 gives ""c. 2,300–2,000 years ago"", TEC072 the 1978 range: both shown; COM068's s"
F1.6,9,5,concepts & people,0.5,split,1:2.0 2:0.0 3:0.5 4:0.6 5:2.0,Contested (both readings; dates differ),"Schmidt and Avery (1978): Haya forebears ""1500 to 2000 years ago practiced a highly advanced iron smelting technology based on preheating principles and … produced carbon steel."" Rehder disputed it (F1.28a). Canon COM068 gives ""c. 2,300–2,000 years ago"", TEC072 the 1978 range: both shown; COM068's s"
F1.6,10,1,objects,1.0,max,1:1.0 2:0.0 3:0.5 4:0.6 5:0.0,Documented (the match); probable (metal crossed the Sahara),"Of 30 Igbo-Ukwu objects analysed, nine sit with Benue Rift ores about 100 km away; ten are ""closely matched by Tunisian ores"". Unanalysed West African ores ""may provide an even better match"" (McIntosh 2022)."
F1.6,11,4,events & timeline,1.0,max,1:1.0 2:0.0 3:0.5 4:2.6 5:1.0,Documented (the date as oral history),"The Igun Eronmwon worked ""under the protection and exclusive patronage of the ọ́bà"". ""One of many Benin court oral histories"" says a foreign artisan, ""Ahammangiwa or Igueghae"", brought lost-wax casting in the 13th century; other accounts point to Ife (to source). Their quarters were in the palace ""u"
F1.6,12,3,civilisations & places,0.5,split,1:1.0 2:0.0 3:2.0 4:0.6 5:2.0,Documented,"Trace elements and lead isotopes identify ""Germany as the principal source of the manillas used in the West African trade between the 15th and 18th centuries before British industries took over the brass trade in the late 18th century"" (Skowronek et al. 2023, CC BY 4.0)."
F1.6,12,5,concepts & people,0.5,split,1:1.0 2:0.0 3:2.0 4:0.6 5:2.0,Documented,"Trace elements and lead isotopes identify ""Germany as the principal source of the manillas used in the West African trade between the 15th and 18th centuries before British industries took over the brass trade in the late 18th century"" (Skowronek et al. 2023, CC BY 4.0)."
F1.6,13,3,civilisations & places,1.0,max,1:1.0 2:0.0 3:2.0 4:0.0 5:1.0,Documented (museum record),"Manillas were among the goods exchanged for enslaved people, ""used as currency in the transatlantic trade in enslaved African people"" (Museum Wales). F1.13 holds the goods list."
F1.6,14,4,events & timeline,1.0,max,1:2.0 2:0.0 3:0.5 4:2.6 5:2.0,Documented,"Cleveland 1999.1: ""Sent to England by Sir Ralph Moor following the Siege of Benin (1897)""; British Museum 1897–1950; Cleveland 1999. Cleveland 1938.6: ""this head sat on an ancestral altar in the ọba's palace""; ""Brought to Europe following the Siege of Benin (1897)""; Fosters & Co.; Louis Carré; Cleve"
F1.6,15,4,events & timeline,1.0,max,1:2.0 2:0.0 3:1.5 4:2.6 5:2.0,Documented; attribution to confirm,"In 1897 ""the royal palace was burned and looted, and the oba (ruler) was exiled""; an ""estimated 3,000 objects"" were taken (Smithsonian). The British Museum: ""a large-scale retaliatory military expedition"", ""Justified as legitimate military action against a 'barbarous' kingdom"". British accounts call"
F1.6,16,4,events & timeline,1.0,max,1:1.0 2:0.0 3:0.5 4:2.6 5:2.0,Documented,"A March 2023 decree made the Oba owner of returned objects. On 26 February 2025 the national museums commission said: ""The oba has given the NCMM the blessing to display, conserve and pursue reparation of the objects"" (Reuters). Digital Benin links ""5,304 objects from 139 institutions in 21 countrie"
F1.6,17,1,objects,0.5,split,1:3.0 2:0.0 3:2.0 4:2.6 5:2.0,"Documented (record; ""perhaps"" kept)","Walters 54.1549, bronze: ""Elaborate oil lamps with figural attachments were common at the royal court in the ancient kingdom of Meroë."" It shows a bound captive; a Meroitic symbol is ""perhaps an owner's mark"". Guilhou sale, Paris, March 1905; ""said to be found in Egypt""."
F1.6,17,4,events & timeline,0.5,split,1:3.0 2:0.0 3:2.0 4:2.6 5:2.0,"Documented (record; ""perhaps"" kept)","Walters 54.1549, bronze: ""Elaborate oil lamps with figural attachments were common at the royal court in the ancient kingdom of Meroë."" It shows a bound captive; a Meroitic symbol is ""perhaps an owner's mark"". Guilhou sale, Paris, March 1905; ""said to be found in Egypt""."
F1.6,18,1,objects,0.5,split,1:3.0 2:0.0 3:2.5 4:0.6 5:1.0,Documented (record); interpretive (reading),"Rijksmuseum RP-P-1896-A-19368-3110: a sea chart of the Bight of Benin by Jan Luyken for Johannes van Keulen, 1683–1799, bought 1896. Our reading: it maps the route the brass came by, not the people who cast it."
F1.6,18,3,civilisations & places,0.5,split,1:3.0 2:0.0 3:2.5 4:0.6 5:1.0,Documented (record); interpretive (reading),"Rijksmuseum RP-P-1896-A-19368-3110: a sea chart of the Bight of Benin by Jan Luyken for Johannes van Keulen, 1683–1799, bought 1896. Our reading: it maps the route the brass came by, not the people who cast it."
F1.6,19,1,objects,1.0,max,1:4.0 2:0.0 3:0.0 4:0.6 5:2.0,Documented,"Cleveland 1962.244: ""Since at least 1600, small weights in brass and bronze were used to weigh gold dust and nuggets."" Taught in F1.25."
F1.6,20,3,civilisations & places,1.0,max,1:1.0 2:0.0 3:2.0 4:0.6 5:0.0,Documented,"Great Zimbabwe was ""built between 1100 and 1450 AD"" by ""a Bantu population of the Iron Age, the Shona""; its 14th-century population ""exceeded 10,000"" on ""gold-rich plateaux""; excavation found ""ironware"". The myth: F1.3."
F1.6,21,1,objects,1.0,max,1:5.0 2:3.0 3:0.0 4:0.6 5:1.0,Documented,"Cleveland 1929.364: axe (gano), ""Shona-style blacksmith-carver"", by 1928; iron, wood, wire and a Swiss watch fragment; ""a status or ancestral symbol"". Collected 1927–28 by Paul B. Travis for the Gilpin Players and the African Art Sponsors."
F1.6,22,1,objects,1.0,max,1:3.0 2:0.0 3:0.0 4:0.6 5:2.0,Documented,"Cleveland 2015.156: Zande throwing knife (pingha), ""used by elite Zande men as weapons in the late 1800s and early 1900s"", ""now a sign of authority and heritage"". First recorded 2004."
F1.6,23,5,concepts & people,1.0,max,1:1.0 2:0.0 3:1.5 4:0.6 5:2.0,"Documented (reporting, dated)","December 2025: 120 members; guild head Kingsley Osarhenhen Inneh, 65, says a kilo of brass rose from 600 to 8,000 naira ""in less than four years"" (AFP, in the Guardian, 6 December 2025). July 2026: non-family members join by initiation; younger casters sell on Facebook, WhatsApp and TikTok. Oriakhi "
F1.7,1,5,concepts & people,1.0,interpretive flag,1:3.0 2:0.0 3:2.0 4:0.6 5:1.0,Interpretive,"The device: we read the Americas through fibre. It fits the Andes, where dyed cotton cloth is the earliest known craft on record, and Mesoamerica and the Southwest in part. It ranks no region."
F1.7,2,1,objects,1.0,max,1:1.0 2:0.0 3:0.5 4:0.6 5:0.0,Documented,"Cultivated cotton is at least 7,800 years old in the Andes. Two Huaca Prieta fabrics, about 6,200–6,000 years old, carry indigotin: ""the earliest known use of indigo in the world"", about 1,500 years before Egypt's."
F1.7,3,3,civilisations & places,1.0,max,1:1.0 2:0.0 3:2.0 4:0.6 5:0.0,Documented,"Caral's monumental centre dates to 2627–1977 BCE, before pottery in the region (CL-165)."
F1.7,4,3,civilisations & places,1.0,max,1:0.0 2:0.0 3:2.0 4:0.6 5:0.0,Documented,Julio C. Tello's team excavated at Paracas in the 1920s and located the Necrópolis de Wari Kayan in 1927.
F1.7,5,1,objects,1.0,max,1:3.0 2:0.0 3:0.5 4:0.6 5:2.0,Documented,"Cleveland 1946.226–228 came from the Norwebs in 1946; no earlier owner is recorded. Labels: the Paracas dead were ""wrapped in layers of cloth""; the tunic is ""well preserved after approximately 2,000 years of burial""."
F1.7,6,4,events & timeline,1.0,max,1:0.0 2:0.0 3:0.5 4:2.6 5:1.0,Documented (law as reproduced),"Peru's Law 6634 (13 June 1929): ""No se exportarán los objetos arqueológicos sin permiso del Gobierno""."
F1.7,7,4,events & timeline,0.5,split,1:0.0 2:0.0 3:2.5 4:2.6 5:0.0,Documented (100 or 140 textiles),"Sven Karell ""illegally exported"" Paracas textiles to Sweden in 1931–33; Gothenburg returned them, 2014–2021 (F1.24)."
F1.7,7,3,civilisations & places,0.5,split,1:0.0 2:0.0 3:2.5 4:2.6 5:0.0,Documented (100 or 140 textiles),"Sven Karell ""illegally exported"" Paracas textiles to Sweden in 1931–33; Gothenburg returned them, 2014–2021 (F1.24)."
F1.7,8,1,objects,1.0,max,1:1.0 2:0.0 3:0.5 4:0.6 5:0.0,Documented,"Most Paracas Necropolis reds are *Relbunium*, ""but scientific testing has detected cochineal in a few examples — the earliest known instances of the use of the dye in Peru"". Phipps dates most Paracas burials to ""about the second century B.C. to the second century A.D."""
F1.7,9,3,civilisations & places,1.0,max,1:1.0 2:0.0 3:1.5 4:0.0 5:0.0,Documented,"""Cochineal, along with gold and silver from the Americas, enabled the Spanish Crown to finance its empire."" The Ñuu Savi of Coaixtlahuacan owed ""40 sacks … of cochineal every year""."
F1.7,10,3,civilisations & places,0.5,split,1:0.0 2:0.0 3:2.0 4:0.6 5:2.0,Contested (both readings),"Was Wari an empire? One reading: an expansive state with planned centres and colonies (Schreiber, Isbell, McEwan; Conlee et al. 2021). The other: a low-power polity of rival elite houses (Jennings 2006, 2024)."
F1.7,10,5,concepts & people,0.5,split,1:0.0 2:0.0 3:2.0 4:0.6 5:2.0,Contested (both readings),"Was Wari an empire? One reading: an expansive state with planned centres and colonies (Schreiber, Isbell, McEwan; Conlee et al. 2021). The other: a low-power polity of rival elite houses (Jennings 2006, 2024)."
F1.7,11,1,objects,1.0,max,1:4.0 2:0.0 3:0.5 4:0.6 5:2.0,Documented,"Met 2021.146, Wari tunic, 650–1000 CE, cotton and camelid hair, public domain; its chain brackets a 1960s New York gallery."
F1.7,12,1,objects,1.0,max,1:3.0 2:0.0 3:0.5 4:0.6 5:2.0,Documented (holder's framing),"Walters 2011.20.14, ""Uncu"", Inca, 1438–1534, CC0: *cumbi* cloth, ""distributed by the Inca ruler"" to mark rank. Provenance: ""Purchased by Georgia de Havenon, New York; given to Walters Art Museum, 2016"", undated."
F1.7,13,1,objects,1.0,max,1:4.0 2:0.0 3:0.5 4:0.6 5:2.0,Documented,"Cleveland 1940.469, ""Inka Khipu (Fiber Recording Device)"", cotton and wool, gift of John Wise, CC0; provenance field empty."
F1.7,14,5,concepts & people,1.0,max,1:0.0 2:0.0 3:1.5 4:0.6 5:2.0,Probable (publisher's summary),"Medrano and Urton (2018) matched six Santa Valley khipus to a colonial census, ""the only case"" so far, reading names through colour and cord attachment."
F1.7,15,5,concepts & people,1.0,max,1:1.0 2:0.0 3:0.0 4:0.6 5:2.0,Contested (both readings),"Are khipus writing? Hyland: two Collata khipus hold 95 symbols, ""possibly logosyllabic"". Others call them ""merely memory aides, recording only numbers"" (as Hyland reports). Dumbarton Oaks (2019): khipus ""seem to have recorded"" narrative too; the system ""remains undeciphered""."
F1.7,16,2,movements,1.0,max,1:1.0 2:3.0 3:0.5 4:0.6 5:1.0,Documented (status changed),"The Open Khipu Repository holds ""open-source data and metadata on extant Inka-style khipus"". Its master branch has an MIT licence file, © 2022 the OKR Team."
F1.7,17,3,civilisations & places,1.0,max,1:0.0 2:0.0 3:2.0 4:0.6 5:0.0,Documented,"Upano Valley platforms, plazas and roads date ""from around 500 BCE to between 300 and 600 CE""."
F1.7,18,3,civilisations & places,1.0,max,1:0.0 2:0.0 3:2.0 4:0.6 5:1.0,Probable (teaching summary),"People on Marajó built mounds ""between CE 300 and 1350""; urns in the largest held ancestors' bones."
F1.7,19,4,events & timeline,1.0,max,1:1.0 2:0.0 3:0.0 4:2.6 5:1.0,Documented,"The Huexotzinco Codex, 1531: eight panels of Nahua testimony from Huejotzingo in a lawsuit over excessive tribute. At LoC since 1928 (Harkness gift); called the Codex Monteleone until 1974. LoC: ""free to use and reuse""."
F1.7,20,1,objects,1.0,max,1:2.0 2:0.0 3:0.0 4:0.0 5:0.0,Probable (essay; panels not read by us),"Tlacuiloque drew on amatl the tribute given to Guzmán, Ortiz de Matienzo and Delgadillo: ""3,600 bundles or pieces of cloth"", food, building goods, and a Madonna ""made of feathers and gold"". A flag counted 20."
F1.7,21,5,concepts & people,0.5,split,1:0.0 2:0.0 3:0.0 4:2.6 5:3.0,Contested (sources differ),"The outcome. Smarthistory: two-thirds of the tribute was to be ""returned to Cortés"". The Mapas Project: Charles V (1538) backed returning two-thirds ""to the community""."
F1.7,21,4,events & timeline,0.5,split,1:0.0 2:0.0 3:0.0 4:2.6 5:3.0,Contested (sources differ),"The outcome. Smarthistory: two-thirds of the tribute was to be ""returned to Cortés"". The Mapas Project: Charles V (1538) backed returning two-thirds ""to the community""."
F1.7,22,5,concepts & people,1.0,max,1:0.0 2:0.0 3:0.5 4:0.6 5:2.0,Documented (Diné-authored),"Churro sheep came with the Spanish in 1598. From fall 1863, about 8,500 Diné were marched to Hwéeldi (Fort Sumner); ""over 2,000"" died there. Naaltsoos Sání was signed on 1 June 1868."
F1.7,23,1,objects,1.0,max,1:3.0 2:0.0 3:0.5 4:0.6 5:2.0,Documented (holder's framing),"Cleveland 1921.556 (c. 1875–80, ""woman artist"") and 1937.903 (c. 1900) are handspun, Germantown and bayeta. The records: weavers shifted to ""items for non-Native collectors""; ""chief's blankets"" is ""a misnomer since the Diné have no chiefs""."
F1.7,24,1,objects,1.0,max,1:3.0 2:0.0 3:0.5 4:0.6 5:2.0,Documented (holder's record),"NMNH's loom, with unfinished flag and eye-dazzler weavings, came with the 1874 Navajo delegation. The record presumes, from two photographs of 1874, that Juanita, Asdzáá Tl'ógí, ""Weaver Woman"" (1845–1910), wove it (""Juanita is presumed to be the weaver""); NMAI's magazine writes ""Made by Juanita"" and"
F1.7,25,1,objects,0.5,split,1:2.0 2:0.0 3:0.5 4:0.6 5:2.0,Documented (holders' newspaper),"The Navajo Times (30 June 2011) reported Sheep Is Life, run by Diné be' Iiná. The paper reports that weaver Mae Lewis has been weaving ""since she was 7 years old""."
F1.7,25,5,concepts & people,0.5,split,1:2.0 2:0.0 3:0.5 4:0.6 5:2.0,Documented (holders' newspaper),"The Navajo Times (30 June 2011) reported Sheep Is Life, run by Diné be' Iiná. The paper reports that weaver Mae Lewis has been weaving ""since she was 7 years old""."
F1.8,1,5,concepts & people,1.0,interpretive flag,1:1.0 2:0.0 3:0.0 4:0.0 5:1.0,Interpretive,The device: we read East Asia's recorded objects as the work of organised workshops making to written standards. Another reading follows named artists.
F1.8,2,4,events & timeline,1.0,max,1:0.0 2:0.0 3:0.0 4:0.6 5:0.0,Documented,"Wu Ding ""reigned during 1254 BC to 1197 BC"", by radiocarbon dating of oracle bones (Liu et al., *Radiocarbon* 63, 2021)."
F1.8,3,1,objects,0.5,split,1:2.0 2:0.0 3:0.5 4:1.6 5:2.0,Documented,"Cleveland 1960.42, a *jue*, c. 1200 BCE, inscribed ""Chu fu Yi (Father Yi of the Chu Clan)"", for libations to ancestors. Chain: L. Wannieck, Paris (by 1937); Bluett & Sons; Cleveland, 1960."
F1.8,3,5,concepts & people,0.5,split,1:2.0 2:0.0 3:0.5 4:1.6 5:2.0,Documented,"Cleveland 1960.42, a *jue*, c. 1200 BCE, inscribed ""Chu fu Yi (Father Yi of the Chu Clan)"", for libations to ancestors. Chain: L. Wannieck, Paris (by 1937); Bluett & Sons; Cleveland, 1960."
F1.8,4,1,objects,1.0,max,1:5.0 2:0.0 3:0.0 4:0.6 5:2.0,Documented,"Cleveland 1960.288, a *ding*, 1200–1100 BCE: *ding* ""were made in sets of different sizes"" for offerings. Chain begins with Frank Caro, 1960. In piece-mould casting ""a model is made ... and a clay mold taken of the model""."
F1.8,5,1,objects,0.5,split,1:1.0 2:0.0 3:0.0 4:0.6 5:1.0,Probable (reading; finds documented),"Xiaomintun at Yinxu, dug 2003–2004, held ""bronze foundries, residences and burials"". The authors read the artisans as ""free from subsistence activities""."
F1.8,5,5,concepts & people,0.5,split,1:1.0 2:0.0 3:0.0 4:0.6 5:1.0,Probable (reading; finds documented),"Xiaomintun at Yinxu, dug 2003–2004, held ""bronze foundries, residences and burials"". The authors read the artisans as ""free from subsistence activities""."
F1.8,6,5,concepts & people,1.0,max,1:0.0 2:0.0 3:0.5 4:0.6 5:1.0,Documented,"The *Yingzao fashi*, ""the oldest extant Chinese technical manual on buildings"", was compiled by Li Jie in 1100 and published in 1103. Its 34 chapters set units, standards and ""standard estimates for labour works""."
F1.8,7,1,objects,1.0,max,1:4.0 2:3.0 3:0.0 4:0.6 5:2.0,Documented; reading interpretive,"Cleveland 1957.36, Jun ware, 1100s, Yuxian: milky-blue glaze with copper-rich purple splashes. Provenance: ""Men-chu Wang, Seller's no. 12"". Our reading: the kiln is a co-maker."
F1.8,8,1,objects,1.0,max,1:3.0 2:0.0 3:0.0 4:0.6 5:1.0,Documented,"In *sanggam*, potters etch dry clay, fill the cuts with black or white slip, then glaze and fire. By the mid-1100s celadon making had consolidated at Buan and Gangjin."
F1.8,9,1,objects,0.5,split,1:2.0 2:0.0 3:0.5 4:0.6 5:2.0,Documented,"Cleveland 1918.471 and 1918.458, Goryeo, 1300s: bought by Langdon Warner (1918.458 ""in Korea""); given by John L. Severance, 1918. No findspot."
F1.8,9,5,concepts & people,0.5,split,1:2.0 2:0.0 3:0.5 4:0.6 5:2.0,Documented,"Cleveland 1918.471 and 1918.458, Goryeo, 1300s: bought by Langdon Warner (1918.458 ""in Korea""); given by John L. Severance, 1918. No findspot."
F1.8,10,1,objects,0.5,split,1:2.0 2:0.0 3:2.0 4:0.6 5:1.0,Documented,"Cleveland: celadon ""were among the most common burial objects in tombs""; tombs were ""left untouched until the late 1800s""; in 1910–45 ""Japanese archaeologists competitively excavated the tombs located in Kaeseong"" for collectors."
F1.8,10,3,civilisations & places,0.5,split,1:2.0 2:0.0 3:2.0 4:0.6 5:1.0,Documented,"Cleveland: celadon ""were among the most common burial objects in tombs""; tombs were ""left untouched until the late 1800s""; in 1910–45 ""Japanese archaeologists competitively excavated the tombs located in Kaeseong"" for collectors."
F1.8,11,3,civilisations & places,1.0,max,1:0.0 2:0.0 3:4.0 4:0.6 5:0.0,Documented,"Korea's 1916 Regulations required finds reported, items registered and excavation permits; registered items needed inspection before export."
F1.8,12,1,objects,0.5,split,1:2.0 2:0.0 3:2.0 4:0.6 5:1.0,"Documented (NMK cites the *Goryeosa*, not opened; findspot n","NMK 증2346, a Goryeo celadon roof-end tile; the record gives no findspot. NMK cites the *Goryeosa*: in 1157 King Uijong roofed a pavilion with celadon tiles; finds at Manwoldae and a tile from a Sadang-ri kiln site support it. Sadang-ri's 1964–1977 digs yielded ""more than 100,000 celadon artifacts""."
F1.8,12,3,civilisations & places,0.5,split,1:2.0 2:0.0 3:2.0 4:0.6 5:1.0,"Documented (NMK cites the *Goryeosa*, not opened; findspot n","NMK 증2346, a Goryeo celadon roof-end tile; the record gives no findspot. NMK cites the *Goryeosa*: in 1157 King Uijong roofed a pavilion with celadon tiles; finds at Manwoldae and a tile from a Sadang-ri kiln site support it. Sadang-ri's 1964–1977 digs yielded ""more than 100,000 celadon artifacts""."
F1.8,13,4,events & timeline,1.0,max,1:0.0 2:0.0 3:2.0 4:2.6 5:2.0,"Documented (primary, online transcription; edition to confir","*Da Ming huidian*, juan 194: in 1393, fix the pattern and ""calculate labour and materials""; large orders bring artisans to the capital, small ones go to Raozhou and Chuzhou. In 1433 an official took the court's patterns to Raozhou to fire 443,500 pieces. No civil kilns are named."
F1.8,14,1,objects,1.0,max,1:2.0 2:0.0 3:0.0 4:0.6 5:0.0,Probable,"""Moulded by the imperial kiln, fired by the civil kilns"" (*guan da min shao*) was ""generally practised"" in 1522–1620 (Lü Chenglong). The deep dive's pairing with 1433 is dropped."
F1.8,15,4,events & timeline,1.0,max,1:0.0 2:0.0 3:0.0 4:0.6 5:0.0,"Documented (original, online transcription)","*Tiangong kaiwu* (1637): ""共計一坯工力，過手七十二，方克成器，其中微細節目尚不能盡也"": 72 hands, and the finer steps cannot all be listed."
F1.8,16,1,objects,0.5,split,1:3.0 2:0.0 3:2.5 4:0.6 5:1.0,Documented,"Cleveland 1962.154, Jingdezhen, Yuan: its cobalt ""was imported from Iran, likely from Kashan""; such wares served home use and overseas trade by the 1330s."
F1.8,16,3,civilisations & places,0.5,split,1:3.0 2:0.0 3:2.5 4:0.6 5:1.0,Documented,"Cleveland 1962.154, Jingdezhen, Yuan: its cobalt ""was imported from Iran, likely from Kashan""; such wares served home use and overseas trade by the 1330s."
F1.8,17,3,civilisations & places,1.0,max,1:2.0 2:0.0 3:3.5 4:0.6 5:0.0,Contested (both readings),"Earliest global commodity? A: Finlay's publisher, porcelain made ""arguably the first genuinely global culture"". B: Riello's reviewer, ""cotton textiles were probably the most traded commodity in the medieval and early modern world"". We write ""one of the earliest mass exports""."
F1.8,18,4,events & timeline,1.0,max,1:1.0 2:0.0 3:2.0 4:2.6 5:2.0,Documented; wording contested; our verb follows Korean sourc,"Korean potters were ""forcibly brought to Japan during the Imjin War (1592–1598)"" (Haimes). Korean state-funded sources say they were taken by force: the Northeast Asian History Foundation writes of potters and scholars ""조선에서 끌고 간"" (dragged from Joseon) and names the potter Yi Sam-pyeong (이삼평). The M"
F1.8,19,1,objects,1.0,max,1:2.0 2:0.0 3:0.5 4:0.6 5:1.0,Documented,"Rijksmuseum AK-NM-6464-A: made in Arita c. 1700–1720, decorated in the Netherlands c. 1710–1725. Chain: Jean Theodore Royer; William I, 1814; Royal Cabinet, 1816; Rijksmuseum, 1885. Public domain."
F1.8,20,1,objects,1.0,max,1:4.0 2:0.0 3:0.0 4:2.6 5:1.0,Documented; printing contested,"Met 30.47a–c, ca. 764–70: one of a million pagodas commissioned by Empress Shōtoku after the Emi rebellion, for ten temples. ""Likely"" printed from bronze plates; ""some scholars"" say woodblocks. Hōryūji gave 3,000 away in 1908."
F1.8,21,4,events & timeline,1.0,max,1:0.0 2:0.0 3:0.5 4:2.6 5:1.0,Contested (date; both given),"Era names began ""in 140 BCE, or more formally in 110 BCE"", and ended in 1912. Jingdezhen reign marks name a reign, not a maker."
F1.8,22,5,concepts & people,1.0,max,1:1.0 2:0.0 3:0.0 4:0.6 5:2.0,"Documented as state media's figures, 2025","People's Daily (19 July 2025): ten major factories closed around 2000; ""100,000 ceramic workers"" remained; over 100,000 young people came in a decade; ""60,000 Jingpiaos""; Taoxichuan picks 1,200 stallholders a month from over 4,000."
F1.8,23,5,concepts & people,1.0,max,1:0.0 2:0.0 3:0.5 4:0.6 5:2.0,Documented,"AFP (20 September 2023), citing Chinese media, gives 30,000 young urbanites in Jingdezhen in 2022. Makers: ""I am looking for meaning in my life"" (Chen Jia, 24); ""Many young people come here to reduce their anxiety"" (Anna, 39)."
F1.8,24,5,concepts & people,1.0,max,1:1.0 2:0.0 3:0.5 4:0.6 5:3.0,Documented,"Jingdezhen porcelain-making is on China's national ICH list (2006, Ⅷ-7), with 14 stages from quarrying to packing and named inheritors, including Cao Kaiyong (b. 1939) and Fu Changmin (b. 1968)."
F1.8,25,4,events & timeline,1.0,max,1:0.0 2:0.0 3:0.5 4:1.6 5:1.0,Documented (hanji pending),"Korea's hanji file (02264) awaits the 21st Committee, Xiamen, 30 November–5 December 2026. UNESCO's washi page (file 02291) reads ""Inscribed in 2025 (20.COM)""."
F1.9,1,5,concepts & people,1.0,interpretive flag,1:2.0 2:0.0 3:2.0 4:2.0 5:1.0,Interpretive,"The unit's framing: we read this world through cotton, which carries making, trade, law and loss. Bronze, painting and silk sit beside it. A reading, not a fact."
F1.9,2,1,objects,1.0,max,1:2.0 2:0.0 3:0.5 4:0.6 5:0.0,Documented,"Mineralised threads in a copper bead ""from a Neolithic burial (6th millennium bc) at Mehrgarh"" are cotton, ""the earliest known example of cotton in the Old World"". Our voice: in Afro-Asia."
F1.9,3,5,concepts & people,1.0,no match -> default 5,1:0.0 2:0.0 3:0.0 4:0.0 5:0.0,Documented,"*Gossypium arboreum* and *G. herbaceum*, ""cultivated for several millennia"", are independent domesticates; two American cottons were domesticated separately. Our term: Afro-Asian cottons."
F1.9,4,1,objects,1.0,max,1:4.0 2:0.0 3:2.0 4:0.6 5:2.0,Documented,"Cleveland 1929.845, 1200s–1300s, block printing on cotton, is catalogued ""Egypt, Mamluk sultanate (1250–1517)"". Its text: ""the Indian woodblock printing technique reached the Mamluk world""; the fish are ""an indigenous Egyptian design element""."
F1.9,5,1,objects,1.0,max,1:4.0 2:0.0 3:0.5 4:0.6 5:1.0,Documented,"Met 30.112.32, 13th–14th century, ""block-printed, mordant dyed"" cotton, was ""produced in Gujarat, India"" and found in Fustat; bought 1930."
F1.9,6,1,objects,0.5,split,1:2.0 2:0.0 3:2.0 4:0.6 5:0.0,Documented,"Gujarati printed cottons ""discovered in deposits in Egypt"" date from the Fatimid to the Mamluk periods (10th to early 16th centuries); similar cottons reached Indonesia. The Met: most ""were found near grave sites and treasuries around Fustat""."
F1.9,6,3,civilisations & places,0.5,split,1:2.0 2:0.0 3:2.0 4:0.6 5:0.0,Documented,"Gujarati printed cottons ""discovered in deposits in Egypt"" date from the Fatimid to the Mamluk periods (10th to early 16th centuries); similar cottons reached Indonesia. The Met: most ""were found near grave sites and treasuries around Fustat""."
F1.9,7,4,events & timeline,1.0,max,1:0.0 2:0.0 3:0.5 4:2.6 5:0.0,Documented (his claim),"Chaudhury: Bengal textiles held ""an indisputable supremacy in the world market for centuries before the invasion of the machine-made fabrics in the early nineteenth century""."
F1.9,8,5,concepts & people,1.0,interpretive flag,1:2.0 2:0.0 3:0.5 4:0.6 5:1.0,Interpretive,"Our reading: Indian cotton was one of the earliest mass exports, made for buyers who never met its makers. Porcelain is the other candidate (F1.8)."
F1.9,9,1,objects,0.5,split,1:1.0 2:0.0 3:0.5 4:0.6 5:1.0,Documented,"Ben Yiju's account, written in Yemen about 1140–43 (T-S 8 J7, f. 23), mentions ""bronze vessels manufactured in India"". The editors refer to ""Ben Yiju's bronze factory"" there."
F1.9,9,5,concepts & people,0.5,split,1:1.0 2:0.0 3:0.5 4:0.6 5:1.0,Documented,"Ben Yiju's account, written in Yemen about 1140–43 (T-S 8 J7, f. 23), mentions ""bronze vessels manufactured in India"". The editors refer to ""Ben Yiju's bronze factory"" there."
F1.9,10,5,concepts & people,1.0,max,1:0.0 2:0.0 3:0.5 4:0.0 5:1.0,Probable (secondary quotation; Blochmann 1873 unread),"Abu'l Fazl: ""Skilful masters and workmen have settled in this country""; ""the imperial workshops, the towns of Lahore, Agra, Fatehpur, Ahmadabad, Gujarat, turn out many master-pieces of workmanship."""
F1.9,11,1,objects,1.0,max,1:4.0 2:0.0 3:0.0 4:0.6 5:1.0,Documented,"Met 24.48.1, ca. 1570, ""ink, opaque watercolor, and gold on cloth"", a Hamzanama folio, is ""attributed to Dasavanta"" and ""attributed to Mithra"". The Met: the ""earliest product"" of Akbar's atelier, about fifteen years in the making."
F1.9,12,1,objects,0.5,split,1:2.0 2:0.0 3:0.0 4:0.6 5:2.0,Documented,"Cleveland 1930.331, Nataraja, 1000s, Tamil Nadu, Chola period: first link C. T. Loo, sold to Cleveland in 1930; no temple named. Cleveland 1961.94, Shiva and Parvati, c. 1020–40: first link William H. Wolff, sold 1961."
F1.9,12,5,concepts & people,0.5,split,1:2.0 2:0.0 3:0.0 4:0.6 5:2.0,Documented,"Cleveland 1930.331, Nataraja, 1000s, Tamil Nadu, Chola period: first link C. T. Loo, sold to Cleveland in 1930; no temple named. Cleveland 1961.94, Shiva and Parvati, c. 1020–40: first link William H. Wolff, sold 1961."
F1.9,13,4,events & timeline,1.0,max,1:2.0 2:0.0 3:0.5 4:2.6 5:2.0,Documented,"The NGA bought a Shiva Nataraja from Art of the Past, New York, in February 2008 for US$5 million. It reached Canberra ""for inspection"" in November 2007. In August 2008 police learned a bronze Shiva was missing from Sripuranthan. Australia handed it to India on 5 September 2014."
F1.9,14,4,events & timeline,1.0,max,1:0.0 2:0.0 3:0.5 4:2.6 5:1.0,Documented (the case number); probable (the 2006 start),"Crime No. 133/2008 at Vikramangalam police station concerns the theft of eight idols from Sri Puranthan (Madras High Court, 3 April 2012). That the thefts began in January 2006, and that Archaeological Survey of India officials found them missing in 2008, rests on an encyclopaedia."
F1.9,15,4,events & timeline,1.0,max,1:0.0 2:0.0 3:0.0 4:2.6 5:1.0,Documented,A Kumbakonam trial court convicted Subhash Kapoor on 1 November 2022 over 19 idols; ten years. Whether this includes Sripuranthan is not stated.
F1.9,16,4,events & timeline,0.5,split,1:1.0 2:0.0 3:2.5 4:2.6 5:1.0,Documented,India's Antiquities and Art Treasures Act 1972 took effect on 5 April 1976. It covers objects at least 100 years old; only the central government or its agency may export them.
F1.9,16,3,civilisations & places,0.5,split,1:1.0 2:0.0 3:2.5 4:2.6 5:1.0,Documented,India's Antiquities and Art Treasures Act 1972 took effect on 5 April 1976. It covers objects at least 100 years old; only the central government or its agency may export them.
F1.9,17,1,objects,1.0,max,1:4.0 2:0.0 3:2.5 4:0.6 5:1.0,Documented,"Met 2012.164, ""Patolu with Elephant Design"", late 18th century, silk double ikat, ""India (Gujarat) for the Indonesian market"". Patola were Dutch ""prestige gifts for local Indonesian rulers"" in the Maluku spice trade."
F1.9,18,1,objects,1.0,max,1:1.0 2:0.0 3:0.5 4:0.0 5:0.0,Documented,"Consumers in the Indonesian archipelago ""preferred beautiful Indian cottons (used in religious ceremonies) over silver in exchange for spices."""
F1.9,19,1,objects,1.0,max,1:2.0 2:0.0 3:0.0 4:0.6 5:0.0,Documented,"Freer F2025.1.2, an 18th-century patola, ""purportedly descended"" in a royal family in Sumba or nearby islands. It passed through a salesman in Bali in 2018; given 2025. Image: ""Usage Conditions Apply""."
F1.9,20,1,objects,1.0,max,1:3.0 2:0.0 3:2.0 4:0.6 5:1.0,Documented,"Rijksmuseum BK-1980-126, ""Chintz with Garlands and Bouquets"", Coromandel Coast, c. 1775, resist-dye painted cotton, maker anonymous. A wall covering in European taste, probably never hung; bought 1980; public domain."
F1.9,21,1,objects,1.0,max,1:3.0 2:0.0 3:0.0 4:0.6 5:1.0,Documented,"7 Geo. I c. 7 (1721) prohibited ""the use and wear of all printed, painted, stained, or dyed callicoes, in apparel, houshold-stuff, furniture"". It took effect after 25 December 1722, to protect wool and silk."
F1.9,22,1,objects,0.5,split,1:3.0 2:0.0 3:2.5 4:0.6 5:1.0,Contested (both readings),"What machine cloth did, two readings. Decline: India ""had lost all of its export market and much of its domestic market"" by the mid-19th century (Clingingsmith and Williamson, 2004). Survival: handloom weavers held on through cheaper mill yarn and higher-value cloth (Harnetty, 1991)."
F1.9,22,3,civilisations & places,0.5,split,1:3.0 2:0.0 3:2.5 4:0.6 5:1.0,Contested (both readings),"What machine cloth did, two readings. Decline: India ""had lost all of its export market and much of its domestic market"" by the mid-19th century (Clingingsmith and Williamson, 2004). Survival: handloom weavers held on through cheaper mill yarn and higher-value cloth (Harnetty, 1991)."
F1.9,23,1,objects,0.5,split,1:3.0 2:0.0 3:0.0 4:0.6 5:3.0,Documented,"Jamdani (UNESCO, 2013) uses ""the discontinuous weft technique"" on ""a handloom"" and is ""principally transmitted by parents to children in home workshops"". Met 2019.452.4, a Dacca jamdani, is dated ""19th–early 20th century""."
F1.9,23,5,concepts & people,0.5,split,1:3.0 2:0.0 3:0.0 4:0.6 5:3.0,Documented,"Jamdani (UNESCO, 2013) uses ""the discontinuous weft technique"" on ""a handloom"" and is ""principally transmitted by parents to children in home workshops"". Met 2019.452.4, a Dacca jamdani, is dated ""19th–early 20th century""."
F1.9,24,1,objects,0.5,split,1:1.0 2:0.0 3:0.0 4:0.6 5:1.0,"Documented (holder's own words, reported)","A 2024 report on a Rupganj jamdani workshop quotes one of its weavers on seeing his work worn; his words are linked, not reproduced, until the workshop agrees (AR-051). The workshop employs 120 weavers; the finest jamdanis take up to six months."
F1.9,24,5,concepts & people,0.5,split,1:1.0 2:0.0 3:0.0 4:0.6 5:1.0,"Documented (holder's own words, reported)","A 2024 report on a Rupganj jamdani workshop quotes one of its weavers on seeing his work worn; his words are linked, not reproduced, until the workshop agrees (AR-051). The workshop employs 120 weavers; the finest jamdanis take up to six months."
F1.9,25,1,objects,1.0,max,1:4.0 2:0.0 3:0.5 4:1.6 5:2.0,"Documented (record); UNESCO year from the decision index, pa","Cooper Hewitt 1961-115-27, a 19th-century kain panjang, cotton, ""wax resist dyeing (batik) on plain weave"", Indonesia; image public domain. Indonesian Batik was inscribed by UNESCO in 2009 (decision 4.COM 13.44)."
F1.9a,1,5,concepts & people,1.0,interpretive flag,1:1.0 2:0.0 3:0.0 4:0.0 5:1.0,Interpretive,"Framing: we read West Asia's making through its accounts, and each object through two accounts, what it records and how it reached us."
F1.9a,2,1,objects,0.5,split,1:2.0 2:0.0 3:0.0 4:0.6 5:2.0,Documented,"Met 1988.433.2: ""administrative account concerning the distribution of barley and emmer"", ca. 3100–2900 BCE, Jemdet Nasr. Its sibling 1988.433.1 also accounts for barley."
F1.9a,2,5,concepts & people,0.5,split,1:2.0 2:0.0 3:0.0 4:0.6 5:2.0,Documented,"Met 1988.433.2: ""administrative account concerning the distribution of barley and emmer"", ca. 3100–2900 BCE, Jemdet Nasr. Its sibling 1988.433.1 also accounts for barley."
F1.9a,3,5,concepts & people,1.0,max,1:0.0 2:0.0 3:0.5 4:0.6 5:1.0,Contested,"Reading one: writing was invented independently in Mesopotamia, Egypt, China and Mesoamerica; Egypt's earliest, at Abydos tomb U-j, dates to 3320 BCE. Reading two: Egypt may have taken the idea from Mesopotamian contact."
F1.9a,4,1,objects,1.0,max,1:2.0 2:0.0 3:0.5 4:0.6 5:1.0,Documented,"Walters 48.1767, Umma, year 37 of Shulgi: nearly 20,000 temple workers in 24 columns. Kelekian; Henry Walters, 1912."
F1.9a,5,1,objects,1.0,max,1:3.0 2:0.0 3:0.0 4:0.6 5:1.0,Documented,"Walters 41.219, red stone, ca. 3100–2900 BCE, records a land transfer of one bur'u (about 157 acres). Henry Walters by 1909."
F1.9a,6,5,concepts & people,1.0,max,1:0.0 2:0.0 3:0.5 4:0.6 5:1.0,Documented (the consensus identification),"Magan is the Oman peninsula, today Oman and the UAE; the name is Mesopotamian. The Umm an-Nar period (c. 2600–2000 BCE) is named for an island by Abu Dhabi; the Hafit period is c. 3200–2600 BCE."
F1.9a,7,3,civilisations & places,1.0,max,1:1.0 2:0.0 3:1.5 4:0.6 5:0.0,Documented,"Al Ain's World Heritage site (2011) holds Hafit's stone tombs (ca. 2500 BCE) and, at Hili, ""one of the oldest examples"" of aflaj, from the Iron Age."
F1.9a,8,3,civilisations & places,1.0,max,1:0.0 2:0.0 3:2.5 4:0.0 5:1.0,Probable (Frayne 1993 read only as quoted),"A later copy of Sargon's inscription says he moored ""the ships of Meluhha, Magan, and Tilmun"" at Agade."
F1.9a,9,1,objects,1.0,max,1:1.0 2:0.0 3:0.5 4:0.0 5:0.0,Documented,"Lead isotopes tie Sumerian copper partly to Oman's ores; Mesopotamia also drew on Anatolia, Iran, Faynan and northwest India."
F1.9a,10,3,civilisations & places,1.0,max,1:1.0 2:0.0 3:2.0 4:0.6 5:1.0,Documented,"BM 131236, 1750 BCE: ""letter from Nanni to Ea-nasir complaining that the wrong grade of copper ore has been delivered after a gulf voyage"". Excavated by Woolley at Ur; acquired by ""Division of Finds from the Department of Antiquities of Iraq""."
F1.9a,11,1,objects,1.0,max,1:2.0 2:0.0 3:0.0 4:0.6 5:1.0,Contested,"Reading one: Belovode's smelting, ""c. 7000 years ago"", is ""the earliest documented proof of pyrometallurgical copper extraction"", against a single origin. Reading two: Iranian evidence (Tal-i Iblis, INV077) is close in date."
F1.9a,12,1,objects,1.0,max,1:2.0 2:0.0 3:0.0 4:0.6 5:1.0,Documented,"Met 66.245.11, ""private letter concerning consignment of textiles"", ca. 20th–19th century BCE, ""probably from Kültepe (Karum Kanesh)""; gift of J. J. Klejman, 1966."
F1.9a,13,5,concepts & people,1.0,max,1:0.0 2:0.0 3:0.0 4:0.0 5:1.0,Documented,"Assur women wove textiles for Kanesh, about 25 a year in one household, and wrote letters. Lamassī: ""I couldn't send you the textiles you asked for."""
F1.9a,14,5,concepts & people,1.0,max,1:1.0 2:0.0 3:1.5 4:0.6 5:2.0,Contested,"Proto-Elamite tablets record state transactions and remain undeciphered. Reading one: Desset and colleagues deciphered Linear Elamite (2022). Reading two: Dahl (2023) saw ""shallow graphical similarities"". The work used Mahboubian silver vessels said to come from ""commercial excavations""."
F1.9a,15,1,objects,1.0,max,1:3.0 2:0.0 3:0.0 4:0.6 5:1.0,Documented,"Met 66.173, silver kneeling bull, Proto-Elamite, ca. 3100–2900 BCE, southwestern Iran; bought 1966."
F1.9a,16,1,objects,0.5,split,1:2.0 2:0.0 3:2.0 4:0.6 5:1.0,Documented,"Met 36.30.62, Achaemenid Elamite, ca. 500 BCE: ""205 head of small livestock … allocation by Hinduš balance of the 21st year"". Excavated 1935 at Qasr-i Abu Nasr; ""ceded in the division of finds"", 1936. Like the Persepolis Fortification Archive (over 15,000 tablets, 509–493 BCE)."
F1.9a,16,3,civilisations & places,0.5,split,1:2.0 2:0.0 3:2.0 4:0.6 5:1.0,Documented,"Met 36.30.62, Achaemenid Elamite, ca. 500 BCE: ""205 head of small livestock … allocation by Hinduš balance of the 21st year"". Excavated 1935 at Qasr-i Abu Nasr; ""ceded in the division of finds"", 1936. Like the Persepolis Fortification Archive (over 15,000 tablets, 509–493 BCE)."
F1.9a,17,4,events & timeline,1.0,max,1:0.0 2:0.0 3:1.5 4:2.6 5:0.0,Documented,The French monopoly on excavation in Iran ended in 1930; partage then divided finds between sponsor and host.
F1.9a,18,4,events & timeline,1.0,max,1:0.0 2:0.0 3:0.5 4:2.6 5:2.0,"Documented (archive size differs: over 15,000 tablets, or ab","Iran lent the Persepolis tablets to Chicago's Oriental Institute in 1936. US citizens wounded in a 1997 Hamas suicide bombing in Jerusalem, and relatives of the injured, held a judgment against Iran and sought to seize them. On 21 February 2018 the US Supreme Court ruled 8–0 that the provision they "
F1.9a,19,1,objects,0.5,split,1:2.0 2:0.0 3:1.5 4:0.6 5:2.0,Documented; interpretive (reading),"Only ""a small percentage"" of Luristan bronzes were excavated. Cleveland 1961.33 names two owners, undated. Our reading: many antiquities came through the market, Luristan above all; others by partage."
F1.9a,19,5,concepts & people,0.5,split,1:2.0 2:0.0 3:1.5 4:0.6 5:2.0,Documented; interpretive (reading),"Only ""a small percentage"" of Luristan bronzes were excavated. Cleveland 1961.33 names two owners, undated. Our reading: many antiquities came through the market, Luristan above all; others by partage."
F1.9a,20,3,civilisations & places,1.0,max,1:1.0 2:0.0 3:2.0 4:0.6 5:0.0,Documented,"Glass tubes and bottles from Avigad's 1971 Jerusalem excavation, about 50–40 BCE, are ""the earliest reasonably closely datable evidence of glassblowing""."
F1.9a,21,1,objects,1.0,max,1:3.0 2:0.0 3:0.0 4:0.6 5:1.0,Documented; probable (Sidon),"The Met credits Ennion on jug 17.194.226, first half of the 1st century CE. He probably worked at Sidon. Surviving pieces: 26 intact or near-intact (Lightfoot) or about fifty. Among the earliest named glass-blowers."
F1.9a,22,1,objects,0.5,split,1:1.0 2:0.0 3:0.5 4:0.6 5:1.0,Documented,"Nineveh's 7th-century BCE glass texts give recipes for coloured glass and a four-chambered kiln, naming no glassmaker. KAR 220 (13th century BCE) names ""Tappūtī-Bēlat-Ekalle, the perfume-maker""."
F1.9a,22,5,concepts & people,0.5,split,1:1.0 2:0.0 3:0.5 4:0.6 5:1.0,Documented,"Nineveh's 7th-century BCE glass texts give recipes for coloured glass and a four-chambered kiln, naming no glassmaker. KAR 220 (13th century BCE) names ""Tappūtī-Bēlat-Ekalle, the perfume-maker""."
F1.9a,23,5,concepts & people,1.0,max,1:0.0 2:0.0 3:0.0 4:0.6 5:1.0,Documented; probable (*ḫrṣ*),"South Arabian palm-stalk documents, early 1st millennium BCE to the 6th century CE, hold letters, accounts, contracts and quittances signed by witnesses; most come from Nashshān (as-Sawdāʾ), found by local people in the 1970s. Weimar reads the Sabaic tax term *ḫrṣ* as allotments for service."
F1.9a,24,1,objects,0.5,split,1:1.0 2:0.0 3:0.5 4:0.6 5:1.0,Contested,"Reading one (UNESCO, Oman, 2006): aflaj origins ""may date back to AD 500"", with irrigation ""as early as 2500 BC"". Reading two (UNESCO, Al Ain, 2011; INV137): Hili's aflaj are Iron Age. Iranian priority is also argued (TEC220)."
F1.9a,24,5,concepts & people,0.5,split,1:1.0 2:0.0 3:0.5 4:0.6 5:1.0,Contested,"Reading one (UNESCO, Oman, 2006): aflaj origins ""may date back to AD 500"", with irrigation ""as early as 2500 BC"". Reading two (UNESCO, Al Ain, 2011; INV137): Hili's aflaj are Iron Age. Iranian priority is also argued (TEC220)."
F1.9a,25,5,concepts & people,1.0,max,1:0.0 2:0.0 3:0.0 4:0.6 5:1.0,Documented,"A falaj day has 48 *athar*, 24 by day and 24 by night; a wakil runs it, and Al-Ghafri lists a banker (*qabidh* or *amin al-daftar*) among its staff. In Buraimi in 2018, volunteers cleaned a falaj dry for 15 years: ""With the help of elders our dream came true"" (Talib Al Jabri)."
F1.10,1,5,concepts & people,1.0,interpretive flag,1:0.0 2:0.0 3:2.0 4:0.0 5:1.0,Interpretive,"Framing: we read the Islamic world as a network of routes, and its making through who paid (often an endowment) and who carried."
F1.10,2,1,objects,0.5,split,1:1.0 2:0.0 3:0.0 4:0.6 5:1.0,Contested (both readings),"Reading one: a distinct ""Islamic"" tradition is ""a product of late nineteenth- and twentieth-century Western scholarship""; much of it was not made ""by Muslims for purposes of the faith"" (Blair and Bloom, 2003). Reading two: the Met defines it as art for the faith and art ""produced in the lands ruled "
F1.10,2,5,concepts & people,0.5,split,1:1.0 2:0.0 3:0.0 4:0.6 5:1.0,Contested (both readings),"Reading one: a distinct ""Islamic"" tradition is ""a product of late nineteenth- and twentieth-century Western scholarship""; much of it was not made ""by Muslims for purposes of the faith"" (Blair and Bloom, 2003). Reading two: the Met defines it as art for the faith and art ""produced in the lands ruled "
F1.10,3,1,objects,1.0,max,1:3.0 2:0.0 3:0.5 4:0.6 5:1.0,Documented,"Met 90.5.902, a cover with four trees of life, linen and wool, 4th–5th century, is catalogued ""Egypt"", not ""Coptic""; gift of George F. Baker, 1890."
F1.10,4,5,concepts & people,1.0,interpretive flag,1:1.0 2:0.0 3:0.0 4:0.6 5:1.0,Interpretive (naming rule),"Our rule: ""late antique Egyptian weavers""; ""Coptic"" only for Christian work. The canon's own note: the museum label is ""a period label, not a community attribution"" (COM001)."
F1.10,5,1,objects,1.0,max,1:5.0 2:0.0 3:2.0 4:0.6 5:1.0,Documented (re-read 3 Oct 2026: the quotation corrected from,"Walters 83.543, a tiraz fragment, early 10th century, linen with silk embroidery, was ""woven in an official factory"". The Walters gives Egypt as its place of origin and Iran as its place of discovery; no site is named. Maurice Nahman (Cairo and Paris), then Henry Walters, 1928."
F1.10,6,1,objects,1.0,max,1:1.0 2:0.0 3:0.5 4:0.6 5:0.0,Documented (Bloom's sentence re-read 3 Oct 2026; the year 79,"The earliest documented paper mill in the Islamic world was in Baghdad, 794–95. Bloom: ""Papermaking was begun in Baghdad itself by the late 8th century."""
F1.10,7,1,objects,1.0,max,1:1.0 2:0.0 3:0.5 4:0.6 5:0.0,Documented,"Central Asia had paper before Baghdad: it ""had been known—and made—in Central Asia for centuries"". The Talas story is told as legend in F1.27 and F1.30a."
F1.10,8,3,civilisations & places,1.0,max,1:0.0 2:0.0 3:2.5 4:0.0 5:0.0,Documented,"""From Iraq, papermaking was carried to Syria, then Egypt, across North Africa to Morocco and eventually to Spain."""
F1.10,9,1,objects,1.0,max,1:3.0 2:0.0 3:0.5 4:0.6 5:1.0,Documented,"Walters W.591, a book on logic on laid paper, Bursa, 918 AH/1512, made for Selim I's library. Beshir Agha's waqf seal is dated 1130 AH/1717, with shelfmark 419; his ex libris is dated 1745. Henry Walters: ""date and mode of acquisition unknown""; the Walters, 1931."
F1.10,10,4,events & timeline,1.0,max,1:0.0 2:0.0 3:2.0 4:2.6 5:1.0,Documented,"Beshir Agha (about 1657–1746) was ""enslaved in his native Ethiopia as a boy, then castrated in Egypt""; the libraries he founded ""helped to shape the religious and intellectual profile of the Ottoman state"" (Hathaway, 2005)."
F1.10,11,4,events & timeline,1.0,max,1:0.0 2:0.0 3:0.5 4:2.6 5:1.0,Probable (the deep dive read it; only the thesis title re-co,"Mamluk endowment deeds (13th–16th centuries) name builders and other workers appointed to maintain endowed buildings, set their duties and wages, and were enforced through the judge's court."
F1.10,12,5,concepts & people,1.0,interpretive flag,1:0.0 2:0.0 3:0.0 4:0.6 5:1.0,Interpretive,"Our reading: endowment deeds are one of the richest records of named building workers before 1600, beside Deir el-Medina, guild rolls and the *Yingzao Fashi*."
F1.10,13,1,objects,1.0,max,1:1.0 2:0.0 3:0.0 4:0.6 5:0.0,Documented,"LOC 2017657142, ""Kairo, Mosquée Sultan Hassan"", photochrom, Photoglob Co., about 1890–1910: ""No known restrictions on publication."""
F1.10,14,1,objects,1.0,max,1:3.0 2:0.0 3:0.5 4:0.6 5:1.0,Documented (holder's reading),"Cleveland 1944.236, mosque lamp, Iznik, 1585–95: ""it is likely that its primary function was not illumination""; it hung ""in a mosque or mausoleum"". Heeramaneck Galleries, then Cleveland, 1944."
F1.10,15,1,objects,0.5,split,1:3.0 2:0.0 3:2.5 4:2.6 5:1.0,Probable (holder's reading),"Cleveland 1995.17, dish, Iznik, c. 1535–40: the artichoke design ""was likely inspired by luxury Italian textiles imported into the Ottoman court""."
F1.10,15,4,events & timeline,0.5,split,1:3.0 2:0.0 3:2.5 4:2.6 5:1.0,Probable (holder's reading),"Cleveland 1995.17, dish, Iznik, c. 1535–40: the artichoke design ""was likely inspired by luxury Italian textiles imported into the Ottoman court""."
F1.10,16,1,objects,0.5,split,1:1.0 2:0.0 3:0.5 4:0.6 5:1.0,Documented,"CUL Or.1080 J95: ""Accounts of Avraham Ibn Yiju's workshop for bronze vessels, India 1132-1139, 1145-1149"", in his hand. Ben Yiju was a Jewish trader from al-Mahdiyya, Tunisia (Goitein and Friedman, 2008)."
F1.10,16,5,concepts & people,0.5,split,1:1.0 2:0.0 3:0.5 4:0.6 5:1.0,Documented,"CUL Or.1080 J95: ""Accounts of Avraham Ibn Yiju's workshop for bronze vessels, India 1132-1139, 1145-1149"", in his hand. Ben Yiju was a Jewish trader from al-Mahdiyya, Tunisia (Goitein and Friedman, 2008)."
F1.10,17,1,objects,1.0,max,1:4.0 2:0.0 3:0.5 4:0.6 5:1.0,Documented,"Cleveland 1915.581, footed bowl, ""Iran, probably Kashan"", late 1100s–early 1200s, pierced fritware with underglaze painting. Its shape ""is derived from Iranian metal bowls"". Kelekian, then Cleveland, 1915."
F1.10,18,1,objects,0.5,split,1:1.0 2:0.0 3:0.5 4:0.6 5:1.0,Probable (the authors' own hedge; read 3 Oct 2026 in the dis,"Cobalt went east from Iran to Jingdezhen. Jiang et al., ""Early globalized industrial chain revealed by residual submicron pigment particles…"" (PNAS, 2020), propose that ores from the Anarak mining district, ""rather than those originating from Qamsar, Kashan as previously thought"", ""might have served"
F1.10,18,5,concepts & people,0.5,split,1:1.0 2:0.0 3:0.5 4:0.6 5:1.0,Probable (the authors' own hedge; read 3 Oct 2026 in the dis,"Cobalt went east from Iran to Jingdezhen. Jiang et al., ""Early globalized industrial chain revealed by residual submicron pigment particles…"" (PNAS, 2020), propose that ores from the Anarak mining district, ""rather than those originating from Qamsar, Kashan as previously thought"", ""might have served"
F1.10,19,3,civilisations & places,0.5,split,1:2.0 2:0.0 3:2.5 4:0.6 5:0.0,Documented,"""From the 13th to the 16th century, the merchants of Kilwa dealt in gold, silver, pearls, perfumes, Arabian crockery, Persian earthenware and Chinese porcelain."" The Great Mosque's vaults are ""some decorated with embedded Chinese porcelain""."
F1.10,19,1,objects,0.5,split,1:2.0 2:0.0 3:2.5 4:0.6 5:0.0,Documented,"""From the 13th to the 16th century, the merchants of Kilwa dealt in gold, silver, pearls, perfumes, Arabian crockery, Persian earthenware and Chinese porcelain."" The Great Mosque's vaults are ""some decorated with embedded Chinese porcelain""."
F1.10,20,1,objects,1.0,max,1:3.0 2:0.0 3:0.5 4:0.6 5:2.0,Documented,"Cleveland 1981.10, mosque lamp, France, late 1800s, was in Philippe-Joseph Brocard's collection; ""it is possible that it was made by him"". Brocard ""produced many lamp reproductions"". Cleveland 1944.488, bottle, Europe, c. 1900, names the Mamluk sultan Muhammad ibn Qala'un; 1944.235, ""Ceremonial Spit"
F1.10,21,1,objects,1.0,max,1:2.0 2:0.0 3:0.5 4:0.6 5:0.0,Documented,"Brooklyn 21.484 was tested by XRF, SEM–EDS and Raman. It ""can now be identified as a Mamluk example""; its foot is a later addition (Salvant et al., *Heritage Science*, 2016)."
F1.10,22,4,events & timeline,1.0,max,1:0.0 2:0.0 3:0.0 4:1.6 5:1.0,Documented,"Arabic calligraphy was inscribed in 2021 (16.COM 8.b.35), on the file of 16 states. Tools: reed qalam; ink of ""honey, black soot and saffron"". Skills pass ""informally or through formal schools or apprenticeships""; spray paint serves calligraffiti."
F1.10,23,3,civilisations & places,0.5,split,1:0.0 2:0.0 3:2.0 4:0.6 5:2.0,"Documented (own words, linked)","Yushaa Abdullah, a calligrapher in Nigeria, describes in a 2021 interview how an invitation from IRCICA took him to study with Hasan Çelebi from December 2007. We link the interview and do not reproduce his words until the consent route (section 9) has been used (AR-062)."
F1.10,23,5,concepts & people,0.5,split,1:0.0 2:0.0 3:2.0 4:0.6 5:2.0,"Documented (own words, linked)","Yushaa Abdullah, a calligrapher in Nigeria, describes in a 2021 interview how an invitation from IRCICA took him to study with Hasan Çelebi from December 2007. We link the interview and do not reproduce his words until the consent route (section 9) has been used (AR-062)."
F1.10,24,5,concepts & people,1.0,max,1:1.0 2:0.0 3:0.5 4:0.6 5:3.0,Documented,"The Gulf's two shores in UNESCO's lists: ""Traditional skills of building and sailing Iranian Lenj boats in the Persian Gulf"" (Iran, Urgent Safeguarding, 2011, 6.COM 8.10). Al Sadu weaving (UAE): Urgent Safeguarding 2011, Representative List 2025 (20.COM 7.c.1). Its safeguarding programme (2011–2023)"
F1.10,25,4,events & timeline,1.0,max,1:0.0 2:0.0 3:0.5 4:0.6 5:0.0,Documented,"""Pearling, Testimony of an Island Economy"" (Bahrain, 2012, criterion iii): seventeen buildings in Muharraq, three oyster beds, part of the seashore and Qal'at Bu Mahir. Pearling ""dominated the Gulf economy (2nd century to the 1930s, when Japan developed cultured pearls)""."
F1.11,1,5,concepts & people,1.0,interpretive flag,1:0.0 2:0.0 3:0.0 4:0.0 5:1.0,Interpretive,"The unit's framing: Europe is one world of making among several, read through the guild, a written rule for who may make, how they learn and what they may sell. A reading, not a fact."
F1.11,2,1,objects,0.5,split,1:2.0 2:0.0 3:0.5 4:0.6 5:2.0,"Documented (re-read 3 Oct 2026; ""John Bateman"" is not on the","Cleveland 1927.433, Attic black-figure amphora, c. 530–520 BCE, attributed to ""The Bateman Group, manner of Lysippides Painter"", a modern name. Chain: ""Bateman Collection, London""; C. Fongoli and G. Egidi, Florence; Cleveland, 1927."
F1.11,2,5,concepts & people,0.5,split,1:2.0 2:0.0 3:0.5 4:0.6 5:2.0,"Documented (re-read 3 Oct 2026; ""John Bateman"" is not on the","Cleveland 1927.433, Attic black-figure amphora, c. 530–520 BCE, attributed to ""The Bateman Group, manner of Lysippides Painter"", a modern name. Chain: ""Bateman Collection, London""; C. Fongoli and G. Egidi, Florence; Cleveland, 1927."
F1.11,3,1,objects,1.0,max,1:4.0 2:0.0 3:0.0 4:0.6 5:1.0,Documented,"Met 31.11.10, lekythos, Amasis Painter, ca. 550–530 BCE: ""two women work at an upright loom"", three ""weigh wool"", four ""spin wool into yarn"". Fletcher Fund, 1931."
F1.11,4,5,concepts & people,1.0,max,1:0.0 2:0.0 3:0.5 4:0.0 5:1.0,Documented (a signature: the Louvre records one painted sign,"Lydos signed two vases ""ho Lydos"", ""the Lydian"": a Lydian who came to Athens, or a son of Lydian parents. Whether he was free is not recorded."
F1.11,5,1,objects,0.5,split,1:2.0 2:0.0 3:0.0 4:0.6 5:2.0,Documented,"Cleveland 1970.16, neck-amphora, 515–510 BCE, Painter of Berlin 1899. Provenance: Cleveland ""(1970–present)"" only; accessioned 9 March 1970."
F1.11,5,5,concepts & people,0.5,split,1:2.0 2:0.0 3:0.0 4:0.6 5:2.0,Documented,"Cleveland 1970.16, neck-amphora, 515–510 BCE, Painter of Berlin 1899. Provenance: Cleveland ""(1970–present)"" only; accessioned 9 March 1970."
F1.11,6,3,civilisations & places,1.0,max,1:1.0 2:0.0 3:4.0 4:0.0 5:1.0,Documented (carried from F1.23),"Red-gloss pottery was mass-produced in several parts of the Roman empire and exported across it. Stamps name people in production, including enslaved and freed workers; the largest Arretine firms had dozens of potters."
F1.11,7,1,objects,0.5,split,1:1.0 2:0.0 3:0.5 4:0.6 5:1.0,Documented (the reading is the holder's),"A bowl from the Kops Plateau, Nijmegen, 10 BCE–10 CE, is stamped ""VILIS"", read as Utilis of Lyon. Its graffito names a cavalry *turma* under Rufus. The holder: ""Felix is een veel voorkomende naam bij slaven, maar kan ook 'gelukkig' betekenen."""
F1.11,7,5,concepts & people,0.5,split,1:1.0 2:0.0 3:0.5 4:0.6 5:1.0,Documented (the reading is the holder's),"A bowl from the Kops Plateau, Nijmegen, 10 BCE–10 CE, is stamped ""VILIS"", read as Utilis of Lyon. Its graffito names a cavalry *turma* under Rufus. The holder: ""Felix is een veel voorkomende naam bij slaven, maar kan ook 'gelukkig' betekenen."""
F1.11,8,3,civilisations & places,0.5,split,1:2.0 2:0.0 3:2.5 4:0.6 5:1.0,"Probable (scholarly encyclopedia, *Encyclopaedia of the Hell","The Book of the Eparch has 22 chapters on Constantinople's guilds, among them notaries, jewellers, money changers, dealers in clothing and perfume, and bakers; several chapters cover the silk trade, so counts of trades differ (19 in the encyclopedia first used). Its full text survives in a 14th-cent"
F1.11,8,1,objects,0.5,split,1:2.0 2:0.0 3:2.5 4:0.6 5:1.0,"Probable (scholarly encyclopedia, *Encyclopaedia of the Hell","The Book of the Eparch has 22 chapters on Constantinople's guilds, among them notaries, jewellers, money changers, dealers in clothing and perfume, and bakers; several chapters cover the silk trade, so counts of trades differ (19 in the encyclopedia first used). Its full text survives in a 14th-cent"
F1.11,9,1,objects,0.5,split,1:1.0 2:0.0 3:0.5 4:0.6 5:1.0,Contested (both readings),"Its date, two readings: Leo VI, whose name and the date 911/912 head the title and preamble in a second manuscript (Istanbul, Metochion Taphou 25); or a text compiled or interpolated under Nikephoros II (963–69), because the Geneva text names the tetarteron coin (Hendy, 1972)."
F1.11,9,5,concepts & people,0.5,split,1:1.0 2:0.0 3:0.5 4:0.6 5:1.0,Contested (both readings),"Its date, two readings: Leo VI, whose name and the date 911/912 head the title and preamble in a second manuscript (Istanbul, Metochion Taphou 25); or a text compiled or interpolated under Nikephoros II (963–69), because the Geneva text names the tetarteron coin (Hendy, 1972)."
F1.11,10,5,concepts & people,1.0,max,1:0.0 2:0.0 3:0.5 4:0.6 5:2.0,"Documented (dates, 101, the 1737 fire: *Médiévales*, OpenEdi","The *Livre des métiers* was compiled under Étienne Boileau, provost of Paris 1261–1269, most likely between 1266 and 1269; the exact year 1268 is the 1879 editor's conjecture. The 19th-century editions credit him with 101 statutes. The copy then held as the original burned in the Chambre des comptes"
F1.11,11,4,events & timeline,1.0,max,1:1.0 2:0.0 3:0.0 4:2.0 5:1.0,"Probable (apprenticeship and night-work rules: encyclopedia,","Its statutes set apprenticeships of up to twelve years, usually one apprentice per master besides his children, and banned night work with exceptions. They include women's trades, such as silk spinners (*fileresses de soie*, on large and small spindles)."
F1.11,12,4,events & timeline,1.0,max,1:0.0 2:0.0 3:0.0 4:0.6 5:0.0,Documented,"The BnF's 14th–15th-century copies are ""No Copyright – Other Known Legal Restrictions""; the 1879 edition at the BSB and the ÖNB is ""Non-Commercial Use Only"". Depping's 1837 edition is ""NOT_IN_COPYRIGHT"" (Internet Archive)."
F1.11,13,1,objects,1.0,max,1:1.0 2:0.0 3:0.0 4:0.6 5:0.0,Documented (carried from F1.27),"Bloom: ""Arab"" paper appears in Spanish Christian manuscripts of the late 10th century. Mariani: Arab mills at Xàtiva ""around the year 1050""."
F1.11,14,1,objects,1.0,max,1:1.0 2:0.0 3:0.5 4:0.6 5:0.0,Documented (dates); interpretive (carried from F1.5),Jikji was printed with metal type in 1377; Mainz printed in the mid-1450s. No document links them; we read Mainz as a recurrence.
F1.11,15,1,objects,1.0,max,1:3.0 2:0.0 3:2.0 4:0.6 5:1.0,Documented,"Rijksmuseum RP-P-OB-44.516 ""Papiermaker"" and RP-P-OB-44.517 ""Boekdrukker"", etchings by Caspar and Jan Luyken, 1694: nos. 60 and 61 of the 100 trade prints of *Het Menselyk Bedryf*. Public domain."
F1.11,16,1,objects,0.5,split,1:2.0 2:0.0 3:0.5 4:0.6 5:2.0,"Documented (re-read 3 Oct 2026: the guild, not ""the sitters""","Rijksmuseum SK-C-6, Rembrandt, 1662, ""The Sampling Officials of the Amsterdam Drapers' Guild, Known as 'The Syndics'"": the officials who controlled cloth quality, with their servant Frans Hendricksz Bel, a sample book and a ""Persian carpet"". ""This important guild commissioned him""; it hung in the gu"
F1.11,16,5,concepts & people,0.5,split,1:2.0 2:0.0 3:0.5 4:0.6 5:2.0,"Documented (re-read 3 Oct 2026: the guild, not ""the sitters""","Rijksmuseum SK-C-6, Rembrandt, 1662, ""The Sampling Officials of the Amsterdam Drapers' Guild, Known as 'The Syndics'"": the officials who controlled cloth quality, with their servant Frans Hendricksz Bel, a sample book and a ""Persian carpet"". ""This important guild commissioned him""; it hung in the gu"
F1.11,17,5,concepts & people,1.0,max,1:1.0 2:0.0 3:0.5 4:0.6 5:2.0,Documented,"Badisches Landesmuseum 64/87, a writing cabinet, 1764, is ""das Meisterstück von Johann Philipp Raab (1736–1802) aus Mainz"". Its drawing and written description ""waren Teil der Meisterprüfung""; Raab then joined the Mainz joiners' guild. Image CC0."
F1.11,18,5,concepts & people,1.0,max,1:0.0 2:0.0 3:0.0 4:0.6 5:2.0,Documented (record; text not read),"The *Ordynacya Rzemieślnicza* for West Prussia, 24 January 1774 (Kanter), has 49 paragraphs. The library: it bound guild members to standards ""under threat of penalty"". Europeana dates it 1744."
F1.11,19,4,events & timeline,1.0,max,1:0.0 2:0.0 3:2.0 4:2.6 5:2.0,Documented (law-journal and notarial summaries quoting artic,"The décret d'Allarde (2 and 17 March 1791) suppressed the masterships and wardenships (*maîtrises et jurandes*) and left anyone free to practise a trade on paying for a *patente*; the loi Le Chapelier (14 and 17 June 1791) banned associations of people of the same trade, *compagnonnage* and workers'"
F1.11,20,1,objects,1.0,max,1:3.0 2:0.0 3:0.5 4:0.6 5:1.0,Documented,"Cleveland 1918.823, Josiah Wedgwood and Sons, Portland Vase, c. 1790: ""one of the first editions"". The 3rd Duke of Portland lent the 1st-century Roman glass to Wedgwood around 1790."
F1.11,21,3,civilisations & places,1.0,max,1:0.0 2:0.0 3:2.0 4:0.6 5:1.0,Documented,"UNESCO, 2010 (5.COM 6.12): *compagnonnage* ""involves almost 45,000 people"" in three groups; training ""lasts on average five years"", ""from town to town""; a ""masterwork"" is ""examined and assessed by the compagnons"". It is ""the last to perform trade initiation rites""."
F1.11,22,5,concepts & people,1.0,max,1:0.0 2:0.0 3:0.0 4:0.6 5:1.0,"Documented (holders' own words: the Adoption, the Réception,","The Compagnons du Devoir, in their own words (page of 2025): open ""à partir de 15 ans"" to ""jeunes hommes et femmes"", who may go on ""en réalisant un Tour de France pour devenir Compagnon du Devoir"". Its page on becoming a compagnon names the Adoption and the Réception, and calls the Réception work ""p"
F1.11,23,1,objects,1.0,max,1:2.0 2:0.0 3:0.0 4:0.6 5:1.0,Contested (carried from F1.9a),"Belovode, two readings: its smelting, about 5000 BCE, is ""the earliest documented proof"" of copper extraction, against a single origin; Iranian evidence is close in date."
F1.12,1,5,concepts & people,1.0,interpretive flag,1:1.0 2:0.0 3:4.0 4:0.0 5:1.0,Interpretive,"The device: we read this region through navigation, meaning knowledge of sea, stone and water held in memory and carried in canoes. It fits the Pacific best and Australia in part. It ranks no people."
F1.12,2,4,events & timeline,1.0,max,1:1.0 2:0.0 3:0.5 4:2.6 5:1.0,Contested (both readings),"Madjedbebe, two readings. Clarkson et al.: ""Human occupation began around 65,000 years ago"", with ""ground-edge hatchet heads"". O'Connell et al.: an age over 50,000 years ""is unlikely to be valid""."
F1.12,3,3,civilisations & places,1.0,max,1:0.0 2:0.0 3:2.0 4:0.6 5:1.0,Documented,"Clarkson et al. thank ""the Mirarr Senior Traditional Owners (Y. Margarula and M. Nango)"" and the Gundjeihmi Aboriginal Corporation ""for permission to carry out this research and publish"". The Mirarr's own corporation calls it ""the 65,000-year-old Madjedbebe archaeological site"" (2022) and names a sa"
F1.12,4,1,objects,1.0,max,1:3.0 2:0.0 3:0.0 4:0.6 5:2.0,Documented,"Hiscock, O'Connor, Balme and Maloney (2016) report a ground-edge axe fragment ""44-49,000 years old"". ABC: basalt, ""thumbnail-sized"", found in the early 1990s, identified in 2014. Our wording: the earliest securely dated."
F1.12,5,4,events & timeline,1.0,max,1:0.0 2:0.0 3:2.0 4:2.6 5:0.0,Documented,"At Carpenters Gap 1, ""Occupation at the site began between 51,000 and 45,000 cal BP""."
F1.12,6,3,civilisations & places,1.0,max,1:0.0 2:0.0 3:3.5 4:0.0 5:1.0,Probable (to confirm with Bunuba Dawangarri Aboriginal Corpo,"Carpenter's Gap lies in Bandiln͟gan (Windjana Gorge) National Park, as the park authority now names it (ABC: ""Windjana Gorge National Park""). Its excavators thank ""Bunuba Aboriginal Corporation and the Bunuba Rangers"". Parks WA: ""We recognise and acknowledge Bunuba people as the Traditional Owners o"
F1.12,7,4,events & timeline,1.0,max,1:0.0 2:0.0 3:0.5 4:1.6 5:0.0,Documented,"Budj Bim Cultural Landscape, inscribed 2019, criteria (iii) and (v): channels, weirs and dams to ""trap, store and harvest kooyang"" over ""at least 6,600 years"". It is ""Aboriginal-owned and/or managed""; native title was recognised in 2007."
F1.12,8,5,concepts & people,1.0,max,1:0.0 2:0.0 3:0.0 4:0.6 5:2.0,Documented (Bell's Gunditjmara identity to confirm),"McNiven and Bell (2010): Lake Condah ""was drained in 1954""; the community has worked to restore it with a weir; Bell: ""a lot of knowledge has been lost""."
F1.12,9,3,civilisations & places,1.0,max,1:0.0 2:0.0 3:2.0 4:0.6 5:1.0,"Documented (holder's words, reported; linked)","Gunditjmara Elder Denise Lovett spoke at the 2019 inscription of the landscape's importance to Gunditjmara People, as FRDC reports. We link the report and do not reproduce her words until the consent route (Gunditj Mirring) has been used (AR-070)."
F1.12,10,3,civilisations & places,1.0,max,1:0.0 2:0.0 3:1.5 4:0.6 5:1.0,Documented (captions; originals not opened),"George Augustus Robinson's 1841 journal drew stake-and-branch weirs and eel baskets (*arrabine*) on the Moyne River. One drawing (18 July 1841) is captioned ""Aboriginal pencil drawing"". Mitchell Collection, State Library of NSW."
F1.12,11,4,events & timeline,1.0,max,1:0.0 2:0.0 3:0.5 4:0.6 5:0.0,Documented,Lapita emerged on Mussau at 3470–3250 cal BP and in the rest of the Bismarcks at 3360–3240; it reached Vanuatu by 3250–3100 and Fiji by 3130–3010.
F1.12,12,4,events & timeline,1.0,max,1:2.0 2:0.0 3:0.0 4:2.6 5:1.0,Documented (the holder's pages differ; re-read 3 Oct 2026: t,"Museums Victoria cares for 27 Wuatam sherds, ""on long-term loan from the Australian War Museum since 1925"". The missionary Otto Meyer dug them in 1908 (item) or 1909 (article). Deposits: ""c. 2850–1850 years ago"" (item); settlers came ""between approximately 3300 and 2550 years ago"" (article)."
F1.12,13,5,concepts & people,1.0,max,1:0.0 2:0.0 3:0.0 4:0.6 5:2.0,Documented (holders' words; text CC BY 4.0),"The Rakival People (2020): ""We are also intrigued to learn more about what remains unrevealed of our island."" They commit to working with Melbourne Museum and the PNG Museum."
F1.12,14,1,objects,1.0,max,1:3.0 2:0.0 3:0.0 4:0.6 5:2.0,Documented (holder's framing),"Cleveland 1966.130, Trobriand canoe splashboard, 1800s: ""Trobriand Islanders often travel great distances by canoe to exchange ceremonial objects."" First record: Sotheby's, 15 November 1965, lot 86."
F1.12,15,3,civilisations & places,1.0,max,1:1.0 2:0.0 3:2.0 4:0.6 5:0.0,Documented (re-sourced 3 Oct 2026; canon MAT068's wording wa,"Paper mulberry, beaten into barkcloth, was ""introduced and clonally propagated since prehistoric times across the Pacific for making barkcloth""; the genetics of Pacific plants point to an origin in Taiwan and a ""human-mediated dispersal"" (Chang et al., *PNAS* 112:44, 2015)."
F1.12,16,5,concepts & people,1.0,no match -> default 5,1:0.0 2:0.0 3:0.0 4:0.0 5:0.0,Documented,"Marshallese *mattang* and *meddo* model swells and islands in palm strips and cowrie shells. They were ""not even brought along on journeys""; *ri-metos* memorised them."
F1.12,17,5,concepts & people,1.0,max,1:0.0 2:0.0 3:0.0 4:0.6 5:3.0,"Documented (date conflict flagged: the record gives ""c1920"" ","Te Papa holds Ethel Richardson's drawing of a Marshallese chart (c1920; published in the *Journal of the Polynesian Society*, vol. IV) and a chart made in the Caroline Islands in 2016 (""Co-collection, 2016"")."
F1.12,18,2,movements,1.0,max,1:0.0 2:3.0 3:0.5 4:0.6 5:1.0,Documented (Kānaka Maoli source),"Crabbe (OHA, 2017): ""Mau Piailug, of Micronesia, led that maiden voyage to Tahiti and helped Hawaiians reclaim our voyaging traditions."" The 1976 homecoming ""became the genesis of the Hawaiian Renaissance""."
F1.12,19,5,concepts & people,1.0,max,1:0.0 2:0.0 3:0.0 4:0.6 5:2.0,Documented (as PVS's claim),"In 1980 Nainoa Thompson repeated the voyage and navigated home, which PVS calls ""a feat that hadn't been accomplished in 600 years""."
F1.12,20,3,civilisations & places,1.0,max,1:0.0 2:0.0 3:2.0 4:0.6 5:0.0,Documented (as reported),"*Ka Wai Ola* (2026): ""there are now 25 voyaging canoes, 21 voyaging organizations, and more than a thousand active voyagers throughout 11 Pacific Island nations""."
F1.12,21,5,concepts & people,1.0,max,1:0.0 2:0.0 3:0.5 4:0.6 5:1.0,Documented,"The protocols' third edition was published on 29 September 2020 (Australia Council, now Creative Australia; Terri Janke). Funded projects ""are required to comply with these protocols as a condition of funding""."
F1.12,22,4,events & timeline,1.0,max,1:0.0 2:0.0 3:0.5 4:2.6 5:1.0,Documented (dated to source),"Creative Australia's page (updated 10 March 2026): ""Australia does not yet have a law that prevents alteration, distortion or misuse of traditional symbols…"". The government committed to new laws on 30 January 2023."
F1.12,23,5,concepts & people,1.0,max,1:0.0 2:0.0 3:0.0 4:0.6 5:1.0,Documented (carried from F1.26); the subscription terms were,"Local Contexts Notices require an institutional subscription ""as of 2025""; Labels belong to communities. So we write our own cultural notes."
F1.12a,1,5,concepts & people,1.0,interpretive flag,1:0.0 2:0.0 3:1.5 4:0.0 5:1.0,Interpretive,"Framing: we read the steppe through the horse. Another reading starts from sheep, oases or cities."
F1.12a,2,5,concepts & people,1.0,max,1:0.0 2:0.0 3:0.5 4:0.6 5:1.0,Documented,"Gaunitz et al. (2018): Botai ""provides the earliest archaeological evidence for horse husbandry, ~5,500 ya""; Przewalski's horses ""are the feral descendants of horses herded at Botai""; later domestic horses show ""~2.7% of Botai-related ancestry""."
F1.12a,3,1,objects,0.5,split,1:1.0 2:0.0 3:0.5 4:0.6 5:1.0,Contested,"What Botai people did. **One:** the ""bit wear"" is ""likely generated by natural disturbances""; Botai fits ""regularized mass harvesting of wild Przewalski's horses"" (Taylor and Barrón-Ortiz, 2021). **Two:** ""significantly shortened generation times at Botai around 3500 bce"" support ""local horse husban"
F1.12a,3,5,concepts & people,0.5,split,1:1.0 2:0.0 3:0.5 4:0.6 5:1.0,Contested,"What Botai people did. **One:** the ""bit wear"" is ""likely generated by natural disturbances""; Botai fits ""regularized mass harvesting of wild Przewalski's horses"" (Taylor and Barrón-Ortiz, 2021). **Two:** ""significantly shortened generation times at Botai around 3500 bce"" support ""local horse husban"
F1.12a,4,3,civilisations & places,1.0,max,1:0.0 2:0.0 3:2.0 4:0.6 5:1.0,Documented,"Librado et al. (2021), 273 genomes: the lower Volga–Don is ""the homeland of modern domestic horses"", which spread ""from about 2000 bc, synchronously with equestrian material culture, including Sintashta spoke-wheeled chariots""."
F1.12a,5,3,civilisations & places,1.0,max,1:0.0 2:0.0 3:1.5 4:0.6 5:1.0,"Documented (quotation corrected to the abstract's words, 3 O","Librado et al. (2024), 475 genomes: ""reproductive control of the modern domestic lineage emerged around 2200 bce"", after a bottleneck ""starting no earlier than approximately 2700 bce""; this ""refutes"" large herds travelling with steppe migrations around 3000 BCE."
F1.12a,6,5,concepts & people,1.0,interpretive flag,1:0.0 2:0.0 3:2.0 4:0.6 5:0.0,Interpretive (the authors' synthesis),"Horses and Indo-Iranian languages moving together: Librado et al. read genomes, archaeology and linguistics as showing that in Asia ""Indo-Iranian languages, chariots and horses spread together, following the early second millennium bc Sintashta culture""."
F1.12a,7,4,events & timeline,1.0,max,1:0.0 2:0.0 3:0.0 4:0.6 5:0.0,Documented,"Chariots ""were developed in the zone of the Northern Eurasian steppes before c. 2000 BC in the context of complex but stateless societies"" (cal. 2050–1750 BC)."
F1.12a,8,1,objects,1.0,max,1:2.0 2:0.0 3:0.5 4:0.6 5:1.0,"Documented (find, date, technique); probable (riding link)","Wool trousers from Yanghai tombs M21 and M157, near Turfan, date to the 13th–10th century BCE. They were ""shaped on the loom"", not cut; the authors call them ""a predecessor of modern riding trousers""."
F1.12a,9,1,objects,1.0,max,1:3.0 2:0.0 3:2.0 4:0.6 5:1.0,Documented (the find: a Hermitage publication says a knotted,"The Pazyryk carpet (183 × 200 cm; about 360,000 knots per m²), excavated by Rudenko in 1947–49, is in the Hermitage. Dated 4th–3rd century BCE (summary) or 5th–4th (register). Its origin is argued: Armenian, Persian or local."
F1.12a,10,1,objects,1.0,max,1:4.0 2:0.0 3:2.0 4:0.6 5:1.0,Documented,"Cleveland 1958.79, ""Horse (馬)"", gilt bronze, 7.8 cm, ""China, Ordos Region, Han dynasty"", 202 BCE–220 CE; Leonard C. Hanna Jr. bequest, 1958; no findspot."
F1.12a,11,3,civilisations & places,1.0,max,1:1.0 2:0.0 3:2.0 4:0.6 5:1.0,Documented; interpretive (reading),"Rijksmuseum AK-MAK-285, ""Paard van verguld brons"", 3.7 cm, ""Ordos region"", ""500 BC (Late Eastern Zhou period, 481-222 BC)""; given by Dr R. Flaes to the Vereniging van Vrienden der Aziatische Kunst, 1953; on loan since 1972. Our reading: two similar horses, dates centuries apart, no findspot in eithe"
F1.12a,12,1,objects,1.0,max,1:4.0 2:0.0 3:2.0 4:0.6 5:1.0,Documented (dealer and year: AK-MAK-1329's record says it ca,"Rijksmuseum AK-MAK-1330, gilt bronze plaque, c. 200–100 BCE, ""Inner Mongolia, Ordos"": a wolf seizes a deer, ""characteristic of the Ordos culture"". Dealer Aalderink, Amsterdam, 1981."
F1.12a,13,1,objects,0.5,split,1:3.0 2:3.0 3:0.5 4:0.6 5:1.0,Documented (attribution is the museum's),"Cleveland 1959.124, samite, 800s, ""Eastern Iran or Central Asia"": horsemen hunting lions; the style is ""characteristic of Sogdian silks"". Findspot: ""a grave in Egypt where they were found sewn as ornaments onto a tunic"". Mrs. Paul (Marguerite) Mallon, Paris, to 1959."
F1.12a,13,2,movements,0.5,split,1:3.0 2:3.0 3:0.5 4:0.6 5:1.0,Documented (attribution is the museum's),"Cleveland 1959.124, samite, 800s, ""Eastern Iran or Central Asia"": horsemen hunting lions; the style is ""characteristic of Sogdian silks"". Findspot: ""a grave in Egypt where they were found sewn as ornaments onto a tunic"". Mrs. Paul (Marguerite) Mallon, Paris, to 1959."
F1.12a,14,1,objects,1.0,max,1:3.0 2:0.0 3:2.0 4:0.6 5:1.0,"Documented (the ""probably"" is the museum's)","Cleveland 1996.2.1, samite, 700s: ""Probably Sogdia (present-day Uzbekistan); China, Tang dynasty""; ducks in pearl roundels; a lining ""made in China""; once a set with trousers and boots. Sara Tremayne, Ltd., London (?–1996)."
F1.12a,15,3,civilisations & places,1.0,max,1:1.0 2:0.0 3:2.5 4:0.6 5:0.0,Documented,"""Silk Roads: the Routes Network of Chang'an-Tianshan Corridor"" (China, Kazakhstan, Kyrgyzstan; 2014): 5,000 km, 2nd century BC to the 16th century, with posthouses, beacon towers and caravanserais."
F1.12a,16,1,objects,0.5,split,1:2.0 2:0.0 3:0.5 4:0.6 5:2.0,Documented (holder's framing),"Met 1977.78, Han Gan, *Night-Shining White*, ca. 750: Emperor Xuanzong's horse ""epitomizes Chinese myths about Central Asian 'celestial steeds'""; later owners' seals record ""the work's transmission""."
F1.12a,16,5,concepts & people,0.5,split,1:2.0 2:0.0 3:0.5 4:0.6 5:2.0,Documented (holder's framing),"Met 1977.78, Han Gan, *Night-Shining White*, ca. 750: Emperor Xuanzong's horse ""epitomizes Chinese myths about Central Asian 'celestial steeds'""; later owners' seals record ""the work's transmission""."
F1.12a,17,4,events & timeline,1.0,max,1:0.0 2:0.0 3:2.0 4:2.6 5:0.0,Documented (museum essay),"In the 1st century BCE, Chinese envoys brought Bactrian horses to the Han capital; the court called them ""heavenly horses"" and linked them with dragons."
F1.12a,18,5,concepts & people,1.0,max,1:0.0 2:0.0 3:0.0 4:0.6 5:1.0,Documented (Rubruck's report),"Rubruck (1253–55; Rockhill 1900) on cosmos: colts tied to a rope, mares milked, milk churned ""into a big skin"" with a hollowed stick until it ferments. Batu received ""the milk of three thousand mares"" daily; the dregs went to ""the slaves""."
F1.12a,19,5,concepts & people,1.0,max,1:0.0 2:0.0 3:0.0 4:0.0 5:1.0,Documented (an outsider's generalisation),"Rubruck: ""The men make bows and arrows, manufacture stirrups and bits, make saddles"", build house frames and carts, ""milk the mares, churn the cosmos ... make the skins in which it is put""."
F1.12a,20,5,concepts & people,1.0,max,1:1.0 2:0.0 3:0.0 4:0.6 5:2.0,Documented,"Konstantin von Kaufman, ""the first governor general of Russian Turkestan"", commissioned the Turkestan Album (1871–72; about 1,200 photographs). Its ethnographic part is titled ""tuzemnoe naselenie v russkikh vladeniakh Srednei Azii"" (the native population in Russia's Central Asian possessions). Plate"
F1.12a,21,1,objects,1.0,max,1:3.0 2:0.0 3:0.5 4:0.6 5:1.0,Documented (state nomination),"The Mongol ger (UNESCO, 2013): ""Men carving the wood and both women and men engaged in painting, sewing and stitching, and felt-making""; children learn ""by watching their elders""."
F1.12a,22,5,concepts & people,1.0,max,1:0.0 2:0.0 3:0.0 4:0.6 5:1.0,"Documented (pp. 21, 17; linked)","Herders speak in UNDP's 2026 report about choosing campsites and moving when the grass at the camp's edge yellows (pp. 21, 17): a herder in Erdenesant soum, Töv, and Üzemchin herders. We link the report and paraphrase; their words are not reproduced until someone has asked them (AR-077)."
F1.12a,23,4,events & timeline,1.0,max,1:1.0 2:0.0 3:0.5 4:1.6 5:0.0,"Documented (title and year read on UNESCO's Mongolia page, 3","UNESCO's Representative List includes Mongolia's ""Traditional technique of making Airag in Khokhuur and its associated customs"", inscribed 2019."
F1.13,1,5,concepts & people,1.0,interpretive flag,1:1.0 2:0.0 3:2.0 4:0.0 5:1.0,Interpretive,Framing: a network is four flows on shared routes but not shared terms; each object is where the four meet.
F1.13,2,1,objects,1.0,max,1:4.0 2:0.0 3:2.5 4:0.6 5:2.0,Documented,"Cleveland 1962.154, Jingdezhen, Yuan, 1300s: ""The cobalt that was used for the blue underglaze decoration was imported from Iran, likely from Kashan."" J.T. Tai and Co., New York, sold it in 1962."
F1.13,3,3,civilisations & places,1.0,max,1:1.0 2:0.0 3:2.5 4:0.6 5:1.0,Documented,"Jiang et al. 2020: ""The success of early Chinese blue-and-white porcelains relied heavily on imported cobalt pigment from the West."" It tests imperial wares from the Xuande reign (1426–1435) on. We write ""from Iran"" (claims 2, 4)."
F1.13,4,5,concepts & people,1.0,max,1:0.0 2:0.0 3:0.5 4:0.6 5:2.0,Contested (both readings; the Anarak reading verified at sou,"Which source. **One:** Qamsar, near Kashan, ""the most cited source""; Abu'l-Qasim (1301) places *lâjvard* there. **Two:** deposits near Anarak, 200 km east of Kashan. Jiang et al. (2020) propose, in their discussion rather than their abstract, that ores from the Anarak mining district, ""rather than t"
F1.13,5,1,objects,1.0,max,1:4.0 2:0.0 3:0.5 4:0.6 5:2.0,Documented,"Cleveland 1915.581, Iran, probably Kashan, late 1100s–early 1200s: fritware, pierced, painted under the glaze, ""the blue rim"". Kelekian sold it in 1915."
F1.13,6,3,civilisations & places,0.5,split,1:2.0 2:0.0 3:2.5 4:0.6 5:0.0,"Documented (re-read 3 Oct 2026: ""domes and vaults"", not ""roo","Kilwa's merchants, 13th–16th centuries, ""dealt in gold, silver, pearls, perfumes, Arabian crockery, Persian earthenware and Chinese porcelain""; Kilwa minted coins in the 11th–14th centuries; the Great Mosque has domes and vaults, ""some decorated with embedded Chinese porcelain""."
F1.13,6,1,objects,0.5,split,1:2.0 2:0.0 3:2.5 4:0.6 5:0.0,"Documented (re-read 3 Oct 2026: ""domes and vaults"", not ""roo","Kilwa's merchants, 13th–16th centuries, ""dealt in gold, silver, pearls, perfumes, Arabian crockery, Persian earthenware and Chinese porcelain""; Kilwa minted coins in the 11th–14th centuries; the Great Mosque has domes and vaults, ""some decorated with embedded Chinese porcelain""."
F1.13,7,3,civilisations & places,1.0,max,1:1.0 2:0.0 3:2.5 4:0.6 5:1.0,Documented (dates differ),"A ship sank off Belitung in the 9th century, about the 830s (Flecker, via the Indian Ocean page) or ""late 9th century"". It held 60,000 ceramics; it was salvaged commercially from 1998 and sold for US$32 million in 2005."
F1.13,8,1,objects,0.5,split,1:1.0 2:0.0 3:0.0 4:0.6 5:1.0,Documented,"The *Periplus* (mid-1st century CE) lists enslaved people among exports: ""slaves of the better sort"" (§13), ""a few female slaves"" (§31), ""gold and slaves"" (§36). The translation's words appear only in the Deep tier, attributed (N6); learners see ""enslaved people"" (AR-086)."
F1.13,8,5,concepts & people,0.5,split,1:1.0 2:0.0 3:0.0 4:0.6 5:1.0,Documented,"The *Periplus* (mid-1st century CE) lists enslaved people among exports: ""slaves of the better sort"" (§13), ""a few female slaves"" (§31), ""gold and slaves"" (§36). The translation's words appear only in the Deep tier, attributed (N6); learners see ""enslaved people"" (AR-086)."
F1.13,9,3,civilisations & places,1.0,max,1:0.0 2:0.0 3:3.5 4:0.6 5:0.0,Documented,"The Chang'an–Tianshan corridor (UNESCO, 2014) is ""a 5,000 km section"" with 33 sites, formed ""between the 2nd century BC and 1st century AD"" and used ""until the 16th century""."
F1.13,10,1,objects,0.5,split,1:1.0 2:0.0 3:0.5 4:0.6 5:1.0,Documented (Baghdad); contested (Talas),"Bloom: paper was ""known—and made—in Central Asia for centuries"" before 751; ""Papermaking was begun in Baghdad itself by the late 8th century."" Register: the earliest documented paper mill in the Islamic world, Baghdad, 794–95. Talas: ""without factual basis"" (Bloom); both readings in F1.27."
F1.13,10,5,concepts & people,0.5,split,1:1.0 2:0.0 3:0.5 4:0.6 5:1.0,Documented (Baghdad); contested (Talas),"Bloom: paper was ""known—and made—in Central Asia for centuries"" before 751; ""Papermaking was begun in Baghdad itself by the late 8th century."" Register: the earliest documented paper mill in the Islamic world, Baghdad, 794–95. Talas: ""without factual basis"" (Bloom); both readings in F1.27."
F1.13,11,1,objects,1.0,max,1:3.0 2:0.0 3:0.5 4:0.0 5:1.0,Documented (summary),"""Three separate weaving communities ... were moved from Central Asia and Persia to China"" to make cloth of gold for the Mongols."
F1.13,12,3,civilisations & places,0.5,split,1:1.0 2:0.0 3:2.5 4:0.6 5:2.0,Documented,"Gold was ""the main commodity of the trans-Saharan trade ... followed by kola nuts and slaves"". Mansa Musa's gold in Cairo (1324–25) ""caused the market in gold to crash"". We write ""enslaved people""."
F1.13,12,5,concepts & people,0.5,split,1:1.0 2:0.0 3:2.5 4:0.6 5:2.0,Documented,"Gold was ""the main commodity of the trans-Saharan trade ... followed by kola nuts and slaves"". Mansa Musa's gold in Cairo (1324–25) ""caused the market in gold to crash"". We write ""enslaved people""."
F1.13,13,3,civilisations & places,1.0,max,1:1.0 2:0.0 3:1.5 4:0.6 5:1.0,"Documented (BnF gives maker, date and shelfmark; the transla","The Catalan Atlas (attributed to Cresques Abraham, Majorca, 1375; BnF Espagnol 30) names ""Musse Melly"", lord of Guinea, ""the richest and most distinguished ruler of this whole region on account of the great quantity of gold that is found in his lands"" (Block Museum translation)."
F1.13,14,5,concepts & people,1.0,interpretive flag,1:2.0 2:0.0 3:2.0 4:0.0 5:1.0,Interpretive (both readings),"Two readings. **One:** demand for silk, porcelain and gold built and kept the routes. **Two:** routes already there (monsoon sailing, caravans, ports) made such goods possible and shaped them."
F1.13,15,3,civilisations & places,0.5,split,1:2.0 2:0.0 3:2.5 4:0.0 5:0.0,Documented; probable (the third),"Galleons carried ""porcelain, silk, ivory, spices"" to Acapulco. ""As much as one-third of the silver mined in New Spain and Peru went to the Far East."" ""Mexican ceramics display the impact of the Galleon trade most vividly."""
F1.13,15,1,objects,0.5,split,1:2.0 2:0.0 3:2.5 4:0.0 5:0.0,Documented; probable (the third),"Galleons carried ""porcelain, silk, ivory, spices"" to Acapulco. ""As much as one-third of the silver mined in New Spain and Peru went to the Far East."" ""Mexican ceramics display the impact of the Galleon trade most vividly."""
F1.13,16,1,objects,1.0,max,1:5.0 2:0.0 3:0.5 4:0.6 5:2.0,Documented,"Met 12.3.1, ""Basin"", Puebla, ca. 1650 (the record's date; ""1647–1650"" is not on the record as fetched 3 Oct 2026), tin-glazed earthenware, ""Master Potter A""; gift of Mrs. Robert W. de Forest, 1912; public domain."
F1.13,17,4,events & timeline,0.5,split,1:0.0 2:0.0 3:2.5 4:2.6 5:1.0,Documented,"""Countless slaves from culturally diverse communities in the Indian subcontinent and Southeast Asia journeyed to Mexico on the ships of the Manila Galleon"", grouped as *chinos*; from 1672 the law treated them as Indians."
F1.13,17,3,civilisations & places,0.5,split,1:0.0 2:0.0 3:2.5 4:2.6 5:1.0,Documented,"""Countless slaves from culturally diverse communities in the Indian subcontinent and Southeast Asia journeyed to Mexico on the ships of the Manila Galleon"", grouped as *chinos*; from 1672 the law treated them as Indians."
F1.13,18,1,objects,0.5,split,1:3.0 2:3.0 3:0.5 4:0.6 5:1.0,"Documented (date corrected from 1624, 3 Oct 2026)","Rijksmuseum AK-RBK-16385: ""Dish with two birds in a water landscape"", China, c. 1600–1625, porcelain in underglaze blue, ""Kraak porcelain"", anonymous potter; CC0 1.0."
F1.13,18,2,movements,0.5,split,1:3.0 2:3.0 3:0.5 4:0.6 5:1.0,"Documented (date corrected from 1624, 3 Oct 2026)","Rijksmuseum AK-RBK-16385: ""Dish with two birds in a water landscape"", China, c. 1600–1625, porcelain in underglaze blue, ""Kraak porcelain"", anonymous potter; CC0 1.0."
F1.13,19,1,objects,0.5,split,1:3.0 2:0.0 3:2.0 4:2.6 5:1.0,Contested wording; our verb follows Korean sources (AR-083),"The Met: many Korean potters ""came to Japan"" in Hideyoshi's invasions of the 1590s; Korean potters found porcelain clay at Arita early in the 1600s; the Dutch filled ""the gap left by China"". Canon and F1.8: ""taken"", ""forcibly brought"". Korean state-funded sources say they were taken by force: the No"
F1.13,19,4,events & timeline,0.5,split,1:3.0 2:0.0 3:2.0 4:2.6 5:1.0,Contested wording; our verb follows Korean sources (AR-083),"The Met: many Korean potters ""came to Japan"" in Hideyoshi's invasions of the 1590s; Korean potters found porcelain clay at Arita early in the 1600s; the Dutch filled ""the gap left by China"". Canon and F1.8: ""taken"", ""forcibly brought"". Korean state-funded sources say they were taken by force: the No"
F1.13,20,4,events & timeline,1.0,max,1:1.0 2:0.0 3:2.0 4:2.6 5:0.0,"Documented, as an estimate (SlaveVoyages' own account, 3 Oct","Traders forced about 12.5 million captive Africans onto ships bound for the Americas, 1501–1866 (SlaveVoyages' estimate: 12,520,000 departed); about 10.7 million disembarked, mainly in the Americas."
F1.13,21,4,events & timeline,0.5,split,1:1.0 2:0.0 3:2.5 4:2.6 5:1.0,"Documented (cloth, manillas); probable (the rest)","Europeans ""bought people in exchange for goods""; calling them ""only as 'slaves' strips them of their identity"" (Liverpool). Indian cottons, then Manchester copies, were ""sold in exchange for captured human beings"" (2023). Manillas came ""to finance the transatlantic slave trade"" (RMG ZBA2961). Guns, "
F1.13,21,3,civilisations & places,0.5,split,1:1.0 2:0.0 3:2.5 4:2.6 5:1.0,"Documented (cloth, manillas); probable (the rest)","Europeans ""bought people in exchange for goods""; calling them ""only as 'slaves' strips them of their identity"" (Liverpool). Indian cottons, then Manchester copies, were ""sold in exchange for captured human beings"" (2023). Manillas came ""to finance the transatlantic slave trade"" (RMG ZBA2961). Guns, "
F1.13,22,4,events & timeline,1.0,max,1:1.0 2:0.0 3:0.5 4:2.6 5:2.0,Documented (James Owen and the title page); contested (death,"Omar ibn Said, born in Futa Toro, was ""captured in 1807 and brought to South Carolina"". In 1831 he wrote his life in Arabic: ""I continued seeking knowledge for 25 years."" The manuscript opens with Qur'anic text (Sūrat al-Mulk). LoC bought it from Sotheby's London on 30 June 2017; the collection is """
F1.13,23,5,concepts & people,1.0,max,1:1.0 2:0.0 3:0.0 4:0.6 5:3.0,Documented,"Lenj skills: Urgent Safeguarding List, 2011 (6.COM 8.10). Sailors used ""the positions of the sun, moon and stars""; ""each wind was given a name"". Practitioners are mostly older; fibreglass replaces wood."
F1.13,24,5,concepts & people,1.0,max,1:0.0 2:0.0 3:2.0 4:0.6 5:3.0,Documented (holders' own words; linked),"Shipwrights at Guran, Qeshm, spoke in 2017 to the photographer Shaun Busuttil about learning the trade from their fathers over years, and about orders drying up. We link the report and do not reproduce their words or names until the Guran shipwrights' cooperative has been asked (AR-085)."
F1.13,25,4,events & timeline,1.0,max,1:0.0 2:0.0 3:0.0 4:0.6 5:0.0,Documented,"Bahrain's ""Pearling, Testimony of an Island Economy"" (UNESCO, 2012): pearling dominated ""between the 2nd and early 20th centuries"", until its ""demise in the 1930s"". The page does not say who dived, or on what terms."
F1.14,1,5,concepts & people,1.0,max,1:1.0 2:0.0 3:0.0 4:0.6 5:2.0,documented (as Vasari's account; series named corrected 3 Oc,"Vasari (1568) wrote that Marcantonio copied Dürer's woodcuts on copper, added ""A. D."", and the copies were sold as Dürer's. Dürer complained to the Signoria and got only an order that Marcantonio stop using the monogram. In Foster's translation Vasari names the Passion series (""thirty-six plates""), "
F1.14,2,4,events & timeline,1.0,max,1:1.0 2:0.0 3:0.0 4:2.6 5:2.0,contested — both readings,"Whether the Venetian lawsuit happened is contested. Petri (2014) calls Vasari's account ""a legend compiled from narrative and factual elements"". The Primary Sources on Copyright record calls it plausible, since Marcantonio later replaced the monogram with an empty tablet."
F1.14,3,5,concepts & people,1.0,max,1:0.0 2:0.0 3:0.0 4:0.6 5:1.0,documented,"Dürer's 1511 book edition of the *Life of the Virgin* warned ""thieves and imitators of other people's labor"" that the images had Maximilian I's imperial privilege."
F1.14,4,1,objects,1.0,max,1:2.0 2:0.0 3:0.0 4:0.6 5:1.0,documented,"Dürer's *Presentation of Christ in the Temple* woodcut dates to c. 1505, published 1511; Marcantonio's engraving of the same subject is catalogued ""after Dürer""."
F1.14,5,1,objects,1.0,max,1:2.0 2:0.0 3:0.0 4:0.0 5:0.0,documented,"Marcantonio went on to engrave many designs ""after Raphael"", spreading them in print."
F1.14,6,1,objects,1.0,max,1:2.0 2:0.0 3:0.5 4:0.0 5:0.0,documented,"Roman workshops made plaster casts from moulds of Greek originals and copied them in marble or bronze; marble copies needed struts. Copies were valued, not seen as lesser."
F1.14,7,1,objects,1.0,max,1:2.0 2:0.0 3:0.5 4:0.6 5:0.0,documented (holder's framing),"An Iznik dish of the mid-1500s is, in the Met's words, ""an ingenious and highly creative adaptation"" of a Ming porcelain design."
F1.14,8,5,concepts & people,1.0,max,1:0.0 2:0.0 3:0.5 4:0.6 5:1.0,documented,"European forms such as mugs and candlesticks were unknown in China, so models were sent to be copied. In 1635 Dutch staff in Taiwan had a turner and painters make wooden models."
F1.14,9,1,objects,0.5,split,1:1.0 2:0.0 3:0.5 4:0.6 5:1.0,documented,"In 1635 and 1637 the VOC asked for decoration ""in the Chinese manner"", saying Dutch painting on porcelain was ""not considered strange nor rare""."
F1.14,9,5,concepts & people,0.5,split,1:1.0 2:0.0 3:0.5 4:0.6 5:1.0,documented,"In 1635 and 1637 the VOC asked for decoration ""in the Chinese manner"", saying Dutch painting on porcelain was ""not considered strange nor rare""."
F1.14,10,1,objects,1.0,max,1:3.0 2:0.0 3:0.5 4:0.6 5:1.0,documented (copying); probable (causal timing),"Delft potters copied Chinese blue-and-white in tin-glazed earthenware, and English potters copied Delft. Production grew as Chinese supply fell after 1644–47."
F1.14,11,1,objects,0.5,split,1:1.0 2:0.0 3:0.5 4:0.6 5:1.0,probable,"Chinese potters copied the ""AK"" mark of Adrianus Kocx's Delft factory (1686–1701) on porcelain c. 1700."
F1.14,11,5,concepts & people,0.5,split,1:1.0 2:0.0 3:0.5 4:0.6 5:1.0,probable,"Chinese potters copied the ""AK"" mark of Adrianus Kocx's Delft factory (1686–1701) on porcelain c. 1700."
F1.14,12,4,events & timeline,1.0,max,1:2.0 2:0.0 3:0.0 4:2.6 5:2.0,contested — give readings,"Böttger and Tschirnhaus's porcelain date is contested: 1709 (Met); October 1708 (Rinaldi); late 1707, with a lab note of January 1708 (Zumbulyadis 2010). The factory opened in 1710."
F1.14,13,1,objects,1.0,max,1:1.0 2:0.0 3:0.5 4:0.6 5:0.0,documented,"Augustus lent Asian porcelain from his collection to Meissen to be copied. A Chinese sauceboat in Dresden by 1721 was ""copied exactly"" by Meissen about 1730–35."
F1.14,14,1,objects,0.5,split,1:3.0 2:0.0 3:0.0 4:2.6 5:1.0,documented,"The Calico Act of 1721 (7 Geo. I c. 7), in force from 25 December 1722, banned wearing or using printed, painted, stained or dyed calicoes, to protect wool and silk; the 1736 Act recites its exceptions as ""Muslins, Neckcloths and Fustians"". The 1736 Act (9 Geo. II c. 4) then allowed British-printed "
F1.14,14,4,events & timeline,0.5,split,1:3.0 2:0.0 3:0.0 4:2.6 5:1.0,documented,"The Calico Act of 1721 (7 Geo. I c. 7), in force from 25 December 1722, banned wearing or using printed, painted, stained or dyed calicoes, to protect wool and silk; the 1736 Act recites its exceptions as ""Muslins, Neckcloths and Fustians"". The 1736 Act (9 Geo. II c. 4) then allowed British-printed "
F1.14,15,1,objects,1.0,max,1:1.0 2:0.0 3:0.5 4:0.6 5:0.0,documented (holder's framing),"A Bromley Hall copperplate-printed fustian, 1765–75, has foliage that ""recalls the multiflowering trees of Indian palampores""."
F1.14,16,3,civilisations & places,1.0,max,1:1.0 2:0.0 3:2.0 4:0.0 5:1.0,documented,"Coromandel Coast painters made chintz for Japanese, Sri Lankan and European buyers; chintz is both the painter's and the dyer's art."
F1.14,17,4,events & timeline,1.0,max,1:0.0 2:0.0 3:2.0 4:2.6 5:2.0,documented,"The Merchandise Marks Act 1887 punished false trade descriptions, including origin. Customs guidance named ""Sheffield"" knives made in Germany as fraud and required ""manufactured in Germany""."
F1.14,18,4,events & timeline,0.5,split,1:0.0 2:0.0 3:2.5 4:2.6 5:1.0,documented,"SCAPIN-1535 (20 February 1947) ordered every Japanese export article, its container and outer package marked ""Made in Occupied Japan"", from 15 days after receipt."
F1.14,18,3,civilisations & places,0.5,split,1:0.0 2:0.0 3:2.5 4:2.6 5:1.0,documented,"SCAPIN-1535 (20 February 1947) ordered every Japanese export article, its container and outer package marked ""Made in Occupied Japan"", from 15 days after receipt."
F1.14,19,3,civilisations & places,1.0,max,1:0.0 2:0.0 3:2.0 4:0.6 5:1.0,documented (estimate from seizure data),"Counterfeit and pirated goods were up to 2.3% of world trade in 2021, about USD 467 billion (OECD and EUIPO, 7 May 2025)."
F1.14,20,4,events & timeline,1.0,max,1:1.0 2:0.0 3:2.0 4:2.6 5:2.0,contested — both readings; framing interpretive; status docu,"Training generative AI on makers' work: **reading 1**, some training uses may be transformative, and a UK court held (4 November 2025) that model weights which store no images are not an ""infringing copy"". **Reading 2**, commercial use of ""vast troves"" of works to make competing content, ""especially"
F1.15,1,1,objects,0.5,split,1:1.0 2:0.0 3:0.5 4:0.6 5:1.0,Documented,"*Jones's Grammar of Ornament (London: Day and Son, 1856) has 100 chromolithographic plates in its first folio edition, with contributions by J. B. Waring, J. O. Westwood and M. D. Wyatt.* Documented. https://archive.org/details/McGillLibrary-rbsc_grammar-ornament_elfNK1510J71856-22115 — catalogue re"
F1.15,1,5,concepts & people,0.5,split,1:1.0 2:0.0 3:0.5 4:0.6 5:1.0,Documented,"*Jones's Grammar of Ornament (London: Day and Son, 1856) has 100 chromolithographic plates in its first folio edition, with contributions by J. B. Waring, J. O. Westwood and M. D. Wyatt.* Documented. https://archive.org/details/McGillLibrary-rbsc_grammar-ornament_elfNK1510J71856-22115 — catalogue re"
F1.15,2,5,concepts & people,1.0,max,1:0.0 2:0.0 3:0.0 4:0.6 5:1.0,Documented,"*Its 20 chapters run from ""Ornament of Savage Tribes"" to ""Leaves and Flowers from Nature"", sorting ornament by people, place, faith and period.* Documented (chapter list); the reading ""sorting by people"" is interpretive. https://archive.org/stream/jonesowengrammar00owen/jonesowengrammar00owen_djvu.t"
F1.15,3,5,concepts & people,1.0,no match -> default 5,1:0.0 2:0.0 3:0.0 4:0.0 5:0.0,Documented,"*Proposition 8 reads: ""All ornament should be based upon a geometrical construction.""* Documented. Same URL — full text."
F1.15,4,1,objects,0.5,split,1:1.0 2:0.0 3:0.0 4:0.0 5:1.0,Documented,"*Jones reports that on Tongatapu one woman designed all the patterns in use, and was paid a number of yards of cloth for each new one; the dress came via Oswald Brierly.* Documented as Jones's report; her name is not recorded. Same URL — full text."
F1.15,4,5,concepts & people,0.5,split,1:1.0 2:0.0 3:0.0 4:0.0 5:1.0,Documented,"*Jones reports that on Tongatapu one woman designed all the patterns in use, and was paid a number of yards of cloth for each new one; the dress came via Oswald Brierly.* Documented as Jones's report; her name is not recorded. Same URL — full text."
F1.15,5,5,concepts & people,1.0,max,1:0.0 2:0.0 3:0.5 4:0.6 5:1.0,Documented,"*Jones reproduced a preserved, tattooed Māori head (mokomokai) from the Chester museum, then thought to be a woman's.* Documented. https://www.metmuseum.org/perspectives/grammar-of-ornament (Speelberg and Fleming, 2018) — full article; Jones's footnote in the full text above."
F1.15,6,2,movements,0.5,split,1:1.0 2:3.0 3:0.0 4:2.6 5:0.0,Documented,"*Jones decorated the 1851 building in red, yellow and blue and helped select objects from the exhibition for the School of Design's teaching collection.* Documented. https://www.vam.ac.uk/articles/owen-jones-and-the-grammar-of-ornament — full article."
F1.15,6,4,events & timeline,0.5,split,1:1.0 2:3.0 3:0.0 4:2.6 5:0.0,Documented,"*Jones decorated the 1851 building in red, yellow and blue and helped select objects from the exhibition for the School of Design's teaching collection.* Documented. https://www.vam.ac.uk/articles/owen-jones-and-the-grammar-of-ornament — full article."
F1.15,7,4,events & timeline,1.0,max,1:0.0 2:0.0 3:0.0 4:2.6 5:2.0,Documented,"*The 1851 exhibits were shown by country and divided into four divisions (Raw Materials, Machinery, Manufactures, Fine Arts) and 30 classes; over six million people visited.* Documented. https://www.rct.uk/group/381/content/explore/themes/great-exhibition-of-1851/the-exhibition — summary (rechecked "
F1.15,8,5,concepts & people,1.0,max,1:0.0 2:0.0 3:0.0 4:0.6 5:2.0,Documented,"*The 1851 catalogue's introduction frames the show by ""nations"" and ""every civilized people""; the word ""race"" does not appear in the introduction we read.* Documented for the text read. https://archive.org/stream/1851OfficialDescriptiveCatalogueSection1Intro_201711/EX.1851.22_djvu.txt — full text (O"
F1.15,9,5,concepts & people,1.0,max,1:0.0 2:0.0 3:0.0 4:0.6 5:1.0,Contested,"*Loos first gave ""Ornament und Verbrechen"" as a lecture in 1910; it appeared in French in 1913 and in German in 1929; the 1908 date was added for the 1931 reprint.* Contested. Reading one: 1910, following Christopher Long's research as cited. Reading two: 1908, the date in Loos's own 1931 collection"
F1.15,10,3,civilisations & places,1.0,max,1:1.0 2:0.0 3:1.5 4:0.6 5:1.0,Documented,"*Loos wrote that the Papuan who tattoos ""is no criminal"", the modern man who does is ""a criminal or a degenerate"", and that the evolution of culture means removing ornament from everyday objects.* Documented. https://www.designtagebuch.de/wp-content/uploads/2011/11/adolf-loos-ornament-und-verbrechen"
F1.15,11,1,objects,0.5,split,1:2.0 2:0.0 3:0.0 4:0.6 5:2.0,Contested,"*Girih patterns were long read as lines drawn with compass and straightedge; Lu and Steinhardt argue that by about 1200 CE designers also used a set of five tile shapes, and that the Darb-i Imam shrine (Isfahan, 1453) is nearly quasi-crystalline.* Contested. Reading one: tile method, as argued. Read"
F1.15,11,5,concepts & people,0.5,split,1:2.0 2:0.0 3:0.0 4:0.6 5:2.0,Contested,"*Girih patterns were long read as lines drawn with compass and straightedge; Lu and Steinhardt argue that by about 1200 CE designers also used a set of five tile shapes, and that the Darb-i Imam shrine (Isfahan, 1453) is nearly quasi-crystalline.* Contested. Reading one: tile method, as argued. Read"
F1.15,12,1,objects,1.0,max,1:1.0 2:0.0 3:0.0 4:0.6 5:0.0,Documented,"*The Topkapı Scroll (Timurid, late 15th or early 16th century) holds 114 geometric patterns for wall surfaces and vaulting.* Documented. https://www.getty.edu/publications/virtuallibrary/9780892363353.html — summary (free full PDF linked there, not read)."
F1.15,13,1,objects,1.0,max,1:2.0 2:0.0 3:0.0 4:0.6 5:0.0,Documented,"*The Yingzao fashi was completed by 1100 and printed in 1103; its 34 chapters cover measurement, carpentry, stonework, tiling, and painting and decoration.* Documented. https://en.wikipedia.org/wiki/Yingzao_Fashi — summary."
F1.15,14,4,events & timeline,1.0,max,1:0.0 2:0.0 3:0.0 4:0.6 5:0.0,Documented,"*Its timber module, the cai, has eight grades; each cai divides into 15 by 10 fen, and every component is measured in fen.* Documented. https://www.archdaily.com/949479/from-ancient-to-modern-modular-construction-in-chinese-timber-architecture (Miao, 2020) — summary."
F1.15,15,5,concepts & people,1.0,max,1:0.0 2:0.0 3:0.0 4:1.6 5:4.0,Documented,"*Vanuatu sand drawings are on UNESCO's Representative List (2008, 3.COM), first proclaimed a Masterpiece in 2003; drawers trace one continuous line on an imagined grid; UNESCO names a purely aesthetic reading as a threat.* Documented (harvested; rechecked at source 3 Oct 2026). https://ich.unesco.or"
F1.15,16,1,objects,1.0,max,1:3.0 2:0.0 3:0.5 4:0.6 5:1.0,documented,"*Kuba men weave the raffia and women embroider it; one analysis finds Kuba designs use 12 of the 17 plane symmetry types.* First part documented; the count is probable. It rests on Donald Crowe, Journal of Geometry 1 (1971): 169–182, which we saw only as a record. https://en.wikipedia.org/wiki/Kuba_"
F1.15,17,1,objects,1.0,max,1:5.0 2:0.0 3:2.5 4:0.6 5:2.0,Documented,"*Cleveland 1945.133 was published in 1946 as a ""Venetian Bronze Bowl Inlaid with Silver and Gold"" (Helen Foote, Cleveland Bulletin 33, no. 7), shown in ""The Venetian Tradition"" (8 November 1956–1 January 1957), and is now catalogued as Syria, Damascus, Burji Mamluk, 1450–1500. The record describes """
F1.15,18,1,objects,0.5,split,1:3.0 2:0.0 3:0.5 4:2.6 5:2.0,Documented,"*Exhibition histories group objects: 1945.133 and the Kuba cloth 1991.224 were both in ""The Persistence of Geometry"" (MOCA Cleveland, 2006); the khipu 1940.469 was in the ""Exhibition of Peruvian Art"" at the ""Museum of Primitive Art"", New York (1963–64).* Documented. https://openaccess-api.clevelanda"
F1.15,18,4,events & timeline,0.5,split,1:3.0 2:0.0 3:0.5 4:2.6 5:2.0,Documented,"*Exhibition histories group objects: 1945.133 and the Kuba cloth 1991.224 were both in ""The Persistence of Geometry"" (MOCA Cleveland, 2006); the khipu 1940.469 was in the ""Exhibition of Peruvian Art"" at the ""Museum of Primitive Art"", New York (1963–64).* Documented. https://openaccess-api.clevelanda"
F1.15,19,5,concepts & people,1.0,max,1:0.0 2:0.0 3:1.5 4:0.6 5:2.5,Documented,*Six Santa Valley khipus match a colonial census record; colour and the direction of cord attachment appear to encode villagers' names.* Documented for the match; interpretive for names (as CL-166). https://dukeupress.wordpress.com/2018/01/31/groundbreaking-study-on-incan-khipus-published-in-ethnohi
F1.15,20,5,concepts & people,1.0,interpretive flag,1:0.0 2:0.0 3:0.0 4:0.0 5:1.0,Interpretive,"*Unit framing: a likeness between patterns is a claim of method, contact or label, and exhibitions and catalogues make most label claims.* Interpretive (ours)."
F1.16,1,5,concepts & people,1.0,interpretive flag,1:0.0 2:0.0 3:0.0 4:0.0 5:1.0,Interpretive,"The unit's framing: belief drives making through commission, rule, material, repetition, economy and regime, and can be taught without judging any belief."
F1.16,2,1,objects,0.5,split,1:1.0 2:0.0 3:0.0 4:0.6 5:1.0,Documented,"The Diamond Sutra is dated 11 May 868, the earliest dated printed book known (the IDP: ""the earliest known, complete printed book with a date""). Its colophon reads ""Reverently made for universal free distribution by Wang Jie on behalf of his two parents""."
F1.16,2,5,concepts & people,0.5,split,1:1.0 2:0.0 3:0.0 4:0.6 5:1.0,Documented,"The Diamond Sutra is dated 11 May 868, the earliest dated printed book known (the IDP: ""the earliest known, complete printed book with a date""). Its colophon reads ""Reverently made for universal free distribution by Wang Jie on behalf of his two parents""."
F1.16,3,5,concepts & people,1.0,max,1:1.0 2:0.0 3:0.0 4:0.6 5:2.0,Contested (wording); the date and keeper documented,"In 1907 Aurel Stein removed the Diamond Sutra with thousands of documents from the Mogao library cave (Cave 17), which its keeper, the Daoist priest Wang Yuanlu (1850–1931), had found in 1900. Smithsonian says he ""bribed the abbot""; canon OCC178 says he ""bought""; the IDP says Stein ""convinced him to"
F1.16,4,4,events & timeline,1.0,max,1:0.0 2:0.0 3:0.5 4:2.0 5:1.0,Documented,"Empress Shōtoku (718–770) commissioned the One Million Pagodas to give thanks for help in suppressing the Emi rebellion of 764, and had them sent to Japan's major temples."
F1.16,5,1,objects,1.0,max,1:2.0 2:0.0 3:0.0 4:0.0 5:1.0,Contested,The pagoda invocations were probably printed from bronze plates; some scholars say woodblocks.
F1.16,6,5,concepts & people,1.0,max,1:0.0 2:0.0 3:0.0 4:0.6 5:1.0,Documented,"In 1908 Hōryūji gave away 3,000 of its pagodas to contributors to a fund appeal."
F1.16,7,4,events & timeline,1.0,max,1:1.0 2:0.0 3:0.5 4:2.6 5:1.0,Documented,"The Tripitaka Koreana, about 80,000 woodblocks, was carved 1237–1248 ""in an appeal to the authority of the Buddha"" against the Mongol invasions."
F1.16,8,3,civilisations & places,1.0,max,1:0.0 2:0.0 3:2.0 4:0.6 5:0.0,Documented,The Kongo ruler was baptised in 1491; in the early 1500s the Kongo king made Catholicism the state religion and sponsored Christian art.
F1.16,9,1,objects,0.5,split,1:1.0 2:0.0 3:0.5 4:0.0 5:1.0,Documented,"After the conversion, ""the Portuguese demanded destruction of traditional Kongo religious objects, which they labeled as 'idols.'"""
F1.16,9,5,concepts & people,0.5,split,1:1.0 2:0.0 3:0.5 4:0.0 5:1.0,Documented,"After the conversion, ""the Portuguese demanded destruction of traditional Kongo religious objects, which they labeled as 'idols.'"""
F1.16,10,3,civilisations & places,1.0,max,1:0.0 2:0.0 3:2.5 4:0.6 5:1.0,Documented,"Inquisition records show locally made crucifixes traded illegally in Angola in the 1590s. Kongo artists varied figures ""far beyond any European precedent""."
F1.16,11,1,objects,0.5,split,1:1.0 2:0.0 3:0.5 4:0.0 5:1.0,Contested (both readings),"Two readings of the Kongo crucifix. Imposition: a Christian form arrived with Portuguese pressure and the destruction of Kongo objects. Local reinvention: Fromont argues missionaries ""landed in a place that had already converted"", and Kongo elites shaped Kongo Christianity."
F1.16,11,5,concepts & people,0.5,split,1:1.0 2:0.0 3:0.5 4:0.0 5:1.0,Contested (both readings),"Two readings of the Kongo crucifix. Imposition: a Christian form arrived with Portuguese pressure and the destruction of Kongo objects. Local reinvention: Fromont argues missionaries ""landed in a place that had already converted"", and Kongo elites shaped Kongo Christianity."
F1.16,12,1,objects,1.0,max,1:1.0 2:0.0 3:0.0 4:0.6 5:0.0,Documented,"Keros were made in pairs for exchanging chicha. They were ""frequent targets of early Spanish drives to destroy 'pagan' rites"" yet were made and used into the 1800s. Pigmented resin inlay was common before 1570."
F1.16,13,4,events & timeline,1.0,max,1:0.0 2:0.0 3:0.0 4:2.6 5:1.0,Documented,"The Guaraní missions (reducciones) were settlements founded in the 1600s and 1700s on Guaraní lands, with workshops, worked mainly by Guaraní people, until the Jesuits' expulsion (1767–1768)."
F1.16,14,5,concepts & people,1.0,max,1:0.0 2:0.0 3:0.0 4:0.6 5:1.0,Documented (commission); probable (supervision),"The feather *Mass of St Gregory* (1539) was commissioned by Diego de Alvarado Huanitzin for Pope Paul III and made by an Indigenous artist. The Franciscan Pedro de Gante ""likely supervised"" it."
F1.16,15,3,civilisations & places,1.0,max,1:1.0 2:0.0 3:2.5 4:0.6 5:1.0,Documented,In 1688 Indigenous painters in Cuzco began a legal case that changed painting there; Cuzco devotional paintings were exported to cities in present-day Chile and Argentina.
F1.16,16,1,objects,0.5,split,1:1.0 2:0.0 3:0.5 4:0.0 5:1.0,Documented,"Catholic missionaries in Japan commissioned lacquer church furnishings, including a folding lectern with the IHS emblem."
F1.16,16,5,concepts & people,0.5,split,1:1.0 2:0.0 3:0.5 4:0.0 5:1.0,Documented,"Catholic missionaries in Japan commissioned lacquer church furnishings, including a folding lectern with the IHS emblem."
F1.16,17,1,objects,1.0,max,1:3.0 2:0.0 3:0.0 4:0.0 5:1.0,Probable,"Chōjirō's tea-bowl making ""was stimulated and supervised by Rikyū""; the Met attribution of 17.118.74 to Chōjirō is tentative."
F1.16,18,4,events & timeline,1.0,max,1:0.0 2:0.0 3:0.0 4:1.6 5:0.0,Documented,"Qvevri wine-making was inscribed by UNESCO in 2013 (8.COM 8.13); wine is used in ""secular and religious events and rituals"", and the wine cellar is called the holiest place in the home."
F1.16,19,1,objects,1.0,max,1:1.0 2:0.0 3:0.0 4:0.0 5:0.0,Documented (single source),"A jebena is made of clay, ""usually crafted by an elderly woman""; coffee is served in three rounds, the third called baraka, ""to be blessed""."
F1.16,20,1,objects,1.0,max,1:2.0 2:0.0 3:0.0 4:0.6 5:1.0,Documented,Cast tin-lead badges showing St Thomas Becket's shrine were sold to pilgrims at Canterbury; the shrine was destroyed in 1538.
F1.17,1,5,concepts & people,1.0,interpretive flag,1:1.0 2:0.0 3:0.0 4:0.0 5:1.0,Interpretive,"**Unit framing:** across six regimes the brief, the money and the credit separate and recombine; a brief is a historical object to read."
F1.17,2,5,concepts & people,1.0,max,1:0.0 2:0.0 3:0.0 4:0.6 5:1.0,Contested (both readings),"**Reading A:** the payer decided; the designer as a separate job is recent (schools of design from 1837, F1.19b). **Reading B:** makers shaped the brief from below through guild rules and material limits (claims 9–10). The unit does not rule."
F1.17,3,4,events & timeline,1.0,max,1:0.0 2:0.0 3:0.0 4:0.6 5:0.0,Documented,"The Tornabuoni agreement is dated ""1485. die prima Mensis Septembris"", made at Giovanni's house, in the deeds of Ser Jacopo di Martino. It engages Domenico and David for the lives of the Virgin and of St John the Baptist in Santa Maria Novella."
F1.17,4,5,concepts & people,1.0,no match -> default 5,1:0.0 2:0.0 3:0.0 4:0.0 5:0.0,Documented,"The painters must paint ""cum azzurro ultramarino ubi opus esset"", elsewhere ""cum azurro magno fini"", with ornaments ""auri finis""."
F1.17,5,5,concepts & people,1.0,max,1:0.0 2:0.0 3:0.0 4:0.0 5:1.0,Documented,"The contract lists what to depict: ""hedifitia castra, civitates, montes, colles, planities, lapides, vestes, animalia, aves, bestias""."
F1.17,6,5,concepts & people,1.0,max,1:1.0 2:0.0 3:0.0 4:0.6 5:2.0,Documented (editor's summary; Latin price clause not read),"Davies: 1,100 gold florins, work from May 1486 to May 1490; the contract is silent on the 200 ducats Vasari reports."
F1.17,7,5,concepts & people,1.0,max,1:1.0 2:0.0 3:0.0 4:0.6 5:2.0,"Documented (an English translation of the contract, reproduc","A second, separate contract: the Innocenti *Adoration*. Fra Bernardo di Francesco drew it up for the prior, Francesco di Giovanni Tesori, dated ""This day 23 October 1485"" in the translated text (28 October in secondary accounts). Domenico was to paint the panel ""all with his own hand"", following ""a "
F1.17,8,4,events & timeline,1.0,max,1:0.0 2:0.0 3:0.0 4:2.6 5:0.0,Documented,"Hammurabi's laws (c. 1754 BCE) set a builder's fee (§228). If the house ""fall in and kill its owner, then that builder shall be put to death"" (§229). Faulty walls are rebuilt ""from his own means"" (§§232–233)."
F1.17,9,4,events & timeline,1.0,max,1:1.0 2:0.0 3:0.0 4:2.6 5:1.0,Documented (re-sourced 3 Oct 2026 to the Goldsmiths' Company,"England required the sterling standard by statute in 1300 and maker's marks from 1363. The Assay Office opened at Goldsmiths' Hall with the date letter in 1478. The Britannia standard was compulsory from 1697, raised ""to protect the coins from the melting pot""; sterling returned in 1720, with Britan"
F1.17,10,5,concepts & people,1.0,max,1:0.0 2:0.0 3:0.0 4:0.6 5:2.0,Documented (re-sourced 3 Oct 2026 to the British Museum's bi,"Lamerie was born in 's-Hertogenbosch of French Huguenot parents. In 1703 he was apprenticed to Pierre Platel, and in 1717 he entered the livery of the Goldsmiths' Company."
F1.17,11,1,objects,1.0,max,1:5.0 2:0.0 3:0.5 4:0.6 5:1.0,Documented,"Cleveland 1943.179: Lamerie, *Tea Caddy*, London, 1741–42, silver gilt; Grasselli to 1943; no marks transcribed."
F1.17,12,1,objects,0.5,split,1:2.0 2:0.0 3:2.0 4:0.6 5:1.0,Documented,"Rijksmuseum AK-NM-2611: teapot, China, 1728, ""anonymous potter""; arms of the Dutch Republic flanked by lions, the VOC monogram, ""CRESCUNT.1728.CONCORDIA""; CC0."
F1.17,12,3,civilisations & places,0.5,split,1:2.0 2:0.0 3:2.0 4:0.6 5:1.0,Documented,"Rijksmuseum AK-NM-2611: teapot, China, 1728, ""anonymous potter""; arms of the Dutch Republic flanked by lions, the VOC monogram, ""CRESCUNT.1728.CONCORDIA""; CC0."
F1.17,13,1,objects,1.0,max,1:2.0 2:0.0 3:0.0 4:0.6 5:1.0,Documented,"AIC 1984.550: ""Commissioned by Onijagbo Obasoro Alowolodu, Ogoga (King) of Ikere (r. 1890–1928)"", c. 1910–14; in the palace ""until at least 1964""; Chasin; de Havenon, about 1970–84; sold 1984."
F1.17,14,1,objects,0.5,split,1:1.0 2:0.0 3:0.0 4:0.0 5:1.0,Documented (holder's reading),"AIC reads the post as ""the Yoruba concept of a divine ruler""; the senior wife behind the king is ""a guardian of her husband's interests""."
F1.17,14,5,concepts & people,0.5,split,1:1.0 2:0.0 3:0.0 4:0.0 5:1.0,Documented (holder's reading),"AIC reads the post as ""the Yoruba concept of a divine ruler""; the senior wife behind the king is ""a guardian of her husband's interests""."
F1.17,15,5,concepts & people,1.0,max,1:1.0 2:0.0 3:0.0 4:0.6 5:3.0,Documented,"LOC 98518971: *Volunteer civilian defense*, by Welch, silkscreen, 1941–43, sponsored by the Federal Art Project; ""No known restrictions on publication"". The collection runs 1936–1943."
F1.17,16,1,objects,1.0,max,1:4.0 2:0.0 3:0.0 4:0.6 5:1.0,Documented,"Met 31.124, *Joseph Marie Jacquard*, silk, 1839, credits ""Didier, Petit et Cie"" as ""Manufactory""; public domain."
F1.17,17,5,concepts & people,1.0,max,1:0.0 2:0.0 3:0.0 4:0.0 5:1.0,Documented (page undated),"LINE sells creators' stickers only after approval. It rejects images breaking ""the format designated by Company"" (1.1), ""not easy to use in daily conversation"" (1.2), or that ""only feature text or phrases"" (1.6). Some pass anyway, due to ""the characteristics of their creator""."
F1.17,18,5,concepts & people,1.0,max,1:0.0 2:0.0 3:0.0 4:0.0 5:1.0,Documented,"The guidelines also reject images that infringe others' rights or use material ""without proven permission from the copyright owner"" (5.1–5.4)."
F1.17,19,5,concepts & people,1.0,interpretive flag,1:0.0 2:0.0 3:0.0 4:0.0 5:1.0,Interpretive,"**The platform as patron:** a guideline is one brief issued to every maker before any commission exists; the platform holds the brief and the payment channel, the creator the credit."
F1.17,20,4,events & timeline,0.5,split,1:1.0 2:0.0 3:2.5 4:2.6 5:2.0,"Documented (added 3 Oct 2026 to source the VOC line, AR-089)","The VOC bought, held and sold enslaved people at its posts in Asia and Africa. The Rijksmuseum's own label on its paintings of VOC posts: a network where ""not only products but also enslaved people were transported"", and ""The VOC shipped between 660,000 and 1,135,000 people in the 17th and 18th cent"
F1.17,20,3,civilisations & places,0.5,split,1:1.0 2:0.0 3:2.5 4:2.6 5:2.0,"Documented (added 3 Oct 2026 to source the VOC line, AR-089)","The VOC bought, held and sold enslaved people at its posts in Asia and Africa. The Rijksmuseum's own label on its paintings of VOC posts: a network where ""not only products but also enslaved people were transported"", and ""The VOC shipped between 660,000 and 1,135,000 people in the 17th and 18th cent"
F1.18,1,5,concepts & people,1.0,max,1:1.0 2:0.0 3:0.0 4:0.6 5:2.0,Documented,"HSS IV 3, as Waetzoldt (1972) read it, lists 4,272 women and 1,800 children from Guabba in the weaving sector. *Documented* (secondary). Vermaak 2008, https://www.harappa.com/content/guabba-meluhhan-village-mesopotamia. Depth: full text of the article; Waetzoldt not opened."
F1.18,2,1,objects,1.0,max,1:2.0 2:0.0 3:0.5 4:0.6 5:1.0,Documented,"CDLI catalogues HSS 04, 003 (P110276) as an Ur III account from Girsu: ""large balanced account; sesame oil and lard"", Harvard SM 1899.02.001, photo © Harvard. *Documented.* https://cdli.earth/artifacts/110276. Depth: full record. How the weaver count sits in the account: not verified."
F1.18,3,5,concepts & people,1.0,max,1:1.0 2:0.0 3:0.5 4:0.6 5:2.0,Documented,"Most Ur III weavers were women, but not all: UET 3, 1449 says ""the male workers are weavers"". *Documented.* Garcia-Ventura 2014, https://www.academia.edu/8710629/Weaving_in_Ur_III_Mesopotamia_Womens_Work. Depth: summary."
F1.18,4,5,concepts & people,1.0,max,1:0.0 2:0.0 3:0.5 4:0.0 5:1.0,Probable,Women workers in Ur III usually received half the rations of men. *Probable.* Same source. Depth: summary.
F1.18,5,5,concepts & people,1.0,max,1:1.0 2:0.0 3:0.5 4:0.6 5:2.0,Probable,"Ur III labour came mostly from dependent people who owed service to the crown; enslaved people were a limited part, working beside people of other statuses. *Probable* (for the weavers specifically: not stated). Reid 2023, https://www.cambridge.org/core/journals/international-review-of-social-histor"
F1.18,6,3,civilisations & places,1.0,max,1:1.0 2:0.0 3:2.0 4:0.6 5:1.0,Documented,"Inca officials collected girls aged eight to ten from the provinces ""as tribute for the state""; they trained about four years in spinning, weaving, food and chicha in the aqllawasi. *Documented* in Spanish-era sources as summarised. https://en.wikipedia.org/wiki/Aclla. Depth: summary; the chronicles"
F1.18,7,3,civilisations & places,0.5,split,1:3.0 2:0.0 3:3.5 4:0.6 5:2.0,contested,"Whether selection was coercion or a route to status: *contested.* Reading one: girls were taken as tribute and later assigned as wives or to temples (Wikipedia, Aclla). Reading two: the women held rank and made the empire's most valued cloth (Cleveland 1957.136 text). The women's own view is not kno"
F1.18,7,1,objects,0.5,split,1:3.0 2:0.0 3:3.5 4:0.6 5:2.0,contested,"Whether selection was coercion or a route to status: *contested.* Reading one: girls were taken as tribute and later assigned as wives or to temples (Wikipedia, Aclla). Reading two: the women held rank and made the empire's most valued cloth (Cleveland 1957.136 text). The women's own view is not kno"
F1.18,8,1,objects,1.0,max,1:3.0 2:0.0 3:0.5 4:0.6 5:1.0,Documented,"Fine Inca tapestry ""was made … by women of noble families, by professional weavers, and by the Aclla (Chosen Women)""; the Met says ""a select group of female and male weavers"". *Documented.* https://clevelandart.org/art/1957.136; https://www.metmuseum.org/essays/andean-textiles (McHugh 2020). Depth: "
F1.18,9,5,concepts & people,1.0,max,1:3.0 2:0.0 3:0.0 4:1.6 5:4.0,contested,"Who weaves kente is *contested*. Reading one: ""Most kente weavers are men"" (Micots, Smarthistory). Reading two: Ghana's nomination, as UNESCO inscribed it in 2024, says ""Both women and men are involved"", with women ""in charge primarily of weaving and producing cotton yarn"" and men making the loom an"
F1.18,10,5,concepts & people,1.0,max,1:1.0 2:0.0 3:0.0 4:0.6 5:2.0,Documented,"May Morris designed *Honeysuckle* (1883). An 1890 *Woman's World* article credited it to William Morris. A Morris & Co. catalogue of about 1909 first gave it to May, and a letter of hers confirms it. *Documented*; the gallery notes that some still argue her father was chief designer (*contested*: gi"
F1.18,11,5,concepts & people,1.0,max,1:2.0 2:0.0 3:0.0 4:2.6 5:4.0,Documented,"The *Lotus* door curtain: design attributed to May Morris; producer Morris & Co.; embroidered by the Decorative Arts Society, Chicago (founded 1877), 1888, for Frances Glessner's parlour. *Documented* (the design attribution is the AIC's: *probable*). https://api.artic.edu/api/v1/artworks/74514. Dep"
F1.18,12,2,movements,1.0,max,1:1.0 2:3.0 3:0.0 4:2.0 5:1.0,Documented,"At the Bauhaus, weaving became known as the ""women's workshop"". Anni Albers went into it ""unenthusiastically, as merely the least objectionable choice"". *Documented.* https://www.tate.org.uk/whats-on/tate-modern/anni-albers/exhibition-guide. Depth: full text (the quotation's original source not open"
F1.18,13,4,events & timeline,1.0,max,1:1.0 2:0.0 3:0.0 4:2.6 5:2.0,Documented,"Gunta Stölzl became a junior master in 1927 and ran the weaving workshop. She was forced out in 1931 amid Nazi pressure, after swastikas were painted on her door. *Documented* (the dates). That Mies van der Rohe required her resignation is *probable*: Wikipedia says so; other accounts say she resign"
F1.18,14,3,civilisations & places,1.0,max,1:1.0 2:0.0 3:1.5 4:0.6 5:1.0,Documented,"Maria Martinez (Po've'ka) coiled and polished; Julian Martinez painted; Hewett asked her to remake pottery from excavated sherds. *Documented.* Turnbow 2025, https://womenshistory.si.edu/blog/fragments-ancient-pottery-inspired-maria-martinez. Depth: full text."
F1.18,15,5,concepts & people,1.0,max,1:0.0 2:0.0 3:0.0 4:0.6 5:1.0,Probable,"Signatures ran: unsigned (1918–23), ""Marie"" (1923–25), ""Marie + Julian"" (1925–43), ""Marie + Santana"" (1943–54), ""Maria/Popovi"" (from 1956). *Probable* (dates differ by source). https://en.wikipedia.org/wiki/Maria_Martinez. Depth: summary."
F1.18,16,1,objects,0.5,split,1:2.0 2:0.0 3:0.0 4:0.6 5:2.0,Documented,"Cleveland 1951.363, c. 1943–51, is ""Signed: Marie and Santana""; the record credits both women as artists. *Documented.* https://clevelandart.org/art/1951.363. Depth: full record."
F1.18,16,5,concepts & people,0.5,split,1:2.0 2:0.0 3:0.0 4:0.6 5:2.0,Documented,"Cleveland 1951.363, c. 1943–51, is ""Signed: Marie and Santana""; the record credits both women as artists. *Documented.* https://clevelandart.org/art/1951.363. Depth: full record."
F1.18,17,4,events & timeline,1.0,max,1:1.0 2:0.0 3:0.0 4:2.6 5:2.0,Documented,"Ladi Kwali learned pottery from her aunt and joined Cardew's Pottery Training Centre at Abuja (founded 1952) in December 1954 as its first woman trainee. *Documented.* She received an MBE in 1963 (MoMA, Art UK; AWARE says 1962). The centre was renamed for her in the early 1980s (Wikipedia) or after "
F1.18,18,5,concepts & people,1.0,max,1:0.0 2:0.0 3:0.0 4:0.6 5:1.0,Documented,"Lowell's workers were ""young Yankee women, generally 15–30""; most worked 12 to 14 hours a day, and women struck twice in the 1830s. *Documented.* https://www.nps.gov/lowe/learn/historyculture/the-mill-girls-of-lowell.htm. Depth: full page."
F1.18,19,3,civilisations & places,1.0,max,1:0.0 2:0.0 3:3.0 4:0.6 5:2.0,Documented,"Over 1,100 people, mostly garment workers, died when Rana Plaza collapsed near Dhaka on 24 April 2013 (ILO, April 2023); the ILO's *World Social Protection Report 2017–19* gives ""at least 1,132"" killed and ""more than 2,500"" injured. The typical Bangladeshi garment worker is ""female, 23 years old, an"
F1.18,20,5,concepts & people,1.0,interpretive flag,1:0.0 2:0.0 3:0.0 4:0.0 5:1.0,Interpretive,"**The unit's framing:** ""women's work"" is a category that states, schools, firms and markets produced and enforced, not a fact about women. *Interpretive.*"
F1.19,1,5,concepts & people,1.0,interpretive flag,1:0.0 2:0.0 3:0.0 4:0.0 5:1.0,Interpretive,"The unit's framing: the machine split making into steps and moved them between people, places and materials; it did not end hand-making everywhere or at once."
F1.19,2,5,concepts & people,1.0,max,1:1.0 2:0.0 3:0.0 4:0.6 5:2.0,Documented,"The 1851 hall was certified for public use seven months after breaking ground. Chance Brothers supplied 293,655 panes. More than 100,000 objects came from nearly 14,000 exhibitors from 34 nations; over six million people visited."
F1.19,3,5,concepts & people,1.0,max,1:1.0 2:0.0 3:0.5 4:0.6 5:2.0,Documented (single sources),"The panes were blown as cylinders, then reheated and flattened. Chance recruited another 42 French workers for the order; in January 1851 about 60,000 panes were made in a fortnight. Glaziers worked from covered wagons running in the roof gutters (*Illustrated London News*, 7 December 1850)."
F1.19,4,4,events & timeline,1.0,max,1:0.0 2:0.0 3:0.0 4:0.6 5:0.0,Documented,"Fox, Henderson and Co. were the contractors; Charles Downes published 28 plates from their working drawings in 1852."
F1.19,5,2,movements,1.0,max,1:1.0 2:3.0 3:0.0 4:0.0 5:1.0,Documented,"Hand-made goods from Asia drew praise: Ralph Wornum called the shawls ""from Cashmere and Lahore"" the ""finest specimens as Works of Art""; Henry Cole said ""from the East … the most impressive lesson was learnt"". 244 objects were bought for the School of Design."
F1.19,6,1,objects,1.0,max,1:2.0 2:0.0 3:0.5 4:0.6 5:1.0,Documented (quotation); attribution not verified,"Marx quotes ""the Governor General"" for 1834–35: ""The misery hardly finds a parallel in the history of commerce. The bones of the cotton-weavers are bleaching the plains of India."" Whose words these were is widely asserted (Bentinck) but not verified here."
F1.19,7,1,objects,1.0,max,1:3.0 2:0.0 3:0.5 4:0.0 5:1.0,Contested (both readings),"Two readings of India's handloom under machine competition. Collapse: the industry broke under British manufactured imports. Survival: weavers held or improved their position through cheaper machine-spun yarn, rising demand and higher-value cloth."
F1.19,8,1,objects,1.0,max,1:5.0 2:0.0 3:0.0 4:0.6 5:2.0,Documented,"Met 2019.452.4 is a jamdani muslin sari-length from Dacca, 19th–early 20th century, ""decorated in the same in-weave technique"" as its pair. The record does not say whether its yarn was hand- or mill-spun."
F1.19,9,1,objects,0.5,split,1:2.0 2:0.0 3:0.0 4:1.6 5:2.0,Documented,"Jamdani, a sheer cotton ""traditionally woven on a handloom"" with a discontinuous weft, was inscribed by UNESCO in 2013. It is ""principally transmitted by parents to children in home workshops""."
F1.19,9,5,concepts & people,0.5,split,1:2.0 2:0.0 3:0.0 4:1.6 5:2.0,Documented,"Jamdani, a sheer cotton ""traditionally woven on a handloom"" with a discontinuous weft, was inscribed by UNESCO in 2013. It is ""principally transmitted by parents to children in home workshops""."
F1.19,10,5,concepts & people,1.0,max,1:1.0 2:0.0 3:0.0 4:0.6 5:2.0,"Documented (share from the trade series, fact-check 3 Oct 20","Lancashire's cotton came mostly from US plantations worked by enslaved people. In 1860 about 80% of the UK's raw cotton imports came from the United States (2,861 of 3,590 thousand 400-lb bales, Ellison's series); LDHI gives ""about eighty percent"" for 1861. The Science and Industry Museum's ""almost "
F1.19,11,4,events & timeline,1.0,max,1:1.0 2:0.0 3:0.5 4:2.6 5:1.0,Documented,"American cotton fell to almost zero in August 1861 and stayed under three percent of British imports during the war. India and Egypt supplied some, but Britain got less than half of what it needed; mills closed."
F1.19,12,1,objects,0.5,split,1:2.0 2:0.0 3:0.0 4:2.0 5:1.0,Documented (the speed figure is the article's),"The Jacquard mechanism ended the need for a draw boy and made patterned cloth ""more than 20 times faster"". The woven portrait took ""more than 24,000 cards"". Babbage took the mechanism as a model; Lovelace wrote that the Analytical Engine ""weaves algebraical patterns just as the Jacquard-loom weaves "
F1.19,12,4,events & timeline,0.5,split,1:2.0 2:0.0 3:0.0 4:2.0 5:1.0,Documented (the speed figure is the article's),"The Jacquard mechanism ended the need for a draw boy and made patterned cloth ""more than 20 times faster"". The woven portrait took ""more than 24,000 cards"". Babbage took the mechanism as a model; Lovelace wrote that the Analytical Engine ""weaves algebraical patterns just as the Jacquard-loom weaves "
F1.19,13,1,objects,1.0,max,1:4.0 2:0.0 3:0.5 4:0.6 5:1.0,Documented,"Met 31.124 was woven in 1839 after Claude Bonnefond's portrait, commissioned by the city of Lyon in 1831. Didier, Petit et Cie ordered it from the weaver Michel-Marie Carquillat."
F1.19,14,5,concepts & people,1.0,max,1:0.0 2:0.0 3:0.0 4:0.6 5:1.0,Documented,"On 21 November 1831 several hundred canuts rose at the Croix-Rousse. Their pay rested on ""tarifs""; 104 manufacturers refused to apply them. Motto: ""Vivre en travaillant ou mourir en combattant"". About 600 died in 1831 and more than 600 in 1834."
F1.19,15,1,objects,1.0,max,1:4.0 2:0.0 3:0.5 4:0.6 5:2.0,Contested (both readings),"Cleveland 1974.190 is a Jacquard silk woven in Lyon, 1900–1920, titled ""Copy of a Zandaniji Silk"". The ""Zandaniji"" label rests on Henning's late-1950s reading of an inscription on a silk at Huy. Reading one: Sogdian silk from Zandana near Bukhara. Reading two: the inscription is Arabic and names no "
F1.19,16,5,concepts & people,1.0,max,1:1.0 2:0.0 3:0.5 4:0.6 5:2.0,Documented,"In 1872 Kyoto Prefecture sent three weavers, including Sakura Tsuneshichi, to Lyon; early weavers brought back ""jacquards and battant"". Eight more students followed in 1877."
F1.19,17,4,events & timeline,1.0,max,1:1.0 2:0.0 3:2.0 4:3.6 5:1.0,Documented,"Tomioka Silk Mill began operating in 1872 with machinery imported from France, under the technical director Paul Brunat. It trained young women, who returned home to improve local reeling. It was inscribed by UNESCO in 2014."
F1.19,18,4,events & timeline,1.0,max,1:0.0 2:0.0 3:2.0 4:2.6 5:1.0,Documented,"Vienna 1873 was the Meiji government's first official exposition. Gottfried Wagener guided the selection toward ""delicately created industrial art products … rather than machinery products that would merely present imitations of Western culture."""
F1.19,19,4,events & timeline,1.0,max,1:2.0 2:0.0 3:0.5 4:2.6 5:1.0,"Documented (object); probable (maker: ""attributed"")","Met 89.4.1236a–d, an o-daiko of about 1873 attributed to Kodenji Hayashi of Nagoya, was ""made by order of the Japanese government for the Vienna Exposition of 1873""."
F1.19,20,1,objects,1.0,max,1:3.0 2:0.0 3:2.0 4:0.6 5:1.0,Documented (archive-based thesis); pattern names from one po,"Dutch firms used roller printing to imitate Javanese batik; the crackle was ""not acceptable to the Indonesian taste"", and after 1867 only the Haarlemsche Katoen Maatschappij kept on. The Scottish trader Ebenezer Brown Fleming took its prints to the Gold Coast, where women traders were central; his d"
F1.19a,1,5,concepts & people,1.0,interpretive flag,1:0.0 2:0.0 3:1.5 4:2.0 5:1.0,Interpretive,"The unit's framing: in war the state often becomes making's largest client, and war reorganises patron, material, message and home; no gain is reported without its cost."
F1.19a,2,1,objects,0.5,split,1:1.0 2:0.0 3:0.5 4:0.0 5:1.0,Documented,"Rubruck heard of ""a certain master goldsmith, William by name, a native of Paris"", family name Buchier, at Caracorum. William made ""a great silver tree"" whose four silver lions were ""belching forth white milk of mares""."
F1.19a,2,5,concepts & people,0.5,split,1:1.0 2:0.0 3:0.5 4:0.0 5:1.0,Documented,"Rubruck heard of ""a certain master goldsmith, William by name, a native of Paris"", family name Buchier, at Caracorum. William made ""a great silver tree"" whose four silver lions were ""belching forth white milk of mares""."
F1.19a,3,4,events & timeline,1.0,max,1:0.0 2:0.0 3:0.0 4:0.6 5:0.0,Contested (both places given),"Where Buchier was taken is not settled: Belgrade or Gyulafehérvár, in 1241 or 1242."
F1.19a,4,1,objects,0.5,split,1:1.0 2:0.0 3:0.0 4:0.0 5:1.0,Documented,"Rubruck describes Caracorum's Cathayan quarter as people ""all of whom are artisans"". Carpini met ""a certain Ruthenian called Cosmas, a goldsmith"", who made Güyük's throne and seal."
F1.19a,4,5,concepts & people,0.5,split,1:1.0 2:0.0 3:0.0 4:0.0 5:1.0,Documented,"Rubruck describes Caracorum's Cathayan quarter as people ""all of whom are artisans"". Carpini met ""a certain Ruthenian called Cosmas, a goldsmith"", who made Güyük's throne and seal."
F1.19a,5,1,objects,1.0,max,1:3.0 2:0.0 3:0.5 4:0.0 5:1.0,Documented,"The Mongols moved three weaving communities from Central Asia and Persia to China for cloth of gold: 3,000 mostly weaving households to Xunmalin under Ögödei; 300 Central Asian weavers and goldsmiths with 300 Chinese weavers to Hongzhou; a third to Besh Baliq."
F1.19a,6,4,events & timeline,1.0,max,1:0.0 2:0.0 3:0.0 4:2.0 5:1.0,Contested (numbers),"Numbers of artisans spared at each conquered city differ by source; for Merv one modern history says ""some eighty craftsmen"". The unit states no count as fact."
F1.19a,7,1,objects,1.0,max,1:3.0 2:0.0 3:0.5 4:0.6 5:1.0,Documented (museum's reading),"Cleveland's label: ""The Mongols created exceptionally sumptuous cloths of gold to symbolize their imperial authority and legitimacy."" It dates 1989.50 to 1225–75, Central Asia."
F1.19a,8,1,objects,1.0,max,1:4.0 2:3.0 3:0.5 4:0.0 5:1.0,Probable (inferred from the weave),"The Met reads its Yuan cloth of gold as ""an innovation from Central Asia"" that indicates a ""mass movement of weavers from the eastern Iranian world to China""."
F1.19a,9,5,concepts & people,0.5,split,1:0.0 2:0.0 3:0.0 4:2.6 5:3.0,Documented (heading only; chapter not read),"Clavijo's account, in Le Strange's 1928 translation, has a chapter headed ""Artisans and craftsmen brought from all conquered lands to settle in Samarqand""."
F1.19a,9,4,events & timeline,0.5,split,1:0.0 2:0.0 3:0.0 4:2.6 5:3.0,Documented (heading only; chapter not read),"Clavijo's account, in Le Strange's 1928 translation, has a chapter headed ""Artisans and craftsmen brought from all conquered lands to settle in Samarqand""."
F1.19a,10,4,events & timeline,1.0,max,1:2.0 2:0.0 3:2.0 4:2.6 5:1.0,Contested wording; our verb follows Korean sources (AR-083),"The Met says many Korean potters ""came to Japan"" during Hideyoshi's two invasions in the 1590s; the same essay says feudal lords ""brought back Korean potters"", and that Arita porcelain began in the early 1600s. Korean state-funded sources say the potters were taken by force: the Northeast Asian Hist"
F1.19a,11,3,civilisations & places,0.5,split,1:1.0 2:0.0 3:2.0 4:0.6 5:2.0,Documented,"In 1917 Wilkinson proposed painting ships ""to break up her form"" and confuse a submarine officer about their course. His unit had 11 women art students as assistants; over 2,300 ships were painted by 1918. NARA holds over 300 hand-coloured British templates (NAID 566727)."
F1.19a,11,5,concepts & people,0.5,split,1:1.0 2:0.0 3:2.0 4:0.6 5:2.0,Documented,"In 1917 Wilkinson proposed painting ships ""to break up her form"" and confuse a submarine officer about their course. His unit had 11 women art students as assistants; over 2,300 ships were painted by 1918. NARA holds over 300 hand-coloured British templates (NAID 566727)."
F1.19a,12,1,objects,1.0,max,1:1.0 2:0.0 3:0.0 4:0.6 5:0.0,Contested (both readings),"Whether dazzle worked: the 1918 Admiralty committee found no clear evidence that it confused a submarine officer; it also found crews were more confident, so painting could continue."
F1.19a,13,4,events & timeline,1.0,max,1:1.0 2:0.0 3:0.0 4:2.6 5:0.0,Documented,"The US Navy's first order for the Eameses' moulded plywood leg splint was 5,000; more than 150,000 were made by the war's end, manufactured by Evans Products."
F1.19a,14,3,civilisations & places,1.0,max,1:1.0 2:0.0 3:2.0 4:0.6 5:1.0,Documented (dates differ from canon OCC217: 1942),"Utility furniture: designed for the Board of Trade from 1941; first catalogue 1943, about 30 pieces; each piece priced in units and stamped CC41; priority to people bombed out and young couples; the scheme ran to 1952."
F1.19a,15,4,events & timeline,1.0,max,1:0.0 2:0.0 3:0.0 4:2.6 5:1.0,Documented,"The Housing (Temporary Accommodation) Act 1944 allowed up to £150 million; 156,623 prefab bungalows were built 1945–49, meant to last no more than a decade."
F1.19a,16,4,events & timeline,1.0,max,1:1.0 2:0.0 3:0.0 4:2.6 5:1.0,Documented,"In 1939 the Ministry of Information had three posters; ""Keep calm and carry on"" was printed and ""held in reserve for immediate posting"" after a severe air raid (INF 1/6)."
F1.19a,17,5,concepts & people,1.0,interpretive flag,1:0.0 2:0.0 3:3.5 4:0.6 5:1.0,Interpretive (one historian's thesis),"Satia argues that state demand shaped British gun-making: the state adjusted the gun's design and paid to train workers, and output rose from tens of thousands a year to millions by 1815. Firearms were ""a really important part"" of British trade on the West African coast, ""centered until 1807 on the "
F1.19a,18,3,civilisations & places,1.0,max,1:1.0 2:0.0 3:2.5 4:0.6 5:0.0,Documented,"The US Army slaughtered Diné sheep ""by the thousands""; more than 8,000 Diné walked over 300 miles to Fort Sumner and were held at Bosque Redondo four years, returning in 1868. Cleveland links the shift to rugs for collectors to trade networks broken by that imprisonment."
F1.19a,19,1,objects,0.5,split,1:1.0 2:0.0 3:0.0 4:0.0 5:1.0,Contested (both readings),"Hmong story cloths were developed in refugee camps, and men as well as women made them. Some Hmong informants and anthropologists say a relief worker suggested picture embroidery for sale; Cohen says relief groups did not ask for figurative designs."
F1.19a,19,5,concepts & people,0.5,split,1:1.0 2:0.0 3:0.0 4:0.0 5:1.0,Contested (both readings),"Hmong story cloths were developed in refugee camps, and men as well as women made them. Some Hmong informants and anthropologists say a relief worker suggested picture embroidery for sale; Cohen says relief groups did not ask for figurative designs."
F1.19a,20,1,objects,1.0,max,1:1.0 2:0.0 3:0.0 4:0.6 5:0.0,Documented,"*The Art of Gaman* (SAAM, 2010–11) showed more than 120 objects made in the camps from scraps and found materials: furniture, tools, teapots, toys, instruments and pins."
F1.19b,1,5,concepts & people,1.0,interpretive flag,1:0.0 2:3.0 3:0.0 4:0.0 5:1.0,Interpretive,"The unit's framing: designing split from making when workshops and then schools taught some people to draw what others made; each school taught a method and a rank, and learners inherit both."
F1.19b,2,2,movements,1.0,max,1:0.0 2:3.0 3:0.0 4:0.6 5:1.0,"Documented (workshop); contested (the sketch's purpose, both","The Kano school relied on ""family ties, apprenticeships, and copybooks"". Its model books (funpon) reproduced paintings ""faithfully or in rough sketches in smaller size"" and were ""zealously guarded"". Tan'yū's 1666 sketch of Mi Fu may be a record copy (shukuzu) or ""preliminary drawings for paintings""."
F1.19b,3,1,objects,0.5,split,1:1.0 2:0.0 3:0.5 4:0.6 5:1.0,Documented,"Shen Xinyu and Li Yu printed the *Mustard Seed Garden Manual* in 1679; Wang Gai illustrated it by adapting an earlier primer. It gave painters without a collection ""a glimpse into the elite training available to painters of privilege"". Reprinted in colour in Japan in 1748; Japanese artists ""copied a"
F1.19b,3,5,concepts & people,0.5,split,1:1.0 2:0.0 3:0.5 4:0.6 5:1.0,Documented,"Shen Xinyu and Li Yu printed the *Mustard Seed Garden Manual* in 1679; Wang Gai illustrated it by adapting an earlier primer. It gave painters without a collection ""a glimpse into the elite training available to painters of privilege"". Reprinted in colour in Japan in 1748; Japanese artists ""copied a"
F1.19b,4,4,events & timeline,1.0,max,1:0.0 2:0.0 3:0.0 4:0.6 5:0.0,Documented,"Calligraphy practice pages (siyah mashq) were ""intended to strengthen a calligrapher's hand and instill discipline through the repetition of letters""; after the 16th century they became an art form in their own right."
F1.19b,5,5,concepts & people,1.0,max,1:0.0 2:0.0 3:0.0 4:0.6 5:2.0,"Documented (primary text, TXT027)","Ruskin (1853): ""It is not, truly speaking, the labor that is divided; but the men"" (chapter VI, §XVI, as Gutenberg 30755 spells it)."
F1.19b,6,2,movements,0.5,split,1:0.0 2:3.0 3:0.0 4:2.6 5:2.0,Documented,"The Government School of Design opened in 1837 at Somerset House, after a Commons committee of 1835. It taught the figure ""as applied to Ornament"" for manufactures; a separate female school is listed in 1848. In 1865 the J.J. School in Bombay (founded 1857) hired Lockwood Kipling and John Griffiths "
F1.19b,6,4,events & timeline,0.5,split,1:0.0 2:3.0 3:0.0 4:2.6 5:2.0,Documented,"The Government School of Design opened in 1837 at Somerset House, after a Commons committee of 1835. It taught the figure ""as applied to Ornament"" for manufactures; a separate female school is listed in 1848. In 1865 the J.J. School in Bombay (founded 1857) hired Lockwood Kipling and John Griffiths "
F1.19b,7,2,movements,0.5,split,1:2.0 2:3.0 3:0.5 4:2.6 5:0.0,Documented (making); probable (exhibition),"The Met's vase was made ""by the Bombay School of Art in an effort to preserve Indian craft"", with motifs from the Ajanta murals and a shape showing ""British neoclassical taste"". It ""may have been produced"" for the London Colonial and Indian Exhibition of 1886."
F1.19b,7,4,events & timeline,0.5,split,1:2.0 2:3.0 3:0.5 4:2.6 5:0.0,Documented (making); probable (exhibition),"The Met's vase was made ""by the Bombay School of Art in an effort to preserve Indian craft"", with motifs from the Ajanta murals and a shape showing ""British neoclassical taste"". It ""may have been produced"" for the London Colonial and Indian Exhibition of 1886."
F1.19b,8,2,movements,0.5,split,1:0.0 2:3.0 3:0.0 4:2.6 5:0.0,Documented,"The Mayo School of Industrial Art opened in Lahore in 1875 with Kipling as first principal, ""to document the arts and crafts of the Punjab"" and train makers for ""craft production"". It became the National College of Arts in 1956–58."
F1.19b,8,4,events & timeline,0.5,split,1:0.0 2:3.0 3:0.0 4:2.6 5:0.0,Documented,"The Mayo School of Industrial Art opened in Lahore in 1875 with Kipling as first principal, ""to document the arts and crafts of the Punjab"" and train makers for ""craft production"". It became the National College of Arts in 1956–58."
F1.19b,9,2,movements,1.0,max,1:1.0 2:3.0 3:0.0 4:0.6 5:1.0,Contested (both readings),"Two readings of the colonial school. Preservation: the Met and NCA describe schools set up to preserve and document craft. Division: a 2025 essay argues the system ""divided mind from hand, theory from skill""."
F1.19b,10,2,movements,0.5,split,1:1.0 2:3.0 3:1.5 4:0.0 5:3.0,"Contested (credit; English Heritage gives both wordings, fac","Ram Singh trained as a carpenter, became Vice-Principal of the Mayo School, and was commissioned ""to design the decoration"" of the Durbar Room (RCT). English Heritage's Google Arts & Culture story says the room ""was designed by John Lockwood Kipling"", with moulds made under Ram Singh's supervision; "
F1.19b,10,5,concepts & people,0.5,split,1:1.0 2:3.0 3:1.5 4:0.0 5:3.0,"Contested (credit; English Heritage gives both wordings, fac","Ram Singh trained as a carpenter, became Vice-Principal of the Mayo School, and was commissioned ""to design the decoration"" of the Durbar Room (RCT). English Heritage's Google Arts & Culture story says the room ""was designed by John Lockwood Kipling"", with moulds made under Ram Singh's supervision; "
F1.19b,11,2,movements,0.5,split,1:1.0 2:3.0 3:0.0 4:2.6 5:2.0,Documented,"Gropius founded the Bauhaus in Weimar in 1919; it moved to Dessau in 1925 and Berlin in 1932; its dissolution was announced on 10 August 1933. Each workshop had a Werkmeister for craft and a Formmeister for form. Klee taught from May 1921 and led the bookbinding, metal and stained-glass workshops."
F1.19b,11,4,events & timeline,0.5,split,1:1.0 2:3.0 3:0.0 4:2.6 5:2.0,Documented,"Gropius founded the Bauhaus in Weimar in 1919; it moved to Dessau in 1925 and Berlin in 1932; its dissolution was announced on 10 August 1933. Each workshop had a Werkmeister for craft and a Formmeister for form. Klee taught from May 1921 and led the bookbinding, metal and stained-glass workshops."
F1.19b,12,5,concepts & people,1.0,max,1:0.0 2:0.0 3:0.0 4:0.6 5:2.0,Documented,"Gropius's manifesto (April 1919): ""Architekten, Bildhauer, Maler, wir alle müssen zum Handwerk zurück!"" Quote by jurisdiction: one short line, in German with our own gloss, linked to the source; the text is in EU copyright to the end of 2039 (TXT032)."
F1.19b,13,5,concepts & people,1.0,max,1:1.0 2:0.0 3:0.0 4:0.6 5:2.0,Documented,"The 1919 programme admitted students regardless of age and sex; in summer 1919, 84 women and 79 men enrolled. Gropius soon asked for sharp selection of women, who were steered into weaving. Link F1.18."
F1.19b,14,2,movements,0.5,split,1:0.0 2:3.0 3:0.0 4:2.6 5:1.0,Documented,"Lenin's government founded Vkhutemas, by decree of 29 November 1920 (Getty ULAN), as ""a merger of a fine arts college and a crafts school"". It offered free education, admitted students ""regardless of their artistic talent or academic standing"", and had five production departments. It was restructure"
F1.19b,14,4,events & timeline,0.5,split,1:0.0 2:3.0 3:0.0 4:2.6 5:1.0,Documented,"Lenin's government founded Vkhutemas, by decree of 29 November 1920 (Getty ULAN), as ""a merger of a fine arts college and a crafts school"". It offered free education, admitted students ""regardless of their artistic talent or academic standing"", and had five production departments. It was restructure"
F1.19b,15,2,movements,0.5,split,1:0.0 2:3.0 3:0.5 4:2.6 5:2.0,Documented,"Inge Scholl, Otl Aicher and Max Bill founded the HfG Ulm in 1953; it taught from 1955 to 1968 and was a model for schools in India and Brazil. ESDI in Rio was created by decree 1.443 of 25 December 1962 on the HfG Ulm model."
F1.19b,15,4,events & timeline,0.5,split,1:0.0 2:3.0 3:0.5 4:2.6 5:2.0,Documented,"Inge Scholl, Otl Aicher and Max Bill founded the HfG Ulm in 1953; it taught from 1955 to 1968 and was a model for schools in India and Brazil. ESDI in Rio was created by decree 1.443 of 25 December 1962 on the HfG Ulm model."
F1.19b,16,4,events & timeline,1.0,max,1:0.0 2:0.0 3:0.5 4:2.6 5:2.0,Documented,"The Government of India asked the Ford Foundation to invite Charles and Ray Eames; their India Report is dated 7 April 1958. NID was established in 1961, as the National Institute of Industrial Design; Gira and Gautam Sarabhai were central to it, with ""learning by doing""."
F1.19b,17,4,events & timeline,1.0,max,1:0.0 2:0.0 3:0.0 4:2.6 5:0.0,Documented (magazine),"Kala Bhavana was founded at Santiniketan in 1919; Nandalal Bose became principal in 1923. Its teachers took up ""Santhal studies"", nature study and local landscape."
F1.19b,18,2,movements,1.0,max,1:0.0 2:3.0 3:0.0 4:0.6 5:1.0,Documented,"The Egyptian School of Fine Arts opened on 13 May 1908 (REM; the Fine Arts faculty's own history gives 12 May), with drawing at its core. Prince Youssef Kamal paid for it; it was free, came under the Ministry of Education in 1910, and trained Mahmoud Mokhtar."
F1.19b,19,2,movements,0.5,split,1:0.0 2:3.0 3:0.5 4:2.6 5:1.0,Documented (interview),"The Kumasi art school began as an art department at Achimota between the wars, after a ""Hand and Eye Work"" curriculum introduced around 1909. It moved to the Kumasi College of Technology (1952), which became KNUST in 1961."
F1.19b,19,4,events & timeline,0.5,split,1:0.0 2:3.0 3:0.5 4:2.6 5:1.0,Documented (interview),"The Kumasi art school began as an art department at Achimota between the wars, after a ""Hand and Eye Work"" curriculum introduced around 1909. It moved to the Kumasi College of Technology (1952), which became KNUST in 1961."
F1.19b,20,2,movements,0.5,split,1:1.0 2:3.0 3:0.5 4:2.6 5:2.0,Documented (dates by act; fact-check 3 Oct 2026),"The Academy of San Carlos in Mexico City, led by the engraver Jerónimo Antonio Gil, is ""the earliest art academy in the Americas""; students drew from plaster casts. Its three dates are three acts: a provisional school from 1781, a royal cédula in 1783, and the inauguration of classes on 4 November 1"
F1.19b,20,4,events & timeline,0.5,split,1:1.0 2:3.0 3:0.5 4:2.6 5:2.0,Documented (dates by act; fact-check 3 Oct 2026),"The Academy of San Carlos in Mexico City, led by the engraver Jerónimo Antonio Gil, is ""the earliest art academy in the Americas""; students drew from plaster casts. Its three dates are three acts: a provisional school from 1781, a royal cédula in 1783, and the inauguration of classes on 4 November 1"
F1.20,1,5,concepts & people,1.0,interpretive flag,1:0.0 2:3.0 3:0.0 4:0.0 5:1.0,Interpretive,"The unit's framing: modernism was many movements made in many centres, each choosing a past and a refusal; this can be taught without ranking them."
F1.20,2,2,movements,1.0,max,1:0.0 2:3.0 3:0.5 4:0.6 5:0.0,Documented,"Pevsner's *Pioneers of the Modern Movement from William Morris to Walter Gropius* (London: Faber, 1936) called Morris ""the father of the Modern Movement"" and closed: ""So our circle is complete."" MoMA's 1949 edition retitled it *Pioneers of Modern Design*."
F1.20,3,5,concepts & people,1.0,max,1:0.0 2:0.0 3:0.5 4:0.6 5:1.0,Documented (as UNESCO's framing),"UNESCO (2016) says the Capitol Complex at Chandigarh ""symbolized India's accession to modernity"" and that Le Corbusier's influence reached ""four continents""."
F1.20,4,2,movements,1.0,max,1:0.0 2:3.0 3:1.5 4:0.6 5:1.0,Documented,"Stalin, 18 May 1925: ""Proletarian in content, national in form—such is the universal culture towards which socialism is proceeding."""
F1.20,5,5,concepts & people,1.0,max,1:0.0 2:0.0 3:0.0 4:0.6 5:1.0,Documented,"On 23 April 1932 the Central Committee liquidated the proletarian writers' associations and ordered ""an analogous change in policy for other forms of art""."
F1.20,6,4,events & timeline,1.0,max,1:0.0 2:0.0 3:0.5 4:2.6 5:0.0,Documented,"Tashkent's Navoi Theatre, by Alexey Shchusev, opened in 1947. Soviet Koreans worked on it from 1943; Japanese prisoners of war ""assisted"" in the final phase."
F1.20,7,1,objects,0.5,split,1:1.0 2:0.0 3:0.0 4:0.0 5:1.0,Documented (single source),Uzbekistan's heritage list names Usto Shirin Muradov as a leading ganch carver of the Navoi Theatre's decoration.
F1.20,7,5,concepts & people,0.5,split,1:1.0 2:0.0 3:0.0 4:0.0 5:1.0,Documented (single source),Uzbekistan's heritage list names Usto Shirin Muradov as a leading ganch carver of the Navoi Theatre's decoration.
F1.20,8,4,events & timeline,1.0,max,1:0.0 2:0.0 3:0.0 4:2.6 5:1.0,Documented,"Resolution No. 1871 of 4 November 1955 condemned ""errors"" in architecture and required ""the most economical standard designs"" and industrial methods."
F1.20,9,4,events & timeline,1.0,max,1:0.0 2:0.0 3:0.5 4:3.6 5:1.0,Documented,"The earthquake of 26 April 1966 led to Tashkent's rebuilding; ten buildings of the 1960s to early 1990s were inscribed by UNESCO in 2026 for adapting ""standardised systems to regional materials, traditions""."
F1.20,10,5,concepts & people,1.0,max,1:1.0 2:0.0 3:0.0 4:0.6 5:2.0,Documented (single summary source),"The Peoples' Friendship Palace (1981; Yevgeny Rozanov, Elena Sukhanova) has a façade of ""panjara screens reimagined in concrete and stone""; the former Lenin Museum's prefabricated panels ""echo Islamic motifs""."
F1.20,11,1,objects,0.5,split,1:1.0 2:0.0 3:0.0 4:0.6 5:1.0,Documented,On 25 March 2024 Uzbekistan's government listed about 157 mosaic panels as monumental art. Not all mosaics are covered; a panel by Arnold Gan was dismantled in September 2023.
F1.20,11,5,concepts & people,0.5,split,1:1.0 2:0.0 3:0.0 4:0.6 5:1.0,Documented,On 25 March 2024 Uzbekistan's government listed about 157 mosaic panels as monumental art. Not all mosaics are covered; a panel by Arnold Gan was dismantled in September 2023.
F1.20,12,1,objects,0.5,split,1:1.0 2:0.0 3:0.0 4:0.6 5:1.0,"Documented (single source, interview)","In Almaty ""dozens of works of monumental art were produced at the Oner Art Combine by brigades of craftsmen"". The mosaic *Qyz Zhibek* (1971, Wedding Palace) is by Nikolai Tsivchinsky and Moldakhmet Kenbaev. Landmark protection is weak."
F1.20,12,5,concepts & people,0.5,split,1:1.0 2:0.0 3:0.0 4:0.6 5:1.0,"Documented (single source, interview)","In Almaty ""dozens of works of monumental art were produced at the Oner Art Combine by brigades of craftsmen"". The mosaic *Qyz Zhibek* (1971, Wedding Palace) is by Nikolai Tsivchinsky and Moldakhmet Kenbaev. Landmark protection is weak."
F1.20,13,2,movements,0.5,split,1:0.0 2:3.0 3:0.5 4:2.6 5:2.0,Documented,"The Non-Aligned Movement was founded at Belgrade, 1–6 September 1961; founders included Ghana, India, Morocco, Cuba and Yugoslavia. MoMA calls Yugoslav architecture ""both in line with and distinct from"" design elsewhere."
F1.20,13,4,events & timeline,0.5,split,1:0.0 2:3.0 3:0.5 4:2.6 5:2.0,Documented,"The Non-Aligned Movement was founded at Belgrade, 1–6 September 1961; founders included Ghana, India, Morocco, Cuba and Yugoslavia. MoMA calls Yugoslav architecture ""both in line with and distinct from"" design elsewhere."
F1.20,14,2,movements,1.0,max,1:0.0 2:3.0 3:0.0 4:2.0 5:1.0,Contested (both readings),"Two readings of tropical modernism. Fry and Drew built for ""comfort, mainly to British administrators"" against anti-colonial struggle. Nkrumah ""reappropriated"" it as a symbol; Owusu-Addo returned to teach at KNUST."
F1.20,15,5,concepts & people,1.0,max,1:2.0 2:0.0 3:0.5 4:0.6 5:3.0,Documented; maker credit contested,Nehru recruited Fry and Drew in 1950 for Chandigarh. The Met's label credits the furniture to Pierre Jeanneret; The Conversation names Eulie Chowdhury as co-designer of a chair. Siegel's *Provenance* traces the pieces from offices to auction.
F1.20,16,2,movements,1.0,max,1:1.0 2:3.0 3:0.0 4:0.6 5:2.0,Documented,"Senegal set up a national tapestry works at Thiès in 1966; opening it on 4 December 1966, Senghor called for ""un art nouveau pour une nation nouvelle"". Four weavers trained in France: Mamadou Wade, Mar Fall, Doudou Diagne, Alioune Badara Diakhaté."
F1.20,17,4,events & timeline,1.0,max,1:0.0 2:0.0 3:0.5 4:1.6 5:0.0,Documented,"Brasília was built 1956–1960 to plans by Lúcio Costa and Oscar Niemeyer, under Kubitschek; UNESCO inscribed it in 1987."
F1.20,18,2,movements,0.5,split,1:2.0 2:3.0 3:0.5 4:2.6 5:2.0,Documented,"Yanagi, Kawai Kanjirō and Hamada Shōji coined ""mingei"" in 1925; the Japan Folk Crafts Museum opened in 1936. Yanagi remounted Met 1975.268.147; Hamada made its knobs."
F1.20,18,4,events & timeline,0.5,split,1:2.0 2:3.0 3:0.5 4:2.6 5:2.0,Documented,"Yanagi, Kawai Kanjirō and Hamada Shōji coined ""mingei"" in 1925; the Japan Folk Crafts Museum opened in 1936. Yanagi remounted Met 1975.268.147; Hamada made its knobs."
F1.20,19,2,movements,1.0,max,1:0.0 2:3.0 3:0.5 4:0.6 5:2.0,Contested (both readings),"Two readings of Mingei. Brandt: ""shaped by imperialism and colonialism"". Kikuchi: Yanagi defended the Gwanghwamun gate (1922) and opened a Korean folk art museum in Seoul (1924), yet did not question colonial rule. Ch'oe Harim (1974) called it ""aesthetics of colonialism""."
F1.20,20,2,movements,0.5,split,1:1.0 2:3.0 3:0.0 4:2.6 5:2.0,Documented,"Three reach-backs. Zaria's Natural Synthesis (late 1950s) drew on uli, an Igbo women's painting practice; Okeke learned it from his mother. Tate places the Casablanca School in the ""rebirth that followed Morocco's independence"". Antropofagia (1928) proposed a ""symbolic digestion of external influenc"
F1.20,20,4,events & timeline,0.5,split,1:1.0 2:3.0 3:0.0 4:2.6 5:2.0,Documented,"Three reach-backs. Zaria's Natural Synthesis (late 1950s) drew on uli, an Igbo women's painting practice; Okeke learned it from his mother. Tate places the Casablanca School in the ""rebirth that followed Morocco's independence"". Antropofagia (1928) proposed a ""symbolic digestion of external influenc"
F1.21,1,5,concepts & people,1.0,max,1:1.0 2:0.0 3:0.5 4:0.6 5:2.0,documented,Mitsui Takatoshi opened the Echigoya drapery in Edo in 1673. In 1683 it moved to Surugachō and sold for cash at fixed prices (*genkin kakene nashi*). Kiyonaga (about 1789) and Hokusai (about 1830–32) printed the shop.
F1.21,2,4,events & timeline,1.0,max,1:0.0 2:0.0 3:0.0 4:0.6 5:0.0,documented (company history),"Mitsukoshi Gofukuten was incorporated in 1904 and issued a ""Department Store Declaration"" the same month, after display selling (1895) and the end of seated selling (1900)."
F1.21,3,4,events & timeline,1.0,max,1:0.0 2:0.0 3:0.5 4:2.6 5:0.0,"documented (1,888 staff and Marguerite's role still from Wik","Paul and Justin Videau founded Au Bon Marché in Paris in 1838. Aristide Boucicaut joined in 1852 and brought in fixed prices, exchanges and refunds. Staff reached 1,888 by 1879. Marguerite Boucicaut ran it after his death."
F1.21,4,5,concepts & people,1.0,max,1:0.0 2:0.0 3:0.0 4:0.6 5:1.0,contested — both readings,"Which store was the earliest department store is contested. **Reading A:** Le Bon Marché after 1852 was ""one of the first modern department stores"". **Reading B:** cash selling at fixed prices ran at the Echigoya from 1683; the Mitsui archive says there were ""no examples even in foreign countries"". "
F1.21,5,5,concepts & people,1.0,max,1:0.0 2:0.0 3:0.0 4:0.6 5:1.0,documented,"Worth worked at Gagelin, then opened his own firm with a partner in 1858; his designs were shown on live models."
F1.21,6,5,concepts & people,1.0,max,1:0.0 2:0.0 3:0.0 4:0.6 5:1.0,"probable (""earliest"" to check)","Worth sewed his name into his garments, often called the earliest designer label. By the late 1880s the house held twice-yearly collections; staff grew from about 50 to over 1,200."
F1.21,7,4,events & timeline,0.5,split,1:0.0 2:0.0 3:2.5 4:2.6 5:1.0,documented,"The Paris trade body was founded in 1868 and became the Chambre Syndicale de la Couture Parisienne on 14 December 1910. ""Haute Couture"" became a legally registered designation on 23 January 1945."
F1.21,7,3,civilisations & places,0.5,split,1:0.0 2:0.0 3:2.5 4:2.6 5:1.0,documented,"The Paris trade body was founded in 1868 and became the Chambre Syndicale de la Couture Parisienne on 14 December 1910. ""Haute Couture"" became a legally registered designation on 23 January 1945."
F1.21,8,5,concepts & people,1.0,max,1:0.0 2:0.0 3:0.0 4:0.6 5:2.0,documented,"""Uncle Josh Weathersby in a department store"" (label variant ""Uncle Josh in a department store""), written and spoken by Cal Stewart, recorded 22 May 1903 (Philadelphia, place unconfirmed), 10-in. Victor 665, pre-matrix B-665, take M-7. The same number also covers 7-in. takes of 1901 and 1903 and an "
F1.21,9,1,objects,1.0,max,1:1.0 2:0.0 3:0.0 4:0.0 5:0.0,documented (print); recording not yet heard,"In the printed monologue, Josh asks for muslin and calico, is insulted by a floor worker, and chases his change through the cash carrier."
F1.21,10,3,civilisations & places,1.0,max,1:0.0 2:0.0 3:2.0 4:0.6 5:1.0,documented,"Kalighat pictures were sold as pilgrimage and tourist souvenirs from at least the 1830s to the 1930s, made ""cheaply, quickly, and in vast numbers"". A master pencilled the form; family members inked it. Buyers included villagers, Marwari merchants, English officials and missionaries."
F1.21,11,5,concepts & people,1.0,max,1:2.0 2:0.0 3:0.5 4:0.6 5:3.0,probable (family and trade accounts),"Words on kanga began in the early 1900s, in Swahili in Arabic script, later in Roman letters. The practice is credited to Kaderdina Hajee ""Abdulla"" Essak of Mombasa, at his wife's suggestion. Where the earliest machine-printed kanga was made (Germany, England or India) is uncertain."
F1.21,12,1,objects,0.5,split,1:1.0 2:0.0 3:0.0 4:0.6 5:1.0,documented,"A Linotype went into commercial use at the *New York Tribune* in July 1886 (first used on 3 July), the earliest known installation. It cast whole lines from molten metal. Photo and digital setting largely replaced it in the 1970s–80s."
F1.21,12,5,concepts & people,0.5,split,1:1.0 2:0.0 3:0.0 4:0.6 5:1.0,documented,"A Linotype went into commercial use at the *New York Tribune* in July 1886 (first used on 3 July), the earliest known installation. It cast whole lines from molten metal. Photo and digital setting largely replaced it in the 1970s–80s."
F1.21,13,5,concepts & people,1.0,max,1:1.0 2:0.0 3:0.0 4:0.6 5:2.0,documented (summary citing Nemeth 2017),"In 1954 Kamel Mrowa, founder of *Al-Hayat* in Beirut, approached Linotype & Machinery Ltd. Simplified Arabic cut the character count so Arabic fitted one 90-channel magazine. Compugraphic later copied it."
F1.21,14,5,concepts & people,1.0,max,1:2.0 2:0.0 3:0.5 4:0.6 5:4.0,documented (university source),"China set up the ""748 Project"" in August 1974. Wang Xuan stored characters as outlines and parametric strokes; Chen Kunqiu designed and built the large-scale software. A book printed in 1980 marked the move from ""lead and fire"" to ""light and electricity""; the *Economic Daily* dropped lead type in 19"
F1.21,15,1,objects,0.5,split,1:1.0 2:0.0 3:0.0 4:0.6 5:1.0,documented (dates probable),"Fiona Ross and Tim Holloway designed Linotype Bengali, 1978–82, for newspaper composition. Ross says early fonts were ""hampered by hot-metal technology""."
F1.21,15,5,concepts & people,0.5,split,1:1.0 2:0.0 3:0.0 4:0.6 5:1.0,documented (dates probable),"Fiona Ross and Tim Holloway designed Linotype Bengali, 1978–82, for newspaper composition. Ross says early fonts were ""hampered by hot-metal technology""."
F1.21,16,5,concepts & people,1.0,max,1:1.0 2:0.0 3:0.5 4:0.6 5:2.0,documented (dates); contested — both readings,"Unicode 1.0.0 appeared in October 1991, 1.0.1 in June 1992, 18.0.0 on 16 September 2026. Han unification gives Chinese, Japanese, Korean and Vietnamese Han characters shared code points, decided by experts from those countries. **Reading A:** one code per shared character; fonts show local forms. **"
F1.21,17,5,concepts & people,1.0,max,1:0.0 2:0.0 3:0.0 4:0.6 5:2.0,documented,"In October 2013 Etsy let sellers hire staff, outsource shipping and use manufacturers, if they showed ""authorship of the idea"" and ""transparency on who and what is helping create the item"". Solo sellers protested."
F1.21,18,3,civilisations & places,1.0,max,1:1.0 2:0.0 3:2.0 4:0.6 5:0.0,documented,"A ""Taobao village"" has at least 100 active online shops and 10 million yuan of yearly sales. There were 20 in 2013 and 4,310 in 2019. Furniture sellers in Dongfeng village, Jiangsu, drove a delivery trade."
F1.21,19,5,concepts & people,1.0,interpretive flag,1:1.0 2:0.0 3:0.0 4:2.6 5:2.0,contested — both readings; framing interpretive,"Training models on makers' work. **Reading 1:** highly transformative uses weigh toward fair use; a UK court held (4 November 2025) that model weights are not an ""infringing copy"". **Reading 2:** training to make competing expressive content is ""less likely to be deemed fair"", and pirated sources we"
F1.22,1,5,concepts & people,1.0,interpretive flag,1:1.0 2:0.0 3:0.0 4:0.0 5:1.0,Interpretive,"The unit's framing: extraction is measured by stock, labour, distance and waste, and substitution moves weight rather than removing it."
F1.22,2,4,events & timeline,1.0,max,1:1.0 2:0.0 3:0.5 4:2.6 5:0.0,Documented,"Congo (Kinshasa) mined 226,000 of the world's 302,000 tonnes of cobalt in 2024, ""an estimated 73% of world total""; in 2025 it temporarily banned cobalt exports."
F1.22,3,5,concepts & people,1.0,max,1:1.0 2:0.0 3:0.5 4:0.6 5:2.0,Documented (each figure as its source dates and defines it; ,"Amnesty and Afrewatch (January 2016) cited a UNICEF estimate that in 2014 about 40,000 children worked in all the mines across southern Congo, many in cobalt; some were aged seven. Later counts measure different things: the US Department of Labor (*2022 Findings*) gives 5,000–35,000 children in arti"
F1.22,4,1,objects,0.5,split,1:1.0 2:0.0 3:0.0 4:0.6 5:1.0,Contested (numbers),"Under Leopold II (1885–1908), rubber and ivory exploitation ""was accompanied by excessive violence"". The death toll is uncertain: the museum gives a population deficit of ""hundreds of thousands"" and says recent estimates ""may even be several million"". Give both."
F1.22,4,5,concepts & people,0.5,split,1:1.0 2:0.0 3:0.0 4:0.6 5:1.0,Contested (numbers),"Under Leopold II (1885–1908), rubber and ivory exploitation ""was accompanied by excessive violence"". The death toll is uncertain: the museum gives a population deficit of ""hundreds of thousands"" and says recent estimates ""may even be several million"". Give both."
F1.22,5,1,objects,0.5,split,1:1.0 2:0.0 3:0.0 4:0.0 5:1.0,Documented (primary),"A sentry told Casement he was holding eleven women ""to compel their husbands to bring in the right amount of rubber""."
F1.22,5,5,concepts & people,0.5,split,1:1.0 2:0.0 3:0.0 4:0.0 5:1.0,Documented (primary),"A sentry told Casement he was holding eleven women ""to compel their husbands to bring in the right amount of rubber""."
F1.22,6,4,events & timeline,1.0,max,1:1.0 2:0.0 3:0.0 4:2.6 5:1.0,Contested (both readings),"Two readings of how red rubber ended. Reform: English and Belgian campaigners. Depletion: in the Abir concession the system had broken down by 1906 because the rubber was exhausted, before the European debate took hold (Harms)."
F1.22,7,3,civilisations & places,1.0,max,1:1.0 2:0.0 3:2.5 4:0.6 5:1.0,Documented,"Peru exported guano commercially from 1840, mainly from the Chincha Islands. It was dug and loaded by enslaved people, later by local Indigenous workers (the source's ""local Indians""), convicts and thousands of indentured workers, mostly from south China."
F1.22,8,4,events & timeline,1.0,max,1:1.0 2:0.0 3:0.5 4:2.6 5:2.0,Documented,"Between 1849 and 1874 nearly 100,000 Chinese men were brought to Peru, many ""kidnapped or lured"". They worked guano fields, railways and plantations, 14 to 16 hours a day. New arrivals ended in 1874."
F1.22,9,3,civilisations & places,0.5,split,1:1.0 2:0.0 3:2.0 4:1.6 5:2.0,Documented,"Humberstone and Santa Laura processed ""the largest deposit of saltpeter in the world"" from 1880. Over 200 works stood in the region; workers came from Chile, Peru and Bolivia; the product was sodium nitrate fertiliser. Inscribed 2005; in Danger 2005–2019."
F1.22,9,5,concepts & people,0.5,split,1:1.0 2:0.0 3:2.0 4:1.6 5:2.0,Documented,"Humberstone and Santa Laura processed ""the largest deposit of saltpeter in the world"" from 1880. Over 200 works stood in the region; workers came from Chile, Peru and Bolivia; the product was sodium nitrate fertiliser. Inscribed 2005; in Danger 2005–2019."
F1.22,10,4,events & timeline,1.0,max,1:0.0 2:0.0 3:0.0 4:2.6 5:1.0,Documented,"In the 16th century Potosí was ""regarded as the world's largest industrial complex"". Its mita was ""mandatory labour""; UNESCO gives about 13,500 Indigenous workers forced into the mines by the 17th century. In Danger since 2014."
F1.22,11,4,events & timeline,1.0,max,1:1.0 2:0.0 3:0.5 4:2.6 5:2.0,Documented,"Bengal's indigo revolt ran from March 1859 into 1860. Planters had tied ryots by advances and contracts to grow indigo on their best land, often into debt. The commission's August 1860 report said ryots could not be forced; Dinabandhu Mitra's play *Nil Darpan* (1860) spread the case."
F1.22,12,4,events & timeline,1.0,max,1:1.0 2:0.0 3:1.5 4:2.6 5:1.0,Documented,Synthetic indigo was launched in 1897 by BASF and Hoechst; planters and the colonial state funded science to compete. BASF says the synthesis took 17 years and 18 million gold marks.
F1.22,13,1,objects,1.0,max,1:1.0 2:0.0 3:0.0 4:0.6 5:0.0,Documented,"""In the 1880s American-type cotton was introduced"" in Russian Central Asia."
F1.22,14,1,objects,1.0,max,1:5.0 2:0.0 3:0.0 4:0.6 5:2.0,"Probable (place and date, as the museum hedges them)","Cleveland 2016.89 is silk embroidery on six strips of plain-weave cotton, 1800–1850, ""probably embroidered in Shakhrisyabz"". The museum says such textiles ""were essential items in dowries"" and dates the type after ""sericulture was introduced in the Merv area around 1800""."
F1.22,15,1,objects,1.0,max,1:1.0 2:0.0 3:0.0 4:0.6 5:0.0,Documented,In the 1960s the Soviet Union diverted the Aral Sea's two rivers for cotton and other crops. The sea had been the world's fourth largest lake; by 2014 the South Aral's eastern lobe was gone. Fisheries collapsed; chemical-laden dust became a health hazard.
F1.22,16,5,concepts & people,1.0,max,1:0.0 2:0.0 3:0.0 4:0.6 5:1.0,Documented,"In 1960 the Aral Sea covered about 66,000–67,500 km² and held about 1,060 km³. By 2014 it covered about 10% of that area and held under 10% of that volume. River inflow fell from 47–55 to 3–20 km³ a year. A 2025 remote-sensing review puts the remaining water at about 5,250 km², about 8% of the origi"
F1.22,17,4,events & timeline,1.0,max,1:1.0 2:0.0 3:0.0 4:2.6 5:0.0,Documented (the monitor's own survey),"The ILO found Uzbekistan's 2021 cotton harvest free of systemic child and forced labour, from about 11,000 interviews; about 1% of pickers reported coercion."
F1.22,18,5,concepts & people,1.0,max,1:1.0 2:0.0 3:0.5 4:0.6 5:2.0,Documented (Bayan Obo share dated 2012),"China mined 270,000 of about 380,000 tonnes of rare earths in 2024 (USGS, February 2026). In 2012 NASA said about half of China's output came from Bayan Obo, with acid waste gas, wastewater and radioactive residue from processing."
F1.22,19,5,concepts & people,1.0,max,1:0.0 2:0.0 3:0.0 4:0.6 5:2.0,Documented (primary),"In 1556 Agricola recorded critics who said mining fells woods and groves, kills beasts and birds, and ""poisons the brooks and streams"". He set their case out to answer it."
F1.22,20,1,objects,1.0,max,1:2.0 2:0.0 3:0.0 4:0.6 5:1.0,"Documented (company study, ISO 14040/44)","Levi Strauss & Co. estimated one pair of 501 jeans at 3,781 litres of water and 33.4 kg CO2e over its life. Fibre is 68% of the water; consumer care is 37% of the climate impact. Based on the 2012 production year."
F1.22a,1,5,concepts & people,1.0,interpretive flag,1:1.0 2:0.0 3:0.0 4:0.0 5:1.0,Interpretive,"The unit's framing: an object's use-life belongs to its design history; wear, repair, resale and inheritance are evidence."
F1.22a,2,1,objects,1.0,max,1:4.0 2:0.0 3:0.5 4:0.6 5:0.0,Documented,"Met 16.122.5 is a 13th-century Longquan tea bowl with gold lacquer repairs. Chinese celadons were ""highly valued in Japan since the fourteenth century""; in China broken ceramics ""were typically mended with metal staples""."
F1.22a,3,1,objects,1.0,max,1:3.0 2:0.0 3:0.5 4:0.0 5:0.0,Probable,"The bowl was used in Japan. The Met infers it: ""Because kintsugi is a technique unique to Japan, its presence … suggests that the object was once used and cherished there."" No owner or repair date is recorded."
F1.22a,4,1,objects,1.0,max,1:5.0 2:0.0 3:0.5 4:0.6 5:2.0,"Contested (both readings, both in the record)","Cleveland 1918.454, a Goryeo bottle of the 1200s–1300s, has a lip ""repaired with gold lacquer"". The record holds both readings. Reading A: its description says the technique was ""Initiated in 15th-century Japan"" and that Goryeo celadons were treasures ""among modern collectors"", so the repair is late"
F1.22a,5,2,movements,0.5,split,1:1.0 2:3.0 3:0.5 4:2.6 5:1.0,"Documented (object, record); probable (the Yoshimasa episode","The Bakōhan (Tokyo National Museum, TG-2354, Important Cultural Property) is Longquan ware of the Southern Song, 13th century. Itō Tōgai's record of 1727 says it was given to Taira no Shigemori about 1175, and that Ashikaga Yoshimasa later sent it cracked to China for a replacement; it returned clam"
F1.22a,5,4,events & timeline,0.5,split,1:1.0 2:3.0 3:0.5 4:2.6 5:1.0,"Documented (object, record); probable (the Yoshimasa episode","The Bakōhan (Tokyo National Museum, TG-2354, Important Cultural Property) is Longquan ware of the Southern Song, 13th century. Itō Tōgai's record of 1727 says it was given to Taira no Shigemori about 1175, and that Ashikaga Yoshimasa later sent it cracked to China for a replacement; it returned clam"
F1.22a,6,1,objects,1.0,max,1:3.0 2:0.0 3:0.5 4:0.6 5:1.0,Documented,"Ger making (UNESCO, 2013) is household work, ""with men carving the wood and both women and men engaged in painting, sewing and stitching, and felt-making"". Mongol nomad migration (UNESCO, 2024): children learn ""assembling and disassembling yurts""."
F1.22a,7,1,objects,1.0,max,1:1.0 2:0.0 3:0.5 4:0.0 5:0.0,Documented (single source),"Mongolian felt is made in late summer or early autumn by families together; a sheet of old felt, *ekh esgii* (""mother felt""), is the model for the new."
F1.22a,8,1,objects,1.0,max,1:3.0 2:0.0 3:0.5 4:0.0 5:0.0,Documented,"Met 22.100.42, an ensi, ""likely served … to cover the entrance to a Turkmen tent""; seasonal migration required that ""every possession—even their homes—be collapsible and portable"". Chuvals (Met 22.100.40a) held family belongings, ""akin to a wardrobe""."
F1.22a,9,5,concepts & people,1.0,max,1:0.0 2:0.0 3:0.5 4:0.6 5:3.0,Documented,"Kyrgyz ala-kiyiz and shyrdak (Urgent Safeguarding List, 2012) warmed and decorated nomads' homes; skills pass from older to younger women within the family."
F1.22a,10,1,objects,1.0,max,1:3.0 2:0.0 3:0.0 4:0.6 5:1.0,Documented,"Cleveland 1921.556 (c. 1875–80, ""woman artist"") mixes handspun, Germantown and bayeta wool; ""wearing blankets, which were worn around the shoulders, were purchased as rugs""."
F1.22a,11,1,objects,1.0,max,1:4.0 2:0.0 3:0.5 4:0.6 5:2.0,Documented,"Cleveland 1937.903 (c. 1900) is a rug modelled on the ""chief blanket"", though the Diné had no chiefs; after Bosque Redondo weavers turned to goods for outside collectors."
F1.22a,12,4,events & timeline,1.0,max,1:0.0 2:0.0 3:0.5 4:2.6 5:0.0,Documented,"The US Army ""slaughtered sheep by the thousands""; more than 8,000 Diné walked over 300 miles to Bosque Redondo, were held four years, and returned in 1868."
F1.22a,13,1,objects,0.5,split,1:3.0 2:0.0 3:0.5 4:2.6 5:1.0,Documented (single scholar),"After the 1894 wool-tariff removal, in the 1890s ""the Navajo blanket was transformed into a rug and weavers' productivity quadrupled""; traders bought textiles ""by weight until the 1960s""."
F1.22a,13,4,events & timeline,0.5,split,1:3.0 2:0.0 3:0.5 4:2.6 5:1.0,Documented (single scholar),"After the 1894 wool-tariff removal, in the 1890s ""the Navajo blanket was transformed into a rug and weavers' productivity quadrupled""; traders bought textiles ""by weight until the 1960s""."
F1.22a,14,1,objects,1.0,max,1:2.0 2:0.0 3:0.5 4:0.0 5:1.0,Documented,"Kanthas were made by women for their own homes from ""old, worn sari lengths"" (V&A). Small kanthas ""are used to wrap babies""; kanthas ""form part of the dowry of brides in certain parts of Bangladesh and West Bengal"" (Zaman and Stevulak)."
F1.22a,15,1,objects,0.5,split,1:2.0 2:0.0 3:2.0 4:0.6 5:1.0,Documented,"Met 15.119.4, mid-15th century: ""Often commissioned by the groom, a cassone was prominently carried in the nuptial procession, laden with the dowry of his bride."" Its top ""was later replaced""; its companion is in the Isabella Stewart Gardner Museum."
F1.22a,15,3,civilisations & places,0.5,split,1:2.0 2:0.0 3:2.0 4:0.6 5:1.0,Documented,"Met 15.119.4, mid-15th century: ""Often commissioned by the groom, a cassone was prominently carried in the nuptial procession, laden with the dowry of his bride."" Its top ""was later replaced""; its companion is in the Isabella Stewart Gardner Museum."
F1.22a,16,1,objects,0.5,split,1:2.0 2:0.0 3:0.0 4:1.6 5:2.0,Documented,"Darning samplers taught girls ""to mend worn places and holes"", made in five north European countries, 18th to early 20th century. Cooper Hewitt: repair was ""much cheaper"" than buying new. Cleveland 1942.528 is inscribed ""M F / 1784""."
F1.22a,16,5,concepts & people,0.5,split,1:2.0 2:0.0 3:0.0 4:1.6 5:2.0,Documented,"Darning samplers taught girls ""to mend worn places and holes"", made in five north European countries, 18th to early 20th century. Cooper Hewitt: repair was ""much cheaper"" than buying new. Cleveland 1942.528 is inscribed ""M F / 1784""."
F1.22a,17,4,events & timeline,1.0,max,1:0.0 2:0.0 3:0.0 4:0.6 5:0.0,Documented,"Since the mid-1980s second-hand clothing in Zambia is called *salaula*, Bemba for ""selecting from a pile by rummaging""; tailors refashion clothes ""to fit their new wearers""."
F1.22a,18,1,objects,1.0,max,1:1.0 2:0.0 3:0.5 4:0.6 5:0.0,Documented; probable (earliest known),"The Cairo toe (wood and leather, 950–710 BCE) and the Greville Chester toe (cartonnage, before 600 BCE) ""display significant signs of wear""; a volunteer ""was able to walk extremely well"" with replicas (2011). The earliest known prostheses, not ""the first""."
F1.22a,19,5,concepts & people,1.0,max,1:0.0 2:0.0 3:0.0 4:0.6 5:1.0,Documented (single source),"The Jaipur foot (1968), by P. K. Sethi and Ram Chandra Sharma, ""a craftsman at the hospital"", needed no shoe, suiting people who ""go barefoot""; Sharma ""received little credit … largely due to his low social status""."
F1.22a,20,5,concepts & people,1.0,max,1:0.0 2:0.0 3:0.0 4:0.6 5:1.0,Documented,"Directive (EU) 2024/1799 (13 June 2024) obliges manufacturers to repair listed goods on request, ""free of charge or for a reasonable price"", from 31 July 2026."
F1.23,1,1,objects,1.0,max,1:3.0 2:0.0 3:0.0 4:0.6 5:2.0,Documented,"Met 2020.7 is a storage jar dated 1858, Stony Bluff Manufactory, Old Edgefield District, signed ""Dave"" with a couplet; the Met calls him ""the enslaved African American potter and poet David Drake"". The 2022–23 ""Hear Me Now"" show had about 50 objects, including face vessels ""whose makers were unrecor"
F1.23,2,4,events & timeline,1.0,max,1:1.0 2:0.0 3:0.0 4:2.6 5:1.0,Documented,"Drake was born about 1800 (the Met says ca. 1801) and enslaved by five men, the last Lewis Miles. Twenty of his vessels carry verses and 50 more his signature or date. South Carolina law barred teaching enslaved people to write (1740, and again in the 1830s). *Documented.* https://en.wikipedia.org/w"
F1.23,3,1,objects,0.5,split,1:1.0 2:0.0 3:0.5 4:0.6 5:1.0,Documented,"Roman red-gloss stamps name the people in production: masters, freedmen and enslaved workers. One Bryn Mawr sherd sets ""a slave's name, Nicephorus"" over his owner's. *Documented.* Fülle 1997, https://www.cambridge.org/core/journals/journal-of-roman-studies/article/abs/internal-organization-of-the-ar"
F1.23,3,5,concepts & people,0.5,split,1:1.0 2:0.0 3:0.5 4:0.6 5:1.0,Documented,"Roman red-gloss stamps name the people in production: masters, freedmen and enslaved workers. One Bryn Mawr sherd sets ""a slave's name, Nicephorus"" over his owner's. *Documented.* Fülle 1997, https://www.cambridge.org/core/journals/journal-of-roman-studies/article/abs/internal-organization-of-the-ar"
F1.23,4,1,objects,1.0,max,1:3.0 2:0.0 3:0.0 4:0.6 5:2.0,Documented,"Cleveland 1916.2009 carries the reversed stamp ""M. PERENN | TIGAANI"" and credits ""M. Perennius"" as creator. Met 10.210.37 is ""signed by Perennius Tigranus as owner"". *Documented.* https://clevelandart.org/art/1916.2009; https://www.metmuseum.org/art/collection/search/248324. Depth: full records."
F1.23,5,4,events & timeline,1.0,max,1:0.0 2:0.0 3:0.0 4:2.6 5:2.0,contested,"Whether Tigranus and Bargathes were enslaved is *contested.* Reading one: most scholars see them as Armenian war captives. Reading two: Oxé argued they were free, skilled men. The workshop passed to Tigranus around 15 BCE. Traina 2010, https://www.academia.edu/1574885/Tigranus_e_Bargathes_due_armeni"
F1.23,6,1,objects,0.5,split,1:2.0 2:0.0 3:2.0 4:0.6 5:2.0,Documented,"Cleveland 1964.213.1 is marked ""Da Qing Kangxi nian zhi (Made in the Qing dynasty, Kangxi reign)""; no creator is listed. *Documented.* https://clevelandart.org/art/1964.213.1. Depth: full record."
F1.23,6,3,civilisations & places,0.5,split,1:2.0 2:0.0 3:2.0 4:0.6 5:2.0,Documented,"Cleveland 1964.213.1 is marked ""Da Qing Kangxi nian zhi (Made in the Qing dynasty, Kangxi reign)""; no creator is listed. *Documented.* https://clevelandart.org/art/1964.213.1. Depth: full record."
F1.23,7,1,objects,1.0,max,1:2.0 2:0.0 3:0.0 4:0.6 5:1.0,Documented,"D'Entrecolles wrote in 1712 that ""one piece of fired porcelain passes through the hands of seventy workers"". He called the painters ""little less destitute than the other workers"" and belittled their skill. *Documented* (in translation). https://www.gotheborg.com/letters/letters_first.shtml. Depth: e"
F1.23,8,5,concepts & people,1.0,max,1:0.0 2:0.0 3:0.5 4:0.6 5:1.0,Documented,"Song Yingxing's *Tiangong kaiwu* (1637) says a piece ""過手七十二，方克成器"": it passes through 72 hands before it is complete. *Documented* (secondary). https://www.163.com/dy/article/L2P0QC8B05346936.html; date and author, https://en.wikipedia.org/wiki/Tiangong_Kaiwu. Depth: summary; the original not opened."
F1.23,9,4,events & timeline,1.0,max,1:1.0 2:0.0 3:1.5 4:2.6 5:1.0,Documented,"The Strike Papyrus (Turin, Cat. 1880), by the scribe Amennakht, records year 29 of Ramesses III: the crew shouted ""we are hungry!"" after 18 days without rations, their pay for work in the Valley of the Kings. *Documented.* https://collezioni.museoegizio.it/en-GB/material/Cat_1880. Depth: full record"
F1.23,10,5,concepts & people,1.0,max,1:1.0 2:0.0 3:0.0 4:0.6 5:2.0,Documented,"Darius I's Susa charter names crafts by people (""The stone-cutters who wrought the stone, those were Yaunâ and Lydians"") and credits the king: ""I built this palace"". *Documented.* https://www.livius.org/sources/content/achaemenid-royal-inscriptions/dsf/ (after Lecoq 1997). Depth: full text in transl"
F1.23,11,4,events & timeline,1.0,max,1:1.0 2:0.0 3:1.5 4:2.6 5:2.0,contested,"Who the kurtaš were is *contested.* Reading one (Briant): workers ""recruited and paid by the state"", not enslaved captives. Reading two (Izdimirski 2018): the kurtaš included deportees resettled as dependent labour. https://www.iranicaonline.org/articles/class-system-ii/ (full text); https://antiqui"
F1.23,12,5,concepts & people,1.0,max,1:0.0 2:0.0 3:0.5 4:0.0 5:1.0,Documented,"In the Persepolis tablets, skilled women and men got equal rations; less-skilled women got a third less. Mothers of boys got twice the extra ration of mothers of girls. *Documented.* Brosius, https://www.iranicaonline.org/articles/women-i/. Depth: full text."
F1.23,13,2,movements,0.5,split,1:0.0 2:3.0 3:0.5 4:2.6 5:2.0,Documented,"Rubruck met ""a certain master goldsmith called William, a Parisian by birth"" at Karakorum in 1254. Möngke gave him 300 *iascot* ""and fifty workmen"". He had been captured in 1241 or 1242. *Documented.* https://medievalslavery.org/notes-from-the-field/high-school/dbq-slavery-and-the-mongol-expansion/ "
F1.23,13,4,events & timeline,0.5,split,1:0.0 2:3.0 3:0.5 4:2.6 5:2.0,Documented,"Rubruck met ""a certain master goldsmith called William, a Parisian by birth"" at Karakorum in 1254. Möngke gave him 300 *iascot* ""and fifty workmen"". He had been captured in 1241 or 1242. *Documented.* https://medievalslavery.org/notes-from-the-field/high-school/dbq-slavery-and-the-mongol-expansion/ "
F1.23,14,4,events & timeline,1.0,max,1:0.0 2:0.0 3:0.5 4:2.6 5:2.0,Probable,"After Çaldıran (1514), artisans from Tabriz went to Istanbul and were entered in the Ehl-i hiref salary books (1526–1566) by name and pay. *Probable* as to force: the abstract says ""brought""; the canon (OCC055) says ""deportation"". Give both readings. Uluskan 2021, https://belleten.gov.tr/eng/abstarc"
F1.23,15,5,concepts & people,1.0,max,1:0.0 2:0.0 3:2.0 4:2.6 5:4.0,Documented,"About 166,000 men, women and children were transported to Australia, 1787–1868, with ""forced labour to help build the colony"" (UNESCO, 2010). The Hyde Park Barracks (1817–19) were designed by the convict architect Francis Greenway and built by convicts. *Documented.* https://whc.unesco.org/en/list/1"
F1.23,16,1,objects,0.5,split,1:2.0 2:0.0 3:0.0 4:0.6 5:2.0,Documented,"About 350 convict love tokens are known. The Powerhouse calls them ""one of the few classes of items convicts made … purely of their own volition"". On 2003/40/1 ""the maker is not known"". *Documented.* https://collection.powerhouse.com.au/object/12096. Depth: full record."
F1.23,16,5,concepts & people,0.5,split,1:2.0 2:0.0 3:0.0 4:0.6 5:2.0,Documented,"About 350 convict love tokens are known. The Powerhouse calls them ""one of the few classes of items convicts made … purely of their own volition"". On 2003/40/1 ""the maker is not known"". *Documented.* https://collection.powerhouse.com.au/object/12096. Depth: full record."
F1.23,17,5,concepts & people,1.0,max,1:0.0 2:0.0 3:0.0 4:0.6 5:2.0,contested,"Aleijadinho (born c. 1738) was the son of Isabel, an enslaved African woman. He worked with three enslaved assistants, Maurício, Agostinho and Januário. His illness from about 1777 is undiagnosed; how disabled he was is *contested*. Reading one: Bretas (1858) says severely. Reading two: 1796 receipt"
F1.23,18,5,concepts & people,1.0,max,1:2.0 2:0.0 3:1.5 4:0.6 5:3.0,Documented,"Clara Driscoll headed Tiffany Studios' Women's Glass Cutting Department and designed over thirty lamps, credited to Tiffany until her letters (now at Kent State and the Queens Historical Society) came to light; the New-York Historical Society showed her work in 2007. The Met's records still list ""Lo"
F1.23,19,4,events & timeline,1.0,max,1:2.0 2:0.0 3:0.0 4:2.6 5:2.0,Documented,"Judith Scott (1943–2005), born with Down syndrome and largely deaf, lived 35 years in an institution. From 1987 at Creative Growth, Oakland, she made fibre sculptures (over 200, by Wikipedia's count). The Brooklyn Museum's 2014 retrospective, *Bound and Unbound*, showed her as a contemporary artist."
F1.23,20,5,concepts & people,1.0,interpretive flag,1:0.0 2:0.0 3:0.0 4:0.0 5:1.0,Interpretive,"**The unit's framing:** credit follows ownership and power more often than hands, and coercion is one of the main ways names are removed. *Interpretive.*"
F1.24,1,5,concepts & people,1.0,interpretive flag,1:1.0 2:0.0 3:0.0 4:0.0 5:1.0,Interpretive,"The unit's framing: a museum authors an object's second life by what it collects, how it writes the chain and what it returns. The chain is a source to query."
F1.24,2,4,events & timeline,1.0,max,1:2.0 2:0.0 3:0.5 4:2.6 5:2.0,Documented,"Cleveland 1999.1: commissioned from the Igun Eronmwon; by descent to Oba Ovonramwen; ""Sent to England by Sir Ralph Moor following the Siege of Benin (1897)""; British Museum 1897–1950; sold by Sydney Burney ""as sales agent for the British Museum""; Bragaline; Mitchell-Innes & Nash; Cleveland, 1999."
F1.24,3,4,events & timeline,1.0,max,1:2.0 2:0.0 3:0.5 4:2.6 5:2.0,Documented,"AIC 1933.782: Oba Ovonramwen before 1897; ""taken during the British military raid by George W. Neville""; his heirs, 1929; Foster, London, 1 May 1930; Ascher; Vamos; Ladislas Segy; the Art Institute, 1933."
F1.24,4,4,events & timeline,1.0,max,1:2.0 2:0.0 3:0.5 4:2.6 5:2.0,Documented,"The Smithsonian: ""In 1897 during a British raid on Benin, the royal palace was burned and looted, and the oba (ruler) was exiled."" On 11 October 2022 it transferred 29 objects to Nigeria's National Commission for Museums and Monuments."
F1.24,5,4,events & timeline,1.0,max,1:1.0 2:0.0 3:0.0 4:2.6 5:1.0,Documented (date as oral history),"The Igun Eronmwon worked under the Oba's ""protection and exclusive patronage"". Oral history dates lost-wax casting's arrival to the 13th century. Their quarters were in the palace grounds until 1897; members still cast."
F1.24,6,4,events & timeline,1.0,max,1:1.0 2:0.0 3:0.5 4:2.6 5:1.0,Documented,"Germany transferred ownership of 1,117 Benin objects from five museums to Nigeria in 2022. A declaration of 23 March 2023 recognised Oba Ewuare II ""as the owner and custodian"" of repatriated objects."
F1.24,7,1,objects,0.5,split,1:1.0 2:0.0 3:0.0 4:0.0 5:1.0,Contested (both readings),"To whom, two readings. The declaration returns objects to the palace as original owner. European museums dealing with the National Commission asked, in Barnaby Phillips's words, ""who is our partner?"""
F1.24,7,5,concepts & people,0.5,split,1:1.0 2:0.0 3:0.0 4:0.0 5:1.0,Contested (both readings),"To whom, two readings. The declaration returns objects to the palace as original owner. European museums dealing with the National Commission asked, in Barnaby Phillips's words, ""who is our partner?"""
F1.24,8,1,objects,1.0,max,1:2.0 2:0.0 3:0.5 4:0.6 5:1.0,Documented,"""De Krim – Goud en Geheimen van de Zwarte Zee"" (Allard Pierson, 2014) held 565 objects from Tauric Chersonesos, the Central Museum of Taurida, Bakhchysarai and Kerch: Scythian and Sarmatian jewellery, Chinese lacquer caskets, a 4th-century BCE gold helmet."
F1.24,9,4,events & timeline,1.0,max,1:1.0 2:0.0 3:0.0 4:2.6 5:2.0,Documented,"District Court (14 December 2016): to Ukraine under the Heritage Act. Court of Appeal (26 October 2021): to Ukraine, on Ukraine's museum law and a March 2014 regulation. Supreme Court (9 June 2023, ECLI:NL:HR:2023:865): upheld. The objects reached the National Museum of the History of Ukraine on 26 "
F1.24,10,4,events & timeline,1.0,max,1:0.0 2:0.0 3:1.5 4:2.0 5:1.0,Contested (both readings),"Where they belong, two readings. The Crimean museums, ""backed by the Russian government"", claimed them as holders. Ukraine claimed state heritage; the appeal court found the case ""closely connected to the Ukrainian State"". The outcome is documented."
F1.24,11,1,objects,1.0,max,1:5.0 2:0.0 3:0.5 4:0.6 5:2.0,Documented,"Cleveland 1985.77, ""Stag Plaque"", gold cast in a shell mould, 400–300 BCE, labelled ""Western Asia, Scythian"", bought 1985: provenance empty. Cleveland 1986.26, ""Howling Wolf"", Southern Siberia: one link, ""Mansour Gallery, London (–1986)""."
F1.24,12,1,objects,0.5,split,1:2.0 2:0.0 3:1.5 4:0.6 5:2.0,Documented,"Only ""a small percentage"" of Luristan bronzes were excavated; ""the great majority ... are strays, derived from local plundering and international market distribution"". Museums in six cities held them by 1929–30. Cleveland 1980.102: provenance empty, ""said to be from Luristan""."
F1.24,12,5,concepts & people,0.5,split,1:2.0 2:0.0 3:1.5 4:0.6 5:2.0,Documented,"Only ""a small percentage"" of Luristan bronzes were excavated; ""the great majority ... are strays, derived from local plundering and international market distribution"". Museums in six cities held them by 1929–30. Cleveland 1980.102: provenance empty, ""said to be from Luristan""."
F1.24,13,4,events & timeline,1.0,max,1:1.0 2:0.0 3:2.0 4:2.6 5:2.0,Documented (rules); interpretive (reading),"The UNESCO Convention was adopted on 14 November 1970 and entered into force on 24 April 1972; it does not reach back. The AAMD test asks that an object left its country before, or was legally exported after, 17 November 1970. Our reading: the test passes an object taken in 1897."
F1.24,14,4,events & timeline,1.0,max,1:0.0 2:0.0 3:0.5 4:2.6 5:1.0,Documented (sources differ on count and date),"Swedish consul Sven Karell removed the textiles illegally, 1930–1933. Gothenburg returned 4 (2014), 79 (2017) and 57 (2021), for Peru's new MUNA. Yates counts 100 textiles and an informal agreement of April 2010; Andina dates an agreement to 2014."
F1.24,15,1,objects,1.0,max,1:3.0 2:0.0 3:0.5 4:0.6 5:2.0,Documented,"Cleveland 1946.226's chain begins with Emery May and Raymond Norweb, who gave it in 1946. Its label says Paracas dead were buried in shaft tombs wrapped in cloth."
F1.24,16,1,objects,0.5,split,1:1.0 2:0.0 3:0.0 4:0.6 5:1.0,Documented,"The British Museum shield (E_Oc1978-Q-839) was long linked to Cook's 1770 landing. Research asked for by Aboriginal community members, and by Nicholas Thomas, found it ""is not one collected by Cook"". Rodney Kelly has asked for its return."
F1.24,16,5,concepts & people,0.5,split,1:1.0 2:0.0 3:0.0 4:0.6 5:1.0,Documented,"The British Museum shield (E_Oc1978-Q-839) was long linked to Cook's 1770 landing. Research asked for by Aboriginal community members, and by Nicholas Thomas, found it ""is not one collected by Cook"". Rodney Kelly has asked for its return."
F1.24,17,5,concepts & people,1.0,max,1:0.0 2:0.0 3:0.0 4:0.6 5:2.0,Documented,"Four spears taken at Kamay on 29 April 1770 went to Trinity in 1771 from Lord Sandwich. Trinity agreed the return in March 2023 and handed them over on 23 April 2024 to La Perouse representatives, ""including direct descendants of the Gweagal people""."
F1.24,18,5,concepts & people,1.0,max,1:1.0 2:0.0 3:0.0 4:0.6 5:2.0,Documented,"After revised NAGPRA regulations took effect in January 2024, the American Museum of Natural History closed its Halls of Eastern Woodlands and Great Plains. It reports returning ""more than 1,000 ancestral remains and more than 2,300 objects"" since 1990."
F1.24,19,4,events & timeline,1.0,max,1:1.0 2:0.0 3:0.0 4:2.6 5:2.0,Contested (both readings),"Two positions. The 2002 declaration: ""Objects acquired in earlier times must be viewed in the light of different sensitivities and values, reflective of that earlier era."" Sarr and Savoy's report, ""Towards a New Relational Ethics"", reached Macron on 23 November 2018; he decided to return 26 works ""l"
F1.24,20,4,events & timeline,1.0,max,1:0.0 2:0.0 3:0.5 4:2.6 5:2.0,Documented,"Harris Tweed must be ""Handwoven by the islanders at their homes in the Outer Hebrides"" under a 1993 Act; the Orb certifies it. The Navajo Nation sued Urban Outfitters in February 2012 over ""Navajo"" products and settled in November 2016 with a licence and supply agreement."
F1.25,1,5,concepts & people,1.0,max,1:0.0 2:0.0 3:0.0 4:0.6 5:1.0,documented,"Tishman defines slow looking as ""observing detail over time to move beyond a first impression"". Four strategies: decomposition, perspective shifting, collaborative observation, iterative noticing."
F1.25,2,5,concepts & people,1.0,max,1:0.0 2:0.0 3:0.0 4:0.0 5:2.0,documented,"Project Zero's ""Looking: Ten Times Two"" asks for 30 seconds of looking, ten words, then a second round. It is licensed CC BY-NC-ND 4.0, so the unit links to it and does not adapt it."
F1.25,3,5,concepts & people,1.0,max,1:0.0 2:0.0 3:0.0 4:0.0 5:1.0,documented,"The operational sequence (chaîne opératoire) comes from Leroi-Gourhan. Lemonnier defines it as ""the series of operations involved in any transformation of matter"" by people."
F1.25,4,5,concepts & people,1.0,interpretive flag,1:1.0 2:0.0 3:0.0 4:0.0 5:1.0,interpretive,"**Unit framing:** an object can be read in five layers, each sentence tagged seen, recorded or guessed; the record is a source with authors."
F1.25,5,1,objects,1.0,max,1:5.0 2:0.0 3:2.0 4:0.6 5:2.0,documented,"Cleveland 1952.115 is a gilt bronze buckle, 202 BCE–9 CE, ""China, Ordos region, Western Han dynasty"". Its provenance runs from Vladimir G. Simkhovitch, New York, to the museum in 1952. No findspot is given."
F1.25,6,1,objects,1.0,max,1:2.0 2:0.0 3:0.5 4:0.6 5:0.0,documented (technique); probable (this buckle),Mercury gilding came into general use in China around the Warring States period. It became common in Han noble tombs. Its makers knew mercury vapour was harmful. Whether this buckle was mercury-gilded is untested.
F1.25,7,3,civilisations & places,1.0,max,1:1.0 2:0.0 3:2.0 4:1.6 5:1.0,documented,"Gold belt plaques from Xigoupan tomb 2, Ordos, 4th–3rd c. BCE, are inscribed *shaofu* and are attributed to a Qin state workshop."
F1.25,8,1,objects,0.5,split,1:2.0 2:0.0 3:2.0 4:0.0 5:1.0,contested — both readings,"Who made the Cleveland buckle is not known. **Reading 1:** casters in the Ordos steppe made it for their own people. **Reading 2:** a Chinese workshop made it for steppe clients, as at Xigoupan. The record's ""Ordos region, Western Han dynasty"" allows both."
F1.25,8,3,civilisations & places,0.5,split,1:2.0 2:0.0 3:2.0 4:0.0 5:1.0,contested — both readings,"Who made the Cleveland buckle is not known. **Reading 1:** casters in the Ordos steppe made it for their own people. **Reading 2:** a Chinese workshop made it for steppe clients, as at Xigoupan. The record's ""Ordos region, Western Han dynasty"" allows both."
F1.25,9,1,objects,1.0,max,1:2.0 2:0.0 3:0.0 4:0.0 5:1.0,documented (holder's framing),"The Met says its Xianbei plaque pair ""once adorned a leather belt belonging to a member of a nomadic community, likely the Xianbei, that migrated seasonally""."
F1.25,10,1,objects,1.0,max,1:5.0 2:0.0 3:0.5 4:0.6 5:2.0,documented (holder's framing),"Cleveland 1921.556, a wearing blanket c. 1875–80, is by a Diné woman artist, in handspun, Germantown and bayeta wool, tapestry weave. The record ties it to a shift from garments for Diné use to pieces for non-Native collectors."
F1.25,11,1,objects,1.0,max,1:3.0 2:0.0 3:2.0 4:0.6 5:0.0,documented,"Bayeta is trade cloth, ravelled and reused as weft. Germantown is commercial American yarn dyed with aniline, first made in Germantown, Pennsylvania. Aniline dyes were first made commercially in 1856. Churro sheep came with the Spanish in 1598."
F1.25,12,1,objects,0.5,split,1:1.0 2:0.0 3:0.5 4:0.6 5:1.0,documented,"Shortly after 1800, red bayeta bought from the Spanish was unravelled and rewoven by Diné weavers."
F1.25,12,5,concepts & people,0.5,split,1:1.0 2:0.0 3:0.5 4:0.6 5:1.0,documented,"Shortly after 1800, red bayeta bought from the Spanish was unravelled and rewoven by Diné weavers."
F1.25,13,4,events & timeline,1.0,max,1:0.0 2:0.0 3:0.5 4:2.6 5:1.0,documented (Diné-authored source),"US cavalry under Kit Carson forced about 8,500 Diné to Fort Sumner from fall 1863. Over 2,000 died there. The 1868 treaty let them return to Diné Bikéyah."
F1.25,14,1,objects,1.0,max,1:4.0 2:0.0 3:0.0 4:0.6 5:2.0,documented (as a record discrepancy),"Cleveland 1929.922 is titled ""Germantown Eyedazzler Saddle Throw"", but its technique field lists ""handspun and bayeta"" and no Germantown yarn. The record disagrees with itself."
F1.25,15,1,objects,1.0,max,1:4.0 2:0.0 3:0.5 4:0.6 5:2.0,"documented (record); interpretive (proverb, ""may"")","Cleveland 1935.306, an antelope gold weight, 1800s, came from the Charles Ratton Gallery, Paris, in 1935. The record: weights were used ""since at least 1600"" for gold dust; the horns ""may allude"" to the proverb ""had I known""; the caster first modelled it in wax."
F1.25,16,1,objects,0.5,split,1:2.0 2:0.0 3:2.0 4:0.6 5:0.0,"probable (the author's ""current supposition"")","Copper-alloy and gold casting probably reached the Akan area in the 14th century, via the trans-Saharan gold trade. Brass working grew with European trade, with ""use and reuse of imported brass""."
F1.25,16,3,civilisations & places,0.5,split,1:2.0 2:0.0 3:2.0 4:0.6 5:0.0,"probable (the author's ""current supposition"")","Copper-alloy and gold casting probably reached the Akan area in the 14th century, via the trans-Saharan gold trade. Brass working grew with European trade, with ""use and reuse of imported brass""."
F1.25,17,1,objects,1.0,max,1:1.0 2:0.0 3:0.0 4:0.6 5:0.0,documented,"Geometric weights followed the *mithqal* (about 4.6 g); Europeans brought the *ackie*. By the 19th century Islamic, Portuguese and troy standards were combined."
F1.25,18,5,concepts & people,1.0,max,1:1.0 2:0.0 3:0.0 4:1.6 5:3.0,documented (state-nominated account),"Ala-kiyiz and shyrdak were inscribed in 2012 on UNESCO's Urgent Safeguarding List (Kyrgyzstan). Women design, felt and stitch; men shear, prepare wool, heat water and press. Threats named: cheap synthetic carpets and poor raw materials."
F1.25,19,1,objects,1.0,max,1:2.0 2:0.0 3:0.5 4:0.6 5:1.0,documented,"Cleveland's open-access API returns nine CC0 records for ""Ordos"", including 1952.115, 1962.46 and 1916.1189."
F1.26,1,5,concepts & people,1.0,interpretive flag,1:0.0 2:0.0 3:0.0 4:0.0 5:1.0,Interpretive,"The unit's framing: attribution and consultation are a protocol run before the work, with a record at every step. Credit after an outcry is repair, not consent."
F1.26,2,5,concepts & people,1.0,interpretive flag,1:0.0 2:0.0 3:0.0 4:0.0 5:1.0,Interpretive,"CARE was written for ""Indigenous data"". Applying its four questions to non-Indigenous source communities (the Kolhapuri makers) is our extension, labelled as such. We borrow CARE's questions, not its authority: we never call a non-Indigenous community's protocol ""CARE"" or present it as Indigenous da"
F1.26,3,5,concepts & people,1.0,max,1:0.0 2:0.0 3:0.0 4:0.6 5:2.0,Documented,"CARE (RDA International Indigenous Data Sovereignty Interest Group, September 2019). Authority to Control: ""Indigenous Peoples' rights and interests in Indigenous data must be recognised and their authority to control such data be empowered"". A3: the right ""to develop cultural governance protocols""."
F1.26,4,5,concepts & people,1.0,max,1:0.0 2:0.0 3:0.0 4:0.0 5:1.0,Documented,"Local Contexts: ""Labels are for use by Indigenous communities""; Notices are for institutions and researchers; both are ""extra-legal mechanisms"". Icons ""may not be altered""; icons and template texts © Local Contexts, all rights reserved."
F1.26,5,5,concepts & people,1.0,max,1:0.0 2:0.0 3:0.0 4:0.6 5:1.0,Documented,"Fees: ""Local Contexts and the Hub will always be free for Indigenous communities."" Institutions and researchers subscribe: Individual free; Collections Care Notices free for institutions; Small US$1,250, Medium US$5,000, Large US$10,000 a year. ""As of 2025, a subscription is required"" to use Notices"
F1.26,6,5,concepts & people,1.0,max,1:1.0 2:0.0 3:0.0 4:0.6 5:2.0,Documented,"UNDRIP (A/RES/61/295, 13 Sept 2007; 143 for, 4 against, 11 abstaining). Art. 11.2: redress for cultural property ""taken without their free, prior and informed consent"". Art. 19: consult ""through their own representative institutions""."
F1.26,7,5,concepts & people,1.0,max,1:0.0 2:0.0 3:0.5 4:0.6 5:4.0,Documented,"UNESCO adopted the 2003 Convention on 17 October 2003 in Paris; it entered into force on 20 April 2006 (https://ich.unesco.org/en/states-parties-00024). Art. 2.1 defines intangible heritage as what ""communities, groups and, in some cases, individuals recognize as part of their cultural heritage""; Ar"
F1.26,8,5,concepts & people,1.0,max,1:0.0 2:0.0 3:0.0 4:0.6 5:1.0,Documented,"UNESCO's Ethical Principles (decision 10.COM 15.a, Windhoek, 2015): principle 4, ""free, prior, sustained and informed consent""; principle 5, customary access practices respected ""even where these may limit broader public access""; principle 7, moral and material interests."
F1.26,9,5,concepts & people,1.0,max,1:0.0 2:0.0 3:0.0 4:0.0 5:1.0,Documented,"Nominations to both UNESCO lists must follow ""the widest possible participation"" of the community ""and with their free, prior and informed consent"" (U.4, R.4)."
F1.26,10,5,concepts & people,1.0,max,1:0.0 2:0.0 3:0.0 4:0.6 5:3.0,Documented,"Ala-kiyiz and shyrdak (Kyrgyzstan) went on the Urgent Safeguarding List in 2012; ""Women are the principal bearers and transmitters of knowledge""; threats include cheap synthetic carpets."
F1.26,11,4,events & timeline,1.0,max,1:0.0 2:0.0 3:1.5 4:2.6 5:2.0,Documented,"Haka Ka Mate Attribution Act 2014 gives effect to Ngāti Toa Rangatira's deed of settlement. Under s 9, a statement ""that Te Rauparaha was the composer of Ka Mate and a chief of Ngati Toa Rangatira"", ""clear and reasonably prominent"". Under s 10 performance, education, review and news are exempt. Enfo"
F1.26,12,5,concepts & people,1.0,max,1:0.0 2:0.0 3:0.5 4:0.6 5:1.0,Documented,"On 30 Sept 2019 the Sámi Parliaments of Finland, Norway and Sweden and the Saami Council announced an agreement with Walt Disney Animation Studios: a North Sámi version of *Frozen 2*, exchanges, and the six-member Verddet group (Buljo, Lehtola, Persson, Nuorgam, Hætta, Utsi)."
F1.26,13,1,objects,0.5,split,1:1.0 2:0.0 3:0.5 4:0.6 5:1.0,Documented,"Ánne Lájlá Utsi (International Sámi Film Institute) called it ""a very, very good collaboration"" and said Kristoff's costume in the first film was ""not exactly how we would have done it""."
F1.26,13,5,concepts & people,0.5,split,1:1.0 2:0.0 3:0.5 4:0.6 5:1.0,Documented,"Ánne Lájlá Utsi (International Sámi Film Institute) called it ""a very, very good collaboration"" and said Kristoff's costume in the first film was ""not exactly how we would have done it""."
F1.26,14,4,events & timeline,1.0,max,1:2.0 2:0.0 3:2.0 4:2.6 5:2.0,Documented,"Sweden's National Museums of World Culture transferred 476 objects plus one to Ájtte in February 2023, and 64 more in May 2025, under the Museums Act (2017:563) s 10. They report no claims ""from any other Sámi party"". Knife 1902.04.0001 (collected about 1860 by Gustav Albert Hyttling; bought from J."
F1.26,15,4,events & timeline,1.0,max,1:0.0 2:0.0 3:0.0 4:2.6 5:2.0,Documented,"The South African San Council (Khomani, !Xun, Khwe) launched its research code in Cape Town on 2 March 2017: ""respect, honesty, justice and fairness, and care"". It requires council approval, informed consent, benefit sharing and the return of results. The code itself (South African San Institute, 20"
F1.26,16,5,concepts & people,1.0,max,1:0.0 2:0.0 3:0.0 4:0.6 5:2.0,Documented,"Fewkes recorded 36 cylinders at Calais, Maine, in March 1890; 31 survive. Ancestral Voices is ""piloting the use of Traditional Knowledge (TK) labels"" through Mukurtu, and the Passamaquoddy ""adapted several labels""."
F1.26,17,3,civilisations & places,0.5,split,1:1.0 2:0.0 3:2.0 4:0.6 5:2.0,"Documented (the price differs by source; ""eight districts"" u","Kolhapuri chappal: GI tag 2019, held by LIDCOM and LIDKAR. Prada's SS26 show was on 22 June 2025, with notes saying ""leather sandals"". Lorenzo Bertelli, Prada's head of corporate social responsibility, wrote to the trade group on Friday 27 June 2025. The Mumbai agreement followed on 10 December 2025"
F1.26,17,5,concepts & people,0.5,split,1:1.0 2:0.0 3:2.0 4:0.6 5:2.0,"Documented (the price differs by source; ""eight districts"" u","Kolhapuri chappal: GI tag 2019, held by LIDCOM and LIDKAR. Prada's SS26 show was on 22 June 2025, with notes saying ""leather sandals"". Lorenzo Bertelli, Prada's head of corporate social responsibility, wrote to the trade group on Friday 27 June 2025. The Mumbai agreement followed on 10 December 2025"
F1.26,18,5,concepts & people,1.0,max,1:0.0 2:0.0 3:0.0 4:0.0 5:1.0,Contested (both readings),"Was it appropriation? Reading A: artisan Harish Kurade, ""They stole and replicated our crafty work""; Srihita Vanguri, appropriation ""if it stops at inspiration without attribution or benefit-sharing"". Reading B: Prada acknowledged the inspiration and pointed to the design's early stage and its ""resp"
F1.27,1,5,concepts & people,1.0,interpretive flag,1:0.0 2:0.0 3:0.0 4:0.0 5:1.0,Interpretive,"The unit's framing: a lineage is a set of attributions written by people at dates. A counter-history redraws it one edge at a time, each with a source and a confidence."
F1.27,2,1,objects,0.5,split,1:2.0 2:0.0 3:1.5 4:0.6 5:2.0,"Documented (the find, 1986); contested (whether paper, wheth","Cai Lun was traditionally credited with paper about 105 CE. In 1986 a fragment (2.6 × 5.6 cm) was found on the chest of the person buried in a Fangmatan tomb dated 179–141 BCE, roughly 250–280 years earlier. Yee (1994) calls it ""what some believe to be a map"", described as yellow paper. **Reading 1:"
F1.27,2,5,concepts & people,0.5,split,1:2.0 2:0.0 3:1.5 4:0.6 5:2.0,"Documented (the find, 1986); contested (whether paper, wheth","Cai Lun was traditionally credited with paper about 105 CE. In 1986 a fragment (2.6 × 5.6 cm) was found on the chest of the person buried in a Fangmatan tomb dated 179–141 BCE, roughly 250–280 years earlier. Yee (1994) calls it ""what some believe to be a map"", described as yellow paper. **Reading 1:"
F1.27,3,1,objects,1.0,max,1:2.0 2:0.0 3:0.5 4:0.6 5:1.0,Documented (sources differ by a year),"The Sogdian Ancient Letters are ink on paper, found by Stein in 1907 at a watchtower west of Dunhuang. Miwnay wrote Letter 3 to the husband who left her ""destitute"". Dated ""312 or 313 CE"" (Smithsonian) and ""313 to 314 CE"" (British Library)."
F1.27,4,4,events & timeline,1.0,max,1:1.0 2:0.0 3:0.5 4:2.0 5:0.0,Documented,"Devastich, lord of Panjikent until the Arabs captured him in 722, ""left an archive of 76 writings in Sogdian, Arabic and Chinese on leather, wood and paper""."
F1.27,5,4,events & timeline,1.0,max,1:1.0 2:0.0 3:0.5 4:2.6 5:1.0,Contested (both readings),"Talas, two readings. Al-Tha'alibi (d. 1038), in his *Laṭāʾif al-maʿārif*, cites the author of a *Kitāb al-masālik wa-l-mamālik*: Chinese prisoners of war ""captured by Ziyad ibn Salih and brought to Samarqand"" included artisans who made paper there. Ziyad commanded at Talas (751); the battle's name i"
F1.27,6,1,objects,1.0,max,1:1.0 2:0.0 3:0.5 4:0.6 5:0.0,Documented (one source),"""Papermaking was begun in Baghdad itself by the late 8th century."" Its Suq al-warraqin had ""more than one hundred shops for paper- and booksellers""."
F1.27,7,1,objects,1.0,max,1:3.0 2:0.0 3:0.0 4:0.6 5:0.0,Documented,"""The oldest dated copy of the Quran transcribed on paper"" was made in 971–72, probably in Iran, by Ali ibn Shadhan al-Razi. Cleveland's two folios match the change: 1933.493 on parchment (800s), 1933.488 on paper (1100s)."
F1.27,8,3,civilisations & places,1.0,max,1:1.0 2:0.0 3:2.0 4:0.6 5:1.0,Documented (the paper section); probable (imported paper); o,"The ""Missal of Silos"" is Santo Domingo de Silos, Biblioteca del Monasterio, MS 6. It is dated to the late 10th or the 11th century; folios 1r–37v are ""an early type of paper, likely made from pulped rag"", probably imported from the Muslim world. Where it was made is not known (the Nájera attribution"
F1.27,9,1,objects,0.5,split,1:2.0 2:0.0 3:0.0 4:0.6 5:2.0,Documented (the title's framing read as data),"Mariani's article ""Italy, the Birthplace of Western Paper"" (*Hand Papermaking*, Winter 2016) credits Fabriano with hammer beaters, gelatin sizing and watermarks. Its own text places Arab mills at Xàtiva ""around the year 1050""."
F1.27,9,5,concepts & people,0.5,split,1:2.0 2:0.0 3:0.0 4:0.6 5:2.0,Documented (the title's framing read as data),"Mariani's article ""Italy, the Birthplace of Western Paper"" (*Hand Papermaking*, Winter 2016) credits Fabriano with hammer beaters, gelatin sizing and watermarks. Its own text places Arab mills at Xàtiva ""around the year 1050""."
F1.27,10,3,civilisations & places,1.0,max,1:1.0 2:0.0 3:2.0 4:0.6 5:1.0,Documented,"The three-crescents watermark (""tre lune"") was used by Venetian papermakers for paper sold ""to the lands of the Ottoman Empire"". It appears in Egyptian documents ""as early as 1631"" and stays common into the 19th century."
F1.27,11,3,civilisations & places,1.0,max,1:1.0 2:0.0 3:2.0 4:0.6 5:0.0,"Documented (a review of Krätli and Lydon, 2011)","In Saharan cities, copying books drove demand for imported paper, ""mostly Italian""; paper ""was never locally produced there"". Early 20th-century paper for the Nigerian market bore the Hausa maxim ""Hakuri Maganin Dunya"" as a watermark."
F1.27,12,1,objects,0.5,split,1:1.0 2:0.0 3:0.0 4:0.6 5:1.0,Contested (both readings),"Is āmatl paper? Reading A: it was ""not produced from macerated and matted fibers"", so it is ""proto-paper"" (Jackson, 2024). Reading B: the Nahuatl word itself means bark paper, and the sheet did paper's work in codices; a summary source records the classification as disputed."
F1.27,12,5,concepts & people,0.5,split,1:1.0 2:0.0 3:0.0 4:0.6 5:1.0,Contested (both readings),"Is āmatl paper? Reading A: it was ""not produced from macerated and matted fibers"", so it is ""proto-paper"" (Jackson, 2024). Reading B: the Nahuatl word itself means bark paper, and the sheet did paper's work in codices; a summary source records the classification as disputed."
F1.27,13,1,objects,0.5,split,1:1.0 2:0.0 3:0.5 4:0.6 5:1.0,Documented,In July 1562 Diego de Landa had Maya books burned at Maní; four pre-Columbian Maya codices survive. The Maya Codex of Mexico was confirmed genuine in 2018.
F1.27,13,5,concepts & people,0.5,split,1:1.0 2:0.0 3:0.5 4:0.6 5:1.0,Documented,In July 1562 Diego de Landa had Maya books burned at Maní; four pre-Columbian Maya codices survive. The Maya Codex of Mexico was confirmed genuine in 2018.
F1.27,14,4,events & timeline,1.0,max,1:1.0 2:0.0 3:0.5 4:2.6 5:1.0,Documented,"Otomí makers in San Pablito, Puebla, make amate as ""an assertion of the collective rights of the community"". Spanish authorities banned its production. Nahua painters in Guerrero began painting on it in the 1960s."
F1.27,15,1,objects,1.0,max,1:3.0 2:0.0 3:0.5 4:0.0 5:1.0,Documented (record); interpretive (the analogy),"Cleveland: Hawaiian women beat paper-mulberry bark with four-sided beaters. ""Only Hawaiian tapa cloth beaters were incised with a variety of 'watermark' patterns."" The word ""watermark"" is the museum's analogy."
F1.27,16,5,concepts & people,1.0,max,1:1.0 2:0.0 3:0.0 4:1.6 5:2.0,Documented,"Barkcloth making in Uganda was proclaimed in 2005 and inscribed in 2008. Barkcloth makers of the Ngonge clan, headed by a hereditary kaboggoza, made it for the royal family. It is worn at coronations, healing ceremonies and funerals."
F1.27,17,1,objects,1.0,max,1:2.0 2:0.0 3:0.5 4:1.6 5:1.0,Documented (hanji pending),"Xuan paper making was inscribed in 2009 (4.COM 13.25). Washi was inscribed in 2014 (9.COM 10.22, extending Sekishu-Banshi, 2009) and re-inscribed on an extended basis in 2025 (20.COM 7.b.51, file 02291, which ""incorporates and replaces"" the 2014 entry). Korea's hanji nomination (file 2264) is under "
F1.27,18,4,events & timeline,1.0,max,1:0.0 2:0.0 3:0.0 4:0.6 5:0.0,Documented (quotation),"""It is not sufficient for design institutions to simply include a greater diversity of actors or perspectives"" (Abdulla, Ansari and others, *Journal of Futures Studies*, 2019)."
F1.27,19,5,concepts & people,1.0,interpretive flag,1:1.0 2:0.0 3:2.0 4:0.0 5:1.0,Interpretive,"Our reading: adding amate or Saharan copyists as nodes is pluralism. Redrawing ""paper"" as a contested definition, or naming who held authority over the record, is a category change. Both are legitimate pieces; the learner says which."
F1.28,1,5,concepts & people,1.0,interpretive flag,1:0.0 2:0.0 3:0.0 4:0.0 5:2.5,Interpretive,"The unit's framing: a source carries layers (writer, audience, language, custody, catalogue). Grading reads those layers; it does not settle what happened."
F1.28,2,4,events & timeline,1.0,max,1:0.0 2:0.0 3:0.5 4:2.6 5:1.0,Documented,"Rubruck, a Flemish Franciscan, travelled to the Mongol court in 1253–55, ""primarily in the hope of promoting their conversion to Christianity"". The free text is Rockhill's 1900 Hakluyt translation."
F1.28,3,1,objects,0.5,split,1:1.0 2:0.0 3:0.0 4:0.6 5:1.0,Documented (as Rubruck's report),"Rubruck: ""master William the Parisian had made for him a great silver tree"", with four silver lions, four conduits (wine, *cara cosmos*, *bal*, rice mead ""called terracina""), an angel with a trumpet, and a man hidden in a vault. ""In the first place he made bellows, but they did not give enough wind."
F1.28,3,5,concepts & people,0.5,split,1:1.0 2:0.0 3:0.0 4:0.6 5:1.0,Documented (as Rubruck's report),"Rubruck: ""master William the Parisian had made for him a great silver tree"", with four silver lions, four conduits (wine, *cara cosmos*, *bal*, rice mead ""called terracina""), an angel with a trumpet, and a man hidden in a vault. ""In the first place he made bellows, but they did not give enough wind."
F1.28,4,4,events & timeline,1.0,max,1:0.0 2:0.0 3:0.0 4:2.0 5:1.0,"Documented (report, partly hearsay)","Rubruck reports Boucher was captured ""in Hungary, in a city called Belgrade"", given to Mangu's mother, and on her death ""became the property of"" Arigh Böke. Paquette of Metz, ""made a prisoner in Hungary"", told Rubruck that Boucher's brother lived ""on the Grand Pont"", and that Mangu gave him ""three h"
F1.28,5,1,objects,0.5,split,1:1.0 2:0.0 3:0.0 4:0.6 5:1.0,Documented,"The DAI says the ""Great Hall"", read since 1933 as Ögedei's palace, was ""almost completely uncovered between 2001 and 2005"" and is ""a large Buddhist temple""; coins of about 1254 lay in its foundation deposits."
F1.28,5,5,concepts & people,0.5,split,1:1.0 2:0.0 3:0.0 4:0.6 5:1.0,Documented,"The DAI says the ""Great Hall"", read since 1933 as Ögedei's palace, was ""almost completely uncovered between 2001 and 2005"" and is ""a large Buddhist temple""; coins of about 1254 lay in its foundation deposits."
F1.28,6,3,civilisations & places,1.0,max,1:0.0 2:0.0 3:1.5 4:0.6 5:1.0,Documented,"Bemmann and Reichert: the palace ""has to be looked for underneath"" Erdene Zuu. The quarter ""probably identical with the artisans' quarter mentioned by Rubruck"" was excavated 2000–2005. Neither source reports remains of the tree."
F1.28,7,5,concepts & people,1.0,max,1:0.0 2:0.0 3:0.0 4:0.0 5:1.0,Documented,"Rubruck: the city had two quarters, the Saracens' with the markets and the Cathayans', ""all of whom are artisans""."
F1.28,8,5,concepts & people,1.0,max,1:0.0 2:0.0 3:0.0 4:0.6 5:1.0,Documented,"Rockhill (1900) and Jackson (1990) differ: ""not as big as"" against ""not as fine as"" Saint-Denis; ""forty Hacsasins"" against ""four hundred Assassins""; arrival ""7th May"" against ""May 17th""."
F1.28,9,1,objects,0.5,split,1:1.0 2:0.0 3:0.0 4:0.0 5:1.0,Documented,"WorldHistory.org says Ögedei ""had a huge silver fountain shaped like a tree set up in his palace"", then quotes Rubruck, whose text names Mangu."
F1.28,9,5,concepts & people,0.5,split,1:1.0 2:0.0 3:0.0 4:0.0 5:1.0,Documented,"WorldHistory.org says Ögedei ""had a huge silver fountain shaped like a tree set up in his palace"", then quotes Rubruck, whose text names Mangu."
F1.28,10,5,concepts & people,1.0,no match -> default 5,1:0.0 2:0.0 3:0.0 4:0.0 5:0.0,Documented,"Vitruvius 1.3.2: ""Haec autem ita fieri debent ut habeatur ratio firmitatis utilitatis venustatis."""
F1.28,11,4,events & timeline,1.0,max,1:0.0 2:0.0 3:0.5 4:0.6 5:0.0,"Documented (wording); interpretive (""on purpose"" is our read","Wotton (London, John Bill, 1624): ""Well building hath three Conditions. Commoditie, Firmenes, and Delight"", a division ""somewhat misplaced by Vitruvius himselfe"". He moves use to the front, on purpose."
F1.28,12,5,concepts & people,1.0,max,1:0.0 2:0.0 3:0.0 4:0.6 5:4.0,Documented,"Gwilt (1826): ""strength, utility, and beauty"". Morgan (Harvard, 1914): ""durability, convenience, and beauty"" (Project Gutenberg ebook 20239, ""Public domain in the USA"")."
F1.28,13,1,objects,1.0,max,1:1.0 2:0.0 3:0.0 4:0.6 5:0.0,Documented,"LacusCurtius gives Wotton's line as ""firmness, commodity, and delight""; the 1624 print puts ""Commoditie"" first."
F1.28,14,1,objects,0.5,split,1:2.0 2:0.0 3:0.0 4:0.6 5:2.0,Documented,"The Library of Congress record for the Florentine Codex (1577, Biblioteca Medicea Laurenziana) lists one creator, Sahagún. Its summary says the Nahua students made the 2,468 illustrations and transcribed Nahuatl."
F1.28,14,5,concepts & people,0.5,split,1:2.0 2:0.0 3:0.0 4:0.6 5:2.0,Documented,"The Library of Congress record for the Florentine Codex (1577, Biblioteca Medicea Laurenziana) lists one creator, Sahagún. Its summary says the Nahua students made the 2,468 illustrations and transcribed Nahuatl."
F1.28,15,5,concepts & people,1.0,max,1:0.0 2:0.0 3:0.0 4:0.0 5:1.0,Contested (both readings),"What the Spanish column is, two readings. The LoC record: ""Sahagún's Spanish translation"". The Getty editors: ""much shorter"", and the two texts ""present divergent information and were aimed at different audiences""."
F1.28,16,5,concepts & people,1.0,max,1:0.0 2:0.0 3:0.0 4:0.0 5:1.0,Documented,"The Getty names seven Nahua authors and artists: Antonio Valeriano, Alonso Vegerano, Martín Jacobita, Pedro de San Buenaventura, Diego de Grado, Bonifacio Maximiliano, Mateo Severino. Its edition cites Ms. Mediceo Palatino 218–20."
F1.28,17,4,events & timeline,1.0,max,1:0.0 2:0.0 3:0.5 4:0.6 5:0.0,Documented,"*Tiangong kaiwu* (1637): 121 illustrations, over 130 technologies, compiled while Song Yingxing was an instructor in Jiangxi, funded by Tu Shaokui. The digitised copy is the National Library of China's."
F1.28,18,5,concepts & people,1.0,max,1:0.0 2:0.0 3:0.0 4:0.0 5:1.0,Documented (text); interpretive (reading),"The *Satire of the Trades* sets a coppersmith's crocodile-like fingers and stench against the scribe's office. Our reading: written by scribes for scribes' sons, it is evidence of scribal views of craftwork more than of craftwork."
F1.28,19,5,concepts & people,1.0,max,1:0.0 2:0.0 3:0.5 4:0.6 5:1.0,Documented (the finding); the wider domestication debate is ,"Gaunitz et al. (*Science* 360:6384, 2018, 111–114) generated 42 ancient horse genomes, 20 from Botai. Their abstract: ""Przewalski's horses are the feral descendants of horses herded at Botai and not truly wild horses""; domestic horses from about 4,000 years ago on show only about 2.7% Botai-related "
F1.28,20,1,objects,1.0,max,1:5.0 2:0.0 3:0.5 4:0.6 5:2.0,Documented,"Cleveland 1989.50, cloth of gold, 1225–75, ""Central Asia"", CC0: the label suggests a Central Asian imperial workshop where Iranian and Chinese weavers worked. The provenance begins with Lisbet Holmes Textiles, London, ""?–June 29, 1989""."
F1.28a,1,5,concepts & people,1.0,interpretive flag,1:0.0 2:0.0 3:0.0 4:0.0 5:1.0,Interpretive,The unit's framing: a reconstruction is evidence of what is possible and a record of the remaker's decisions. It must say so on its label.
F1.28a,2,5,concepts & people,1.0,max,1:1.0 2:0.0 3:0.0 4:0.6 5:2.0,Documented,"Ms. Fr. 640: by an anonymous ""author-practitioner"" in Toulouse; begun ""sometime after 1579"", probably until 1588; 170 folios; given to the King's Library in 1662. Edition (2020): diplomatic and normalised French, English, ""more than 100 research essays""; DOI 10.7916/78yt-2v41."
F1.28a,3,3,civilisations & places,1.0,max,1:0.0 2:0.0 3:1.5 4:0.6 5:1.0,Documented; data vs content licence unresolved,"Licences: edition pages state ""Licensed under CC BY-NC-SA 4.0"". The 2020 data and site repositories state none. EditionCrafter and msfr640-editioncrafter-data state MIT (""Copyright (c) 2022""). Facsimiles are pulled from Gallica by IIIF."
F1.28a,4,5,concepts & people,1.0,max,1:0.0 2:0.0 3:0.0 4:0.0 5:3.0,Documented (as the project's position),"The project's position: ""making is itself a form of knowledge and not just an application of knowledge"". Students' essays report ""experiments in reconstructing"" its recipes."
F1.28a,5,1,objects,1.0,max,1:2.0 2:0.0 3:0.0 4:0.0 5:1.0,Documented (Smith's translation),"Ms. Fr. 640 drowns the lizard ""in brandy or 'good vinegar & urine'"" and poses it ""on a clay slab"". On sand it says: ""not too fatty … not too lean & consequently without bond""."
F1.28a,6,2,movements,1.0,max,1:2.0 2:3.0 3:0.0 4:0.6 5:1.0,Documented (argument),"Smith and Beentjes reconstructed the manuscript's life-casting recipes alongside surviving casts. They argue life-casting was ""viewed in part as a means to the knowledge of nature"". *Renaissance Quarterly* 63:1 (2010), 128–179."
F1.28a,7,1,objects,1.0,max,1:2.0 2:0.0 3:0.0 4:0.6 5:0.0,Documented,"""Life-cast rose created in a tin-lead alloy by Giulia Chiostrini and Jef Palframan … according to processes described in BnF Ms. Fr. 640 (fols.155r and 155v), 2015."""
F1.28a,8,1,objects,1.0,max,1:4.0 2:0.0 3:0.0 4:0.6 5:2.0,Documented,"Cleveland 1987.5: toad, bronze, ""c. 1500–1550 or later"", Italy, possibly Padua. ""Drowning the toad in ammonia left the animal's body intact."" Archduke Leopold Wilhelm (1659), Imperial Treasury, Ambras, Kunsthistorisches Museum (sold 1923), Weininger, Zietz, Cleveland 1987."
F1.28a,9,5,concepts & people,1.0,interpretive flag,1:1.0 2:0.0 3:0.0 4:0.0 5:1.0,Interpretive,"Our reading: the label's ""ammonia"" translates the manuscript's ""urine"" into a modern chemical name. Neither text says how long, or how strong."
F1.28a,10,1,objects,1.0,max,1:2.0 2:0.0 3:0.5 4:0.6 5:0.0,Contested (see 12),"Schmidt and Avery (*Science* 201, 1978): Haya forebears ""1500 to 2000 years ago practiced a highly advanced iron smelting technology based on preheating principles and … produced carbon steel."""
F1.28a,11,1,objects,0.5,split,1:1.0 2:0.0 3:0.5 4:0.6 5:1.0,Documented (via review),"The smelts used elders who ""had smelted in their youth""; the Haya smelted ""regularly until the 1950s"". Schmidt called them ""interactive performances conducted in an environment far removed from experience, routine, and memory""."
F1.28a,11,5,concepts & people,0.5,split,1:1.0 2:0.0 3:0.5 4:0.6 5:1.0,Documented (via review),"The smelts used elders who ""had smelted in their youth""; the Haya smelted ""regularly until the 1950s"". Schmidt called them ""interactive performances conducted in an environment far removed from experience, routine, and memory""."
F1.28a,12,1,objects,0.5,split,1:1.0 2:0.0 3:0.0 4:0.0 5:1.0,Contested (both readings),"Two readings. Rehder modelled preheating as ""little more than an extra 10° C""; Killick added criticisms. Dungworth: slag and tuyères ""indicate that pre-heating did occur"", and the critiques do not disprove it."
F1.28a,12,5,concepts & people,0.5,split,1:1.0 2:0.0 3:0.0 4:0.0 5:1.0,Contested (both readings),"Two readings. Rehder modelled preheating as ""little more than an extra 10° C""; Killick added criticisms. Dungworth: slag and tuyères ""indicate that pre-heating did occur"", and the critiques do not disprove it."
F1.28a,13,5,concepts & people,1.0,max,1:1.0 2:0.0 3:0.5 4:2.6 5:4.0,Documented,"PVS was founded in 1973 to test ""by accident or by design"", against Sharp's drift theory. Hōkūleʻa, designed by Herb Kawainui Kāne, launched 8 March 1975, is ""a performance-accurate deep sea voyaging canoe built in the tradition of ancient Hawaiian wa'a kaulua""."
F1.28a,14,2,movements,1.0,max,1:1.0 2:3.0 3:0.5 4:0.6 5:1.0,"Documented (event); contested (meaning, two readings)","1976: Honolua Bay 1 May; Tahiti on 1 June (Ka Wai Ola) or 4 June (Finney): to reconcile. Mau Piailug of Satawal steered by the rising points of stars, with sun, moon and swells. Reading one, Kānaka Maoli: Ka Wai Ola, the Office of Hawaiian Affairs' paper, places the voyage in the Hawaiian Renaissanc"
F1.28a,15,1,objects,0.5,split,1:1.0 2:0.0 3:0.5 4:0.6 5:1.0,Documented,"Hawaiʻiloa: the 1989–90 koa search failed, ""the koa forests have been ruined by forestry and cattle grazing"". SeAlaska Corporation (Tlingit, Haida, Tsimshian) gave two Sitka spruce logs. Sennit and olonā rope-making had been lost, so synthetic cordage was used; lauhala sails were woven. Launched Jul"
F1.28a,15,5,concepts & people,0.5,split,1:1.0 2:0.0 3:0.5 4:0.6 5:1.0,Documented,"Hawaiʻiloa: the 1989–90 koa search failed, ""the koa forests have been ruined by forestry and cattle grazing"". SeAlaska Corporation (Tlingit, Haida, Tsimshian) gave two Sitka spruce logs. Sennit and olonā rope-making had been lost, so synthetic cordage was used; lauhala sails were woven. Launched Jul"
F1.28a,16,1,objects,1.0,max,1:1.0 2:0.0 3:0.5 4:0.6 5:0.0,Documented,"*Jewel of Muscat* (Vosmer, 2010): drawn from wreck, texts, iconography and Omani boats. The stern was ""trapped in a coral concretion""; ""no trace of masts or other spars"", no sails. Over 37,000 holes, 120 km of coconut cord; masts cracked in a squall; ""a potpourri of information"". Sailed Oman to Sing"
F1.28a,17,3,civilisations & places,1.0,max,1:1.0 2:0.0 3:2.5 4:0.6 5:1.0,Documented,"The wreck: an ""Arab ship"" from Canton, about 18 m, ""timber sewn together, a typical construction method of vessels from the Persian Gulf""; ""more than 50,000 hand-painted bowls""; found 1998; given to the Asian Civilisations Museum by the Estate of Khoo Teck Puat."
F1.28a,18,1,objects,1.0,max,1:2.0 2:0.0 3:0.0 4:0.0 5:1.0,Documented (secondary summary),"Kenoyer estimates ""at least two to ten hours"" to drill 1 cm of agate with stone drills. Khambhat craftspeople ""were instrumental in carrying out different experimental studies by scholars like Kenoyer and Vidale""."
F1.28a,19,5,concepts & people,1.0,max,1:0.0 2:0.0 3:0.0 4:0.0 5:1.0,Documented,"Experimental archaeology works ""within the context of a controllable imitative experiment""; house reconstructions are ""a by-product only""; results cannot give ""complete knowledge of our past""."
F1.28a,20,1,objects,1.0,max,1:4.0 2:0.0 3:0.5 4:0.6 5:2.0,Documented,"Cleveland 1940.469, Inka khipu, c. 1400–1532, cotton and wool, gift of John Wise, no provenance entries. The Open Khipu Repository: ""the khipu recording system remains undeciphered""."
F1.29,1,5,concepts & people,1.0,interpretive flag,1:0.0 2:0.0 3:0.0 4:0.0 5:1.0,Interpretive,"The unit's framing: testimony, story and local naming are evidence about making, entering the record only through consent, review and a right to withdraw."
F1.29,2,5,concepts & people,1.0,max,1:1.0 2:0.0 3:0.0 4:0.6 5:2.0,Documented,"OHA Best Practices (published 30 August 2018; modified 8 December 2025): a formal record of consent ""should be completed prior to the beginning of recording"". Narrators may refuse subjects, restrict access, or ""choose a pseudonym"". Practice includes ""when possible providing the narrator an opportuni"
F1.29,3,5,concepts & people,1.0,max,1:1.0 2:0.0 3:0.0 4:0.6 5:2.0,Documented,"OHA Statement on Ethics (October 2018): review options include ""the right to delete, restrict, and/or redact portions of an interview""; clarifications; keeping it ""closed to the public until a set date or to decline to release it"". It calls the narrator ""the original recording's copyright holder""."
F1.29,4,5,concepts & people,1.0,max,1:0.0 2:0.0 3:0.0 4:0.0 5:3.0,Documented,"UNESCO's Ethical Principles for Safeguarding ICH: principle 4 makes all interaction ""contingent upon their free, prior, sustained and informed consent"". Principle 5 respects customary access limits. Principle 8: authenticity and exclusivity ""should not constitute concerns""."
F1.29,5,5,concepts & people,1.0,max,1:0.0 2:0.0 3:0.0 4:0.0 5:1.0,"Documented (program decision P9, option A)","Our data policy, version 1: recordings stay on the learner's device. The learner uploads only a narrator-cleared excerpt and the existence of the consent record."
F1.29,6,4,events & timeline,1.0,max,1:0.0 2:0.0 3:0.5 4:1.6 5:1.0,Documented (listings); the age and length as UNESCO's statem,"""Art of Akyns, Kyrgyz epic tellers"": proclaimed 2003, inscribed 2008; it ""combines singing, improvisation and musical composition"". The Manas trilogy (inscribed 2013) runs ""up to thirteen hours"", passed ""from master to apprentice"". Manas as ""1000-year-old"" is UNESCO's phrase, quoted."
F1.29,7,5,concepts & people,1.0,max,1:2.0 2:0.0 3:0.5 4:0.6 5:3.0,Documented,"""Ala-kiyiz and Shyrdak, art of Kyrgyz traditional felt carpets"": Urgent Safeguarding List, 2012. The summary names two types and ""the semantics of ornamentation"". The reports on the page: ala-kiyiz uses an ""imbedding technique""; women are ""the principal bearers""; men prepare wool and press felt."
F1.29,8,3,civilisations & places,1.0,max,1:0.0 2:0.0 3:2.0 4:0.6 5:0.0,Documented (as text),"Xuanzang (Beal, 1884, vol. 2): Khotan once ""knew nothing about mulberry trees or silkworms"". A Chinese princess ""concealed them in her head-dress"". The kingdom keeps silkworms ""which nobody is allowed to kill"". The event is a legend; the text is documented."
F1.29,9,1,objects,1.0,max,1:3.0 2:0.0 3:0.0 4:0.6 5:2.0,Documented (two datings),"British Museum 1907,1111.73, a painted wooden votive panel from Dandan-Uiliq (Stein, 1900–01; museum 1907). It shows the princess, her head-dress, a basket of cocoons and a loom. Dated 6th century (Whitfield 1985) or 7th–8th (Ghose 2004)."
F1.29,10,1,objects,1.0,max,1:4.0 2:0.0 3:0.0 4:0.6 5:2.0,Documented,"Cleveland 1977.5, attributed to Liang Kai, early 1200s: 14 steps from raising silkworms to weaving. It follows Lou Shou's *Pictures of Tilling and Weaving* (about 1145), which Cleveland calls ""the first recorded painting of this genre""; we say earliest recorded."
F1.29,11,1,objects,1.0,max,1:2.0 2:0.0 3:0.0 4:0.6 5:0.0,Documented,"SAAM 2011.47.76, *Gullah Fanner Basket*, Lynette Youson, 2002: sweetgrass, bulrush, pine needles, palmetto. Fanners separated rice from husks. Youson learned at five from her great-grandmother. Usage: ""Usage conditions apply""."
F1.29,12,1,objects,1.0,max,1:3.0 2:0.0 3:0.0 4:0.6 5:1.0,Documented,"NMAAHC 2014.96.2, ""Rice fanner basket made in Senegal"", 2010, maker ""Unidentified"". The record says the media is in the public domain."
F1.29,13,2,movements,0.5,split,1:1.0 2:3.0 3:0.0 4:2.6 5:1.0,Contested (both readings),"What fanners prove, two readings. Carney's *Black Rice* (2001), in its publisher's summary: rice was ""introduced here by Africans and cultivated by African-American slaves"" (quoted, not our term). Eltis, Morgan and Richardson (*AHR* 112:5, 2007): ""no compelling evidence"" that whole systems transferr"
F1.29,13,4,events & timeline,0.5,split,1:1.0 2:3.0 3:0.0 4:2.6 5:1.0,Contested (both readings),"What fanners prove, two readings. Carney's *Black Rice* (2001), in its publisher's summary: rice was ""introduced here by Africans and cultivated by African-American slaves"" (quoted, not our term). Eltis, Morgan and Richardson (*AHR* 112:5, 2007): ""no compelling evidence"" that whole systems transferr"
F1.29,14,4,events & timeline,1.0,max,1:2.0 2:0.0 3:0.5 4:2.6 5:1.0,Documented (date as oral history),"""One of many Benin court oral histories"" says a foreign artisan (the Met's wording; other accounts point to Ife, to source), ""Ahammangiwa or Igueghae"", introduced lost-wax casting in the 13th century. Knowledge passes ""from father to son"" (CL-129)."
F1.29,15,1,objects,1.0,max,1:2.0 2:0.0 3:0.5 4:0.0 5:1.0,Documented,"Te Kohinga Harakeke o Aotearoa holds 50 harakeke ""selected long ago from natural stands and cultivated by Māori weavers"", donated by Rene Orchiston. Weavers use named forms ""selected for leaf pliability, colour and fibre quality"". (Individual cultivar names are linked, not quoted: AR-041.)"
F1.29,16,3,civilisations & places,1.0,max,1:0.0 2:0.0 3:1.5 4:0.6 5:1.0,Documented (findings); probable (future use),"Te Papa and Manaaki Whenua researchers (2022): wild harakeke differs genetically by region, ""promising"" for the provenance of kākahu and kete."
F1.29,17,5,concepts & people,1.0,max,1:0.0 2:0.0 3:0.0 4:0.6 5:3.5,Contested (both readings),"Hanunóo colour terms ""also encode dryness/desiccation and wetness/freshness"" (Conklin 1955). Two readings: Berlin and Kay's limited set of universal basic categories, against evidence that some languages lack abstract colour terms."
F1.29,18,4,events & timeline,1.0,max,1:0.0 2:0.0 3:0.0 4:0.6 5:0.0,Documented,"EMKP's repository holds over 20,000 assets under CC BY-NC-SA 4.0. Access can be restricted ""for a limited or indefinite period"". Copies go to the country of research and ""ideally"" to the knowledge holders."
F1.29,19,5,concepts & people,1.0,max,1:1.0 2:0.0 3:0.0 4:0.6 5:3.0,Documented,"Billie Ruth Sudduth, basket maker, interviewed by Mija Riedel, 26–27 July 2007 (Nanette L. Laitman Documentation Project). She ""has reviewed the transcript and has made corrections and emendations."""
F1.30,1,4,events & timeline,1.0,max,1:0.0 2:0.0 3:0.0 4:0.6 5:0.0,documented,Caliph 'Umar set the Hijra as the era's epoch around 638 (17 AH). The year has 354 or 355 days and moves through the seasons in about 33 years. — documented. — https://en.wikipedia.org/wiki/Islamic_calendar — summary.
F1.30,2,5,concepts & people,1.0,max,1:0.0 2:0.0 3:0.0 4:0.6 5:2.0,documented,"The tabular Islamic calendar begins Friday 16 July 622 (Julian); religious months begin with the sighted crescent. By the tabular rule, 690 AH runs 4 January–23 December 1291 and 1065 AH runs 1 November 1654–20 October 1655 (Julian). — documented (our computation on Fourmilab's algorithm, rerun by s"
F1.30,3,1,objects,0.5,split,1:2.0 2:0.0 3:0.5 4:0.6 5:2.0,documented,"Met 444408 is ""dated 690 AH/1291 CE"". Its maker, the Rasulid prince 'Umar ibn Yusuf (ruled 1295–96), wrote a treatise on making astrolabes. The record's range, 1290–1292, is wider than the Hijri year. — documented. — https://collectionapi.metmuseum.org/public/collection/v1/objects/444408 ; https://w"
F1.30,3,5,concepts & people,0.5,split,1:2.0 2:0.0 3:0.5 4:0.6 5:2.0,documented,"Met 444408 is ""dated 690 AH/1291 CE"". Its maker, the Rasulid prince 'Umar ibn Yusuf (ruled 1295–96), wrote a treatise on making astrolabes. The record's range, 1290–1292, is wider than the Hijri year. — documented. — https://collectionapi.metmuseum.org/public/collection/v1/objects/444408 ; https://w"
F1.30,4,1,objects,0.5,split,1:2.0 2:0.0 3:0.0 4:0.6 5:2.0,documented,"Met 451699, by Muhammad Zaman al-Munajjim al-Asturlabi, is ""dated 1065 AH/1654–55 CE"", attributed to Mashhad. — documented. — https://collectionapi.metmuseum.org/public/collection/v1/objects/451699 — full record."
F1.30,4,5,concepts & people,0.5,split,1:2.0 2:0.0 3:0.0 4:0.6 5:2.0,documented,"Met 451699, by Muhammad Zaman al-Munajjim al-Asturlabi, is ""dated 1065 AH/1654–55 CE"", attributed to Mashhad. — documented. — https://collectionapi.metmuseum.org/public/collection/v1/objects/451699 — full record."
F1.30,5,4,events & timeline,1.0,max,1:0.0 2:0.0 3:0.0 4:2.6 5:2.0,documented,"The Jalali calendar was adopted on 15 March 1079 under Malik-Shah I, advised by astronomers including Omar Khayyam. Iran adopted the Solar Hijri calendar by law on 31 March 1925; Afghanistan in 1922 (1301 Š.). Its year begins at the March equinox. — documented (1925 adoption, equinox rule and Afghan"
F1.30,6,4,events & timeline,1.0,max,1:0.0 2:0.0 3:0.5 4:1.6 5:1.0,contested,"The earliest Chinese era name, Jianyuan, was proclaimed by Emperor Wu of Han. Sources give 140 BCE or, ""more formally"", 110 BCE. China replaced era names in 1912. — contested date: give both. — https://en.wikipedia.org/wiki/Chinese_era_name — summary."
F1.30,7,4,events & timeline,1.0,max,1:0.0 2:0.0 3:0.5 4:0.6 5:0.0,documented,"The sexagenary cycle pairs ten stems with twelve branches. It dates days on Shang oracle bones, and years from about the mid-3rd century BCE. The oracle bones' years come from radiocarbon (CL-103). — documented. — https://en.wikipedia.org/wiki/Sexagenary_cycle — summary."
F1.30,8,1,objects,0.5,split,1:2.0 2:0.0 3:0.5 4:0.6 5:2.0,documented,"Cleveland 1957.61 and 1964.218 carry one mark, ""Da Ming Chenghua nian zhi"". Cleveland dates the first 1465–87 and the pair 1662–1722 (Kangxi reign), calling their mark ""apocryphal"". — documented. Why Kangxi potters used the older mark is interpretive (the canon says homage). — https://openaccess-api"
F1.30,8,5,concepts & people,0.5,split,1:2.0 2:0.0 3:0.5 4:0.6 5:2.0,documented,"Cleveland 1957.61 and 1964.218 carry one mark, ""Da Ming Chenghua nian zhi"". Cleveland dates the first 1465–87 and the pair 1662–1722 (Kangxi reign), calling their mark ""apocryphal"". — documented. Why Kangxi potters used the older mark is interpretive (the canon says homage). — https://openaccess-api"
F1.30,9,4,events & timeline,1.0,max,1:0.0 2:0.0 3:0.5 4:2.6 5:2.0,documented,"Japan's earliest era name is Taika (645). One era per reign has applied since 1868, by law since 1979 (Act on Era Names, Act No. 43 of 12 June 1979: era names change ""only when there has been a succession to the Imperial Throne""). Reiwa began on 1 May 2019; an era's first year is *gannen*. — documen"
F1.30,10,5,concepts & people,1.0,max,1:0.0 2:0.0 3:2.0 4:0.6 5:3.0,documented,"India adopted its national calendar on 22 March 1957 (1 Chaitra 1879 Śaka; Fourmilab: ""officially adopted on 1 Caitra, 1879 Saka Era""), after the Calendar Reform Committee headed by Meghnad Saha (Saha's role rests on the summary). Wikipedia puts Śaka year 0 in 78 CE; Fourmilab counts from the equino"
F1.30,11,4,events & timeline,1.0,max,1:0.0 2:0.0 3:0.0 4:0.6 5:0.0,documented,"The Ethiopian year number is eight below the Gregorian until 10 or 11 September, then seven. New Year is 11 September (12 before a Gregorian leap year); the thirteenth month is Pagume. The era follows Annianus of Alexandria (c. 400). It is Ethiopia's official civil calendar. — documented. — https://"
F1.30,12,5,concepts & people,1.0,max,1:0.0 2:0.0 3:0.0 4:0.6 5:2.0,documented,"The Hebrew calendar is lunisolar, with a leap month in 7 of every 19 years, counting *Anno Mundi* from 3761 BCE. Tradition credits Hillel II with fixing it ""in the year 670 of the Seleucid era"" (358–359 CE); scholars question this. Hebcal gives 2 October 2026 as 21 Tishrei 5787. — documented; Hillel"
F1.30,13,1,objects,1.0,max,1:1.0 2:0.0 3:0.5 4:0.6 5:0.0,documented,"A k'atun is 7,200 days, about 19.7 years. The GMT correlation (584,283) is the consensus; 584,285 and others exist. The earliest known Long Count dates are on non-Maya monuments: Chiapa de Corzo Stela 2 (36 BCE) and Tres Zapotes Stela C (32 BCE). — documented; correlation probable (most specialists)"
F1.30,14,1,objects,1.0,max,1:3.0 2:0.0 3:0.0 4:0.6 5:0.0,documented,"Kennett and others (2013) radiocarbon-dated a sapodilla-wood lintel at Tikal bearing the Long Count 9.13.3.7.18. A Bayesian model put the carving at AD 658–696, which ""strongly supports"" the GMT correlation. — documented. — https://www.nature.com/articles/srep01597 — full text (CC BY-NC-ND 3.0)."
F1.30,15,1,objects,0.5,split,1:3.0 2:0.0 3:1.5 4:2.6 5:2.0,documented,"Cleveland 1967.29 is the front face of a stela from El Perú-Waka', dated 692, marking a k'atun's end and showing Lady K'abel. Cleveland bought it in 1967 from John A. Stokes Jr.; it is rebuilt from more than 40 fragments. A blog says it ""was looted from El Perú-Waka' in the sixties""; Trafficking Cul"
F1.30,15,4,events & timeline,0.5,split,1:3.0 2:0.0 3:1.5 4:2.6 5:2.0,documented,"Cleveland 1967.29 is the front face of a stela from El Perú-Waka', dated 692, marking a k'atun's end and showing Lady K'abel. Cleveland bought it in 1967 from John A. Stokes Jr.; it is rebuilt from more than 40 fragments. A blog says it ""was looted from El Perú-Waka' in the sixties""; Trafficking Cul"
F1.30,16,4,events & timeline,1.0,max,1:2.0 2:0.0 3:1.5 4:2.6 5:2.0,documented,"Winter counts mark each year by one event; Lakota years ran first snowfall to first snowfall. Garrick Mallery matched ""The Year the Stars Fell"" to the Leonid storm of November 1833 to align counts with Western calendars. NMAI attributes Lone Dog's count to Nakota people. It holds Long Soldier's coun"
F1.30,17,5,concepts & people,1.0,max,1:0.0 2:0.0 3:0.5 4:0.6 5:2.0,contested,"The *Secret History of the Mongols* says it was completed when, ""in the Year of the Rat"", the Great Assembly convened. Proposed years: 1228 (Cleaves, Onon); 1229 (de Rachewiltz: the assembly called for 1228 met in August 1229); 1240; 1252 (Atwood); 1264 (Hung). — contested: give the readings. — http"
F1.30,18,4,events & timeline,1.0,max,1:0.0 2:0.0 3:2.0 4:2.6 5:2.0,documented,"The Kül Tigin inscription (Orkhon valley) dates his death: ""Kül tigin koy yılka yiti yegirmikə uçdı"", he died in the Year of the Sheep, on the seventeenth (731 CE), as published translations give it (Malov 1951; Ibodullaev 2021). Mahmud al-Kashgari's *Dīwān* (Baghdad, 1072–74) tells of a khagan who "
F1.30,19,5,concepts & people,1.0,max,1:0.0 2:0.0 3:0.0 4:0.6 5:1.0,documented,"""BP"" counts back from 1 January 1950, before large-scale nuclear testing. Uncalibrated ages are ""14C yr BP""; calibrated ages ""cal BP"". IntCal20 (Reimer et al. 2020, CC BY 4.0) is the Northern Hemisphere curve for 0–55 cal kBP. — documented. — https://en.wikipedia.org/wiki/Before_Present (summary); h"
F1.30,20,5,concepts & people,1.0,max,1:0.0 2:0.0 3:0.5 4:0.6 5:2.0,documented,"James Mill (1817) split India's past into Hindu, Muslim and British periods by rulers' religion; he never went to India. Romila Thapar says this caused ""significant distortions"". — documented (Mill); interpretive (Thapar). — https://en.wikipedia.org/wiki/The_History_of_British_India — summary."
F1.30a,1,4,events & timeline,0.5,split,1:1.0 2:0.0 3:2.5 4:2.6 5:1.0,"documented (as a report, itself second-hand)","The 11th-century writer al-Tha'alibi (d. 1038), in his *Laṭāʾif al-maʿārif*, cites the author of a *Kitāb al-masālik wa-l-mamālik*: Chinese prisoners of war ""captured by Ziyad ibn Salih and brought to Samarqand"" included artisans who made paper there, and it became Samarkand's export. Ziyad commande"
F1.30a,1,3,civilisations & places,0.5,split,1:1.0 2:0.0 3:2.5 4:2.6 5:1.0,"documented (as a report, itself second-hand)","The 11th-century writer al-Tha'alibi (d. 1038), in his *Laṭāʾif al-maʿārif*, cites the author of a *Kitāb al-masālik wa-l-mamālik*: Chinese prisoners of war ""captured by Ziyad ibn Salih and brought to Samarqand"" included artisans who made paper there, and it became Samarkand's export. Ziyad commande"
F1.30a,2,3,civilisations & places,1.0,max,1:1.0 2:0.0 3:2.5 4:0.6 5:1.0,contested — both readings,"Bloom calls the Talas anecdote ""without factual basis"". He cites a mailbag of 4th-century letters to a Samarkand merchant, and the archive of Devashtich of Panjikent, taken in 722. **Reading 1:** paper was used in Samarkand, and probably made there, before 751. **Reading 2:** the al-Tha'alibi tradit"
F1.30a,3,1,objects,0.5,split,1:1.0 2:0.0 3:0.5 4:0.6 5:1.0,documented (date range varies),"Sogdian Ancient Letter 2, from Nanai-vandak to Samarkand, is ink on paper. It was found by Aurel Stein in 1907 at a watchtower west of Dunhuang. It is dated 313–314 by IDP, and ""312 or 313"" on the British Library's Sogdians page."
F1.30a,3,5,concepts & people,0.5,split,1:1.0 2:0.0 3:0.5 4:0.6 5:1.0,documented (date range varies),"Sogdian Ancient Letter 2, from Nanai-vandak to Samarkand, is ink on paper. It was found by Aurel Stein in 1907 at a watchtower west of Dunhuang. It is dated 313–314 by IDP, and ""312 or 313"" on the British Library's Sogdians page."
F1.30a,4,1,objects,1.0,max,1:3.0 2:0.0 3:0.5 4:2.0 5:1.0,documented (primary text in translation); the absence is as ,"Du Huan, captured at Talas, wrote a travel record that survives only in extracts in Du You's *Tongdian* (801). In the Abbasid lands (probably at Kufa) he lists silk-loom weavers, gold- and silversmiths and painters, and names Chinese among them: the painters Fan Shu and Liu Ci, and the silk-loom tec"
F1.30a,5,1,objects,1.0,max,1:2.0 2:0.0 3:0.5 4:0.6 5:0.0,documented,"Papermaking began in Baghdad by the late 8th century (register: 794–95). Islamic-world papermakers used linen and cotton textile waste, where Chinese makers had moved to bark and bamboo."
F1.30a,6,1,objects,0.5,split,1:1.0 2:0.0 3:0.0 4:0.6 5:1.0,documented (holder's framing),"A 12th-century Seljuk Qur'an leaf on paper is in a ""vertical paper format"" that ""represents a shift from earlier horizontal parchment layouts"" (holder's framing)."
F1.30a,6,5,concepts & people,0.5,split,1:1.0 2:0.0 3:0.0 4:0.6 5:1.0,documented (holder's framing),"A 12th-century Seljuk Qur'an leaf on paper is in a ""vertical paper format"" that ""represents a shift from earlier horizontal parchment layouts"" (holder's framing)."
F1.30a,7,1,objects,1.0,max,1:1.0 2:0.0 3:0.5 4:0.6 5:0.0,documented,"Testing has found cochineal in Paracas textiles (1st century BCE–2nd century CE), ""the earliest known instances"" of the dye in Peru."
F1.30a,8,1,objects,0.5,split,1:1.0 2:0.0 3:0.0 4:0.0 5:1.0,documented,"Tribute records cited by Phipps have the Mixtec of Coaixtlahuacan giving 40 sacks of cochineal a year, and Zapotec towns 20 bags every eighty days."
F1.30a,8,5,concepts & people,0.5,split,1:1.0 2:0.0 3:0.0 4:0.0 5:1.0,documented,"Tribute records cited by Phipps have the Mixtec of Coaixtlahuacan giving 40 sacks of cochineal a year, and Zapotec towns 20 bags every eighty days."
F1.30a,9,4,events & timeline,1.0,max,1:1.0 2:0.0 3:0.0 4:2.6 5:1.0,documented,"By 1550 Spanish fleets were carrying tons of cochineal to Europe, and the 1587 Lima shipment was about 72 tons. Until the 18th century, Spanish law let it land only at Seville and later Cádiz."
F1.30a,10,1,objects,0.5,split,1:2.0 2:0.0 3:0.5 4:0.6 5:2.0,documented,"Before cochineal, Europe, Mesopotamia and Asia used madder, safflower, alkanet and kermes for red. Afterwards Venetian velvet dyers adopted it by the mid-16th century. By 1625, 50,000 people in the Netherlands dyed English woollens. Painters used cochineal lake until the late 19th century."
F1.30a,10,5,concepts & people,0.5,split,1:2.0 2:0.0 3:0.5 4:0.6 5:2.0,documented,"Before cochineal, Europe, Mesopotamia and Asia used madder, safflower, alkanet and kermes for red. Afterwards Venetian velvet dyers adopted it by the mid-16th century. By 1625, 50,000 people in the Netherlands dyed English woollens. Painters used cochineal lake until the late 19th century."
F1.30a,11,3,civilisations & places,1.0,max,1:1.0 2:0.0 3:2.5 4:0.6 5:1.0,documented,"Dutch and English East India Company ships carried American cochineal to Turkey and Persia in the 17th and 18th centuries. By the 18th century it was the main red in Asia, called *yang hong* (""foreign red"") in Chinese."
F1.30a,12,1,objects,1.0,max,1:4.0 2:0.0 3:0.5 4:0.6 5:1.0,documented (holder's framing),"An AIC tunic fragment from Peru, likely near Cusco, made 1550–1625, uses cochineal and indigo. Its tocapu designs ""could only be woven for the Sapa Inca"" before colonial rule relaxed the restriction."
F1.30a,13,4,events & timeline,1.0,max,1:0.0 2:0.0 3:0.0 4:2.6 5:2.0,contested — both readings,"The late-colonial *repartimiento* in Oaxaca: **reading 1**, the traditional view, a system of forced production. **Reading 2**, Baskes (1996), voluntary but expensive credit that let peasant producers reach markets."
F1.30a,14,1,objects,1.0,max,1:1.0 2:0.0 3:0.0 4:0.6 5:0.0,documented,"Dutch imitation batik (""Batik Belanda"") was made for the Indonesian market but ""never really caught on there""; European makers found a large market in West Africa. The Leidsche Katoenmaatschappij made imitation batik for Asia, Africa and Suriname until 1932."
F1.30a,15,4,events & timeline,1.0,max,1:1.0 2:0.0 3:0.5 4:2.6 5:2.0,documented (recruitment); contested (demand link),"About 3,080 West Africans, mostly from present-day Ghana and Burkina Faso, were recruited to the Dutch colonial army from 1831 to 1872 (van Kessel). Under a contract of 18 March 1837 the Asantehene was to deliver 1,000 recruits but sent few; most recruits were enslaved men the Kumasi recruiting agen"
F1.30a,16,5,concepts & people,1.0,max,1:0.0 2:0.0 3:0.0 4:0.6 5:2.0,contested — both readings,"**Reading 1 (Ferguson 1997):** consider as plausible ""only those alternatives which... contemporaries actually considered"". **Reading 2 (Evans 2014):** counterfactuals let historians rewrite history to present-day political purposes and often become wishful thinking, though short-range ones about ke"
F1.30a,17,5,concepts & people,1.0,max,1:0.0 2:0.0 3:0.0 4:0.6 5:2.0,documented,"Tetlock and Belkin's ""minimal-rewrite rule"": plausible antecedents; connecting steps that accord with actual history. Narrative Environments (CSM) develops systems mapping ""through counterfactuals and speculative histories, grounding future propositions"". Bleecker (9 March 2009) defines design ficti"
F1.30a,18,5,concepts & people,1.0,interpretive flag,1:0.0 2:0.0 3:0.0 4:0.0 5:1.0,interpretive,"**Unit framing:** a counterfactual is a test of cause and a seed for a world. It counts as history only as far as its sources reach, and after that it is fiction and must say so."
F1.31,1,5,concepts & people,1.0,interpretive flag,1:0.0 2:0.0 3:0.0 4:0.0 5:1.0,interpretive,**Unit framing:** a place's history of making is best authored by those who hold it; the program supplies frame and review.
F1.31,2,5,concepts & people,1.0,max,1:0.0 2:0.0 3:0.5 4:0.0 5:1.0,documented (as recorded),Ansari warns of foreign practices displacing local ones and of readily adopted American and European readings in Pakistan and India.
F1.31,3,5,concepts & people,1.0,no match -> default 5,1:0.0 2:0.0 3:0.0 4:0.0 5:0.0,documented,"Taan surveyed teachers at 12 institutions in Arab countries; courses ""predominantly focus on a Eurocentric sociocultural context""."
F1.31,4,5,concepts & people,1.0,max,1:0.0 2:0.0 3:0.5 4:0.6 5:1.0,documented (review),"Shehab and Nawar, design teachers at the American University in Cairo, wrote *A History of Arab Graphic Design* (2020) for lack of a course text."
F1.31,5,5,concepts & people,1.0,max,1:0.0 2:0.0 3:0.0 4:0.6 5:1.0,documented,"Article 15 of the 2003 Convention asks states to ensure ""the widest possible participation of communities""."
F1.31,6,5,concepts & people,1.0,max,1:0.0 2:0.0 3:0.0 4:0.6 5:4.0,documented,"UNESCO's Ethical Principles (2015): communities ""should have the primary role"" in safeguarding; their heritage ""should not be subject to external judgements of value or worth""."
F1.31,7,5,concepts & people,1.0,max,1:0.0 2:0.0 3:0.5 4:0.6 5:3.0,documented,"Al Sadu (UAE): Urgent Safeguarding List 2011 (6.COM 8.21); Representative List 2025 (20.COM 7.c.1, transfer)."
F1.31,8,5,concepts & people,1.0,max,1:0.0 2:0.0 3:0.0 4:0.6 5:2.0,documented,"The ""Safeguarding programme for Al Sadu"" (2011–2023) entered the Register of Good Safeguarding Practices in 2025; photos ""© Intangible Heritage Department (ADACH)""."
F1.31,9,5,concepts & people,1.0,max,1:0.0 2:0.0 3:0.0 4:0.0 5:1.0,documented (state's account),"UNESCO's file says ""a dwindling number of older women"" keep the practice; girls ""learn by watching""."
F1.31,10,4,events & timeline,1.0,max,1:1.0 2:0.0 3:0.0 4:1.6 5:1.0,documented,"""Traditional weaving of Al Sadu"" (Saudi Arabia, Kuwait) was inscribed in 2020 (15.COM 8.b.4). In 2025 the Committee inscribed it on an extended basis to include Qatar (20.COM 7.b.54); the new file, No. 02158, ""incorporates and replaces"" the 2020 entry."
F1.31,11,5,concepts & people,1.0,max,1:1.0 2:0.0 3:0.0 4:0.6 5:3.0,documented,Kuwait's Al Sadu Project began in 1978 as a private initiative and became the Al Sadu Weaving Cooperative Society in 1991.
F1.31,12,5,concepts & people,1.0,max,1:0.0 2:0.0 3:0.5 4:0.6 5:1.0,documented,"Lorimer's *Gazetteer* (1908, 1915) followed Curzon's 1903 tour; its map was drawn to be ""fitted alongside the map of India""; its genealogies omitted women."
F1.31,13,5,concepts & people,1.0,max,1:0.0 2:0.0 3:0.5 4:0.6 5:1.0,documented,"Creative Australia's First Nations protocols (third edition, 2020, Terri Janke) set ten principles, including self-determination and interpretation."
F1.31,14,4,events & timeline,1.0,max,1:0.0 2:0.0 3:0.5 4:2.6 5:2.0,documented,"From 2006, ten Zuni artists made about two dozen map paintings for the A:shiwi A:wan Museum and Heritage Center, shown at the Fowler Museum in 2015–16. The museum's own page gives ""sixteen Zuni artists"" and ""thirty-one map art paintings"" in the exhibition; counts differ by date."
F1.31,15,5,concepts & people,1.0,max,1:1.0 2:0.0 3:0.5 4:0.6 5:4.0,documented,"EMKP's Great Zimbabwe project (2020SG08), led by Munyaradzi Elton Sagiya and hosted by National Museums and Monuments of Zimbabwe, recorded dry-stone masons' knowledge (fieldwork March–April 2021; published 12 July 2024). The page names five stonemasons as knowledge holders. (""Serving and retired ma"
F1.31,16,4,events & timeline,1.0,max,1:0.0 2:0.0 3:0.5 4:2.6 5:2.0,documented,India's government asked the Ford Foundation to invite the Eameses (1957); the *India Report* was presented on 7 April 1958; NID was established in September 1961.
F1.31,17,5,concepts & people,1.0,max,1:0.0 2:0.0 3:0.0 4:0.6 5:1.0,contested — both readings,"Kirkham (1995): the Eameses ""failed to grasp the magnitude of the problems""; Vyas: they ""understood the DNA of the country""."
F1.31,18,4,events & timeline,1.0,max,1:0.0 2:0.0 3:0.5 4:0.6 5:0.0,contested — both readings,"Yanagi's 1919–23 texts opposed Japan's expansion and read Korean art as ""the beauty of sorrow""; Ch'oe Harim called this ""cultural chauvinism"", Kim Yunsu ""an aesthetics of colonialism""."
F1.31,19,1,objects,1.0,max,1:2.0 2:0.0 3:0.5 4:0.6 5:0.0,documented (holder's framing),Cleveland reads a plain 1700s Joseon jar as frugality under luxury limits after late-1600s famines.
F1.31,20,5,concepts & people,1.0,max,1:0.0 2:0.0 3:0.0 4:0.0 5:1.0,documented,"Local Contexts Notices are ""tools for institutions and researchers to identify Indigenous collections and data"": Engagement, Disclosure and Collections Care."
